// Generated by scripts/pack_pet_sprites.py. Full illustrated sprite frames.
#pragma once
#include <stdint.h>
typedef enum { SPRITE_WAVE, SPRITE_IDLE, SPRITE_HAPPY, SPRITE_LISTEN, SPRITE_APPLE, SPRITE_TOAST, SPRITE_COOKIE, SPRITE_APPLE_BITE, SPRITE_TOAST_BITE, SPRITE_COOKIE_BITE, SPRITE_SLEEP, SPRITE_SLEEP_BREATHE, SPRITE_BATH, SPRITE_BATH_SPLASH, SPRITE_BLINK, SPRITE_TALK, SPRITE_REACH_LEFT, SPRITE_REACH_RIGHT, SPRITE_COUNT } pet_sprite_id_t;
#define PET_SPRITE_SIZE 72
static const uint16_t pet_sprite_pixels[SPRITE_COUNT][PET_SPRITE_SIZE*PET_SPRITE_SIZE] = {
  /* wave */ {
    0x0000,0x0000,0x0000,0x0000,0x0000,0x0000,0x0000,0x0000,0x0000,0x0000,0x0000,0x0000,0x0000,0x0000,0x0000,0x0000,0x0000,0x0000,0x0000,0x0000,0x0000,0x0000,0x0000,0x0000,
    0x0000,0x0000,0x0000,0x0000,0x0000,0x0000,0x0000,0x0000,0x0000,0x0000,0x0000,0x0000,0x0000,0x0000,0x0000,0x0000,0x0000,0x0000,0x0000,0x0000,0x0000,0x0000,0x0000,0x0000,
    0x0000,0x0000,0x0000,0x0000,0x0000,0x0000,0x0000,0x0000,0x0000,0x0000,0x0000,0x0000,0x0000,0x0000,0x0000,0x0000,0x0000,0x0000,0x0000,0x0000,0x0000,0x0000,0x0000,0x0000,
    0x0000,0x0000,0x0000,0x0000,0x0000,0x0000,0x0000,0x0000,0x0000,0x0000,0x0000,0x0000,0x0000,0x0000,0x0000,0x0000,0x0000,0x0000,0x0000,0x0000,0x0000,0x0000,0x0000,0x0000,
    0x0000,0x0000,0x0000,0x0000,0x0000,0x0000,0x0000,0x0000,0x0000,0x0000,0x0000,0x0000,0x0000,0x0000,0x0000,0x0000,0x0000,0x0000,0x0000,0x0000,0x0000,0x0000,0x0000,0x0000,
    0x0000,0x0000,0x0000,0x0000,0x0000,0x0000,0x0000,0x0000,0x0000,0x0000,0x0000,0x0000,0x0000,0x0000,0x0000,0x0000,0x0000,0x0000,0x0000,0x0000,0x0000,0x0000,0x0000,0x0000,
    0x0000,0x0000,0x0000,0x0000,0x0000,0x0000,0x0000,0x0000,0x0000,0x0000,0x0000,0x0000,0x0000,0x0000,0x0000,0x0000,0x0000,0x0000,0x0000,0x0000,0x0000,0x0000,0x0000,0x0000,
    0x0000,0x0000,0x0000,0x0000,0x0000,0x0000,0x0000,0x0000,0x0000,0x0000,0x0000,0x0000,0x0000,0x0000,0x0000,0x0000,0x0000,0x0000,0x0000,0x0000,0x0000,0x0000,0x0000,0x0000,
    0x0000,0x0000,0x0000,0x0000,0x0000,0x0000,0x0000,0x0000,0x0000,0x0000,0x0000,0x0000,0x0000,0x0000,0x0000,0x0000,0x0000,0x0000,0x0000,0x0000,0x0000,0x0000,0x0000,0x0000,
    0x0000,0x0000,0x0000,0x0000,0x0000,0x0000,0x0000,0x0000,0x0000,0x0000,0x0000,0x0000,0x0000,0x0000,0x0000,0x0000,0x0000,0x0000,0x0000,0x0000,0x0000,0x0000,0x0000,0x0000,
    0x0000,0x0000,0x0000,0x0000,0x0000,0x0000,0x0000,0x0000,0x0000,0x0000,0x0000,0x0000,0x0000,0x0000,0x0000,0x0000,0x0000,0x0000,0x0000,0x0000,0x0000,0x0000,0x0000,0x0000,
    0x0000,0x0000,0x0000,0x0000,0x0000,0x0000,0x0000,0x0000,0x0000,0x0000,0x0000,0x0000,0x0000,0x0000,0x0000,0x0000,0x0000,0x0000,0x0000,0x0000,0x0000,0x0000,0x0000,0x0000,
    0x0000,0x0000,0x0000,0x0000,0x0000,0x0000,0x0000,0x0000,0x0000,0x0000,0x0000,0x0000,0x0000,0x0000,0x0000,0x0000,0x0000,0x0000,0x0000,0x0000,0x0000,0x0000,0x0000,0x0000,
    0x0000,0x0000,0x0000,0x0000,0x0000,0x0000,0x0000,0x0000,0x0000,0x0000,0x0000,0x0000,0x0000,0x0000,0x0000,0x0000,0x0000,0x0000,0x0000,0x0000,0x0000,0x0000,0x0000,0x0000,
    0x0000,0x0000,0x0000,0x0000,0x0000,0x0000,0x0000,0x0000,0x0000,0x0000,0x0000,0x0000,0x0000,0x0000,0x0000,0x0000,0x0000,0x0000,0x0000,0x0000,0x0000,0x0000,0x0000,0x0000,
    0x0000,0x0000,0x0000,0x0000,0x0000,0x0000,0x0000,0x0000,0x0000,0x0000,0x0000,0x0000,0x0000,0x0000,0x0000,0x0000,0x0000,0x0000,0x0000,0x0000,0x0000,0x0000,0x0000,0x0000,
    0x0000,0x0000,0x0000,0x0000,0x0000,0x0000,0x0000,0x0000,0x0000,0x0000,0x0000,0x0000,0x0000,0x0000,0x0000,0x0000,0x0000,0x0000,0x0000,0x0000,0x0000,0x0000,0x0000,0x0000,
    0x0000,0x0000,0x0000,0x0000,0x0000,0x0000,0x0000,0x0000,0x0000,0x0000,0x0000,0x0000,0x0000,0x0000,0x0000,0x0000,0x0000,0x0000,0x0000,0x0000,0x0000,0x0000,0x0000,0x0000,
    0x0000,0x0000,0x0000,0x0000,0x0000,0x0000,0x0000,0x0000,0x0000,0x0000,0x0000,0x0000,0x0000,0x0000,0x0000,0x0000,0x0000,0x0000,0x0000,0x0000,0x0000,0x0000,0x0000,0x0000,
    0x0000,0x0000,0x0000,0x0000,0x0000,0x0000,0x0000,0x0000,0x0000,0x0000,0x0000,0x0000,0x0000,0x0000,0x0000,0x0000,0x0000,0x0000,0x0000,0x0000,0x0000,0x0000,0x0000,0x0000,
    0x0000,0x0000,0x0000,0x0000,0x0000,0x0000,0x0000,0x0000,0x0000,0x0000,0x0000,0x0000,0x0000,0x0000,0x0000,0x0000,0x0000,0x0000,0x0000,0x0000,0x0000,0x0000,0x0000,0x0000,
    0x0000,0x0000,0x0000,0x0000,0x0000,0x0000,0x0000,0x0000,0x0000,0x0000,0x0000,0x0000,0x0000,0x0000,0x0000,0x0000,0x0000,0x0000,0x0000,0x0000,0x0000,0x0000,0x0000,0x0000,
    0x0000,0x0000,0x0000,0x0000,0x0000,0x0000,0x0000,0x0000,0x0000,0x0000,0x0000,0x0000,0x0000,0x0000,0x0000,0x0000,0x0000,0x0000,0x0000,0x0000,0x0000,0x0000,0x0000,0x0000,
    0x0000,0x0000,0x0000,0x0000,0x0000,0x0000,0x0000,0x0000,0x0000,0x0000,0x0000,0x0000,0x0000,0x0000,0x0000,0x0000,0x0000,0x0000,0x0000,0x0000,0x0000,0x0000,0x0000,0x0000,
    0x0000,0x0000,0x0000,0x0000,0x0000,0x0000,0x0000,0x0000,0x0000,0x0000,0x0000,0x0000,0x0000,0x0000,0x0000,0x0000,0x0000,0x0000,0x0000,0x0000,0x0000,0x0000,0x0000,0x0000,
    0x0000,0x0000,0x0000,0x0000,0x0000,0x0000,0x0000,0x0000,0x0000,0x0000,0x0000,0x0000,0x0000,0x0000,0x0000,0x0000,0x0000,0x0000,0x0000,0x0000,0x0000,0x0000,0x0000,0x0000,
    0x0000,0x0000,0x0000,0x0000,0x0000,0x0000,0x0000,0x0000,0x0000,0x0000,0x0000,0x0000,0x0000,0x0000,0x0000,0x0000,0x0000,0x0000,0x0000,0x0000,0x0000,0x0000,0x0000,0x0000,
    0x0000,0x0000,0x0000,0x0000,0x0000,0x0000,0x0000,0x0000,0x0000,0x0000,0x0000,0x0000,0x0000,0x0000,0x0000,0x0000,0x0000,0x0000,0x0000,0x0000,0x0000,0x0000,0x0000,0x0000,
    0x0000,0x0000,0x0000,0x0000,0x0000,0x0000,0x0000,0x0000,0x0000,0x0000,0x0000,0x0000,0x0000,0x0000,0x0000,0x0000,0x0000,0x0000,0x0000,0x0000,0x0000,0x0000,0x0000,0x0000,
    0x0000,0x0000,0x0000,0x0000,0x0000,0x0000,0x0000,0x0000,0x0000,0x0000,0x0000,0x0000,0x0000,0x0000,0x0000,0x0000,0x0000,0x0000,0x0000,0x0000,0x0000,0x0000,0x0000,0x0000,
    0x0000,0x0000,0x0000,0x0000,0x0000,0x0000,0x0000,0x0000,0x0000,0x0000,0x0000,0x0000,0x0000,0x0000,0x0000,0x0000,0x0000,0x0000,0x0000,0x0000,0x0000,0x0000,0x0000,0x0000,
    0x0000,0x0000,0x0000,0x0000,0x0000,0x0000,0x0000,0x0000,0x0000,0x0000,0x0000,0x0000,0x0000,0x0000,0x0000,0x0000,0x0000,0x0000,0x0000,0x0000,0x0000,0x0000,0x0000,0x0000,
    0x0000,0x0000,0x0000,0x0000,0x0000,0x0000,0x0000,0x0000,0x0000,0x0000,0x0000,0x0000,0x0000,0x0000,0x0000,0x0000,0x0000,0x0000,0x0000,0x0000,0x0000,0x0000,0x0000,0x0000,
    0x0000,0x0000,0x0000,0x0000,0x0000,0x0000,0x0000,0x0000,0x0000,0x0000,0x0000,0x0000,0x0000,0x0000,0x0000,0x0000,0x0000,0x0000,0x0000,0x0000,0x0000,0x0000,0x0000,0x0000,
    0x0000,0x0000,0x0000,0x0000,0x0000,0x0000,0x0000,0x0000,0x0000,0x0000,0x0000,0x0000,0x0000,0x0000,0x0000,0x0000,0x0000,0x0000,0x0000,0x0000,0x0000,0x0000,0x0000,0x0000,
    0x0000,0x0000,0x0000,0x0000,0x0000,0x0000,0x0000,0x0000,0x0000,0x0000,0x0000,0x0000,0x0000,0x0000,0x0000,0x0000,0x0000,0x0000,0x0000,0x0000,0x0000,0x0000,0x0000,0x0000,
    0x0000,0x0000,0x0000,0x0000,0x0000,0x0000,0x0000,0x0000,0x0000,0x0000,0x0000,0x0000,0x0000,0x0000,0x0000,0x0000,0x0000,0x0000,0x0000,0x0000,0x0000,0x0000,0x0000,0x0000,
    0x0000,0x0000,0x0000,0x0000,0x0000,0x0000,0x0000,0x0000,0x0000,0x0000,0x0000,0x0000,0x0000,0x0000,0x0000,0x0000,0x0000,0x0000,0x0000,0x0000,0x0000,0x0000,0x0000,0x0000,
    0x0000,0x0000,0x0000,0x0000,0x0000,0x0000,0x0000,0x0000,0x0000,0x0000,0x0000,0x0000,0x0000,0x0000,0x0000,0x0000,0x0000,0x0000,0x0000,0x0000,0x0000,0x0000,0x0000,0x0000,
    0x0000,0x0000,0x0000,0x0000,0x0000,0x0000,0x0000,0x0000,0x0000,0x0000,0x0000,0x0000,0x0000,0x0000,0x0000,0x0000,0x0000,0x0000,0x0000,0x0000,0x0000,0x0000,0x0000,0x0000,
    0x0000,0x0000,0x0000,0x0000,0x0000,0x0000,0x0000,0x0000,0x0000,0x0000,0x0000,0x0000,0x0000,0x0000,0x0000,0x0000,0x0000,0x0000,0x0000,0x0000,0x0000,0x0000,0x0000,0x0000,
    0x0000,0x0000,0x0000,0x0000,0x0000,0x0000,0x0000,0x0000,0x0000,0x0000,0x0000,0x0000,0x0000,0x0000,0x0000,0x0000,0x0000,0x0000,0x0000,0x0000,0x0000,0x0000,0x0000,0x0000,
    0x0000,0x0000,0x0000,0x0000,0x0000,0x0000,0x0000,0x0000,0x0000,0x0000,0x0000,0x0000,0x0000,0x0000,0x0000,0x0000,0x0000,0x0000,0x0000,0x0000,0x0000,0x0000,0x0000,0x0000,
    0x0000,0x0000,0x0000,0x0000,0x0000,0x0000,0x0000,0x0000,0x0000,0x0000,0x0000,0x0000,0x0000,0x0000,0x0000,0x2805,0x2825,0x2825,0x2004,0x2825,0x2825,0x480a,0x0000,0x0000,
    0x0000,0x0000,0x0000,0x0000,0x0000,0x0000,0x0000,0x0000,0x0000,0x0000,0x0000,0x0000,0x0000,0x0000,0x0000,0x0000,0x0000,0x0000,0x0000,0x0000,0x0000,0x0000,0x0000,0x0000,
    0x0000,0x0000,0x0000,0x0000,0x0000,0x0000,0x0000,0x0000,0x0000,0x0000,0x0000,0x0000,0x0000,0x0000,0x0000,0x0000,0x0000,0x0000,0x0000,0x0000,0x0000,0x0000,0x0000,0x0000,
    0x0000,0x0000,0x0000,0x0000,0x0000,0x0000,0x0000,0x0000,0x0000,0x0000,0x0000,0x0000,0x0000,0x2804,0x1803,0x2844,0x2845,0x2044,0x2844,0x3046,0x2004,0x482b,0x0000,0x0000,
    0x0000,0x0000,0x0000,0x0000,0x0000,0x0000,0x0000,0x0000,0x0000,0x0000,0x0000,0x0000,0x0000,0x0000,0x0000,0x0000,0x0000,0x0000,0x0000,0x0000,0x0000,0x0000,0x0000,0x0000,
    0x0000,0x0000,0x0000,0x0000,0x0000,0x0000,0x0000,0x0000,0x0000,0x0000,0x0000,0x0000,0x0000,0x0000,0x0000,0x0000,0x0000,0x0000,0x0000,0x0000,0x0000,0x0000,0x0000,0x0000,
    0x0000,0x0000,0x0000,0x0000,0x0000,0x0000,0x0000,0x0000,0x0000,0x0000,0x0000,0x0000,0x0000,0x2805,0x1843,0x662c,0x662b,0x660b,0x662c,0x5e0b,0x2004,0x482b,0x0000,0x0000,
    0x0000,0x0000,0x0000,0x0000,0x0000,0x0000,0x0000,0x0000,0x0000,0x0000,0x0000,0x0000,0x0000,0x0000,0x0000,0x0000,0x0000,0x0000,0x0000,0x0000,0x0000,0x0000,0x0000,0x0000,
    0x0000,0x0000,0x0000,0x0000,0x0000,0x0000,0x0000,0x0000,0x0000,0x0000,0x0000,0x0000,0x0000,0x0000,0x0000,0x0000,0x0000,0x0000,0x0000,0x0000,0x0000,0x0000,0x0000,0x0000,
    0x0000,0x0000,0x0000,0x0000,0x0000,0x0000,0x0000,0x0000,0x0000,0x0000,0x0000,0x1823,0x2805,0x664c,0x662b,0x662c,0x662b,0x662c,0x662b,0x5e0b,0x2004,0x482c,0x0000,0x0000,
    0x0000,0x0000,0x0000,0x0000,0x0000,0x0000,0x0000,0x0000,0x0000,0x0000,0x0000,0x0000,0x0000,0x0000,0x0000,0x0000,0x0000,0x0000,0x0000,0x0000,0x0000,0x0000,0x0000,0x0000,
    0x0000,0x0000,0x0000,0x0000,0x0000,0x0000,0x0000,0x0000,0x0000,0x0000,0x0000,0x0000,0x0000,0x0000,0x0000,0x0000,0x0000,0x0000,0x0000,0x0000,0x0000,0x0000,0x0000,0x0000,
    0x0000,0x0000,0x0000,0x0000,0x0000,0x0000,0x0000,0x0000,0x0000,0x0000,0x1803,0x2004,0x1082,0x662b,0x662b,0x660b,0x4d8b,0x662c,0x662c,0x5e0b,0x2004,0x402b,0x0000,0x0000,
    0x0000,0x0000,0x0000,0x0000,0x0000,0x0000,0x0000,0x0000,0x0000,0x0000,0x0000,0x0000,0x0000,0x0000,0x0000,0x0000,0x0000,0x0000,0x0000,0x0000,0x0000,0x0000,0x0000,0x0000,
    0x0000,0x0000,0x0000,0x0000,0x0000,0x0000,0x0000,0x0000,0x0000,0x0000,0x0000,0x0000,0x0000,0x0000,0x0000,0x0000,0x0000,0x0000,0x0000,0x0000,0x0000,0x0000,0x0000,0x0000,
    0x0000,0x0000,0x0000,0x0000,0x0000,0x2805,0x2825,0x2004,0x0000,0x0000,0x3026,0x2825,0x6e2c,0x662c,0x662c,0x456b,0x664c,0x662c,0x666c,0x5eab,0x1002,0x3828,0x0000,0x0000,
    0x0000,0x0000,0x0000,0x0000,0x0000,0x0000,0x0000,0x0000,0x0000,0x0000,0x0000,0x0000,0x0000,0x0000,0x0000,0x0000,0x0000,0x0000,0x0000,0x0000,0x0000,0x0000,0x0000,0x0000,
    0x0000,0x0000,0x0000,0x0000,0x0000,0x0000,0x0000,0x0000,0x0000,0x0000,0x0000,0x0000,0x0000,0x0000,0x0000,0x0000,0x0000,0x0000,0x0000,0x0000,0x0000,0x0000,0x0000,0x0000,
    0x0000,0x0000,0x0000,0x704d,0x2004,0x666d,0x5e6c,0x5e2c,0x2024,0x0000,0x3046,0x65eb,0x6e4c,0x662c,0x454b,0x664b,0x662c,0x662c,0x5e8b,0x2825,0x0000,0x0000,0x0000,0x0000,
    0x0000,0x0000,0x0000,0x0000,0x0000,0x0000,0x0000,0x0000,0x0000,0x0000,0x0000,0x0000,0x0000,0x0000,0x0000,0x0000,0x0000,0x0000,0x0000,0x0000,0x0000,0x0000,0x0000,0x0000,
    0x0000,0x0000,0x0000,0x0000,0x0000,0x0000,0x0000,0x0000,0x0000,0x0000,0x0000,0x0000,0x0000,0x0000,0x0000,0x0000,0x0000,0x0000,0x0000,0x0000,0x0000,0x0000,0x0000,0x0000,
    0x0000,0x0000,0x0000,0x782d,0x2004,0x5e2c,0x662c,0x664c,0x4449,0x1804,0x2824,0x6e4d,0x664c,0x458b,0x662b,0x664c,0x664c,0x1a86,0x0801,0x0000,0x0000,0x0000,0x0000,0x0000,
    0x0000,0x0000,0x0000,0x0000,0x0000,0x0000,0x0000,0x0000,0x0000,0x0000,0x0000,0x0000,0x0000,0x0000,0x0000,0x0000,0x0000,0x0000,0x0000,0x0000,0x0000,0x0000,0x0000,0x0000,
    0x0000,0x0000,0x0000,0x0000,0x0000,0x0000,0x0000,0x0000,0x0000,0x0000,0x0000,0x0000,0x0000,0x0000,0x0000,0x0000,0x0000,0x0000,0x0000,0x0000,0x0000,0x0000,0x0000,0x0000,
    0x0000,0x0000,0x0000,0x782e,0x2004,0x356a,0x4dcb,0x5e0c,0x664c,0x2024,0x2804,0x5e2b,0x3d6a,0x458b,0x560c,0x5e6c,0x5e8c,0x2b07,0x2004,0x0000,0x0000,0x0000,0x0000,0x0000,
    0x0000,0x0000,0x0000,0x0000,0x0000,0x0000,0x0000,0x0000,0x0000,0x0000,0x0000,0x0000,0x0000,0x0000,0x0000,0x0000,0x0000,0x0000,0x0000,0x0000,0x0000,0x0000,0x0000,0x0000,
    0x0000,0x0000,0x0000,0x0000,0x0000,0x0000,0x0000,0x0000,0x0000,0x0000,0x0000,0x0000,0x0000,0x0000,0x0000,0x0000,0x0000,0x0000,0x0000,0x0000,0x0000,0x0000,0x0000,0x0000,
    0x0000,0x0000,0x0000,0x582a,0x2004,0x29c6,0x3267,0x458b,0x5e0c,0x2a66,0x2004,0x458a,0x458b,0x454b,0x2185,0x2825,0x2004,0x2005,0x2805,0x8811,0x0000,0x0000,0x0000,0x0000,
    0x0000,0x0000,0x0000,0x0000,0x0000,0x0000,0x0000,0x0000,0x0000,0x0000,0x0000,0x0000,0x0000,0x0000,0x0000,0x0000,0x0000,0x0000,0x0000,0x0000,0x0000,0x0000,0x0000,0x0000,
    0x0000,0x0000,0x0000,0x0000,0x0000,0x0000,0x0000,0x0000,0x0000,0x0000,0x0000,0x0000,0x0000,0x0000,0x0000,0x0000,0x0000,0x0000,0x0000,0x0000,0x0000,0x0000,0x0000,0x0000,
    0x0000,0x0000,0x0000,0x4827,0x2005,0x2863,0x1823,0x55aa,0x55eb,0x33a7,0x0841,0x3589,0x45ab,0x4daa,0x1061,0x1882,0x2081,0x1041,0x2042,0x2825,0x2004,0x0000,0x0000,0x0000,
    0x0000,0x0000,0x0000,0x0000,0x0000,0x0000,0x0000,0x0000,0x0000,0x0000,0x0000,0x0000,0x0000,0x0000,0x0000,0x0000,0x0000,0x0000,0x0000,0x0000,0x0000,0x0000,0x0000,0x0000,
    0x0000,0x0000,0x0000,0x0000,0x0000,0x0000,0x0000,0x0000,0x0000,0x0000,0x0000,0x0000,0x0000,0x0000,0x0000,0x0000,0x0000,0x0000,0x0000,0x0000,0x0000,0x0000,0x0000,0x0000,
    0x0000,0x2004,0x2005,0x2825,0x2024,0xfda1,0xfde3,0xff4e,0xff4e,0xff4e,0xff4e,0xff4e,0xff4e,0xff4e,0xff4e,0xff4e,0xff0e,0xfeed,0xfe2a,0x2824,0x1823,0x2004,0x2004,0x0000,
    0x0000,0x0000,0x0000,0x0000,0x0000,0x0000,0x0000,0x0000,0x0000,0x0000,0x0000,0x0000,0x0000,0x0000,0x0000,0x0000,0x0000,0x0000,0x0000,0x0000,0x0000,0x0000,0x0000,0x0000,
    0x0000,0x0000,0x0000,0x0000,0x0000,0x0000,0x0000,0x0000,0x0000,0x0000,0x0000,0x0000,0x0000,0x0000,0x0000,0x0000,0x0000,0x0000,0x0000,0x0000,0x0000,0x0000,0x1803,0x2004,
    0x2804,0xfff1,0xffb0,0xff6f,0xff4e,0xff4e,0xff4e,0xff4e,0xff4e,0xff4e,0xff6e,0xff6e,0xff4e,0xff4e,0xff4e,0xff4e,0xff4e,0xff4e,0xff4e,0xff4e,0xff6e,0xff90,0x2002,0x2004,
    0x2825,0x0000,0x0000,0x0000,0x0000,0x0000,0x0000,0x0000,0x0000,0x0000,0x0000,0x0000,0x0000,0x0000,0x0000,0x0000,0x0000,0x0000,0x0000,0x0000,0x0000,0x0000,0x0000,0x0000,
    0x0000,0x0000,0x0000,0x0000,0x0000,0x0000,0x0000,0x0000,0x0000,0x0000,0x0000,0x0000,0x0000,0x0000,0x0000,0x0000,0x0000,0x0000,0x0000,0x0000,0x0000,0x2004,0x2025,0xffb0,
    0xffb0,0xff6e,0xff4e,0xff4e,0xff6e,0xff4e,0xff6e,0xff4e,0xff4e,0xff6e,0xff6e,0xff4e,0xff6e,0xff4e,0xff6e,0xff6e,0xff4e,0xff6e,0xff4e,0xff4e,0xff4e,0xff4e,0xffd0,0xffae,
    0x40c4,0x2004,0x2806,0x0000,0x0000,0x0000,0x0000,0x0000,0x0000,0x0000,0x0000,0x0000,0x0000,0x0000,0x0000,0x0000,0x0000,0x0000,0x0000,0x0000,0x0000,0x0000,0x0000,0x0000,
    0x0000,0x0000,0x0000,0x0000,0x0000,0x0000,0x0000,0x0000,0x0000,0x0000,0x0000,0x0000,0x0000,0x0000,0x0000,0x0000,0x0000,0x0000,0x0000,0x0000,0x0000,0x2004,0x2044,0xff2d,
    0xff4f,0xff4e,0xff4e,0xff4e,0xff4e,0xff6e,0xff4e,0xff4e,0xff4e,0xff6e,0xff6e,0xff4e,0xff4e,0xff4e,0xff6e,0xff4e,0xff6e,0xff4e,0xff6e,0xff4e,0xff4e,0xff6e,0xff4e,0xff4e,
    0x38a3,0x2003,0x2825,0x0000,0x0000,0x0000,0x0000,0x0000,0x0000,0x0000,0x0000,0x0000,0x0000,0x0000,0x0000,0x0000,0x0000,0x0000,0x0000,0x0000,0x0000,0x0000,0x0000,0x0000,
    0x0000,0x0000,0x0000,0x0000,0x0000,0x0000,0x0000,0x0000,0x0000,0x0000,0x0000,0x0000,0x0000,0x0000,0x0000,0x0000,0x0000,0x0000,0x0000,0x3026,0x2024,0xffaf,0xff0d,0xff2d,
    0xffff,0xff4d,0xff4e,0xff4e,0xff4e,0xff4e,0xff4e,0xff6e,0xff6e,0xff4e,0xff6e,0xff6e,0xff6e,0xff6e,0xff6e,0xff6e,0xff4e,0xff6e,0xff4e,0xff6e,0xff4e,0xff4e,0xff4e,0xff4e,
    0xff4d,0xff2e,0x2805,0x2004,0x0000,0x0000,0x0000,0x0000,0x0000,0x0000,0x0000,0x0000,0x0000,0x0000,0x0000,0x0000,0x0000,0x0000,0x0000,0x0000,0x0000,0x0000,0x0000,0x0000,
    0x0000,0x0000,0x0000,0x0000,0x0000,0x0000,0x0000,0x0000,0x0000,0x0000,0x0000,0x0000,0x0000,0x0000,0x0000,0x0000,0x0000,0x2025,0x2805,0x3026,0xfe6a,0xff6e,0xffff,0xfffd,
    0xff4d,0xff4e,0xff4e,0xff4e,0xff4e,0xff4e,0xff6e,0xff4e,0xff6e,0xff4e,0xff4e,0xff6e,0xff6e,0xff6e,0xff6e,0xff6e,0xff4e,0xff4e,0xff4e,0xff6e,0xff4e,0xff4e,0xff6e,0xff4e,
    0xff4e,0xff4e,0xff0e,0xf64a,0x2004,0x0000,0x0000,0x0000,0x0000,0x0000,0x0000,0x0000,0x0000,0x0000,0x0000,0x0000,0x0000,0x0000,0x0000,0x0000,0x0000,0x0000,0x0000,0x0000,
    0x0000,0x0000,0x0000,0x0000,0x0000,0x0000,0x0000,0x0000,0x0000,0x0000,0x0000,0x0000,0x0000,0x0000,0x0000,0x0000,0x3025,0x2004,0x1842,0xfe4a,0xff0e,0xffff,0xffdf,0xffd9,
    0xff4e,0xff4e,0xff4e,0xff4e,0xff4e,0xff4e,0xff6e,0xff4e,0xff6e,0xff6e,0xff6e,0xff6e,0xff6e,0xff6e,0xff6e,0xff4e,0xff6e,0xff6e,0xff6e,0xff6e,0xff4e,0xff4e,0xff4e,0xff4e,
    0xff6e,0xff4e,0xff4e,0xffad,0x2805,0x3026,0x8071,0x0000,0x0000,0x0000,0x0000,0x0000,0x0000,0x0000,0x0000,0x0000,0x0000,0x0000,0x0000,0x0000,0x0000,0x0000,0x0000,0x0000,
    0x0000,0x0000,0x0000,0x0000,0x0000,0x0000,0x0000,0x0000,0x0000,0x0000,0x0000,0x0000,0x0000,0x0000,0x0000,0x0000,0x2005,0x2825,0xfe6b,0xfe4b,0xff4f,0xffff,0xff4d,0xff4e,
    0xff4e,0xff4e,0xff4e,0xff4e,0xff4e,0xff4e,0xff4e,0xff6e,0xff6e,0xff6e,0xff6e,0xff6e,0xff6e,0xff6e,0xff6e,0xff6e,0xff6e,0xff4e,0xff6e,0xff6e,0xff6e,0xff6e,0xff6e,0xff6e,
    0xff4e,0xff4e,0xff4e,0xff4e,0xffce,0x2024,0x7030,0x0000,0x0000,0x0000,0x0000,0x0000,0x0000,0x0000,0x0000,0x0000,0x0000,0x0000,0x0000,0x0000,0x0000,0x0000,0x0000,0x0000,
    0x0000,0x0000,0x0000,0x0000,0x0000,0x0000,0x0000,0x0000,0x0000,0x0000,0x0000,0x0000,0x0000,0x0000,0x0000,0x0000,0x2003,0x2024,0xfe8d,0xff4e,0xff51,0xff2d,0xff4e,0xff4e,
    0xff4e,0xff4e,0xff4e,0xff4e,0xff4e,0xff6e,0xff4e,0xff4e,0xff6e,0xff6e,0xff6e,0xff6e,0xff6e,0xff6e,0xff6e,0xff4e,0xff6e,0xff6e,0xff4e,0xf72d,0xf72f,0xf72f,0xff4e,0xff6e,
    0xff6e,0xff6e,0xff4e,0xff4e,0xffd0,0x3064,0x8032,0x0000,0x0000,0x0000,0x2004,0x2805,0x2825,0x1002,0x0000,0x0000,0x0000,0x0000,0x0000,0x0000,0x0000,0x0000,0x0000,0x0000,
    0x0000,0x0000,0x0000,0x0000,0x0000,0x0000,0x0000,0x0000,0x0000,0x0000,0x0000,0x0000,0x0000,0x0000,0x0000,0x2004,0x1003,0xf500,0xff4e,0xff4e,0xff4e,0xff4e,0xff4e,0xff4e,
    0xff4e,0xff4e,0xff4e,0xff4e,0xff6e,0xff4e,0xff4e,0xff6e,0xff6e,0xff6e,0xff6e,0xff6e,0xff6e,0xff6e,0xff6e,0xff6e,0xff4e,0xff6e,0xff6e,0x3944,0x2805,0x49a5,0xff6d,0xff6e,
    0xff6e,0xff4e,0xff4e,0xff4e,0xff4e,0xf70c,0x2805,0x3007,0x780f,0x2805,0x1863,0x2865,0x2864,0x1803,0x2004,0x0000,0x0000,0x0000,0x0000,0x0000,0x0000,0x0000,0x0000,0x0000,
    0x0000,0x0000,0x0000,0x0000,0x0000,0x0000,0x0000,0x0000,0x0000,0x0000,0x0000,0x0000,0x0000,0x0000,0x0000,0x2805,0x1003,0xff4e,0xff4e,0xff4e,0xff6e,0xff4e,0xff6e,0xff4e,
    0xace9,0xb58b,0xff6e,0xff4e,0xff4e,0xff6e,0xff6e,0xff4e,0xff6e,0xff4e,0xff4e,0xff6e,0xff6e,0xff4e,0xff6e,0xff6e,0xff6e,0xff6e,0xd60d,0x2024,0x2004,0x2024,0xffd1,0xff4e,
    0xff6e,0xff4e,0xff4e,0xff4e,0xff4e,0xf72e,0x3846,0x1804,0x680e,0x2024,0xf70f,0xff4e,0xff4e,0x2063,0x2805,0x0000,0x0000,0x0000,0x0000,0x0000,0x0000,0x0000,0x0000,0x0000,
    0x0000,0x0000,0x0000,0x0000,0x0000,0x0000,0x0000,0x0000,0x0000,0x0000,0x0000,0x0000,0x0000,0x0000,0x3808,0x2844,0x3924,0xff4e,0xff4e,0xff6e,0xff4e,0xff6e,0xff4e,0xb50a,
    0x2024,0x2024,0x3124,0xff8e,0xff4e,0xff4e,0xff4e,0xff6e,0xff6e,0xff6e,0xff6e,0xff6e,0xff6e,0xff4e,0xff4e,0xff4e,0xff4e,0xff6e,0xcdec,0x2004,0x2004,0x2004,0xffb1,0xff6e,
    0xff4e,0xff4e,0xff6e,0xff4e,0xff4e,0xff4e,0xff0e,0x2805,0x2825,0xff2f,0xff6e,0xff4e,0xff4e,0xff4e,0x3886,0x2825,0x0000,0x0000,0x0000,0x0000,0x0000,0x0000,0x0000,0x0000,
    0x0000,0x0000,0x0000,0x0000,0x0000,0x0000,0x0000,0x0000,0x0000,0x0000,0x0000,0x0000,0x0000,0x0000,0x2005,0xad0a,0xff6e,0xff4e,0xff6e,0xff4e,0xff6e,0xff4e,0xff4e,0x8408,
    0x2004,0x2004,0x2024,0xffae,0xff6e,0xff6e,0xff4e,0xff6e,0xff6e,0xff6e,0xff6e,0xff6e,0xff6e,0xff6e,0xff6e,0xff6e,0xff6e,0xff6e,0xd5ec,0x2024,0x2004,0x2825,0xffd0,0xff6e,
    0xff4e,0xff4e,0xff6e,0xff4e,0xff4e,0xff4e,0xff50,0x2024,0x2845,0xff4f,0xff4e,0xff4e,0xff4e,0xff6e,0x2864,0x2004,0x0000,0x0000,0x0000,0x0000,0x0000,0x0000,0x0000,0x0000,
    0x0000,0x0000,0x0000,0x0000,0x0000,0x0000,0x0000,0x0000,0x0000,0x0000,0x0000,0x0000,0x0000,0x0000,0x2004,0xa4eb,0xff4e,0xff4e,0xff6e,0xff6e,0xff4e,0xff4e,0xff4e,0x8c69,
    0x2804,0x2824,0x2004,0xffaf,0xff4e,0xff4e,0xff6e,0xf72f,0xf72e,0xf70e,0xf70e,0xf72e,0xf72e,0xf72e,0xf72e,0xf72e,0xff6f,0xff6e,0xff6e,0x1862,0x0801,0x6286,0xff6e,0xff4e,
    0xff4e,0xff4e,0xff2e,0xff4e,0xff6e,0xff6e,0xff4f,0x2844,0xfdc5,0xff4e,0xff4e,0xff4e,0xff4e,0xff4d,0x3065,0x2825,0x0000,0x0000,0x0000,0x0000,0x0000,0x0000,0x0000,0x0000,
    0x0000,0x0000,0x0000,0x0000,0x0000,0x0000,0x0000,0x0000,0x0000,0x0000,0x0000,0x0000,0x0000,0x2004,0x68a2,0xcd69,0xff6e,0xff4e,0xff6e,0xff4e,0xff4e,0xff4e,0xff4e,0xff6f,
    0x1042,0x2004,0x9be8,0xff8e,0xff4e,0xff6e,0xff2d,0x2004,0x2004,0x2804,0x2004,0x2004,0x2004,0x2004,0x2004,0x2825,0xff4e,0xff4e,0xff6e,0xff4e,0xff4e,0xff4e,0xff4e,0xfdd0,
    0xfc32,0xfc52,0xfc52,0xfc33,0xff4e,0xff4e,0xff4e,0xfdc3,0xff4e,0xff4e,0xff4e,0xff4e,0xff4e,0xff4e,0x3866,0x2004,0x0000,0x0000,0x0000,0x0000,0x0000,0x0000,0x0000,0x0000,
    0x0000,0x0000,0x0000,0x0000,0x0000,0x0000,0x0000,0x0000,0x0000,0x0000,0x0000,0x0000,0x0000,0x2825,0xf72e,0xff4d,0xff4e,0xff4e,0xff4e,0xff4e,0xff4e,0xff4e,0xff4e,0xff4e,
    0xf72f,0xf72e,0xff4f,0xff4e,0xff4e,0xff6e,0x2024,0x2024,0x2004,0x2004,0x2004,0x2004,0x2004,0x2004,0x2004,0x2024,0x1843,0xff6e,0xff6e,0xff4e,0xff6e,0xff4e,0xff10,0xfc32,
    0xfc52,0xfc32,0xfc53,0xfc53,0xfc90,0xff4e,0xff4e,0xff4e,0xff4e,0xff4e,0xff4e,0xff4e,0xfecd,0x2863,0x1804,0x3007,0x0000,0x0000,0x0000,0x0000,0x0000,0x0000,0x0000,0x0000,
    0x0000,0x0000,0x0000,0x0000,0x0000,0x0000,0x0000,0x0000,0x0000,0x0000,0x0000,0x0000,0x0000,0x2825,0xf72d,0xff4e,0xff4e,0xff4e,0xff4e,0xff4e,0xfc33,0xfc53,0xfc72,0xfc52,
    0xff8e,0xff4e,0xff4e,0xff6e,0xff6e,0xff4e,0x2024,0x2004,0x2004,0x2004,0x2004,0x2004,0x2004,0x2804,0x2824,0x2004,0x2044,0xff6e,0xff6e,0xff4e,0xff4e,0xff6e,0xff0f,0xfc32,
    0xfc32,0xfc53,0xfc53,0xfc52,0xfc91,0xff4e,0xff4e,0xff4e,0xff4e,0xff4e,0xff4e,0xff4e,0xfe6c,0x1823,0x2805,0x0000,0x0000,0x0000,0x0000,0x0000,0x0000,0x0000,0x0000,0x0000,
    0x0000,0x0000,0x0000,0x0000,0x0000,0x0000,0x0000,0x0000,0x0000,0x0000,0x0000,0x3826,0x2004,0x2023,0xf72e,0xff4e,0xff4e,0xff4e,0xff4e,0xfd32,0xfc53,0xfc52,0xfc52,0xfc72,
    0xfc72,0xff8e,0xff4e,0xff4e,0xff6e,0xff4e,0x2825,0x2825,0x2004,0xf22e,0xf370,0xf350,0xf391,0xf1ed,0x2004,0x2004,0x2845,0xff6e,0xff6e,0xff6e,0xff4e,0xff6e,0xff0f,0xfc32,
    0xfc52,0xfc52,0xfc52,0xfc52,0xfc91,0xff4e,0xff4e,0xff4e,0xff4e,0xff4e,0xff4e,0xfe8d,0x3084,0x2004,0x1803,0x0000,0x0000,0x0000,0x0000,0x0000,0x0000,0x0000,0x0000,0x0000,
    0x0000,0x0000,0x0000,0x0000,0x0000,0x0000,0x0000,0x0000,0x0000,0x0000,0x0000,0x4027,0x2805,0xf6cc,0xff4e,0xff4e,0xff4e,0xff4e,0xff4e,0xfcd2,0xfc52,0xfc53,0xfc53,0xfc73,
    0xfc52,0xff8e,0xff4e,0xff6e,0xff4e,0xff4e,0x2825,0x2004,0xe98c,0xfbb1,0xfc32,0xfc32,0xfc12,0xfbf2,0xf1cd,0x2024,0x2844,0xff4d,0xff6e,0xff6e,0xff4e,0xff4e,0xff4e,0xf5cf,
    0xfc52,0xfc52,0xfc52,0xfc12,0xff4e,0xff4e,0xff4e,0xff4e,0xff4e,0xff4e,0xff4e,0xfe4c,0x2824,0x2805,0x0000,0x0000,0x0000,0x0000,0x0000,0x0000,0x0000,0x0000,0x0000,0x0000,
    0x0000,0x0000,0x0000,0x0000,0x0000,0x0000,0x0000,0x0000,0x0000,0x0000,0x0000,0x3806,0x2004,0xf6ee,0xff4e,0xff4e,0xff4e,0xff4e,0xff4e,0xfcd1,0xfc52,0xfc53,0xfc52,0xfc52,
    0xfc52,0xff8e,0xff4e,0xff4e,0xff4e,0xff4e,0xf72f,0x2005,0xfc73,0xfc32,0xfc32,0xfc12,0xfc32,0xfc32,0xfc53,0x2824,0xf74f,0xff6e,0xff6e,0xff6e,0xff4e,0xff4e,0xff4e,0xff4e,
    0xff4e,0xff4e,0xff4e,0xff4e,0xff4e,0xff4e,0xff4e,0xff4e,0xff4e,0xff4d,0xfe6b,0x1823,0x1804,0x0000,0x0000,0x0000,0x0000,0x0000,0x0000,0x0000,0x0000,0x0000,0x0000,0x0000,
    0x0000,0x0000,0x0000,0x0000,0x0000,0x0000,0x0000,0x0000,0x0000,0x0000,0x0000,0x3005,0x2004,0xf70e,0xff4e,0xff4e,0xff4e,0xff4e,0xff4e,0xff4e,0xfc52,0xfc52,0xfc52,0xfc73,
    0xff8d,0xff6e,0xff4e,0xff4e,0xff4e,0xff4e,0xff4e,0x2805,0xfbb1,0xfc32,0xfc12,0xfc32,0xfc32,0xfc12,0xfbb0,0x2024,0xff4e,0xff4e,0xff4e,0xff4e,0xff4e,0xff4e,0xff4e,0xff4e,
    0xff4e,0xff4e,0xff4e,0xff4e,0xff4e,0xff4e,0xff4e,0xff6e,0xff4e,0xff4e,0xf520,0x2805,0x2004,0x0000,0x0000,0x0000,0x0000,0x0000,0x0000,0x0000,0x0000,0x0000,0x0000,0x0000,
    0x0000,0x0000,0x0000,0x0000,0x0000,0x0000,0x0000,0x0000,0x0000,0x2005,0x700e,0x1803,0xf562,0xff6e,0xff4e,0xff4e,0xff4e,0xff4e,0xff4e,0xff4e,0xff4e,0xff4e,0xff2e,0xff4e,
    0xff4e,0xff4e,0xff4e,0xff6e,0xff6e,0xff6e,0xff4e,0xff4d,0x2825,0xfbb2,0xfc53,0xfc53,0xfc32,0xf3b1,0x1842,0xff4e,0xff4e,0xff4e,0xff4e,0xff6e,0xff4e,0xff6e,0xff4e,0xff4e,
    0xff4e,0xff4e,0xff4e,0xff4e,0xff6e,0xff4e,0xff4e,0xff4e,0xff4e,0xff4e,0x2023,0x0000,0x0000,0x0000,0x0000,0x0000,0x0000,0x0000,0x0000,0x0000,0x0000,0x0000,0x0000,0x0000,
    0x0000,0x0000,0x0000,0x0000,0x0000,0x0000,0x0000,0x0000,0x0000,0x1823,0x2024,0x3045,0xff4d,0xff4d,0xff4e,0xff4e,0xff4e,0xff6e,0xff4e,0xff4e,0xff4e,0xff4e,0xff4e,0xff4e,
    0xff4e,0xff6e,0xff4e,0xff4e,0xff4e,0xff6e,0xff4e,0xff4e,0xff6f,0x2824,0x2825,0x2024,0x2024,0x3045,0xff4d,0xff4e,0xff4e,0xff4e,0xff6e,0xff4e,0xff4e,0xff4e,0xff6e,0xff6e,
    0xff4e,0xff4e,0xff4e,0xff4e,0xff4e,0xff6e,0xff4e,0xff4e,0xff4e,0xff4d,0x2825,0x0000,0x0000,0x0000,0x0000,0x0000,0x0000,0x0000,0x0000,0x0000,0x0000,0x0000,0x0000,0x0000,
    0x0000,0x0000,0x0000,0x0000,0x0000,0x0000,0x0000,0x0000,0x2805,0x3005,0x40a5,0xff2e,0xff4e,0xff4e,0xff4e,0xff4e,0xff4e,0xff4e,0xff6e,0xff4e,0xff6e,0xff4e,0xff6e,0xff4e,
    0xff4e,0xff4e,0xff6e,0xff4e,0xff4e,0xff4e,0xff6e,0xff4e,0xff4e,0xff4e,0xff2e,0xff2f,0xff4f,0xff2e,0xff4e,0xff4e,0xff4e,0xff4e,0xff6e,0xff4e,0xff6e,0xff6e,0xff6e,0xff4e,
    0xff6e,0xff6e,0xff4e,0xff4e,0xff6e,0xff4e,0xff6e,0xff4e,0xff6e,0xff4e,0xff4e,0x2825,0x2806,0x0000,0x0000,0x0000,0x0000,0x0000,0x0000,0x0000,0x0000,0x0000,0x0000,0x0000,
    0x0000,0x0000,0x0000,0x0000,0x0000,0x0000,0x0000,0x0000,0x2004,0x2004,0xff4d,0xff4d,0xff4e,0xff4e,0xff4e,0xff4e,0xff4e,0xff4e,0xff6e,0xff4e,0xff6e,0xff6e,0xff6e,0xff6e,
    0xff4e,0xff6e,0xff6e,0xff4e,0xff4e,0xff6e,0xff6e,0xff4e,0xff4e,0xff4e,0xff4e,0xff4e,0xff4e,0xff4e,0xff6e,0xff4e,0xff4e,0xff4e,0xff4e,0xff4e,0xff6e,0xff6e,0xff6e,0xff6e,
    0xff4e,0xff4e,0xff4e,0xff4e,0xff6e,0xff4e,0xff4e,0xff4e,0xff4e,0xff4e,0xff4e,0x2024,0x2004,0x0000,0x0000,0x0000,0x0000,0x0000,0x0000,0x0000,0x0000,0x0000,0x0000,0x0000,
    0x0000,0x0000,0x0000,0x0000,0x0000,0x0000,0x0000,0x2004,0x2824,0xf72f,0xff4d,0xff4e,0xff4e,0xff4e,0xff4e,0xff4e,0xff6e,0xff4e,0xff6e,0xff4e,0xff4e,0xff6e,0xff6e,0xff6e,
    0xff4e,0xff6e,0xff6e,0xff6e,0xff4e,0xff4e,0xff4e,0xff6e,0xff6e,0xff4e,0xff4e,0xff4e,0xff4e,0xff4e,0xff4e,0xff6e,0xff4e,0xff4e,0xff4e,0xff6e,0xff6e,0xff6e,0xff6e,0xff4e,
    0xff4e,0xff4e,0xff4e,0xff6e,0xff4e,0xff6e,0xff4e,0xff4e,0xff4e,0xff4e,0xff4d,0x2024,0x2826,0x0000,0x0000,0x0000,0x0000,0x0000,0x0000,0x0000,0x0000,0x0000,0x0000,0x0000,
    0x0000,0x0000,0x0000,0x0000,0x0000,0x0000,0x0000,0x2825,0x3025,0xff4e,0xff4e,0xff4e,0xff4e,0xff4e,0xff4e,0xfe8c,0xff6e,0xff4e,0xff4e,0xff6e,0xff4e,0xff6e,0xff6e,0xff4e,
    0xff6e,0xff6e,0xff6e,0xff6e,0xff4e,0xff6e,0xff6e,0xff6e,0xff6e,0xff6e,0xff6e,0xff4e,0xff6e,0xff4e,0xff4e,0xff6e,0xff4e,0xff4e,0xff4e,0xff6e,0xff6e,0xff4e,0xff4e,0xff4e,
    0xff4e,0xff4e,0xff4e,0xff6e,0xff6e,0xff6e,0xff4e,0xff6e,0xff4e,0xff4e,0xff4d,0x2825,0x2004,0x0000,0x0000,0x0000,0x0000,0x0000,0x0000,0x0000,0x0000,0x0000,0x0000,0x0000,
    0x0000,0x0000,0x0000,0x0000,0x0000,0x0000,0x0000,0x2805,0x2003,0xff6e,0xff4e,0xff4e,0xff4e,0xff4e,0xfe28,0xfd80,0xff6e,0xff4e,0xff6e,0xff4e,0xff4e,0xff6e,0xff4e,0xff6e,
    0xff6e,0xff6e,0xff4e,0xff4e,0xff4e,0xff6e,0xff6e,0xff6e,0xff6e,0xff6e,0xff4e,0xff4e,0xff4e,0xff4e,0xff4e,0xff6e,0xff6e,0xff6e,0xff6e,0xff6e,0xff6e,0xff6e,0xff6e,0xff4e,
    0xff6e,0xff4e,0xff4e,0xff6e,0xff6e,0xff6e,0xff4e,0xff6e,0xff4e,0xff4d,0xff4d,0x2025,0x2005,0x0000,0x0000,0x0000,0x0000,0x0000,0x0000,0x0000,0x0000,0x0000,0x0000,0x0000,
    0x0000,0x0000,0x0000,0x0000,0x0000,0x0000,0x0000,0x2805,0x3025,0xfeac,0xff4e,0xff4e,0xfe6b,0xf562,0x2024,0x1003,0xff6e,0xff6e,0xff6e,0xff6e,0xff4e,0xff4e,0xff6e,0xff6e,
    0xff6e,0xff6e,0xff4e,0xff4e,0xff4e,0xff4e,0xff4e,0xff6e,0xff6e,0xff4e,0xff4e,0xff4e,0xff6e,0xff4e,0xff6e,0xff6e,0xff4e,0xff6e,0xff6e,0xff6e,0xff6e,0xff6e,0xff6e,0xff4e,
    0xff6e,0xff6e,0xff6e,0xff4e,0xff4e,0xff4e,0xff6e,0xff4e,0xff4e,0xff4d,0xfe6c,0x2825,0x2825,0x0000,0x0000,0x0000,0x0000,0x0000,0x0000,0x0000,0x0000,0x0000,0x0000,0x0000,
    0x0000,0x0000,0x0000,0x0000,0x0000,0x0000,0x0000,0x0000,0x2004,0x1804,0xfeee,0xfeae,0xfe8c,0xed21,0x2024,0x1803,0xff6e,0xff4e,0xff4e,0xff6e,0xff4e,0xff4e,0xff6e,0xff4e,
    0xff4e,0xff6e,0xff4e,0xff4e,0xff4e,0xff6e,0xff4e,0xff4e,0xff4e,0xff4e,0xff4e,0xff4e,0xff4e,0xff4e,0xff4e,0xff6e,0xff4e,0xff6e,0xff6e,0xff4e,0xff4e,0xff6e,0xff4e,0xff6e,
    0xff4e,0xff6e,0xff4e,0xff6e,0xff4e,0xff4e,0xff6e,0xff4e,0xff6e,0xff4e,0xfe4b,0x2004,0x2004,0x0000,0x0000,0x0000,0x0000,0x0000,0x0000,0x0000,0x0000,0x0000,0x0000,0x0000,
    0x0000,0x0000,0x0000,0x0000,0x0000,0x0000,0x0000,0x0000,0x0000,0x3026,0x2004,0x2004,0x2825,0x2024,0xfe6b,0xfe6c,0xff4e,0xff6e,0xff4e,0xff4e,0xff4e,0xff4e,0xff4e,0xff6e,
    0xff4e,0xff6e,0xff6e,0xff6e,0xff4e,0xff4e,0xff4e,0xff4e,0xff4e,0xff4e,0xff6e,0xff6e,0xff4e,0xff6e,0xff4e,0xff4e,0xff4e,0xff6e,0xff6e,0xff4e,0xff6e,0xff6e,0xff4e,0xff4e,
    0xff6e,0xff6e,0xff4e,0xff6e,0xff6e,0xff6e,0xff4e,0xff6e,0xff6e,0xf62d,0x2004,0x0802,0x0000,0x0000,0x0000,0x0000,0x0000,0x0000,0x0000,0x0000,0x0000,0x0000,0x0000,0x0000,
    0x0000,0x0000,0x0000,0x0000,0x0000,0x0000,0x0000,0x0000,0x0000,0x602d,0x702f,0x782f,0x8011,0x2005,0xee2c,0xfe6c,0xff4e,0xff6e,0xff4e,0xff4e,0xff4e,0xff6e,0xff4e,0xff4e,
    0xff4e,0xff4e,0xff4e,0xff6e,0xff4e,0xff4e,0xff4e,0xff4e,0xff6e,0xff4e,0xff4e,0xff4e,0xff4e,0xff4e,0xff6e,0xff6e,0xff6e,0xff4e,0xff4e,0xff4e,0xff6e,0xff6e,0xff6e,0xff6e,
    0xff6e,0xff4e,0xff4e,0xff4e,0xff6e,0xff6e,0xff4e,0xff6e,0xff6e,0xf60c,0x2805,0x2005,0x0000,0x0000,0x0000,0x0000,0x0000,0x0000,0x0000,0x0000,0x0000,0x0000,0x0000,0x0000,
    0x0000,0x0000,0x0000,0x0000,0x0000,0x0000,0x0000,0x0000,0x0000,0x0000,0x0000,0x0000,0x0000,0x2005,0xee2d,0xfe6c,0xfe6c,0xff4d,0xff6e,0xff4e,0xff4e,0xff6e,0xff4e,0xff4e,
    0xff6e,0xff6e,0xff6e,0xff6e,0xff4e,0xff6e,0xff6e,0xff4e,0xff4e,0xff6e,0xff4e,0xff4e,0xff6e,0xff4e,0xff6e,0xff6e,0xff4e,0xff6e,0xff4e,0xff4e,0xff4e,0xff4e,0xff4e,0xff6e,
    0xff6e,0xff4e,0xff6e,0xff4e,0xff4e,0xff4e,0xff4e,0xfead,0xff2f,0x1043,0x2004,0x1804,0x0000,0x0000,0x0000,0x0000,0x0000,0x0000,0x0000,0x0000,0x0000,0x0000,0x0000,0x0000,
    0x0000,0x0000,0x0000,0x0000,0x0000,0x0000,0x0000,0x0000,0x0000,0x0000,0x0000,0x0000,0x0000,0x2005,0x1823,0x1003,0xfe6c,0xfe6c,0xff4e,0xff4e,0xff4e,0xff4e,0xff4e,0xff6e,
    0xff4e,0xff6e,0xff4e,0xff4e,0xff4e,0xff6e,0xff6e,0xff6e,0xff4e,0xff6e,0xff6e,0xff4e,0xff6e,0xff6e,0xff4e,0xff6e,0xff4e,0xff6e,0xff6e,0xff4e,0xff6e,0xff4e,0xff4e,0xff6e,
    0xff6e,0xff6e,0xff4e,0xff6e,0xff4e,0xff4d,0xfe6d,0xfe6c,0xff4f,0x2804,0x0000,0x0000,0x0000,0x0000,0x0000,0x0000,0x0000,0x0000,0x0000,0x0000,0x0000,0x0000,0x0000,0x0000,
    0x0000,0x0000,0x0000,0x0000,0x0000,0x0000,0x0000,0x0000,0x0000,0x0000,0x0000,0x0000,0x0000,0x0000,0x2805,0x2004,0xfe8c,0xfe6c,0xfe6b,0xff4e,0xff4e,0xff4e,0xff4e,0xff6e,
    0xff4e,0xff6e,0xff6e,0xff6e,0xff4e,0xff4e,0xff6e,0xff4e,0xff4e,0xff4e,0xff6e,0xff4e,0xff4e,0xff4e,0xff6e,0xff4e,0xff4e,0xff6e,0xff4e,0xff4e,0xff4e,0xff4e,0xff6e,0xff4e,
    0xff4e,0xff6e,0xff6e,0xff4e,0xff4e,0xfe6d,0xfe8d,0x7287,0x1803,0x2004,0x0000,0x0000,0x0000,0x0000,0x0000,0x0000,0x0000,0x0000,0x0000,0x0000,0x0000,0x0000,0x0000,0x0000,
    0x0000,0x0000,0x0000,0x0000,0x0000,0x0000,0x0000,0x0000,0x0000,0x0000,0x0000,0x0000,0x0000,0x0000,0x2004,0x2004,0x1003,0xfe07,0xfe6c,0xff2f,0xff4e,0xff4e,0xff4e,0xff4e,
    0xff4e,0xff4e,0xff4e,0xff4e,0xff4e,0xff4e,0xff6e,0xff6e,0xff4e,0xff6e,0xff4e,0xff6e,0xff6e,0xff4e,0xff4e,0xff6e,0xff4e,0xff6e,0xff4e,0xff4e,0xff4e,0xff4e,0xff4e,0xff4e,
    0xff4e,0xff4e,0xff4e,0xfecd,0xfead,0xfe6c,0xfecc,0x2005,0x2004,0x0000,0x0000,0x0000,0x0000,0x0000,0x0000,0x0000,0x0000,0x0000,0x0000,0x0000,0x0000,0x0000,0x0000,0x0000,
    0x0000,0x0000,0x0000,0x0000,0x0000,0x0000,0x0000,0x0000,0x0000,0x0000,0x0000,0x0000,0x0000,0x0000,0x0000,0x2004,0x1803,0x61c4,0xfe6d,0xfe6c,0xfecd,0xff4e,0xff4e,0xff4e,
    0xff4e,0xff6e,0xff4e,0xff4e,0xff4e,0xff4e,0xff4e,0xff6e,0xff4e,0xff6e,0xff6e,0xff6e,0xff6e,0xff4e,0xff4e,0xff4e,0xff4e,0xff4e,0xff4e,0xff4e,0xff4e,0xff4e,0xff6e,0xff4e,
    0xff2d,0xff4e,0xff4e,0xfe6c,0xfe8d,0x51c5,0x51a5,0x2004,0x0000,0x0000,0x0000,0x0000,0x0000,0x0000,0x0000,0x0000,0x0000,0x0000,0x0000,0x0000,0x0000,0x0000,0x0000,0x0000,
    0x0000,0x0000,0x0000,0x0000,0x0000,0x0000,0x0000,0x0000,0x0000,0x0000,0x0000,0x0000,0x0000,0x0000,0x0000,0x0000,0x2024,0x2805,0x49e4,0x5204,0xfe89,0xfe6c,0xfe6c,0xff6e,
    0xff4e,0xff4e,0xff4e,0xff4e,0xff4e,0xff4e,0xff4e,0xff4e,0xff4e,0xff4e,0xff4e,0xff4e,0xff4e,0xff4e,0xff4e,0xff4e,0xff4e,0xff4e,0xff4e,0xff4e,0xff4e,0xff4e,0xff6e,0xff6e,
    0xfe4c,0xfe6c,0xfe6c,0x4985,0x4184,0x2805,0x2025,0x0000,0x0000,0x0000,0x0000,0x0000,0x0000,0x0000,0x0000,0x0000,0x0000,0x0000,0x0000,0x0000,0x0000,0x0000,0x0000,0x0000,
    0x0000,0x0000,0x0000,0x0000,0x0000,0x0000,0x0000,0x0000,0x0000,0x0000,0x0000,0x0000,0x0000,0x0000,0x0000,0x0000,0x0000,0x0000,0x2024,0x2005,0x5984,0x5a06,0xfde5,0xfe8c,
    0xfe8c,0xff0d,0xfeed,0xff0d,0xfe4c,0xfe6c,0xfe4c,0xfe6c,0xfe4c,0xfe4c,0xfe6d,0xfe6d,0xfe6d,0xfe4c,0xfe6c,0xfe4c,0xfe4c,0xfe6c,0xfe6c,0xfeed,0xff0d,0xfecd,0xfe6c,0xfe6c,
    0xfd82,0x4984,0x59e6,0x2025,0x2004,0x9033,0x0000,0x0000,0x0000,0x0000,0x0000,0x0000,0x0000,0x0000,0x0000,0x0000,0x0000,0x0000,0x0000,0x0000,0x0000,0x0000,0x0000,0x0000,
    0x0000,0x0000,0x0000,0x0000,0x0000,0x0000,0x0000,0x0000,0x0000,0x0000,0x0000,0x0000,0x0000,0x0000,0x0000,0x0000,0x0000,0x0000,0x2004,0x2006,0x2825,0x2825,0xf541,0xfecc,
    0xff0d,0xfe8c,0xfe4b,0xfe6c,0xee6c,0xe64c,0xe66d,0xf6ae,0xf68d,0xf68d,0xf6ae,0xf6ae,0xf68e,0xf6ce,0xf6ae,0xee8d,0xee6d,0xf66d,0xf66d,0xfeac,0xfe6b,0xfe8c,0xfeee,0xff0e,
    0xfd82,0x0801,0x2024,0x3006,0x2005,0x0000,0x0000,0x0000,0x0000,0x0000,0x0000,0x0000,0x0000,0x0000,0x0000,0x0000,0x0000,0x0000,0x0000,0x0000,0x0000,0x0000,0x0000,0x0000,
    0x0000,0x0000,0x0000,0x0000,0x0000,0x0000,0x0000,0x0000,0x0000,0x0000,0x0000,0x0000,0x0000,0x0000,0x0000,0x0000,0x0000,0x0000,0x0000,0x0000,0x2825,0x1843,0xff2d,0xff2e,
    0xff2e,0xff2d,0xfee9,0xfd81,0x2805,0x2004,0x2825,0x2004,0x2004,0x2005,0x2004,0x2004,0x2004,0x2005,0x2005,0x2004,0x2005,0x2004,0x2805,0xfe80,0xfe02,0xff2c,0xff4e,0xff4e,
    0xff4e,0xff8f,0x2004,0x0000,0x0000,0x0000,0x0000,0x0000,0x0000,0x0000,0x0000,0x0000,0x0000,0x0000,0x0000,0x0000,0x0000,0x0000,0x0000,0x0000,0x0000,0x0000,0x0000,0x0000,
    0x0000,0x0000,0x0000,0x0000,0x0000,0x0000,0x0000,0x0000,0x0000,0x0000,0x0000,0x0000,0x0000,0x0000,0x0000,0x0000,0x0000,0x0000,0x0000,0x0000,0x2004,0x2023,0xfd21,0xff4e,
    0xff2d,0xff2d,0xfeeb,0x0804,0x2805,0x0000,0x0000,0x0000,0x0000,0x0000,0x0000,0x0000,0x0000,0x0000,0x0000,0x0000,0x0000,0x0000,0x2805,0x0003,0x1004,0xfead,0xff4d,0xff4e,
    0xfd40,0xfca1,0x2024,0x0000,0x0000,0x0000,0x0000,0x0000,0x0000,0x0000,0x0000,0x0000,0x0000,0x0000,0x0000,0x0000,0x0000,0x0000,0x0000,0x0000,0x0000,0x0000,0x0000,0x0000,
    0x0000,0x0000,0x0000,0x0000,0x0000,0x0000,0x0000,0x0000,0x0000,0x0000,0x0000,0x0000,0x0000,0x0000,0x0000,0x0000,0x0000,0x0000,0x0000,0x0000,0x1803,0x2826,0x1823,0x2024,
    0x1823,0x2824,0x2024,0x2004,0x1803,0x0000,0x0000,0x0000,0x0000,0x0000,0x0000,0x0000,0x0000,0x0000,0x0000,0x0000,0x0000,0x0000,0x1824,0x2825,0x2825,0x2023,0x1822,0x3025,
    0x2824,0x2825,0x2004,0x0000,0x0000,0x0000,0x0000,0x0000,0x0000,0x0000,0x0000,0x0000,0x0000,0x0000,0x0000,0x0000,0x0000,0x0000,0x0000,0x0000,0x0000,0x0000,0x0000,0x0000,
    0x0000,0x0000,0x0000,0x0000,0x0000,0x0000,0x0000,0x0000,0x0000,0x0000,0x0000,0x0000,0x0000,0x0000,0x0000,0x0000,0x0000,0x0000,0x0000,0x0000,0x0000,0x2825,0x2825,0x2004,
    0x2805,0x2805,0x2004,0x3006,0x0000,0x0000,0x0000,0x0000,0x0000,0x0000,0x0000,0x0000,0x0000,0x0000,0x0000,0x0000,0x0000,0x0000,0x0000,0x600c,0x2805,0x2004,0x2825,0x2004,
    0x2004,0x2005,0x0000,0x0000,0x0000,0x0000,0x0000,0x0000,0x0000,0x0000,0x0000,0x0000,0x0000,0x0000,0x0000,0x0000,0x0000,0x0000,0x0000,0x0000,0x0000,0x0000,0x0000,0x0000,
    0x0000,0x0000,0x0000,0x0000,0x0000,0x0000,0x0000,0x0000,0x0000,0x0000,0x0000,0x0000,0x0000,0x0000,0x0000,0x0000,0x0000,0x0000,0x0000,0x0000,0x0000,0x0000,0x0000,0x0000,
    0x0000,0x0000,0x0000,0x0000,0x0000,0x0000,0x0000,0x0000,0x0000,0x0000,0x0000,0x0000,0x0000,0x0000,0x0000,0x0000,0x0000,0x0000,0x0000,0x0000,0x0000,0x0000,0x0000,0x0000,
    0x0000,0x0000,0x0000,0x0000,0x0000,0x0000,0x0000,0x0000,0x0000,0x0000,0x0000,0x0000,0x0000,0x0000,0x0000,0x0000,0x0000,0x0000,0x0000,0x0000,0x0000,0x0000,0x0000,0x0000,
    0x0000,0x0000,0x0000,0x0000,0x0000,0x0000,0x0000,0x0000,0x0000,0x0000,0x0000,0x0000,0x0000,0x0000,0x0000,0x0000,0x0000,0x0000,0x0000,0x0000,0x0000,0x0000,0x0000,0x0000,
    0x0000,0x0000,0x0000,0x0000,0x0000,0x0000,0x0000,0x0000,0x0000,0x0000,0x0000,0x0000,0x0000,0x0000,0x0000,0x0000,0x0000,0x0000,0x0000,0x0000,0x0000,0x0000,0x0000,0x0000,
    0x0000,0x0000,0x0000,0x0000,0x0000,0x0000,0x0000,0x0000,0x0000,0x0000,0x0000,0x0000,0x0000,0x0000,0x0000,0x0000,0x0000,0x0000,0x0000,0x0000,0x0000,0x0000,0x0000,0x0000,
    0x0000,0x0000,0x0000,0x0000,0x0000,0x0000,0x0000,0x0000,0x0000,0x0000,0x0000,0x0000,0x0000,0x0000,0x0000,0x0000,0x0000,0x0000,0x0000,0x0000,0x0000,0x0000,0x0000,0x0000,
    0x0000,0x0000,0x0000,0x0000,0x0000,0x0000,0x0000,0x0000,0x0000,0x0000,0x0000,0x0000,0x0000,0x0000,0x0000,0x0000,0x0000,0x0000,0x0000,0x0000,0x0000,0x0000,0x0000,0x0000,
    0x0000,0x0000,0x0000,0x0000,0x0000,0x0000,0x0000,0x0000,0x0000,0x0000,0x0000,0x0000,0x0000,0x0000,0x0000,0x0000,0x0000,0x0000,0x0000,0x0000,0x0000,0x0000,0x0000,0x0000,
  },
  /* idle */ {
    0x0000,0x0000,0x0000,0x0000,0x0000,0x0000,0x0000,0x0000,0x0000,0x0000,0x0000,0x0000,0x0000,0x0000,0x0000,0x0000,0x0000,0x0000,0x0000,0x0000,0x0000,0x0000,0x0000,0x0000,
    0x0000,0x0000,0x0000,0x0000,0x0000,0x0000,0x0000,0x0000,0x0000,0x0000,0x0000,0x0000,0x0000,0x0000,0x0000,0x0000,0x0000,0x0000,0x0000,0x0000,0x0000,0x0000,0x0000,0x0000,
    0x0000,0x0000,0x0000,0x0000,0x0000,0x0000,0x0000,0x0000,0x0000,0x0000,0x0000,0x0000,0x0000,0x0000,0x0000,0x0000,0x0000,0x0000,0x0000,0x0000,0x0000,0x0000,0x0000,0x0000,
    0x0000,0x0000,0x0000,0x0000,0x0000,0x0000,0x0000,0x0000,0x0000,0x0000,0x0000,0x0000,0x0000,0x0000,0x0000,0x0000,0x0000,0x0000,0x0000,0x0000,0x0000,0x0000,0x0000,0x0000,
    0x0000,0x0000,0x0000,0x0000,0x0000,0x0000,0x0000,0x0000,0x0000,0x0000,0x0000,0x0000,0x0000,0x0000,0x0000,0x0000,0x0000,0x0000,0x0000,0x0000,0x0000,0x0000,0x0000,0x0000,
    0x0000,0x0000,0x0000,0x0000,0x0000,0x0000,0x0000,0x0000,0x0000,0x0000,0x0000,0x0000,0x0000,0x0000,0x0000,0x0000,0x0000,0x0000,0x0000,0x0000,0x0000,0x0000,0x0000,0x0000,
    0x0000,0x0000,0x0000,0x0000,0x0000,0x0000,0x0000,0x0000,0x0000,0x0000,0x0000,0x0000,0x0000,0x0000,0x0000,0x0000,0x0000,0x0000,0x0000,0x0000,0x0000,0x0000,0x0000,0x0000,
    0x0000,0x0000,0x0000,0x0000,0x0000,0x0000,0x0000,0x0000,0x0000,0x0000,0x0000,0x0000,0x0000,0x0000,0x0000,0x0000,0x0000,0x0000,0x0000,0x0000,0x0000,0x0000,0x0000,0x0000,
    0x0000,0x0000,0x0000,0x0000,0x0000,0x0000,0x0000,0x0000,0x0000,0x0000,0x0000,0x0000,0x0000,0x0000,0x0000,0x0000,0x0000,0x0000,0x0000,0x0000,0x0000,0x0000,0x0000,0x0000,
    0x0000,0x0000,0x0000,0x0000,0x0000,0x0000,0x0000,0x0000,0x0000,0x0000,0x0000,0x0000,0x0000,0x0000,0x0000,0x0000,0x0000,0x0000,0x0000,0x0000,0x0000,0x0000,0x0000,0x0000,
    0x0000,0x0000,0x0000,0x0000,0x0000,0x0000,0x0000,0x0000,0x0000,0x0000,0x0000,0x0000,0x0000,0x0000,0x0000,0x0000,0x0000,0x0000,0x0000,0x0000,0x0000,0x0000,0x0000,0x0000,
    0x0000,0x0000,0x0000,0x0000,0x0000,0x0000,0x0000,0x0000,0x0000,0x0000,0x0000,0x0000,0x0000,0x0000,0x0000,0x0000,0x0000,0x0000,0x0000,0x0000,0x0000,0x0000,0x0000,0x0000,
    0x0000,0x0000,0x0000,0x0000,0x0000,0x0000,0x0000,0x0000,0x0000,0x0000,0x0000,0x0000,0x0000,0x0000,0x0000,0x0000,0x0000,0x0000,0x0000,0x0000,0x0000,0x0000,0x0000,0x0000,
    0x0000,0x0000,0x0000,0x0000,0x0000,0x0000,0x0000,0x0000,0x0000,0x0000,0x0000,0x0000,0x0000,0x0000,0x0000,0x0000,0x0000,0x0000,0x0000,0x0000,0x0000,0x0000,0x0000,0x0000,
    0x0000,0x0000,0x0000,0x0000,0x0000,0x0000,0x0000,0x0000,0x0000,0x0000,0x0000,0x0000,0x0000,0x0000,0x0000,0x0000,0x0000,0x0000,0x0000,0x0000,0x0000,0x0000,0x0000,0x0000,
    0x0000,0x0000,0x0000,0x0000,0x0000,0x0000,0x0000,0x0000,0x0000,0x0000,0x0000,0x0000,0x0000,0x0000,0x0000,0x0000,0x0000,0x0000,0x0000,0x0000,0x0000,0x0000,0x0000,0x0000,
    0x0000,0x0000,0x0000,0x0000,0x0000,0x0000,0x0000,0x0000,0x0000,0x0000,0x0000,0x0000,0x0000,0x0000,0x0000,0x0000,0x0000,0x0000,0x0000,0x0000,0x0000,0x0000,0x0000,0x0000,
    0x0000,0x0000,0x0000,0x0000,0x0000,0x0000,0x0000,0x0000,0x0000,0x0000,0x0000,0x0000,0x0000,0x0000,0x0000,0x0000,0x0000,0x0000,0x0000,0x0000,0x0000,0x0000,0x0000,0x0000,
    0x0000,0x0000,0x0000,0x0000,0x0000,0x0000,0x0000,0x0000,0x0000,0x0000,0x0000,0x0000,0x0000,0x0000,0x0000,0x0000,0x0000,0x0000,0x0000,0x0000,0x0000,0x0000,0x0000,0x0000,
    0x0000,0x0000,0x0000,0x0000,0x0000,0x0000,0x0000,0x0000,0x0000,0x0000,0x0000,0x0000,0x0000,0x0000,0x0000,0x0000,0x0000,0x0000,0x0000,0x0000,0x0000,0x0000,0x0000,0x0000,
    0x0000,0x0000,0x0000,0x0000,0x0000,0x0000,0x0000,0x0000,0x0000,0x0000,0x0000,0x0000,0x0000,0x0000,0x0000,0x0000,0x0000,0x0000,0x0000,0x0000,0x0000,0x0000,0x0000,0x0000,
    0x0000,0x0000,0x0000,0x0000,0x0000,0x0000,0x0000,0x0000,0x0000,0x0000,0x0000,0x0000,0x0000,0x0000,0x0000,0x0000,0x0000,0x0000,0x0000,0x0000,0x0000,0x0000,0x0000,0x0000,
    0x0000,0x0000,0x0000,0x0000,0x0000,0x0000,0x0000,0x0000,0x0000,0x0000,0x0000,0x0000,0x0000,0x0000,0x0000,0x0000,0x0000,0x0000,0x0000,0x0000,0x0000,0x0000,0x0000,0x0000,
    0x0000,0x0000,0x0000,0x0000,0x0000,0x0000,0x0000,0x0000,0x0000,0x0000,0x0000,0x0000,0x0000,0x0000,0x0000,0x0000,0x0000,0x0000,0x0000,0x0000,0x0000,0x0000,0x0000,0x0000,
    0x0000,0x0000,0x0000,0x0000,0x0000,0x0000,0x0000,0x0000,0x0000,0x0000,0x0000,0x0000,0x0000,0x0000,0x0000,0x0000,0x0000,0x0000,0x0000,0x0000,0x0000,0x0000,0x0000,0x0000,
    0x0000,0x0000,0x0000,0x0000,0x0000,0x0000,0x0000,0x0000,0x0000,0x0000,0x0000,0x0000,0x0000,0x0000,0x0000,0x0000,0x0000,0x0000,0x0000,0x0000,0x0000,0x0000,0x0000,0x0000,
    0x0000,0x0000,0x0000,0x0000,0x0000,0x0000,0x0000,0x0000,0x0000,0x0000,0x0000,0x0000,0x0000,0x0000,0x0000,0x0000,0x0000,0x0000,0x0000,0x0000,0x0000,0x0000,0x0000,0x0000,
    0x0000,0x0000,0x0000,0x0000,0x0000,0x0000,0x0000,0x0000,0x0000,0x0000,0x0000,0x0000,0x0000,0x0000,0x0000,0x0000,0x0000,0x0000,0x0000,0x0000,0x0000,0x0000,0x0000,0x0000,
    0x0000,0x0000,0x0000,0x0000,0x0000,0x0000,0x0000,0x0000,0x0000,0x0000,0x0000,0x0000,0x0000,0x0000,0x0000,0x0000,0x0000,0x0000,0x0000,0x0000,0x0000,0x0000,0x0000,0x0000,
    0x0000,0x0000,0x0000,0x0000,0x0000,0x0000,0x0000,0x0000,0x0000,0x0000,0x0000,0x0000,0x0000,0x0000,0x0000,0x0000,0x0000,0x0000,0x0000,0x0000,0x0000,0x0000,0x0000,0x0000,
    0x0000,0x0000,0x0000,0x0000,0x0000,0x0000,0x0000,0x0000,0x0000,0x0000,0x0000,0x0000,0x0000,0x0000,0x0000,0x0000,0x0000,0x0000,0x0000,0x0000,0x0000,0x0000,0x0000,0x0000,
    0x0000,0x0000,0x0000,0x0000,0x0000,0x0000,0x0000,0x0000,0x0000,0x0000,0x0000,0x0000,0x0000,0x0000,0x0000,0x0000,0x0000,0x0000,0x0000,0x0000,0x0000,0x0000,0x0000,0x0000,
    0x0000,0x0000,0x0000,0x0000,0x0000,0x0000,0x0000,0x0000,0x0000,0x0000,0x0000,0x0000,0x0000,0x0000,0x0000,0x0000,0x0000,0x0000,0x0000,0x0000,0x0000,0x0000,0x0000,0x0000,
    0x0000,0x0000,0x0000,0x0000,0x0000,0x0000,0x0000,0x0000,0x0000,0x0000,0x0000,0x0000,0x0000,0x0000,0x0000,0x0000,0x0000,0x0000,0x0000,0x0000,0x0000,0x0000,0x0000,0x0000,
    0x0000,0x0000,0x0000,0x0000,0x0000,0x0000,0x0000,0x0000,0x0000,0x0000,0x0000,0x0000,0x0000,0x0000,0x0000,0x0000,0x0000,0x0000,0x0000,0x0000,0x0000,0x0000,0x0000,0x0000,
    0x0000,0x0000,0x0000,0x0000,0x0000,0x0000,0x0000,0x0000,0x0000,0x0000,0x0000,0x0000,0x0000,0x0000,0x0000,0x0000,0x0000,0x0000,0x0000,0x0000,0x0000,0x0000,0x0000,0x0000,
    0x0000,0x0000,0x0000,0x0000,0x0000,0x0000,0x0000,0x0000,0x0000,0x0000,0x0000,0x0000,0x0000,0x0000,0x0000,0x0000,0x0000,0x0000,0x0000,0x0000,0x0000,0x0000,0x0000,0x0000,
    0x0000,0x0000,0x0000,0x0000,0x0000,0x0000,0x0000,0x0000,0x0000,0x0000,0x0000,0x0000,0x0000,0x0000,0x0000,0x0000,0x0000,0x0000,0x0000,0x0000,0x0000,0x0000,0x0000,0x0000,
    0x0000,0x0000,0x0000,0x0000,0x0000,0x0000,0x0000,0x0000,0x0000,0x0000,0x0000,0x0000,0x0000,0x0000,0x0000,0x0000,0x0000,0x0000,0x0000,0x0000,0x0000,0x0000,0x0000,0x0000,
    0x0000,0x0000,0x0000,0x0000,0x0000,0x0000,0x0000,0x0000,0x0000,0x0000,0x0000,0x0000,0x0000,0x0000,0x0000,0x0000,0x0000,0x0000,0x0000,0x0000,0x0000,0x0000,0x0000,0x0000,
    0x0000,0x0000,0x0000,0x0000,0x0000,0x0000,0x0000,0x0000,0x0000,0x0000,0x0000,0x0000,0x0000,0x0000,0x0000,0x0000,0x0000,0x0000,0x0000,0x0000,0x0000,0x0000,0x0000,0x0000,
    0x0000,0x0000,0x0000,0x0000,0x0000,0x0000,0x0000,0x0000,0x0000,0x0000,0x0000,0x0000,0x0000,0x0000,0x0000,0x0000,0x0000,0x0000,0x0000,0x0000,0x0000,0x0000,0x0000,0x0000,
    0x0000,0x0000,0x0000,0x0000,0x0000,0x0000,0x0000,0x0000,0x0000,0x0000,0x0000,0x0000,0x0000,0x0000,0x0000,0x0000,0x0000,0x0000,0x0000,0x0000,0x0000,0x0000,0x0000,0x0000,
    0x0000,0x0000,0x0000,0x0000,0x0000,0x0000,0x0000,0x0000,0x0000,0x0000,0x0000,0x0000,0x0000,0x0000,0x0000,0x0000,0x0000,0x0000,0x2805,0x2004,0x2825,0x2004,0x2004,0x2825,
    0x2004,0x0000,0x0000,0x0000,0x0000,0x0000,0x0000,0x0000,0x0000,0x0000,0x0000,0x0000,0x0000,0x0000,0x0000,0x0000,0x0000,0x0000,0x0000,0x0000,0x0000,0x0000,0x0000,0x0000,
    0x0000,0x0000,0x0000,0x0000,0x0000,0x0000,0x0000,0x0000,0x0000,0x0000,0x0000,0x0000,0x0000,0x0000,0x0000,0x0000,0x0000,0x0000,0x0000,0x0000,0x0000,0x0000,0x0000,0x0000,
    0x0000,0x0000,0x0000,0x0000,0x0000,0x0000,0x0000,0x0000,0x0000,0x0000,0x0000,0x0000,0x0000,0x0000,0x0000,0x0000,0x2826,0x2805,0x1823,0x2845,0x2024,0x2044,0x2845,0x2004,
    0x2004,0x0000,0x0000,0x0000,0x0000,0x0000,0x0000,0x0000,0x0000,0x0000,0x0000,0x0000,0x0000,0x0000,0x0000,0x0000,0x0000,0x0000,0x0000,0x0000,0x0000,0x0000,0x0000,0x0000,
    0x0000,0x0000,0x0000,0x0000,0x0000,0x0000,0x0000,0x0000,0x0000,0x0000,0x0000,0x0000,0x0000,0x0000,0x0000,0x0000,0x0000,0x0000,0x0000,0x0000,0x0000,0x0000,0x0000,0x0000,
    0x0000,0x0000,0x0000,0x0000,0x0000,0x0000,0x0000,0x0000,0x0000,0x0000,0x0000,0x0000,0x0000,0x0000,0x0000,0x0000,0x3025,0x2044,0x660c,0x660b,0x662c,0x662c,0x662b,0x2024,
    0x2825,0x0000,0x0000,0x0000,0x0000,0x0000,0x0000,0x0000,0x0000,0x0000,0x0000,0x0000,0x0000,0x0000,0x0000,0x0000,0x0000,0x0000,0x0000,0x0000,0x0000,0x0000,0x0000,0x0000,
    0x0000,0x0000,0x0000,0x0000,0x0000,0x0000,0x0000,0x0000,0x0000,0x0000,0x0000,0x0000,0x0000,0x0000,0x0000,0x0000,0x0000,0x0000,0x0000,0x0000,0x0000,0x0000,0x0000,0x0000,
    0x0000,0x0000,0x0000,0x0000,0x0000,0x0000,0x0000,0x0000,0x0000,0x0000,0x0000,0x0000,0x0000,0x0000,0x3026,0x2024,0x5e4b,0x5e2b,0x662c,0x662c,0x662c,0x662c,0x662c,0x2825,
    0x2004,0x0000,0x0000,0x0000,0x0000,0x0000,0x0000,0x0000,0x0000,0x0000,0x0000,0x0000,0x0000,0x0000,0x0000,0x0000,0x0000,0x0000,0x0000,0x0000,0x0000,0x0000,0x0000,0x0000,
    0x0000,0x0000,0x0000,0x0000,0x0000,0x0000,0x0000,0x0000,0x0000,0x0000,0x0000,0x0000,0x0000,0x0000,0x0000,0x0000,0x0000,0x0000,0x0000,0x0000,0x0000,0x0000,0x0000,0x0000,
    0x0000,0x0000,0x0000,0x0000,0x0000,0x0000,0x0000,0x0000,0x0000,0x0000,0x0000,0x0000,0x0000,0x0000,0x1803,0x29e4,0x664c,0x662b,0x5e0b,0x45ab,0x662c,0x662c,0x5e2b,0x2805,
    0x2805,0x0000,0x0000,0x0000,0x0000,0x0000,0x0000,0x0000,0x0000,0x0000,0x0000,0x0000,0x0000,0x0000,0x0000,0x0000,0x0000,0x0000,0x0000,0x0000,0x0000,0x0000,0x0000,0x0000,
    0x0000,0x0000,0x0000,0x0000,0x0000,0x0000,0x0000,0x0000,0x0000,0x0000,0x0000,0x0000,0x0000,0x0000,0x0000,0x0000,0x0000,0x0000,0x0000,0x0000,0x0000,0x0000,0x0000,0x0000,
    0x0000,0x0000,0x0000,0x0000,0x0000,0x0000,0x2805,0x2004,0x2825,0x2004,0x3827,0x0000,0x0000,0x2805,0x2825,0x664b,0x664c,0x662b,0x456b,0x664c,0x662c,0x5e2b,0x2824,0x1803,
    0x0000,0x0000,0x0000,0x0000,0x0000,0x0000,0x0000,0x0000,0x0000,0x0000,0x0000,0x0000,0x0000,0x0000,0x0000,0x0000,0x0000,0x0000,0x0000,0x0000,0x0000,0x0000,0x0000,0x0000,
    0x0000,0x0000,0x0000,0x0000,0x0000,0x0000,0x0000,0x0000,0x0000,0x0000,0x0000,0x0000,0x0000,0x0000,0x0000,0x0000,0x0000,0x0000,0x0000,0x0000,0x0000,0x0000,0x0000,0x0000,
    0x0000,0x0000,0x0000,0x0000,0x0000,0x0000,0x2825,0x2024,0x2024,0x2024,0x2825,0x3006,0x0000,0x2004,0x1823,0x664b,0x5e0b,0x45ab,0x660b,0x662c,0x662c,0x4d6b,0x2004,0x1803,
    0x0000,0x0000,0x0000,0x0000,0x0000,0x0000,0x0000,0x0000,0x0000,0x0000,0x0000,0x0000,0x0000,0x0000,0x0000,0x0000,0x0000,0x0000,0x0000,0x0000,0x0000,0x0000,0x0000,0x0000,
    0x0000,0x0000,0x0000,0x0000,0x0000,0x0000,0x0000,0x0000,0x0000,0x0000,0x0000,0x0000,0x0000,0x0000,0x0000,0x0000,0x0000,0x0000,0x0000,0x0000,0x0000,0x0000,0x0000,0x0000,
    0x0000,0x0000,0x0000,0x0000,0x0000,0x0000,0x2825,0x2024,0x5e2b,0x662c,0x548a,0x1823,0x2004,0x2825,0x664c,0x6e2c,0x456b,0x662b,0x662c,0x662c,0x452a,0x2825,0x2826,0x0000,
    0x0000,0x0000,0x0000,0x0000,0x0000,0x0000,0x0000,0x0000,0x0000,0x0000,0x0000,0x0000,0x0000,0x0000,0x0000,0x0000,0x0000,0x0000,0x0000,0x0000,0x0000,0x0000,0x0000,0x0000,
    0x0000,0x0000,0x0000,0x0000,0x0000,0x0000,0x0000,0x0000,0x0000,0x0000,0x0000,0x0000,0x0000,0x0000,0x0000,0x0000,0x0000,0x0000,0x0000,0x0000,0x0000,0x0000,0x0000,0x0000,
    0x0000,0x0000,0x0000,0x0000,0x0000,0x0000,0x2825,0x2825,0x662c,0x660c,0x5e2c,0x3d2a,0x2805,0x2825,0x664c,0x55cb,0x662c,0x662c,0x562b,0x352a,0x2825,0x2004,0x2024,0x0000,
    0x0000,0x0000,0x0000,0x0000,0x0000,0x0000,0x0000,0x0000,0x0000,0x0000,0x0000,0x0000,0x0000,0x0000,0x0000,0x0000,0x0000,0x0000,0x0000,0x0000,0x0000,0x0000,0x0000,0x0000,
    0x0000,0x0000,0x0000,0x0000,0x0000,0x0000,0x0000,0x0000,0x0000,0x0000,0x0000,0x0000,0x0000,0x0000,0x0000,0x0000,0x0000,0x0000,0x0000,0x0000,0x0000,0x0000,0x0000,0x0000,
    0x0000,0x0000,0x0000,0x0000,0x0000,0x0000,0x2004,0x1823,0x456b,0x4dab,0x5e4b,0x55ec,0x1823,0x2024,0x562b,0x458b,0x45cb,0x2825,0x2825,0x2004,0x1823,0x0000,0x0000,0x0000,
    0x0000,0x0000,0x0000,0x0000,0x0000,0x0000,0x0000,0x0000,0x0000,0x0000,0x0000,0x0000,0x0000,0x0000,0x0000,0x0000,0x0000,0x0000,0x0000,0x0000,0x0000,0x0000,0x0000,0x0000,
    0x0000,0x0000,0x0000,0x0000,0x0000,0x0000,0x0000,0x0000,0x0000,0x0000,0x0000,0x0000,0x0000,0x0000,0x0000,0x0000,0x0000,0x0000,0x0000,0x0000,0x0000,0x0000,0x0000,0x0000,
    0x0000,0x0000,0x0000,0x0000,0x2805,0x2004,0x2825,0x2825,0x1823,0x2085,0x3d6b,0x558b,0x1903,0x2043,0x5e4c,0x456b,0x3d8a,0x1823,0x2024,0x2825,0x2004,0x1022,0x0000,0x0000,
    0x0000,0x0000,0x0000,0x0000,0x0000,0x0000,0x0000,0x0000,0x0000,0x0000,0x0000,0x0000,0x0000,0x0000,0x0000,0x0000,0x0000,0x0000,0x0000,0x0000,0x0000,0x0000,0x0000,0x0000,
    0x0000,0x0000,0x0000,0x0000,0x0000,0x0000,0x0000,0x0000,0x0000,0x0000,0x0000,0x0000,0x0000,0x0000,0x0000,0x0000,0x0000,0x0000,0x0000,0x0000,0x0000,0x0000,0x0000,0x0000,
    0x0000,0x0000,0x3026,0x2004,0x3005,0x2805,0xfd81,0xfd81,0xfeac,0xff2d,0xff6f,0xff4d,0xff4e,0xff4e,0xff4e,0xff4e,0xff4d,0xff4e,0xfe6c,0xf5a5,0x2825,0x2003,0x2805,0x3026,
    0x0000,0x0000,0x0000,0x0000,0x0000,0x0000,0x0000,0x0000,0x0000,0x0000,0x0000,0x0000,0x0000,0x0000,0x0000,0x0000,0x0000,0x0000,0x0000,0x0000,0x0000,0x0000,0x0000,0x0000,
    0x0000,0x0000,0x0000,0x0000,0x0000,0x0000,0x0000,0x0000,0x0000,0x0000,0x0000,0x0000,0x0000,0x0000,0x0000,0x0000,0x0000,0x0000,0x0000,0x0000,0x0000,0x0000,0x0000,0x0000,
    0x2825,0x2805,0x3026,0x1823,0xf6cc,0xfecd,0xff4f,0xff4e,0xff4e,0xff4e,0xff4e,0xff4e,0xff4e,0xff4e,0xff4e,0xff4e,0xff4e,0xff4e,0xff4d,0xff4e,0xff4f,0xff4f,0x1842,0x3026,
    0x2804,0x3026,0x0000,0x0000,0x0000,0x0000,0x0000,0x0000,0x0000,0x0000,0x0000,0x0000,0x0000,0x0000,0x0000,0x0000,0x0000,0x0000,0x0000,0x0000,0x0000,0x0000,0x0000,0x0000,
    0x0000,0x0000,0x0000,0x0000,0x0000,0x0000,0x0000,0x0000,0x0000,0x0000,0x0000,0x0000,0x0000,0x0000,0x0000,0x0000,0x0000,0x0000,0x0000,0x0000,0x0000,0x0000,0x2824,0x1823,
    0x2825,0x1823,0x2865,0xfeec,0xff4d,0xff4e,0xff4e,0xff4e,0xff4e,0xff4e,0xff4e,0xff4e,0xff6e,0xff4e,0xff4e,0xff4e,0xff4e,0xff4e,0xff4e,0xff4e,0xff6e,0xff4e,0xff4f,0x2864,
    0x2024,0x2004,0x2024,0x0000,0x0000,0x0000,0x0000,0x0000,0x0000,0x0000,0x0000,0x0000,0x0000,0x0000,0x0000,0x0000,0x0000,0x0000,0x0000,0x0000,0x0000,0x0000,0x0000,0x0000,
    0x0000,0x0000,0x0000,0x0000,0x0000,0x0000,0x0000,0x0000,0x0000,0x0000,0x0000,0x0000,0x0000,0x0000,0x0000,0x0000,0x0000,0x0000,0x0000,0x0000,0x0000,0x0000,0x3005,0x2004,
    0xac4a,0xff2e,0xff6e,0xff6e,0xff4e,0xff4e,0xff4e,0xff4e,0xff6e,0xff4e,0xff6e,0xff4e,0xff6e,0xff4e,0xff6e,0xff6e,0xff6e,0xff4e,0xff4e,0xff4e,0xff4e,0xff6e,0xff6e,0xff4e,
    0xff6f,0x2825,0x2024,0x0000,0x0000,0x0000,0x0000,0x0000,0x0000,0x0000,0x0000,0x0000,0x0000,0x0000,0x0000,0x0000,0x0000,0x0000,0x0000,0x0000,0x0000,0x0000,0x0000,0x0000,
    0x0000,0x0000,0x0000,0x0000,0x0000,0x0000,0x0000,0x0000,0x0000,0x0000,0x0000,0x0000,0x0000,0x0000,0x0000,0x0000,0x0000,0x0000,0x0000,0x0000,0x0000,0x2004,0x2825,0xf6cf,
    0xff2c,0xfffe,0xffff,0xffdd,0xff6e,0xff6e,0xff4e,0xff4e,0xff6e,0xff6e,0xff4e,0xff4e,0xff6e,0xff4e,0xff4e,0xff4e,0xff4e,0xff4e,0xff4e,0xff6e,0xff6e,0xff4e,0xff6e,0xff6e,
    0xff6e,0xff4e,0xf70e,0x2005,0x2805,0x0000,0x0000,0x0000,0x0000,0x0000,0x0000,0x0000,0x0000,0x0000,0x0000,0x0000,0x0000,0x0000,0x0000,0x0000,0x0000,0x0000,0x0000,0x0000,
    0x0000,0x0000,0x0000,0x0000,0x0000,0x0000,0x0000,0x0000,0x0000,0x0000,0x0000,0x0000,0x0000,0x0000,0x0000,0x0000,0x0000,0x0000,0x0000,0x1803,0x2825,0xeda6,0xf74e,0xff4f,
    0xffff,0xffff,0xff70,0xff6e,0xff6e,0xff6e,0xff4e,0xff6e,0xff6e,0xff6e,0xff4e,0xff6e,0xff4e,0xff6e,0xff6e,0xff4e,0xff4e,0xff4e,0xff6e,0xff6e,0xff4e,0xff6e,0xff4e,0xff6e,
    0xff6e,0xff6e,0xff6f,0xef2f,0x2004,0x0000,0x0000,0x0000,0x0000,0x0000,0x0000,0x0000,0x0000,0x0000,0x0000,0x0000,0x0000,0x0000,0x0000,0x0000,0x0000,0x0000,0x0000,0x0000,
    0x0000,0x0000,0x0000,0x0000,0x0000,0x0000,0x0000,0x0000,0x0000,0x0000,0x0000,0x0000,0x0000,0x0000,0x0000,0x0000,0x0000,0x0000,0x1804,0x2024,0x48e2,0xfecc,0xff2e,0xffb4,
    0xffff,0xffff,0xff4f,0xff4e,0xff4e,0xff4e,0xff4e,0xff6e,0xff6e,0xff6e,0xff4e,0xff4e,0xff4e,0xff6e,0xff6e,0xff4e,0xff6e,0xff6e,0xff6e,0xff4e,0xff4e,0xff6e,0xff6e,0xff6e,
    0xff6e,0xff6e,0xff4e,0xff4d,0xf70e,0x2805,0x2807,0x0000,0x0000,0x0000,0x0000,0x0000,0x0000,0x0000,0x0000,0x0000,0x0000,0x0000,0x0000,0x0000,0x0000,0x0000,0x0000,0x0000,
    0x0000,0x0000,0x0000,0x0000,0x0000,0x0000,0x0000,0x0000,0x0000,0x0000,0x0000,0x0000,0x0000,0x0000,0x0000,0x0000,0x0000,0x0000,0x3006,0x2004,0xfeeb,0xff4f,0xff4f,0xfffe,
    0xff97,0xff4d,0xff4e,0xff4e,0xff6e,0xff6e,0xff4e,0xff6e,0xff4e,0xff4e,0xff6e,0xff6e,0xff6e,0xff6e,0xff6e,0xff6e,0xff6e,0xff4e,0xff4e,0xff4e,0xff4e,0xff6e,0xff6e,0xff6e,
    0xff4e,0xff6e,0xff4e,0xff4e,0xf70e,0x2004,0x0001,0x0000,0x0000,0x0000,0x0000,0x0000,0x0000,0x0000,0x0000,0x0000,0x0000,0x0000,0x0000,0x0000,0x0000,0x0000,0x0000,0x0000,
    0x0000,0x0000,0x0000,0x0000,0x0000,0x0000,0x0000,0x0000,0x0000,0x0000,0x0000,0x0000,0x0000,0x0000,0x0000,0x0000,0x0000,0x0000,0x3026,0xfe6a,0xff2e,0xff4e,0xffff,0xff4e,
    0xff4e,0xff4e,0xff4e,0xff4e,0xff4e,0xff4e,0xff6e,0xff4e,0xff6e,0xff6e,0xff6e,0xff4e,0xff6e,0xff4e,0xff4e,0xff4e,0xff4e,0xff6e,0xff4e,0xff4e,0xff6e,0xff6e,0xff4e,0xff6e,
    0xff4e,0xff4e,0xff6e,0xff4e,0xff2f,0x2023,0x1003,0x0000,0x0000,0x0000,0x0000,0x0000,0x0000,0x0000,0x0000,0x0000,0x0000,0x0000,0x0000,0x0000,0x0000,0x0000,0x0000,0x0000,
    0x0000,0x0000,0x0000,0x0000,0x0000,0x0000,0x0000,0x0000,0x0000,0x0000,0x0000,0x0000,0x0000,0x0000,0x0000,0x0000,0x1003,0x2004,0x1803,0xff6e,0xff4e,0xff4e,0xff4d,0xff4e,
    0xff4e,0xff4e,0xff4e,0xff4e,0xff4e,0xff6e,0xff4e,0xff4e,0xff6e,0xff6e,0xff6e,0xff4e,0xff6e,0xff4e,0xff6e,0xff4e,0xff4e,0xff6e,0xff4e,0xff4e,0xff4e,0xff6e,0xff4e,0xff4e,
    0xff6e,0xff6e,0xff4e,0xff4e,0xff6e,0xff2e,0x2024,0x2825,0x0000,0x0000,0x0000,0x0000,0x0000,0x0000,0x0000,0x0000,0x0000,0x0000,0x0000,0x0000,0x0000,0x0000,0x0000,0x0000,
    0x0000,0x0000,0x0000,0x0000,0x0000,0x0000,0x0000,0x0000,0x0000,0x0000,0x0000,0x0000,0x0000,0x0000,0x0000,0x0000,0x2024,0x2825,0xfecc,0xff4d,0xff4e,0xff4e,0xff4e,0xff4e,
    0xff4e,0xff6e,0xff4e,0xff6e,0xff4e,0xff4e,0xff6e,0xff6e,0xff4e,0xff6e,0xff4e,0xff6e,0xff6e,0xff6e,0xff4e,0xff6e,0xff4e,0xff4e,0xff6e,0xff4e,0xff6e,0xff6e,0xff6e,0xff6e,
    0xff4e,0xff6e,0xff4e,0xff6e,0xff4e,0xff30,0x2824,0x3026,0x0000,0x0000,0x0000,0x0000,0x0000,0x0000,0x0000,0x0000,0x0000,0x0000,0x0000,0x0000,0x0000,0x0000,0x0000,0x0000,
    0x0000,0x0000,0x0000,0x0000,0x0000,0x0000,0x0000,0x0000,0x0000,0x0000,0x0000,0x0000,0x0000,0x0000,0x0000,0x0000,0x2004,0x2023,0xff6e,0xff6e,0xff4e,0xff4e,0xff4e,0xff4e,
    0xff4e,0xff4e,0xff2f,0xf70e,0xff6f,0xff4e,0xff4e,0xff4e,0xff4e,0xff4e,0xff4e,0xff4e,0xff6e,0xff4e,0xff4e,0xff4e,0xff6e,0xff4e,0xff4e,0xff4e,0xff6e,0xeeee,0xff6e,0xff4e,
    0xff4e,0xff6e,0xff4e,0xff4e,0xff4e,0xff4e,0xff2e,0x2004,0x2825,0x0000,0x0000,0x0000,0x0000,0x0000,0x0000,0x0000,0x0000,0x0000,0x0000,0x0000,0x0000,0x0000,0x0000,0x0000,
    0x0000,0x0000,0x0000,0x0000,0x0000,0x0000,0x0000,0x0000,0x0000,0x0000,0x0000,0x0000,0x0000,0x0000,0x0000,0x3026,0x2004,0xff4f,0xff4e,0xff4e,0xff4e,0xff4e,0xff4e,0xff6e,
    0xff4e,0xa4ca,0x2004,0x2024,0x9c89,0xff4d,0xff4e,0xff4e,0xff4e,0xff4e,0xff4e,0xff6e,0xff4e,0xff4e,0xff6e,0xff4e,0xff6e,0xff4e,0xff6e,0xff4e,0x9c6a,0x2004,0x2825,0xb54b,
    0xff4e,0xff4e,0xff4e,0xff6e,0xff4e,0xff4e,0xff4f,0x2825,0x2004,0x0000,0x0000,0x0000,0x0000,0x0000,0x0000,0x0000,0x0000,0x0000,0x0000,0x0000,0x0000,0x0000,0x0000,0x0000,
    0x0000,0x0000,0x0000,0x0000,0x0000,0x0000,0x0000,0x0000,0x0000,0x0000,0x0000,0x0000,0x0000,0x0000,0x0000,0x3026,0x2024,0xff4d,0xff4e,0xff4e,0xff4e,0xff4e,0xff6e,0xff4e,
    0xff4e,0x1062,0x2024,0x2004,0x2004,0xff2e,0xff4e,0xff4e,0xff4e,0xff4e,0xff4e,0xff4e,0xff4e,0xff4e,0xff4e,0xff6e,0xff4e,0xff4e,0xff4e,0xff2f,0x2004,0x2004,0x2004,0x3045,
    0xff4e,0xff4e,0xff4e,0xff4e,0xff4e,0xff4e,0xff4e,0xacab,0x2806,0x580b,0x0000,0x0000,0x0000,0x0000,0x0000,0x0000,0x0000,0x0000,0x0000,0x0000,0x0000,0x0000,0x0000,0x0000,
    0x0000,0x0000,0x0000,0x0000,0x0000,0x0000,0x0000,0x0000,0x0000,0x0000,0x0000,0x0000,0x0000,0x0000,0x1021,0x1803,0xfe47,0xff6e,0xff4e,0xff4e,0xff6e,0xff6e,0xff4e,0xff6e,
    0xff4e,0x0001,0x2024,0x2004,0x2824,0xff4e,0xff4e,0xff4e,0xff4e,0xff4e,0xff6e,0xff4e,0xff4e,0xff4e,0xff4e,0xff6e,0xff4e,0xff4e,0xff6e,0xff2f,0x2024,0x2004,0x2024,0x2024,
    0xff6e,0xff4e,0xff4e,0xff6e,0xff6e,0xff4e,0xff4e,0xff4e,0x2004,0x2806,0x0000,0x0000,0x0000,0x0000,0x0000,0x0000,0x0000,0x0000,0x0000,0x0000,0x0000,0x0000,0x0000,0x0000,
    0x0000,0x0000,0x0000,0x0000,0x0000,0x0000,0x0000,0x0000,0x0000,0x0000,0x0000,0x0000,0x0000,0x0000,0x3026,0x2804,0xff4e,0xff4e,0xff6e,0xff4e,0xff4e,0xff6e,0xff6e,0xff6e,
    0xff4e,0xff70,0x2805,0x2024,0xdef0,0xff6e,0xff6e,0xff4e,0xff6e,0xff4e,0xff4e,0xff6e,0xff4e,0xff4e,0xff4e,0xff4e,0xff4e,0xff4e,0xff6e,0xff4e,0xfff1,0x2024,0x2825,0xf750,
    0xff4e,0xff6e,0xff6e,0xff4e,0xff4e,0xff4e,0xff4e,0xff6e,0x2825,0x2004,0x0000,0x0000,0x0000,0x0000,0x0000,0x0000,0x0000,0x0000,0x0000,0x0000,0x0000,0x0000,0x0000,0x0000,
    0x0000,0x0000,0x0000,0x0000,0x0000,0x0000,0x0000,0x0000,0x0000,0x0000,0x0000,0x0000,0x0000,0x0000,0x2825,0x1803,0xff4e,0xff4e,0xff4e,0xff4e,0xff4e,0xff4e,0xff6e,0xff6e,
    0xff4e,0xff6e,0xff4d,0xff2e,0xff4e,0xff4e,0xff4e,0xff6e,0x1803,0xef0e,0xff6e,0xff4e,0xff4e,0xff4e,0xff6e,0x1022,0x8bc8,0xff6e,0xff4e,0xff4e,0xff6e,0xff4d,0xff4e,0xff6e,
    0xff6e,0xff4e,0xff4e,0xff4e,0xff6e,0xff6e,0xff4e,0xff4e,0xff2e,0x2825,0x2806,0x0000,0x0000,0x0000,0x0000,0x0000,0x0000,0x0000,0x0000,0x0000,0x0000,0x0000,0x0000,0x0000,
    0x0000,0x0000,0x0000,0x0000,0x0000,0x0000,0x0000,0x0000,0x0000,0x0000,0x0000,0x0000,0x0000,0x2825,0x2004,0xf6ee,0xff6e,0xff4e,0xff4e,0xff4e,0xff4e,0xfc53,0xfc52,0xfc52,
    0xfc73,0xff8f,0xff4e,0xff4e,0xff4e,0xff6e,0xff4e,0xff4e,0x1804,0x2844,0xd64e,0xff4e,0xff4e,0xff4e,0x7326,0x1803,0x8ba8,0xff4e,0xff4e,0xff6e,0xff4e,0xff4e,0xff4e,0xff4d,
    0xfc32,0xfc32,0xfc32,0xfc53,0xff4e,0xff4e,0xff6e,0xff4e,0xff4e,0x2004,0x2806,0x0000,0x0000,0x0000,0x0000,0x0000,0x0000,0x0000,0x0000,0x0000,0x0000,0x0000,0x0000,0x0000,
    0x0000,0x0000,0x0000,0x0000,0x0000,0x0000,0x0000,0x0000,0x0000,0x0000,0x0000,0x0000,0x0000,0x2826,0x2805,0xff2e,0xff4d,0xff4e,0xff4e,0xff6e,0xfc53,0xfc53,0xfc52,0xfc53,
    0xfc52,0xfc53,0xff6e,0xff4e,0xff4e,0xff6e,0xff4e,0xff4e,0xff4e,0x2824,0x2003,0x2824,0x2024,0x2825,0x2826,0x1803,0xff4d,0xff6e,0xff4e,0xff6e,0xff4e,0xff4e,0xff4e,0xfc32,
    0xfc32,0xfc32,0xfc52,0xfc53,0xfc72,0xff4e,0xff4e,0xff4e,0xff6e,0x2825,0x1803,0x0000,0x0000,0x0000,0x0000,0x0000,0x0000,0x0000,0x0000,0x0000,0x0000,0x0000,0x0000,0x0000,
    0x0000,0x0000,0x0000,0x0000,0x0000,0x0000,0x0000,0x0000,0x0000,0x0000,0x0000,0x0000,0x0000,0x2024,0x2024,0xff4f,0xff4e,0xff4e,0xff4e,0xff4e,0xfc33,0xfc53,0xfc53,0xfc53,
    0xfc53,0xfc53,0xff6e,0xff4e,0xff4e,0xff4e,0xff6e,0xff4e,0xff4e,0xff4e,0x1823,0x1803,0x2024,0x2024,0x1823,0xff4e,0xff4e,0xff4e,0xff6e,0xff4e,0xff4e,0xff6e,0xff4f,0xfc32,
    0xfc32,0xfc52,0xfc53,0xfc53,0xfc72,0xff4e,0xff4e,0xff4e,0xff4e,0xff2f,0x2805,0x0000,0x0000,0x0000,0x0000,0x0000,0x0000,0x0000,0x0000,0x0000,0x0000,0x0000,0x0000,0x0000,
    0x0000,0x0000,0x0000,0x0000,0x0000,0x0000,0x0000,0x0000,0x0000,0x0000,0x0000,0x0000,0x600e,0x2805,0xf564,0xff4d,0xff4e,0xff4e,0xff4e,0xff4e,0xfc53,0xfc53,0xfc53,0xfc53,
    0xfc53,0xfc53,0xff6e,0xff4e,0xff4e,0xff6e,0xff6e,0xff4e,0xff4e,0xff4e,0xff4e,0xff6e,0xff4e,0xff4e,0xff4e,0xff4e,0xff4e,0xff6e,0xff4e,0xff4e,0xff4e,0xff4e,0xff4f,0xfc52,
    0xfc53,0xfc53,0xfc53,0xfc73,0xfc93,0xff4e,0xff4e,0xff4e,0xff4e,0xfeec,0x2024,0x2004,0x0000,0x0000,0x0000,0x0000,0x0000,0x0000,0x0000,0x0000,0x0000,0x0000,0x0000,0x0000,
    0x0000,0x0000,0x0000,0x0000,0x0000,0x0000,0x0000,0x0000,0x0000,0x0000,0x0000,0x0000,0x2805,0x2024,0xff0b,0xff4e,0xff4e,0xff6e,0xff4e,0xff4e,0xff4e,0xfc53,0xfc52,0xfc53,
    0xfc73,0xff8e,0xff4e,0xff4e,0xff4e,0xff4e,0xff6e,0xff4e,0xff4e,0xff6e,0xff6e,0xff6e,0xff4e,0xff4e,0xff4e,0xff4e,0xff4e,0xff6e,0xff6e,0xff4e,0xff4e,0xff4e,0xff4e,0xff8e,
    0xfc52,0xfc52,0xfc53,0xfc73,0xff4e,0xff4e,0xff4e,0xff4e,0xff4e,0xff4e,0xedec,0x2805,0x0000,0x0000,0x0000,0x0000,0x0000,0x0000,0x0000,0x0000,0x0000,0x0000,0x0000,0x0000,
    0x0000,0x0000,0x0000,0x0000,0x0000,0x0000,0x0000,0x0000,0x0000,0x0000,0x2005,0x2004,0x2024,0xf6cc,0xff4d,0xff4e,0xff4e,0xff4e,0xff4e,0xff4e,0xff4e,0xff4e,0xff4e,0xff4e,
    0xff4e,0xff4e,0xff4e,0xff4e,0xff4e,0xff6e,0xff4e,0xff6e,0xff4e,0xff4e,0xff6e,0xff6e,0xff4e,0xff6e,0xff6e,0xff4e,0xff4e,0xff6e,0xff4e,0xff6e,0xff4e,0xff4e,0xff4e,0xff4e,
    0xff4e,0xff4e,0xff4e,0xff4e,0xff4e,0xff4e,0xff4e,0xff4e,0xff4e,0xff4e,0xff2d,0xf629,0x2024,0x2024,0x0000,0x0000,0x0000,0x0000,0x0000,0x0000,0x0000,0x0000,0x0000,0x0000,
    0x0000,0x0000,0x0000,0x0000,0x0000,0x0000,0x0000,0x0000,0x0000,0x0000,0x0802,0x2024,0xfeec,0xff4e,0xff4e,0xff4e,0xff4e,0xff4e,0xff4e,0xff4e,0xff4e,0xff4e,0xff4e,0xff4e,
    0xff4e,0xff4e,0xff6e,0xff4e,0xff4e,0xff4e,0xff4e,0xff6e,0xff4e,0xff4e,0xff4e,0xff4e,0xff6e,0xff6e,0xff6e,0xff4e,0xff4e,0xff6e,0xff4e,0xff4e,0xff4e,0xff4e,0xff4e,0xff4e,
    0xff4e,0xff4e,0xff4e,0xff4e,0xff4e,0xff4e,0xff4e,0xff6e,0xff4e,0xff4e,0xff4e,0xff4e,0x61a6,0x1803,0x0000,0x0000,0x0000,0x0000,0x0000,0x0000,0x0000,0x0000,0x0000,0x0000,
    0x0000,0x0000,0x0000,0x0000,0x0000,0x0000,0x0000,0x0000,0x0000,0x2806,0x2824,0xffb1,0xff4e,0xff4e,0xff6e,0xff4e,0xff4e,0xff6e,0xff6e,0xff4e,0xff4e,0xff4e,0xff4e,0xff4e,
    0xff6e,0xff4e,0xff4e,0xff4e,0xff4e,0xff4e,0xff6e,0xff4e,0xff4e,0xff4e,0xff4e,0xff4e,0xff4e,0xff4e,0xff6e,0xff6e,0xff4e,0xff4e,0xff6e,0xff4e,0xff4e,0xff6e,0xff4e,0xff4e,
    0xff4e,0xff4e,0xff6e,0xff6e,0xff4e,0xff4e,0xff4e,0xff4e,0xff4e,0xff4e,0xff4e,0xff6e,0xff4d,0x2824,0x2005,0x0000,0x0000,0x0000,0x0000,0x0000,0x0000,0x0000,0x0000,0x0000,
    0x0000,0x0000,0x0000,0x0000,0x0000,0x0000,0x0000,0x0000,0x0000,0x2805,0x1823,0xff4d,0xff4e,0xff6e,0xff6e,0xff4e,0xff4e,0xff6e,0xff4e,0xff6e,0xff6e,0xff6e,0xff4e,0xff6e,
    0xff6e,0xff6e,0xff6e,0xff4e,0xff6e,0xff6e,0xff4e,0xff6e,0xff4e,0xff4e,0xff6e,0xff4e,0xff4e,0xff6e,0xff4e,0xff4e,0xff4e,0xff4e,0xff4e,0xff4e,0xff6e,0xff6e,0xff4e,0xff4e,
    0xff6e,0xff4e,0xff4e,0xff6e,0xff6e,0xff6e,0xff4e,0xff4e,0xff4e,0xff4e,0xff4e,0xff4e,0xff6e,0x2824,0x1803,0x0000,0x0000,0x0000,0x0000,0x0000,0x0000,0x0000,0x0000,0x0000,
    0x0000,0x0000,0x0000,0x0000,0x0000,0x0000,0x0000,0x0000,0x2825,0x2023,0xffd0,0xff6e,0xff4e,0xff4e,0xff6e,0xff4e,0xff4e,0xff4e,0xff6e,0xff6e,0xff6e,0xff4e,0xff4e,0xff4e,
    0xff4e,0xff4e,0xff6e,0xff4e,0xff6e,0xff4e,0xff4e,0xff4e,0xff6e,0xff4e,0xff6e,0xff4e,0xff6e,0xff4e,0xff6e,0xff6e,0xff4e,0xff4e,0xff4e,0xff6e,0xff6e,0xff4e,0xff6e,0xff6e,
    0xff6e,0xff6e,0xff6e,0xff4e,0xff4e,0xff6e,0xff4e,0xff4e,0xff4e,0xff4e,0xff6e,0xff4e,0xff4e,0xff6e,0x2024,0x2004,0x0000,0x0000,0x0000,0x0000,0x0000,0x0000,0x0000,0x0000,
    0x0000,0x0000,0x0000,0x0000,0x0000,0x0000,0x0000,0x0000,0x2805,0x2825,0xff4e,0xff4e,0xff4e,0xff4e,0xff6e,0xfe8c,0xff4e,0xff4e,0xff4e,0xff6e,0xff6e,0xff4e,0xff6e,0xff6e,
    0xff6e,0xff4e,0xff6e,0xff4e,0xff4e,0xff6e,0xff6e,0xff4e,0xff4e,0xff4e,0xff4e,0xff6e,0xff6e,0xff6e,0xff6e,0xff6e,0xff4e,0xff4e,0xff4e,0xff6e,0xff4e,0xff6e,0xff6e,0xff4e,
    0xff4e,0xff4e,0xff4e,0xff6e,0xff4e,0xff4e,0xff4e,0xff4e,0xfe8d,0xff4e,0xff4e,0xff4e,0xff4e,0xff4e,0x1823,0x2825,0x0000,0x0000,0x0000,0x0000,0x0000,0x0000,0x0000,0x0000,
    0x0000,0x0000,0x0000,0x0000,0x0000,0x0000,0x0000,0x0000,0x2825,0x1803,0xff4d,0xff4e,0xff4e,0xff4e,0xfe8b,0xfd80,0xff4e,0xff6e,0xff6e,0xff6e,0xff4e,0xff4e,0xff6e,0xff4e,
    0xff4e,0xff6e,0xff4e,0xff6e,0xff6e,0xff4e,0xff6e,0xff6e,0xff6e,0xff6e,0xff6e,0xff6e,0xff6e,0xff6e,0xff6e,0xff4e,0xff4e,0xff4e,0xff6e,0xff6e,0xff4e,0xff6e,0xff6e,0xff6e,
    0xff6e,0xff6e,0xff6e,0xff6e,0xff4e,0xff4e,0xff4e,0xff4d,0xfda1,0xfeac,0xff4e,0xff4e,0xff4e,0xff4e,0x1823,0x2004,0x0000,0x0000,0x0000,0x0000,0x0000,0x0000,0x0000,0x0000,
    0x0000,0x0000,0x0000,0x0000,0x0000,0x0000,0x0000,0x0000,0x2004,0x2024,0xfeed,0xfeed,0xfecc,0xfe8a,0xfee7,0x5982,0xff4d,0xff6e,0xff4e,0xff6e,0xff4e,0xff6e,0xff4e,0xff6e,
    0xff4e,0xff6e,0xff4e,0xff6e,0xff4e,0xff6e,0xff6e,0xff6e,0xff4e,0xff4e,0xff4e,0xff4e,0xff4e,0xff4e,0xff4e,0xff6e,0xff6e,0xff6e,0xff4e,0xff4e,0xff4e,0xff4e,0xff6e,0xff4e,
    0xff6e,0xff4e,0xff6e,0xff4e,0xff4e,0xff4e,0xff4e,0xff50,0x2024,0xf581,0xfe06,0xfe8c,0xfeac,0xfe8d,0x2805,0x2805,0x0000,0x0000,0x0000,0x0000,0x0000,0x0000,0x0000,0x0000,
    0x0000,0x0000,0x0000,0x0000,0x0000,0x0000,0x0000,0x0000,0x4809,0x3006,0x2044,0xfeab,0xfead,0xfe27,0xfdc0,0x2825,0xff4e,0xff4e,0xff6e,0xff6e,0xff4e,0xff4e,0xff6e,0xff4e,
    0xff4e,0xff4e,0xff6e,0xff4e,0xff6e,0xff4e,0xff6e,0xff4e,0xff4e,0xff4e,0xff4e,0xff6e,0xff6e,0xff4e,0xff6e,0xff4e,0xff4e,0xff6e,0xff4e,0xff6e,0xff6e,0xff4e,0xff4e,0xff6e,
    0xff4e,0xff4e,0xff4e,0xff6e,0xff4e,0xff4e,0xff4e,0xf72e,0x2004,0xfea0,0xfea5,0xff6d,0xff0c,0x2024,0x2806,0x0000,0x0000,0x0000,0x0000,0x0000,0x0000,0x0000,0x0000,0x0000,
    0x0000,0x0000,0x0000,0x0000,0x0000,0x0000,0x0000,0x0000,0x0000,0x3006,0x1804,0x2024,0x1823,0x2825,0x2003,0xfe4d,0xff4e,0xff4e,0xff4e,0xff4e,0xff4e,0xff4e,0xff6e,0xff6e,
    0xff4e,0xff4e,0xff4e,0xff4e,0xff4e,0xff4e,0xff6e,0xff6e,0xff4e,0xff4e,0xff4e,0xff4e,0xff4e,0xff4e,0xff6e,0xff6e,0xff4e,0xff4e,0xff4e,0xff4e,0xff4e,0xff4e,0xff6e,0xff6e,
    0xff6e,0xff4e,0xff4e,0xff4e,0xff4e,0xff4e,0xff4e,0xff4d,0xf66f,0x2024,0x2805,0x2025,0x2825,0x2024,0x0000,0x0000,0x0000,0x0000,0x0000,0x0000,0x0000,0x0000,0x0000,0x0000,
    0x0000,0x0000,0x0000,0x0000,0x0000,0x0000,0x0000,0x0000,0x0000,0x0000,0x0822,0x2025,0x1803,0x2805,0x2004,0xfe2c,0xfe6c,0xff4e,0xff6e,0xff6e,0xff4e,0xff4e,0xff6e,0xff6e,
    0xff4e,0xff4e,0xff4e,0xff4e,0xff6e,0xff4e,0xff4e,0xff4e,0xff4e,0xff4e,0xff6e,0xff4e,0xff4e,0xff4e,0xff6e,0xff4e,0xff4e,0xff4e,0xff4e,0xff4e,0xff6e,0xff4e,0xff4e,0xff4e,
    0xff6e,0xff6e,0xff4e,0xff6e,0xff4e,0xff4e,0xff4e,0xfe6c,0xf64d,0x2824,0x8812,0x0000,0x0000,0x0000,0x0000,0x0000,0x0000,0x0000,0x0000,0x0000,0x0000,0x0000,0x0000,0x0000,
    0x0000,0x0000,0x0000,0x0000,0x0000,0x0000,0x0000,0x0000,0x0000,0x0000,0x0000,0x0000,0x0000,0x0000,0x2005,0xfe4d,0xfe6d,0xff4e,0xff4e,0xff6e,0xff6e,0xff4e,0xff4e,0xff6e,
    0xff4e,0xff4e,0xff6e,0xff4e,0xff6e,0xff4e,0xff4e,0xff4e,0xff6e,0xff4e,0xff4e,0xff6e,0xff6e,0xff4e,0xff6e,0xff4e,0xff4e,0xff4e,0xff4e,0xff6e,0xff4e,0xff4e,0xff4e,0xff4e,
    0xff4e,0xff4e,0xff4e,0xff4e,0xff6e,0xff4e,0xff6e,0xfe6d,0xf64e,0x2024,0x700f,0x0000,0x0000,0x0000,0x0000,0x0000,0x0000,0x0000,0x0000,0x0000,0x0000,0x0000,0x0000,0x0000,
    0x0000,0x0000,0x0000,0x0000,0x0000,0x0000,0x0000,0x0000,0x0000,0x0000,0x0000,0x0000,0x0000,0x0000,0x1803,0x2824,0xf62b,0xfe6c,0xff0d,0xff4e,0xff4e,0xff4e,0xff4e,0xff4e,
    0xff4e,0xff4e,0xff6e,0xff4e,0xff4e,0xff4e,0xff4e,0xff4e,0xff4e,0xff4e,0xff6e,0xff4e,0xff4e,0xff4e,0xff6e,0xff4e,0xff4e,0xff4e,0xff6e,0xff4e,0xff4e,0xff4e,0xff4e,0xff4e,
    0xff4e,0xff4e,0xff4e,0xff4e,0xff4e,0xfe8d,0xfe6c,0xf5ea,0x2825,0x0000,0x0000,0x0000,0x0000,0x0000,0x0000,0x0000,0x0000,0x0000,0x0000,0x0000,0x0000,0x0000,0x0000,0x0000,
    0x0000,0x0000,0x0000,0x0000,0x0000,0x0000,0x0000,0x0000,0x0000,0x0000,0x0000,0x0000,0x0000,0x0000,0x0000,0x2004,0xd5ac,0xfe6c,0xfe6c,0xff8f,0xff2d,0xff4e,0xff4e,0xff6e,
    0xff4e,0xff4e,0xff4e,0xff6e,0xff4e,0xff6e,0xff4e,0xff4e,0xff4e,0xff4e,0xff4e,0xff4e,0xff4e,0xff4e,0xff4e,0xff6e,0xff4e,0xff4e,0xff4e,0xff4e,0xff4e,0xff4e,0xff4e,0xff4e,
    0xff4e,0xff4e,0xff4e,0xff6e,0xff6e,0xfe4c,0xfe8c,0x93a8,0x3005,0x0000,0x0000,0x0000,0x0000,0x0000,0x0000,0x0000,0x0000,0x0000,0x0000,0x0000,0x0000,0x0000,0x0000,0x0000,
    0x0000,0x0000,0x0000,0x0000,0x0000,0x0000,0x0000,0x0000,0x0000,0x0000,0x0000,0x0000,0x0000,0x0000,0x0000,0x0000,0x2004,0xfecd,0xff2e,0xfe6c,0xfe6c,0xff4e,0xff4e,0xff4e,
    0xff4e,0xff4e,0xff6e,0xff4e,0xff4e,0xff6e,0xff4e,0xff4e,0xff6e,0xff6e,0xff4e,0xff4e,0xff4e,0xff4e,0xff4e,0xff4e,0xff4e,0xff4e,0xff6e,0xff4e,0xff4e,0xff4e,0xff4e,0xff4e,
    0xff4d,0xff6e,0xff4e,0xfe6c,0xfe6c,0xfece,0xff4d,0x2004,0x0000,0x0000,0x0000,0x0000,0x0000,0x0000,0x0000,0x0000,0x0000,0x0000,0x0000,0x0000,0x0000,0x0000,0x0000,0x0000,
    0x0000,0x0000,0x0000,0x0000,0x0000,0x0000,0x0000,0x0000,0x0000,0x0000,0x0000,0x0000,0x0000,0x0000,0x0000,0x0000,0x0000,0x2805,0x2004,0x9c0a,0xac4a,0xfe6d,0xfe6d,0xff4e,
    0xff4e,0xff4e,0xff6e,0xff4e,0xff6e,0xff4e,0xff4e,0xff4e,0xff4e,0xff4e,0xff4e,0xff4e,0xff4e,0xff4e,0xff4e,0xff4e,0xff4e,0xff4e,0xff4e,0xff4e,0xff4e,0xff4e,0xff4e,0xff4e,
    0xff4e,0xfe6c,0xfe6c,0xac49,0x9bc8,0x2824,0x2005,0x0000,0x0000,0x0000,0x0000,0x0000,0x0000,0x0000,0x0000,0x0000,0x0000,0x0000,0x0000,0x0000,0x0000,0x0000,0x0000,0x0000,
    0x0000,0x0000,0x0000,0x0000,0x0000,0x0000,0x0000,0x0000,0x0000,0x0000,0x0000,0x0000,0x0000,0x0000,0x0000,0x0000,0x0000,0x4009,0x400a,0x2005,0x2005,0xe64d,0xf64a,0xfe6c,
    0xfe6d,0xff4e,0xff4f,0xff4e,0xfe4c,0xfe6d,0xfe4d,0xfe4d,0xfe4d,0xfe4c,0xfe4c,0xfe4c,0xfe4d,0xfe4c,0xfe4c,0xfe4c,0xfe4c,0xfe4c,0xfe4c,0xfe4c,0xff4e,0xff4e,0xfeac,0xfe4c,
    0xfe6c,0xfeac,0xfeaf,0x2805,0x2025,0x4008,0x3007,0x0000,0x0000,0x0000,0x0000,0x0000,0x0000,0x0000,0x0000,0x0000,0x0000,0x0000,0x0000,0x0000,0x0000,0x0000,0x0000,0x0000,
    0x0000,0x0000,0x0000,0x0000,0x0000,0x0000,0x0000,0x0000,0x0000,0x0000,0x0000,0x0000,0x0000,0x0000,0x0000,0x0000,0x0000,0x0000,0x0000,0x1805,0x2825,0x2825,0xec82,0xff2e,
    0xff2e,0xfe4c,0xfe4c,0xfe8d,0xfecd,0xfecc,0xfecc,0xfeed,0xfecd,0xfecd,0xfecd,0xfecd,0xfeed,0xfeed,0xfecd,0xfecd,0xfecd,0xfeed,0xfecd,0xfead,0xfe6d,0xfe6c,0xfe4c,0xff4d,
    0xfe6c,0x0001,0x2825,0x2004,0x0803,0x0000,0x0000,0x0000,0x0000,0x0000,0x0000,0x0000,0x0000,0x0000,0x0000,0x0000,0x0000,0x0000,0x0000,0x0000,0x0000,0x0000,0x0000,0x0000,
    0x0000,0x0000,0x0000,0x0000,0x0000,0x0000,0x0000,0x0000,0x0000,0x0000,0x0000,0x0000,0x0000,0x0000,0x0000,0x0000,0x0000,0x0000,0x0000,0x0000,0x2846,0x1823,0xff4d,0xff4e,
    0xff4e,0xff4e,0xfe6b,0xfd81,0x2824,0x2004,0x2004,0x2025,0x2004,0x2004,0x2005,0x2004,0x2004,0x2005,0x2005,0x2004,0x2005,0x2004,0x2004,0x7183,0xfd80,0xfe88,0xff4e,0xff4e,
    0xff4e,0xff2f,0x2004,0x8051,0x0000,0x0000,0x0000,0x0000,0x0000,0x0000,0x0000,0x0000,0x0000,0x0000,0x0000,0x0000,0x0000,0x0000,0x0000,0x0000,0x0000,0x0000,0x0000,0x0000,
    0x0000,0x0000,0x0000,0x0000,0x0000,0x0000,0x0000,0x0000,0x0000,0x0000,0x0000,0x0000,0x0000,0x0000,0x0000,0x0000,0x0000,0x0000,0x0000,0x0000,0x2025,0x2024,0xfda6,0xff4e,
    0xff4e,0xff4e,0xfecd,0x61e4,0x2004,0x0000,0x0000,0x0000,0x0000,0x0000,0x0000,0x0000,0x0000,0x0000,0x0000,0x0000,0x0000,0x0000,0x1804,0x2044,0x7203,0xfead,0xff4d,0xff4e,
    0xff2d,0xf504,0x2004,0x706f,0x0000,0x0000,0x0000,0x0000,0x0000,0x0000,0x0000,0x0000,0x0000,0x0000,0x0000,0x0000,0x0000,0x0000,0x0000,0x0000,0x0000,0x0000,0x0000,0x0000,
    0x0000,0x0000,0x0000,0x0000,0x0000,0x0000,0x0000,0x0000,0x0000,0x0000,0x0000,0x0000,0x0000,0x0000,0x0000,0x0000,0x0000,0x0000,0x0000,0x0000,0x2045,0x2805,0x1804,0x2845,
    0x2845,0x2044,0x3065,0x2825,0x2024,0x0000,0x0000,0x0000,0x0000,0x0000,0x0000,0x0000,0x0000,0x0000,0x0000,0x0000,0x0000,0x0000,0x0801,0x2824,0x2825,0x2845,0x2044,0x2845,
    0x3066,0x2024,0x2825,0x788f,0x0000,0x0000,0x0000,0x0000,0x0000,0x0000,0x0000,0x0000,0x0000,0x0000,0x0000,0x0000,0x0000,0x0000,0x0000,0x0000,0x0000,0x0000,0x0000,0x0000,
    0x0000,0x0000,0x0000,0x0000,0x0000,0x0000,0x0000,0x0000,0x0000,0x0000,0x0000,0x0000,0x0000,0x0000,0x0000,0x0000,0x0000,0x0000,0x0000,0x0000,0x0000,0x0801,0x2805,0x2004,
    0x2004,0x2805,0x2004,0x2806,0x0000,0x0000,0x0000,0x0000,0x0000,0x0000,0x0000,0x0000,0x0000,0x0000,0x0000,0x0000,0x0000,0x0000,0x0000,0x0000,0x2805,0x2004,0x2805,0x2004,
    0x2004,0x2806,0x0000,0x0000,0x0000,0x0000,0x0000,0x0000,0x0000,0x0000,0x0000,0x0000,0x0000,0x0000,0x0000,0x0000,0x0000,0x0000,0x0000,0x0000,0x0000,0x0000,0x0000,0x0000,
    0x0000,0x0000,0x0000,0x0000,0x0000,0x0000,0x0000,0x0000,0x0000,0x0000,0x0000,0x0000,0x0000,0x0000,0x0000,0x0000,0x0000,0x0000,0x0000,0x0000,0x0000,0x0000,0x0000,0x0000,
    0x0000,0x0000,0x0000,0x0000,0x0000,0x0000,0x0000,0x0000,0x0000,0x0000,0x0000,0x0000,0x0000,0x0000,0x0000,0x0000,0x0000,0x0000,0x0000,0x0000,0x0000,0x0000,0x0000,0x0000,
    0x0000,0x0000,0x0000,0x0000,0x0000,0x0000,0x0000,0x0000,0x0000,0x0000,0x0000,0x0000,0x0000,0x0000,0x0000,0x0000,0x0000,0x0000,0x0000,0x0000,0x0000,0x0000,0x0000,0x0000,
    0x0000,0x0000,0x0000,0x0000,0x0000,0x0000,0x0000,0x0000,0x0000,0x0000,0x0000,0x0000,0x0000,0x0000,0x0000,0x0000,0x0000,0x0000,0x0000,0x0000,0x0000,0x0000,0x0000,0x0000,
    0x0000,0x0000,0x0000,0x0000,0x0000,0x0000,0x0000,0x0000,0x0000,0x0000,0x0000,0x0000,0x0000,0x0000,0x0000,0x0000,0x0000,0x0000,0x0000,0x0000,0x0000,0x0000,0x0000,0x0000,
    0x0000,0x0000,0x0000,0x0000,0x0000,0x0000,0x0000,0x0000,0x0000,0x0000,0x0000,0x0000,0x0000,0x0000,0x0000,0x0000,0x0000,0x0000,0x0000,0x0000,0x0000,0x0000,0x0000,0x0000,
    0x0000,0x0000,0x0000,0x0000,0x0000,0x0000,0x0000,0x0000,0x0000,0x0000,0x0000,0x0000,0x0000,0x0000,0x0000,0x0000,0x0000,0x0000,0x0000,0x0000,0x0000,0x0000,0x0000,0x0000,
    0x0000,0x0000,0x0000,0x0000,0x0000,0x0000,0x0000,0x0000,0x0000,0x0000,0x0000,0x0000,0x0000,0x0000,0x0000,0x0000,0x0000,0x0000,0x0000,0x0000,0x0000,0x0000,0x0000,0x0000,
    0x0000,0x0000,0x0000,0x0000,0x0000,0x0000,0x0000,0x0000,0x0000,0x0000,0x0000,0x0000,0x0000,0x0000,0x0000,0x0000,0x0000,0x0000,0x0000,0x0000,0x0000,0x0000,0x0000,0x0000,
  },
  /* happy */ {
    0x0000,0x0000,0x0000,0x0000,0x0000,0x0000,0x0000,0x0000,0x0000,0x0000,0x0000,0x0000,0x0000,0x0000,0x0000,0x0000,0x0000,0x0000,0x0000,0x0000,0x0000,0x0000,0x0000,0x0000,
    0x0000,0x0000,0x0000,0x0000,0x0000,0x0000,0x0000,0x0000,0x0000,0x0000,0x0000,0x0000,0x0000,0x0000,0x0000,0x0000,0x0000,0x0000,0x0000,0x0000,0x0000,0x0000,0x0000,0x0000,
    0x0000,0x0000,0x0000,0x0000,0x0000,0x0000,0x0000,0x0000,0x0000,0x0000,0x0000,0x0000,0x0000,0x0000,0x0000,0x0000,0x0000,0x0000,0x0000,0x0000,0x0000,0x0000,0x0000,0x0000,
    0x0000,0x0000,0x0000,0x0000,0x0000,0x0000,0x0000,0x0000,0x0000,0x0000,0x0000,0x0000,0x0000,0x0000,0x0000,0x0000,0x0000,0x0000,0x0000,0x0000,0x0000,0x0000,0x0000,0x0000,
    0x0000,0x0000,0x0000,0x0000,0x0000,0x0000,0x0000,0x0000,0x0000,0x0000,0x0000,0x0000,0x0000,0x0000,0x0000,0x0000,0x0000,0x0000,0x0000,0x0000,0x0000,0x0000,0x0000,0x0000,
    0x0000,0x0000,0x0000,0x0000,0x0000,0x0000,0x0000,0x0000,0x0000,0x0000,0x0000,0x0000,0x0000,0x0000,0x0000,0x0000,0x0000,0x0000,0x0000,0x0000,0x0000,0x0000,0x0000,0x0000,
    0x0000,0x0000,0x0000,0x0000,0x0000,0x0000,0x0000,0x0000,0x0000,0x0000,0x0000,0x0000,0x0000,0x0000,0x0000,0x0000,0x0000,0x0000,0x0000,0x0000,0x0000,0x0000,0x0000,0x0000,
    0x0000,0x0000,0x0000,0x0000,0x0000,0x0000,0x0000,0x0000,0x0000,0x0000,0x0000,0x0000,0x0000,0x0000,0x0000,0x0000,0x0000,0x0000,0x0000,0x0000,0x0000,0x0000,0x0000,0x0000,
    0x0000,0x0000,0x0000,0x0000,0x0000,0x0000,0x0000,0x0000,0x0000,0x0000,0x0000,0x0000,0x0000,0x0000,0x0000,0x0000,0x0000,0x0000,0x0000,0x0000,0x0000,0x0000,0x0000,0x0000,
    0x0000,0x0000,0x0000,0x0000,0x0000,0x0000,0x0000,0x0000,0x0000,0x0000,0x0000,0x0000,0x0000,0x0000,0x0000,0x0000,0x0000,0x0000,0x0000,0x0000,0x0000,0x0000,0x0000,0x0000,
    0x0000,0x0000,0x0000,0x0000,0x0000,0x0000,0x0000,0x0000,0x0000,0x0000,0x0000,0x0000,0x0000,0x0000,0x0000,0x0000,0x0000,0x0000,0x0000,0x0000,0x0000,0x0000,0x0000,0x0000,
    0x0000,0x0000,0x0000,0x0000,0x0000,0x0000,0x0000,0x0000,0x0000,0x0000,0x0000,0x0000,0x0000,0x0000,0x0000,0x0000,0x0000,0x0000,0x0000,0x0000,0x0000,0x0000,0x0000,0x0000,
    0x0000,0x0000,0x0000,0x0000,0x0000,0x0000,0x0000,0x0000,0x0000,0x0000,0x0000,0x0000,0x0000,0x0000,0x0000,0x0000,0x0000,0x0000,0x0000,0x0000,0x0000,0x0000,0x0000,0x0000,
    0x0000,0x0000,0x0000,0x0000,0x0000,0x0000,0x0000,0x0000,0x0000,0x0000,0x0000,0x0000,0x0000,0x0000,0x0000,0x0000,0x0000,0x0000,0x0000,0x0000,0x0000,0x0000,0x0000,0x0000,
    0x0000,0x0000,0x0000,0x0000,0x0000,0x0000,0x0000,0x0000,0x0000,0x0000,0x0000,0x0000,0x0000,0x0000,0x0000,0x0000,0x0000,0x0000,0x0000,0x0000,0x0000,0x0000,0x0000,0x0000,
    0x0000,0x0000,0x0000,0x0000,0x0000,0x0000,0x0000,0x0000,0x0000,0x0000,0x0000,0x0000,0x0000,0x0000,0x0000,0x0000,0x0000,0x0000,0x0000,0x0000,0x0000,0x0000,0x0000,0x0000,
    0x0000,0x0000,0x0000,0x0000,0x0000,0x0000,0x0000,0x0000,0x0000,0x0000,0x0000,0x0000,0x0000,0x0000,0x0000,0x0000,0x0000,0x0000,0x0000,0x0000,0x0000,0x0000,0x0000,0x0000,
    0x0000,0x0000,0x0000,0x0000,0x0000,0x0000,0x0000,0x0000,0x0000,0x0000,0x0000,0x0000,0x0000,0x0000,0x0000,0x0000,0x0000,0x0000,0x0000,0x0000,0x0000,0x0000,0x0000,0x0000,
    0x0000,0x0000,0x0000,0x0000,0x0000,0x0000,0x0000,0x0000,0x0000,0x0000,0x0000,0x0000,0x0000,0x0000,0x0000,0x0000,0x0000,0x0000,0x0000,0x0000,0x0000,0x0000,0x0000,0x0000,
    0x0000,0x0000,0x0000,0x0000,0x0000,0x0000,0x0000,0x0000,0x0000,0x0000,0x0000,0x0000,0x0000,0x0000,0x0000,0x0000,0x0000,0x0000,0x0000,0x0000,0x0000,0x0000,0x0000,0x0000,
    0x0000,0x0000,0x0000,0x0000,0x0000,0x0000,0x0000,0x0000,0x0000,0x0000,0x0000,0x0000,0x0000,0x0000,0x0000,0x0000,0x0000,0x0000,0x0000,0x0000,0x0000,0x0000,0x0000,0x0000,
    0x0000,0x0000,0x0000,0x0000,0x0000,0x0000,0x0000,0x0000,0x0000,0x0000,0x0000,0x0000,0x0000,0x0000,0x0000,0x0000,0x0000,0x0000,0x0000,0x0000,0x0000,0x0000,0x0000,0x0000,
    0x0000,0x0000,0x0000,0x0000,0x0000,0x0000,0x0000,0x0000,0x0000,0x0000,0x0000,0x0000,0x0000,0x0000,0x0000,0x0000,0x0000,0x0000,0x0000,0x0000,0x0000,0x0000,0x0000,0x0000,
    0x0000,0x0000,0x0000,0x0000,0x0000,0x0000,0x0000,0x0000,0x0000,0x0000,0x0000,0x0000,0x0000,0x0000,0x0000,0x0000,0x0000,0x0000,0x0000,0x0000,0x0000,0x0000,0x0000,0x0000,
    0x0000,0x0000,0x0000,0x0000,0x0000,0x0000,0x0000,0x0000,0x0000,0x0000,0x0000,0x0000,0x0000,0x0000,0x0000,0x0000,0x0000,0x0000,0x0000,0x0000,0x0000,0x0000,0x0000,0x0000,
    0x0000,0x0000,0x0000,0x0000,0x0000,0x0000,0x0000,0x0000,0x0000,0x0000,0x0000,0x0000,0x0000,0x0000,0x0000,0x0000,0x0000,0x0000,0x0000,0x0000,0x0000,0x0000,0x0000,0x0000,
    0x0000,0x0000,0x0000,0x0000,0x0000,0x0000,0x0000,0x0000,0x0000,0x0000,0x0000,0x0000,0x0000,0x0000,0x0000,0x0000,0x0000,0x0000,0x0000,0x0000,0x0000,0x0000,0x0000,0x0000,
    0x0000,0x0000,0x0000,0x0000,0x0000,0x0000,0x0000,0x0000,0x0000,0x0000,0x0000,0x0000,0x0000,0x0000,0x0000,0x0000,0x0000,0x0000,0x0000,0x0000,0x0000,0x0000,0x0000,0x0000,
    0x0000,0x0000,0x0000,0x0000,0x0000,0x0000,0x0000,0x0000,0x0000,0x0000,0x0000,0x0000,0x0000,0x0000,0x0000,0x0000,0x0000,0x0000,0x0000,0x0000,0x0000,0x0000,0x0000,0x0000,
    0x0000,0x0000,0x0000,0x0000,0x0000,0x0000,0x0000,0x0000,0x0000,0x0000,0x0000,0x0000,0x0000,0x0000,0x0000,0x0000,0x0000,0x0000,0x0000,0x0000,0x0000,0x0000,0x0000,0x0000,
    0x0000,0x0000,0x0000,0x0000,0x0000,0x0000,0x0000,0x0000,0x0000,0x0000,0x0000,0x0000,0x0000,0x0000,0x0000,0x0000,0x0000,0x0000,0x0000,0x0000,0x0000,0x0000,0x0000,0x0000,
    0x0000,0x0000,0x0000,0x0000,0x0000,0x0000,0x0000,0x0000,0x0000,0x0000,0x0000,0x0000,0x0000,0x0000,0x0000,0x0000,0x0000,0x0000,0x0000,0x0000,0x0000,0x0000,0x0000,0x0000,
    0x0000,0x0000,0x0000,0x0000,0x0000,0x0000,0x0000,0x0000,0x0000,0x0000,0x0000,0x0000,0x0000,0x0000,0x0000,0x0000,0x0000,0x0000,0x0000,0x0000,0x0000,0x0000,0x0000,0x0000,
    0x0000,0x0000,0x0000,0x0000,0x0000,0x0000,0x0000,0x0000,0x0000,0x0000,0x0000,0x0000,0x0000,0x0000,0x0000,0x0000,0x0000,0x0000,0x0000,0x0000,0x0000,0x0000,0x0000,0x0000,
    0x0000,0x0000,0x0000,0x0000,0x0000,0x0000,0x0000,0x0000,0x0000,0x0000,0x0000,0x0000,0x0000,0x0000,0x0000,0x0000,0x0000,0x0000,0x0000,0x0000,0x0000,0x0000,0x0000,0x0000,
    0x0000,0x0000,0x0000,0x0000,0x0000,0x0000,0x0000,0x0000,0x0000,0x0000,0x0000,0x0000,0x0000,0x0000,0x0000,0x0000,0x0000,0x0000,0x0000,0x0000,0x0000,0x0000,0x0000,0x0000,
    0x0000,0x0000,0x0000,0x0000,0x0000,0x0000,0x0000,0x0000,0x0000,0x0000,0x0000,0x0000,0x0000,0x0000,0x0000,0x0000,0x0000,0x0000,0x0000,0x0000,0x0000,0x0000,0x0000,0x0000,
    0x0000,0x0000,0x0000,0x0000,0x0000,0x0000,0x0000,0x0000,0x0000,0x0000,0x0000,0x0000,0x0000,0x0000,0x0000,0x0000,0x0000,0x0000,0x0000,0x0000,0x0000,0x0000,0x0000,0x0000,
    0x0000,0x0000,0x0000,0x0000,0x0000,0x0000,0x0000,0x0000,0x0000,0x0000,0x0000,0x0000,0x0000,0x0000,0x0000,0x0000,0x0000,0x0000,0x0000,0x0000,0x0000,0x0000,0x0000,0x0000,
    0x0000,0x0000,0x0000,0x0000,0x0000,0x0000,0x0000,0x0000,0x0000,0x0000,0x0000,0x0000,0x0000,0x0000,0x0000,0x0000,0x0000,0x0000,0x0000,0x0000,0x0000,0x0000,0x0000,0x0000,
    0x0000,0x0000,0x0000,0x0000,0x0000,0x0000,0x0000,0x0000,0x0000,0x0000,0x0000,0x0000,0x0000,0x0000,0x0000,0x0000,0x0000,0x0000,0x0000,0x0000,0x0000,0x0000,0x0000,0x0000,
    0x0000,0x0000,0x0000,0x0000,0x0000,0x0000,0x0000,0x0000,0x0000,0x0000,0x0000,0x0000,0x0000,0x0000,0x0000,0x0000,0x0000,0x0000,0x0000,0x0000,0x0000,0x0000,0x0000,0x0000,
    0x0000,0x0000,0x0000,0x0000,0x0000,0x0000,0x0000,0x0000,0x0000,0x0000,0x0000,0x0000,0x0000,0x0000,0x0000,0x0000,0x0000,0x0000,0x0000,0x0000,0x0000,0x0000,0x0000,0x0000,
    0x0000,0x0000,0x0000,0x0000,0x0000,0x0000,0x0000,0x0000,0x0000,0x0000,0x0000,0x0000,0x0000,0x0000,0x0000,0x0000,0x2805,0x2804,0x2004,0x2804,0x2825,0x2004,0x2805,0x2024,
    0x0000,0x0000,0x0000,0x0000,0x0000,0x0000,0x0000,0x0000,0x0000,0x0000,0x0000,0x0000,0x0000,0x0000,0x0000,0x0000,0x0000,0x0000,0x0000,0x0000,0x0000,0x0000,0x0000,0x0000,
    0x0000,0x0000,0x0000,0x0000,0x0000,0x0000,0x0000,0x0000,0x0000,0x0000,0x0000,0x0000,0x0000,0x0000,0x0000,0x0000,0x0000,0x0000,0x0000,0x0000,0x0000,0x0000,0x0000,0x0000,
    0x0000,0x0000,0x0000,0x0000,0x0000,0x0000,0x0000,0x0000,0x0000,0x0000,0x0000,0x0000,0x0000,0x0000,0x2024,0x1803,0x1803,0x2825,0x2024,0x2024,0x2024,0x2024,0x2825,0x2004,
    0x0000,0x0000,0x0000,0x0000,0x0000,0x0000,0x0000,0x0000,0x0000,0x0000,0x0000,0x0000,0x0000,0x0000,0x0000,0x0000,0x0000,0x0000,0x0000,0x0000,0x0000,0x0000,0x0000,0x0000,
    0x0000,0x0000,0x0000,0x0000,0x0000,0x0000,0x0000,0x0000,0x0000,0x0000,0x0000,0x0000,0x0000,0x0000,0x0000,0x0000,0x0000,0x0000,0x0000,0x0000,0x0000,0x0000,0x0000,0x0000,
    0x0000,0x0000,0x0000,0x0000,0x0000,0x0000,0x0000,0x0000,0x0000,0x0000,0x0000,0x0000,0x0000,0x0000,0x3005,0x2024,0x5e0b,0x662c,0x660c,0x662c,0x662c,0x6e2c,0x2264,0x2804,
    0x0000,0x0000,0x0000,0x0000,0x0000,0x0000,0x0000,0x0000,0x0000,0x0000,0x0000,0x0000,0x0000,0x0000,0x0000,0x0000,0x0000,0x0000,0x0000,0x0000,0x0000,0x0000,0x0000,0x0000,
    0x0000,0x0000,0x0000,0x0000,0x0000,0x0000,0x0000,0x0000,0x0000,0x0000,0x0000,0x0000,0x0000,0x0000,0x0000,0x0000,0x0000,0x0000,0x0000,0x0000,0x0000,0x0000,0x0000,0x0000,
    0x0000,0x0000,0x0000,0x0000,0x0000,0x0000,0x0000,0x0000,0x0000,0x0000,0x0000,0x0000,0x3005,0x2004,0x5deb,0x6e6c,0x664c,0x662b,0x662c,0x662c,0x662c,0x662c,0x2245,0x2805,
    0x0000,0x0000,0x0000,0x0000,0x0000,0x0000,0x0000,0x0000,0x0000,0x0000,0x0000,0x0000,0x0000,0x0000,0x0000,0x0000,0x0000,0x0000,0x0000,0x0000,0x0000,0x0000,0x0000,0x0000,
    0x0000,0x0000,0x0000,0x0000,0x0000,0x0000,0x0000,0x0000,0x0000,0x0000,0x0000,0x0000,0x0000,0x0000,0x0000,0x0000,0x0000,0x0000,0x0000,0x0000,0x0000,0x0000,0x0000,0x0000,
    0x0000,0x0000,0x0000,0x0000,0x0000,0x0000,0x0000,0x0000,0x0000,0x0000,0x0000,0x0000,0x1002,0x1803,0x560a,0x662c,0x662c,0x4daa,0x662c,0x662c,0x662c,0x662c,0x2a66,0x2004,
    0x0000,0x0000,0x0000,0x0000,0x0000,0x0000,0x0000,0x0000,0x0000,0x0000,0x0000,0x0000,0x0000,0x0000,0x0000,0x0000,0x0000,0x0000,0x0000,0x0000,0x0000,0x0000,0x0000,0x0000,
    0x0000,0x0000,0x0000,0x0000,0x0000,0x0000,0x0000,0x0000,0x0000,0x0000,0x0000,0x0000,0x0000,0x0000,0x0000,0x0000,0x0000,0x0000,0x0000,0x0000,0x0000,0x0000,0x0000,0x0000,
    0x0000,0x0000,0x0000,0x0000,0x2825,0x2004,0x2805,0x2805,0x1803,0x0000,0x0000,0x2004,0x2825,0x5e2b,0x664b,0x662b,0x4dab,0x458b,0x664c,0x662b,0x662c,0x3046,0x1803,0x4829,
    0x0000,0x0000,0x0000,0x0000,0x0000,0x0000,0x0000,0x0000,0x0000,0x0000,0x0000,0x0000,0x0000,0x0000,0x0000,0x0000,0x0000,0x0000,0x0000,0x0000,0x0000,0x0000,0x0000,0x0000,
    0x0000,0x0000,0x0000,0x0000,0x0000,0x0000,0x0000,0x0000,0x0000,0x0000,0x0000,0x0000,0x0000,0x0000,0x0000,0x0000,0x0000,0x0000,0x0000,0x0000,0x0000,0x0000,0x0000,0x0000,
    0x0000,0x0000,0x0000,0x0000,0x2825,0x2004,0x2804,0x2004,0x1803,0x2805,0x0000,0x2004,0x2004,0x664c,0x662b,0x5deb,0x458b,0x5e2b,0x662c,0x664c,0x4daa,0x2825,0x2805,0x0000,
    0x0000,0x0000,0x0000,0x0000,0x0000,0x0000,0x0000,0x0000,0x0000,0x0000,0x0000,0x0000,0x0000,0x0000,0x0000,0x0000,0x0000,0x0000,0x0000,0x0000,0x0000,0x0000,0x0000,0x0000,
    0x0000,0x0000,0x0000,0x0000,0x0000,0x0000,0x0000,0x0000,0x0000,0x0000,0x0000,0x0000,0x0000,0x0000,0x0000,0x0000,0x0000,0x0000,0x0000,0x0000,0x0000,0x0000,0x0000,0x0000,
    0x0000,0x0000,0x0000,0x0000,0x2024,0x2825,0x666c,0x5e4b,0x6eed,0x2024,0x2804,0x3006,0x5e6c,0x662c,0x664c,0x456b,0x5e2b,0x662c,0x662b,0x3d2a,0x1803,0x2805,0x0000,0x0000,
    0x0000,0x0000,0x0000,0x0000,0x0000,0x0000,0x0000,0x0000,0x0000,0x0000,0x0000,0x0000,0x0000,0x0000,0x0000,0x0000,0x0000,0x0000,0x0000,0x0000,0x0000,0x0000,0x0000,0x0000,
    0x0000,0x0000,0x0000,0x0000,0x0000,0x0000,0x0000,0x0000,0x0000,0x0000,0x0000,0x0000,0x0000,0x0000,0x0000,0x0000,0x0000,0x0000,0x0000,0x0000,0x0000,0x0000,0x0000,0x0000,
    0x0000,0x0000,0x0000,0x0000,0x3025,0x2825,0x5e2b,0x5e2b,0x664c,0x5e2c,0x2805,0x2024,0x66cd,0x5e2b,0x45ab,0x5e0b,0x5e0b,0x5e2b,0x3d8a,0x2004,0x2003,0x0000,0x0000,0x0000,
    0x0000,0x0000,0x0000,0x0000,0x0000,0x0000,0x0000,0x0000,0x0000,0x0000,0x0000,0x0000,0x0000,0x0000,0x0000,0x0000,0x0000,0x0000,0x0000,0x0000,0x0000,0x0000,0x0000,0x0000,
    0x0000,0x0000,0x0000,0x0000,0x0000,0x0000,0x0000,0x0000,0x0000,0x0000,0x0000,0x0000,0x0000,0x0000,0x0000,0x0000,0x0000,0x0000,0x0000,0x0000,0x0000,0x0000,0x0000,0x0000,
    0x0000,0x0000,0x0000,0x0000,0x2024,0x2004,0x45aa,0x45ab,0x662c,0x6e4c,0x562b,0x2004,0x668c,0x4d6b,0x458a,0x4ceb,0x3c09,0x2c28,0x2024,0x2805,0x0000,0x0000,0x0000,0x0000,
    0x0000,0x0000,0x0000,0x0000,0x0000,0x0000,0x0000,0x0000,0x0000,0x0000,0x0000,0x0000,0x0000,0x0000,0x0000,0x0000,0x0000,0x0000,0x0000,0x0000,0x0000,0x0000,0x0000,0x0000,
    0x0000,0x0000,0x0000,0x0000,0x0000,0x0000,0x0000,0x0000,0x0000,0x0000,0x0000,0x0000,0x0000,0x0000,0x0000,0x0000,0x0000,0x0000,0x0000,0x0000,0x0000,0x0000,0x0000,0x0000,
    0x0000,0x0000,0x0000,0x2825,0x2004,0x2024,0x2805,0x2845,0x3d2b,0x5e0c,0x668d,0x1843,0x5e8b,0x4dab,0x458a,0x2024,0x2004,0x2804,0x2004,0x2004,0x2825,0x0000,0x0000,0x0000,
    0x0000,0x0000,0x0000,0x0000,0x0000,0x0000,0x0000,0x0000,0x0000,0x0000,0x0000,0x0000,0x0000,0x0000,0x0000,0x0000,0x0000,0x0000,0x0000,0x0000,0x0000,0x0000,0x0000,0x0000,
    0x0000,0x0000,0x0000,0x0000,0x0000,0x0000,0x0000,0x0000,0x0000,0x0000,0x0000,0x0000,0x0000,0x0000,0x0000,0x0000,0x0000,0x0000,0x0000,0x0000,0x0000,0x0000,0x0000,0x0000,
    0x0000,0x1803,0x2805,0x2825,0xd504,0xfde4,0xf68c,0xf6ab,0xff4e,0xff4d,0xff2e,0xf72e,0xf74e,0xff4f,0xf70c,0xf74e,0xf6ef,0xf6ac,0xf629,0x1802,0x2825,0x1803,0x2806,0x0000,
    0x0000,0x0000,0x0000,0x0000,0x0000,0x0000,0x0000,0x0000,0x0000,0x0000,0x0000,0x0000,0x0000,0x0000,0x0000,0x0000,0x0000,0x0000,0x0000,0x0000,0x0000,0x0000,0x0000,0x0000,
    0x0000,0x0000,0x0000,0x0000,0x0000,0x0000,0x0000,0x0000,0x0000,0x0000,0x0000,0x0000,0x0000,0x0000,0x0000,0x0000,0x0000,0x0000,0x0000,0x0000,0x0000,0x0000,0x3008,0x0002,
    0x1804,0x1803,0x7b4a,0x8ba9,0xf70d,0xff6c,0xff6d,0xff4e,0xff4e,0xff4e,0xff4e,0xff4e,0xff4e,0xff4e,0xff4e,0xff4e,0xff4e,0xff4e,0xff4d,0xffae,0x942a,0x1802,0x2004,0x1002,
    0x0802,0x0803,0x0000,0x0000,0x0000,0x0000,0x0000,0x0000,0x0000,0x0000,0x0000,0x0000,0x0000,0x0000,0x0000,0x0000,0x0000,0x0000,0x0000,0x0000,0x0000,0x0000,0x0000,0x0000,
    0x0000,0x0000,0x0000,0x0000,0x0000,0x0000,0x0000,0x0000,0x0000,0x0000,0x0000,0x0000,0x0000,0x0000,0x0000,0x0000,0x0000,0x0000,0x0000,0x0000,0x0000,0x0000,0x4008,0x2004,
    0x2005,0xac89,0xff2d,0xff4e,0xff4e,0xff4e,0xff4e,0xff6e,0xff4e,0xff4e,0xff4e,0xff6e,0xff4e,0xff4e,0xff4e,0xff4e,0xff4e,0xff4e,0xff4e,0xff6e,0xff4e,0xff4f,0xff6f,0x2004,
    0x2004,0x2003,0x0000,0x0000,0x0000,0x0000,0x0000,0x0000,0x0000,0x0000,0x0000,0x0000,0x0000,0x0000,0x0000,0x0000,0x0000,0x0000,0x0000,0x0000,0x0000,0x0000,0x0000,0x0000,
    0x0000,0x0000,0x0000,0x0000,0x0000,0x0000,0x0000,0x0000,0x0000,0x0000,0x0000,0x0000,0x0000,0x0000,0x0000,0x0000,0x0000,0x0000,0x0000,0x0000,0x0000,0x2004,0x2825,0xff2f,
    0xff2d,0xff4e,0xff4e,0xff4e,0xff4e,0xff4e,0xff4e,0xff4e,0xff6e,0xff6e,0xff6e,0xff6e,0xff6e,0xff6e,0xff6e,0xff6e,0xff6e,0xff4e,0xff4e,0xff6e,0xff6e,0xff6e,0xff6e,0xff4e,
    0xf72f,0x2825,0x2805,0x0000,0x0000,0x0000,0x0000,0x0000,0x0000,0x0000,0x0000,0x0000,0x0000,0x0000,0x0000,0x0000,0x0000,0x0000,0x0000,0x0000,0x0000,0x0000,0x0000,0x0000,
    0x0000,0x0000,0x0000,0x0000,0x0000,0x0000,0x0000,0x0000,0x0000,0x0000,0x0000,0x0000,0x0000,0x0000,0x0000,0x0000,0x0000,0x0000,0x0000,0x3026,0x1803,0xee6d,0xff4d,0xff4d,
    0xffda,0xffff,0xff4d,0xff4e,0xff4e,0xff4e,0xff6e,0xff6e,0xff4e,0xff4e,0xff4e,0xff6e,0xff6e,0xff6e,0xff6e,0xff6e,0xff4e,0xff4e,0xff6e,0xff6e,0xff6e,0xff6e,0xff4e,0xff4e,
    0xff4e,0xff0f,0x1042,0x2003,0x2806,0x0000,0x0000,0x0000,0x0000,0x0000,0x0000,0x0000,0x0000,0x0000,0x0000,0x0000,0x0000,0x0000,0x0000,0x0000,0x0000,0x0000,0x0000,0x0000,
    0x0000,0x0000,0x0000,0x0000,0x0000,0x0000,0x0000,0x0000,0x0000,0x0000,0x0000,0x0000,0x0000,0x0000,0x0000,0x0000,0x0000,0x0000,0x1001,0x3006,0x2825,0xedec,0xfe8c,0xff2c,
    0xffdc,0xffff,0xff4d,0xff4e,0xff4e,0xff4e,0xff4e,0xff4e,0xff4e,0xff6e,0xff6e,0xff6e,0xff6e,0xff6e,0xff6e,0xff4e,0xff4e,0xff6e,0xff6e,0xff6e,0xff4e,0xff6e,0xff4e,0xff6e,
    0xff4d,0xff4e,0x28c3,0x2023,0x2825,0x2804,0x0000,0x0000,0x0000,0x0000,0x0000,0x0000,0x0000,0x0000,0x0000,0x0000,0x0000,0x0000,0x0000,0x0000,0x0000,0x0000,0x0000,0x0000,
    0x0000,0x0000,0x0000,0x0000,0x0000,0x0000,0x0000,0x0000,0x0000,0x0000,0x0000,0x0000,0x0000,0x0000,0x0000,0x0000,0x0000,0x0801,0x2004,0x2044,0xfe8d,0xff4e,0xff72,0xffff,
    0xff96,0xff4e,0xff4e,0xff4e,0xff4e,0xff6e,0xff4e,0xff4e,0xff6e,0xff6e,0xff4e,0xff4e,0xff6e,0xff6e,0xff6e,0xff6e,0xff4e,0xff4e,0xff6e,0xff6e,0xff4e,0xff4e,0xff6e,0xff6e,
    0xff6e,0xff4e,0xff4e,0xfeac,0x1803,0x2004,0x2006,0x0000,0x0000,0x0000,0x0000,0x0000,0x0000,0x0000,0x0000,0x0000,0x0000,0x0000,0x0000,0x0000,0x0000,0x0000,0x0000,0x0000,
    0x0000,0x0000,0x0000,0x0000,0x0000,0x0000,0x0000,0x0000,0x0000,0x0000,0x0000,0x0000,0x0000,0x0000,0x0000,0x0000,0x2805,0x2024,0x1823,0xfe05,0xff4e,0xff93,0xff96,0xffff,
    0xff4e,0xff4e,0xff4e,0xff4e,0xff4e,0xff4e,0xff4e,0xff4e,0xff6e,0xff4e,0xff4e,0xff6e,0xff6e,0xff6e,0xff6e,0xff6e,0xff4e,0xff4e,0xff6e,0xff6e,0xff6e,0xff4e,0xff6e,0xff4e,
    0xff6e,0xff4e,0xff4e,0xff4e,0xfe2a,0x1822,0x2004,0x0000,0x0000,0x0000,0x0000,0x0000,0x0000,0x0000,0x0000,0x0000,0x0000,0x0000,0x0000,0x0000,0x0000,0x0000,0x0000,0x0000,
    0x0000,0x0000,0x0000,0x0000,0x0000,0x0000,0x0000,0x0000,0x0000,0x0000,0x0000,0x0000,0x0000,0x0000,0x0000,0x0000,0x2805,0x3006,0xfe6c,0xfe6b,0xff4e,0xffdc,0xffdc,0xff4e,
    0xff4e,0xff6e,0xff6e,0xff6e,0xff4e,0xff4e,0xff6e,0xff6e,0xff6e,0xff4e,0xff4e,0xff6e,0xff6e,0xff6e,0xff6e,0xff6e,0xff6e,0xff6e,0xff4e,0xff6e,0xff6e,0xff6e,0xff6e,0xff4e,
    0xff4e,0xff4e,0xff6e,0xff4e,0xff4e,0xff4e,0x2805,0x1803,0x0000,0x0000,0x0000,0x0000,0x0000,0x0000,0x0000,0x0000,0x0000,0x0000,0x0000,0x0000,0x0000,0x0000,0x0000,0x0000,
    0x0000,0x0000,0x0000,0x0000,0x0000,0x0000,0x0000,0x0000,0x0000,0x0000,0x0000,0x0000,0x0000,0x0000,0x0000,0x0000,0x1803,0x2023,0xfe6c,0xff4e,0xff4e,0xff4e,0xff4e,0xff4e,
    0xff6e,0xff4e,0xff4e,0xff4e,0xff6e,0xff6e,0xff4e,0xff6e,0xff4e,0xff6e,0xff6e,0xff4e,0xff6e,0xff4e,0xff6e,0xff6e,0xff4e,0xff6e,0xff6e,0xff4e,0xff4e,0xff6e,0xff6e,0xff6e,
    0xff4e,0xff4e,0xff4e,0xff4e,0xff4e,0xff4e,0x3865,0x2825,0x0000,0x0000,0x0000,0x2805,0x2805,0x2004,0x2825,0x0000,0x0000,0x0000,0x0000,0x0000,0x0000,0x0000,0x0000,0x0000,
    0x0000,0x0000,0x0000,0x0000,0x0000,0x0000,0x0000,0x0000,0x0000,0x1823,0x2004,0x2004,0x2004,0x0000,0x0000,0x3006,0x2805,0xfe6b,0xff4d,0xff4e,0xff4e,0xff4e,0xff4e,0xff4e,
    0xff6e,0xff4e,0xff6e,0xff6e,0xff6e,0xff4e,0xff6e,0xff4e,0xff4e,0xff6e,0xff4e,0xff6e,0xff4e,0xff6e,0xff4e,0xff6e,0xff4e,0xff6e,0xff6e,0xff6e,0xff6e,0xff6f,0xff6e,0xff6e,
    0xff4e,0xff4e,0xff4e,0xff6e,0xff6e,0xff4e,0xff6e,0x1823,0x2024,0x1002,0x2805,0x30e3,0x40c5,0x4905,0x1803,0x1804,0x0000,0x0000,0x0000,0x0000,0x0000,0x0000,0x0000,0x0000,
    0x0000,0x0000,0x0000,0x0000,0x0000,0x0000,0x0000,0x0000,0x2805,0x1803,0xff8f,0xffd0,0xffef,0x2805,0x8012,0x1803,0x2023,0xff4e,0xff4e,0xff4e,0xff4e,0xff4e,0xff4e,0xff6e,
    0xff4d,0xcdec,0xd64c,0xde6d,0xff4e,0xff4e,0xff4e,0xff6e,0xff6e,0xff6e,0xff4e,0xff6e,0xff6e,0xff4e,0xff6e,0xff6e,0xff6e,0xff4e,0xff4e,0xde8d,0xce0c,0xc60c,0xde4b,0xff6e,
    0xff6e,0xff6e,0xff4e,0xff6e,0xff6e,0xff4e,0xff4e,0x2024,0x3026,0x0801,0x3065,0xffd1,0xff4e,0xff4e,0x2884,0x2005,0x0000,0x0000,0x0000,0x0000,0x0000,0x0000,0x0000,0x0000,
    0x0000,0x0000,0x0000,0x0000,0x0000,0x0000,0x0000,0x0000,0x1803,0x2083,0xff4e,0xff4e,0xff6e,0xacca,0x2004,0x3045,0xff0b,0xff4e,0xff4e,0xff4e,0xff6e,0xff4e,0xff6e,0xff4e,
    0x3164,0x2004,0x2825,0x2824,0x18a3,0x7b88,0xff4e,0xff6e,0xff4e,0xff4e,0xff4e,0xff4e,0xff4e,0xff4e,0xff4e,0xff4e,0xff6e,0xff6e,0x7ba8,0x1864,0x2004,0x2004,0x1803,0x3105,
    0xff6e,0xff4e,0xff6e,0xff6e,0xff4e,0xff6e,0xff4e,0xfeed,0x2024,0x2825,0xff2d,0xff4e,0xff4e,0xff6e,0xff4d,0x3045,0x2005,0x0000,0x0000,0x0000,0x0000,0x0000,0x0000,0x0000,
    0x0000,0x0000,0x0000,0x0000,0x0000,0x0000,0x0000,0x2005,0x3065,0xff6e,0xff4e,0xff4e,0xff4e,0xff4e,0x2004,0x2844,0xff4d,0xff4e,0xff4e,0xff4e,0xff4e,0xff4e,0xff6e,0xff8e,
    0x3026,0x2043,0xff90,0xff6e,0x2044,0x2004,0xffaf,0xff4e,0xff4e,0xff6e,0xff6e,0xff4e,0xff4e,0xff4e,0xff4e,0xff6e,0xff6e,0xffaf,0x2005,0x2024,0xf74f,0xff6f,0x1802,0x2805,
    0xf76d,0xff6e,0xff4e,0xff6e,0xff4e,0xff4e,0xff4e,0xff6e,0x2023,0x0802,0xff4f,0xff4e,0xff4e,0xff4e,0xff4e,0x2024,0x2004,0x0000,0x0000,0x0000,0x0000,0x0000,0x0000,0x0000,
    0x0000,0x0000,0x0000,0x0000,0x0000,0x0000,0x0000,0x2805,0x3846,0xff4e,0xff4e,0xff4e,0xff4e,0xff6f,0xeeec,0x2844,0xff4e,0xff4e,0xff4e,0xff4e,0xff4e,0xff4e,0xff6e,0xff90,
    0x2844,0xff6f,0xff4d,0xff4d,0xff70,0x2824,0xff6f,0xff4e,0xff4e,0xff4e,0xff6e,0xff4e,0xff6e,0xff6e,0xff6e,0xff6e,0xff4e,0xff8e,0x2825,0xff70,0xff4e,0xff4e,0xff6f,0x1823,
    0xff90,0xff6e,0xff6e,0xff4e,0xff4e,0xff4e,0xff4e,0xff4e,0xb407,0xfe8b,0xff4d,0xff4e,0xff4e,0xff4e,0xff4d,0x2825,0x2825,0x0000,0x0000,0x0000,0x0000,0x0000,0x0000,0x0000,
    0x0000,0x0000,0x0000,0x0000,0x0000,0x0000,0x0000,0x2825,0x2044,0xff6e,0xff4e,0xff4e,0xff4e,0xff4e,0xff4d,0xfe27,0xff4e,0xff4e,0xff4e,0xff6e,0xff6e,0xff4e,0xff4e,0xff6e,
    0xff4f,0xff4e,0xff4e,0xff4e,0xff4e,0xff2e,0xff4f,0xeece,0x62a6,0x62a6,0x5a85,0x6286,0x6286,0x6286,0x5a86,0x5a65,0xffb0,0xff6f,0xff2e,0xff6e,0xff4e,0xff4e,0xff4e,0xff4f,
    0xff4d,0xff4e,0xff4e,0xff6e,0xff4e,0xff4e,0xff6e,0xff6e,0xfeac,0xff4d,0xff4d,0xff4e,0xff4e,0xff4e,0xfead,0x2825,0x2004,0x0000,0x0000,0x0000,0x0000,0x0000,0x0000,0x0000,
    0x0000,0x0000,0x0000,0x0000,0x0000,0x0000,0x0000,0x2025,0x3866,0xff2d,0xff4e,0xff4e,0xff4e,0xff4e,0xff4e,0xff0d,0xff4e,0xff4e,0xff6e,0xfdb2,0xfc72,0xfc72,0xfc72,0xfdd1,
    0xff6e,0xff4e,0xff6e,0xff4e,0xff4e,0xff4e,0xff6d,0x9ca9,0x2004,0x2004,0x2024,0x2004,0x2024,0x2024,0x2024,0x2024,0xce4d,0xff4e,0xff4e,0xff4e,0xff6e,0xff4e,0xff4e,0xff4e,
    0xff6d,0xfc72,0xfc92,0xfc92,0xfc92,0xff6e,0xff6e,0xff4e,0xff4e,0xff4e,0xff4e,0xff4e,0xff6e,0xff0d,0xd54b,0x2024,0x1002,0x0000,0x0000,0x0000,0x0000,0x0000,0x0000,0x0000,
    0x0000,0x0000,0x0000,0x0000,0x0000,0x0000,0x0000,0x0000,0x2024,0xa3e9,0xfeed,0xff6e,0xff4e,0xff6e,0xff4e,0xff4e,0xff4e,0xff4e,0xfeb0,0xfc53,0xfc52,0xfc52,0xfc53,0xfc53,
    0xff0f,0xff6e,0xff6e,0xff4e,0xff4e,0xff6e,0xffcf,0x2004,0x2804,0x2004,0x2004,0x2004,0x2004,0x2004,0x2004,0x2804,0x2004,0xf70e,0xff6e,0xff6e,0xff6e,0xff6e,0xff4e,0xff8d,
    0xfc33,0xfc73,0xfc52,0xfc52,0xfc73,0xfc54,0xff4e,0xff4e,0xff4e,0xff4e,0xff4e,0xff4e,0xff4e,0xfe4c,0x1823,0x1803,0x0000,0x0000,0x0000,0x0000,0x0000,0x0000,0x0000,0x0000,
    0x0000,0x0000,0x0000,0x0000,0x0000,0x0000,0x0000,0x0000,0x2004,0x1803,0xfe4d,0xff4e,0xff4e,0xff4e,0xff4e,0xff4e,0xff4e,0xff4e,0xfecf,0xfc52,0xfc52,0xfc53,0xfc52,0xfc52,
    0xff4f,0xff4e,0xff4e,0xff6e,0xff4e,0xff4e,0xfff0,0x2004,0x2004,0x2804,0x2003,0x2004,0x2825,0x2003,0x2825,0x2004,0x2004,0xf72f,0xff6e,0xff6e,0xff4e,0xff4e,0xff4e,0xff6e,
    0xfc52,0xfc53,0xfc53,0xfc52,0xfc52,0xfc73,0xff4e,0xff4e,0xff4e,0xff4e,0xff4e,0xff4e,0xfe4c,0x1805,0x2005,0x2025,0x0000,0x0000,0x0000,0x0000,0x0000,0x0000,0x0000,0x0000,
    0x0000,0x0000,0x0000,0x0000,0x0000,0x0000,0x0000,0x0000,0x0000,0x2826,0x2806,0xfe8d,0xff4d,0xff4e,0xff4e,0xff4e,0xff4e,0xff4e,0xff0f,0xfc52,0xfc52,0xfc52,0xfc52,0xfc52,
    0xff2f,0xff4e,0xff6e,0xff6e,0xff4e,0xff4e,0xffcf,0x2004,0x2804,0x0802,0xf310,0xf30f,0xf30f,0xf30f,0x1022,0x2004,0x2805,0xf6ed,0xff6e,0xff6e,0xff4e,0xff4e,0xff4e,0xff6e,
    0xfc52,0xfc52,0xfc52,0xfc53,0xfc52,0xfc73,0xff4e,0xff4e,0xff4e,0xff4e,0xff6e,0xff2d,0xfde7,0x2024,0x3006,0x0000,0x0000,0x0000,0x0000,0x0000,0x0000,0x0000,0x0000,0x0000,
    0x0000,0x0000,0x0000,0x0000,0x0000,0x0000,0x0000,0x0000,0x0000,0x2846,0x1803,0x8283,0xfe6b,0xfecb,0xff4e,0xff4e,0xff4e,0xff4e,0xff2f,0xfc92,0xfc52,0xfc32,0xfc52,0xfc92,
    0xff2f,0xff4e,0xff6e,0xff6e,0xff4e,0xff4e,0xfff0,0x2044,0x2024,0xf28f,0xfc12,0xfc32,0xfc12,0xfc12,0xf28e,0x2024,0x2043,0xf72f,0xff4e,0xff4e,0xff4e,0xff6e,0xff4e,0xff6e,
    0xf570,0xfc52,0xfc52,0xfc52,0xfc52,0xfd51,0xff4e,0xff4e,0xff4e,0xff4e,0xfe06,0xfd83,0x2825,0x1003,0x502b,0x0000,0x0000,0x0000,0x0000,0x0000,0x0000,0x0000,0x0000,0x0000,
    0x0000,0x0000,0x0000,0x0000,0x0000,0x0000,0x0000,0x0000,0x0000,0x0000,0x2023,0x2805,0x61c3,0x8345,0xff6e,0xff4e,0xff4e,0xff4e,0xff4e,0xfece,0xfe31,0xfe51,0xfe31,0xfecf,
    0xff4e,0xff4e,0xff6e,0xff6e,0xff6e,0xff4e,0xff4d,0xff6f,0x2825,0xfc12,0xfc12,0xfc12,0xfc12,0xfc32,0xfc32,0x3046,0xffd0,0xff4e,0xff6e,0xff4e,0xff6e,0xff6e,0xff4e,0xff4e,
    0xff4e,0xfe51,0xfe50,0xfe30,0xfe12,0xff4e,0xff6e,0xff4e,0xff4e,0xff6e,0x6201,0x6a02,0x3005,0x0801,0x0000,0x0000,0x0000,0x0000,0x0000,0x0000,0x0000,0x0000,0x0000,0x0000,
    0x0000,0x0000,0x0000,0x0000,0x0000,0x0000,0x0000,0x0000,0x0000,0x0000,0x0000,0x0000,0x2805,0x39c3,0xff4e,0xff4e,0xff4e,0xff4e,0xff4e,0xff4e,0xff4e,0xff4e,0xff4e,0xff4e,
    0xff4e,0xff4e,0xff6e,0xff4e,0xff4e,0xff6e,0xff4e,0xff4d,0xfff0,0x2003,0xfc12,0xfbf2,0xfc12,0xfbd2,0x2003,0xf6ed,0xff6f,0xff4e,0xff4e,0xff6e,0xff4e,0xff4e,0xff4e,0xff4e,
    0xff6e,0xff4e,0xff4e,0xff4e,0xff4e,0xff4e,0xff6e,0xff6e,0xff4e,0xff4e,0x1803,0x2004,0x0000,0x0000,0x0000,0x0000,0x0000,0x0000,0x0000,0x0000,0x0000,0x0000,0x0000,0x0000,
    0x0000,0x0000,0x0000,0x0000,0x0000,0x0000,0x0000,0x0000,0x0000,0x0000,0x0000,0x0000,0x1002,0x41e4,0xff4e,0xff4e,0xff6e,0xff4e,0xff4e,0xff4e,0xff4e,0xff4e,0xff4e,0xff4e,
    0xff6e,0xff4e,0xff4e,0xff6e,0xff6e,0xff4e,0xff4e,0xff4e,0xff6f,0xfff3,0x1002,0x1002,0x0801,0x1001,0xfff2,0xff6e,0xff4e,0xff6e,0xff4e,0xff4e,0xff6e,0xff6e,0xff6e,0xff6e,
    0xff6e,0xff4e,0xff4e,0xff4e,0xff4e,0xff6e,0xff4e,0xff6e,0xff6e,0xff6e,0x0001,0x2805,0x0000,0x0000,0x0000,0x0000,0x0000,0x0000,0x0000,0x0000,0x0000,0x0000,0x0000,0x0000,
    0x0000,0x0000,0x0000,0x0000,0x0000,0x0000,0x0000,0x0000,0x0000,0x0000,0x0000,0x2826,0xacec,0xff4d,0xff4e,0xff4e,0xff4e,0xff6e,0xff6e,0xff4e,0xff6e,0xff6e,0xff4e,0xff4e,
    0xff4e,0xff4e,0xff6e,0xff4e,0xff4e,0xff6e,0xff6e,0xff6e,0xff4e,0xff4e,0xe68d,0xe68d,0xe6ae,0xe68d,0xff4e,0xff4e,0xff6e,0xff4e,0xff6e,0xff4e,0xff4e,0xff6e,0xff4e,0xff6e,
    0xff6e,0xff4e,0xff6e,0xff6e,0xff4e,0xff4e,0xff6e,0xff4e,0xff6e,0xff4e,0xff4d,0x1043,0x2805,0x0000,0x0000,0x0000,0x0000,0x0000,0x0000,0x0000,0x0000,0x0000,0x0000,0x0000,
    0x0000,0x0000,0x0000,0x0000,0x0000,0x0000,0x0000,0x0000,0x0000,0x0000,0x0000,0x2024,0xacec,0xff6e,0xff4e,0xff6e,0xff4e,0xff4e,0xff4e,0xff4e,0xff6e,0xff4e,0xff4e,0xff4e,
    0xff6e,0xff6e,0xff6e,0xff4e,0xff4e,0xff6e,0xff4e,0xff6e,0xff4e,0xff6e,0xff6e,0xff4e,0xff4e,0xff4e,0xff4e,0xff4e,0xff4e,0xff4e,0xff4e,0xff4e,0xff4e,0xff4e,0xff6e,0xff4e,
    0xff6e,0xff6e,0xff6e,0xff6e,0xff6e,0xff6e,0xff6e,0xff4e,0xff6e,0xff6e,0xff4e,0x1063,0x2004,0x0000,0x0000,0x0000,0x0000,0x0000,0x0000,0x0000,0x0000,0x0000,0x0000,0x0000,
    0x0000,0x0000,0x0000,0x0000,0x0000,0x0000,0x0000,0x0000,0x0000,0x0000,0x0000,0x2025,0xa4ac,0xff6e,0xff4e,0xff6e,0xff6e,0xff4e,0xff4e,0xff4e,0xff6e,0xff6e,0xff4e,0xff6e,
    0xff6e,0xff6e,0xff4e,0xff4e,0xff4e,0xff6e,0xff6e,0xff4e,0xff6e,0xff4e,0xff6e,0xff4e,0xff6e,0xff4e,0xff6e,0xff6e,0xff4e,0xff6e,0xff4e,0xff6e,0xff6e,0xff6e,0xff6e,0xff4e,
    0xff4e,0xff6e,0xff4e,0xff6e,0xff6e,0xff6e,0xff6e,0xff6e,0xff6e,0xff4e,0xff6e,0x1063,0x2004,0x0000,0x0000,0x0000,0x0000,0x0000,0x0000,0x0000,0x0000,0x0000,0x0000,0x0000,
    0x0000,0x0000,0x0000,0x0000,0x0000,0x0000,0x0000,0x0000,0x0000,0x0000,0x0000,0x2004,0xa46c,0xff6e,0xff4e,0xff4e,0xff6e,0xff4e,0xff4e,0xff4e,0xff4e,0xff4e,0xff6e,0xff6e,
    0xff6e,0xff4e,0xff6e,0xff6e,0xff4e,0xff4e,0xff4e,0xff4e,0xff4e,0xff6e,0xff4e,0xff4e,0xff4e,0xff4e,0xff6e,0xff4e,0xff6e,0xff6e,0xff6e,0xff6e,0xff4e,0xff6e,0xff6e,0xff4e,
    0xff6e,0xff6e,0xff6e,0xff6e,0xff6e,0xff6e,0xff6e,0xff6e,0xff6e,0xff6e,0xff4d,0x1023,0x2004,0x0000,0x0000,0x0000,0x0000,0x0000,0x0000,0x0000,0x0000,0x0000,0x0000,0x0000,
    0x0000,0x0000,0x0000,0x0000,0x0000,0x0000,0x0000,0x0000,0x0000,0x0000,0x0000,0x2825,0xa3eb,0xff4e,0xff4e,0xff4e,0xff4e,0xff4e,0xff4e,0xff4e,0xff6e,0xff4e,0xff4e,0xff6e,
    0xff6e,0xff6e,0xff4e,0xff6e,0xff4e,0xff4e,0xff4e,0xff4e,0xff6e,0xff4e,0xff4e,0xff4e,0xff4e,0xff4e,0xff4e,0xff6e,0xff4e,0xff4e,0xff6e,0xff6e,0xff6e,0xff4e,0xff6e,0xff4e,
    0xff6e,0xff6e,0xff6e,0xff6e,0xff6e,0xff6e,0xff6e,0xff6e,0xff6e,0xff4e,0xff4d,0x3026,0x2805,0x0000,0x0000,0x0000,0x0000,0x0000,0x0000,0x0000,0x0000,0x0000,0x0000,0x0000,
    0x0000,0x0000,0x0000,0x0000,0x0000,0x0000,0x0000,0x0000,0x0000,0x0000,0x0000,0x2825,0x9b6a,0xfe6c,0xff4e,0xff4e,0xff6e,0xff4e,0xff6e,0xff4e,0xff4e,0xff4e,0xff4e,0xff6e,
    0xff6e,0xff6e,0xff4e,0xff4e,0xff4e,0xff4e,0xff4e,0xff4e,0xff4e,0xff4e,0xff4e,0xff6e,0xff4e,0xff4e,0xff6e,0xff4e,0xff4e,0xff6e,0xff4e,0xff4e,0xff4e,0xff4e,0xff4e,0xff6e,
    0xff6e,0xff6e,0xff6e,0xff6e,0xff6e,0xff6e,0xff6e,0xff6e,0xff6e,0xff4e,0xfe6c,0x2024,0x2004,0x0000,0x0000,0x0000,0x0000,0x0000,0x0000,0x0000,0x0000,0x0000,0x0000,0x0000,
    0x0000,0x0000,0x0000,0x0000,0x0000,0x0000,0x0000,0x0000,0x0000,0x0000,0x0000,0x2024,0x9b69,0xfe6c,0xff4d,0xff4e,0xff4e,0xff4e,0xff4e,0xff4e,0xff4e,0xff4e,0xff4e,0xff4e,
    0xff4e,0xff4e,0xff4e,0xff4e,0xff4e,0xff4e,0xff4e,0xff4e,0xff4e,0xff4e,0xff6e,0xff4e,0xff6e,0xff4e,0xff4e,0xff4e,0xff6e,0xff4e,0xff6e,0xff4e,0xff4e,0xff4e,0xff4e,0xff4e,
    0xff6e,0xff4e,0xff4e,0xff6e,0xff6e,0xff6e,0xff6e,0xff4e,0xff6e,0xff4e,0xfe2b,0x1803,0x2004,0x0000,0x0000,0x0000,0x0000,0x0000,0x0000,0x0000,0x0000,0x0000,0x0000,0x0000,
    0x0000,0x0000,0x0000,0x0000,0x0000,0x0000,0x0000,0x0000,0x0000,0x0000,0x0000,0x0000,0x2805,0x2844,0xfe4d,0xff4e,0xff4e,0xff4e,0xff4e,0xff4e,0xff6e,0xff4e,0xff4e,0xff4e,
    0xff4e,0xff6e,0xff6e,0xff6e,0xff6e,0xff4e,0xff4e,0xff4e,0xff4e,0xff6e,0xff6e,0xff6e,0xff6e,0xff4e,0xff6e,0xff4e,0xff6e,0xff4e,0xff6e,0xff4e,0xff4e,0xff4e,0xff4e,0xff6e,
    0xff6e,0xff6e,0xff4e,0xff4e,0xff6e,0xff4e,0xff4e,0xff4e,0xff4e,0xfe6c,0x2024,0x2025,0x0000,0x0000,0x0000,0x0000,0x0000,0x0000,0x0000,0x0000,0x0000,0x0000,0x0000,0x0000,
    0x0000,0x0000,0x0000,0x0000,0x0000,0x0000,0x0000,0x0000,0x0000,0x0000,0x0000,0x0000,0x2005,0x2043,0xfe6c,0xff2e,0xff4e,0xff4e,0xff4e,0xff6e,0xff4e,0xff4e,0xff4e,0xff4e,
    0xff6e,0xff6e,0xff4e,0xff4e,0xff4e,0xff4e,0xff4e,0xff4e,0xff6e,0xff4e,0xff6e,0xff4e,0xff6e,0xff4e,0xff6e,0xff4e,0xff4e,0xff4e,0xff6e,0xff4e,0xff4e,0xff6e,0xff4e,0xff6e,
    0xff4e,0xff6e,0xff4e,0xff4e,0xff4e,0xff4e,0xff4e,0xff6e,0xff4e,0xfe4c,0x2824,0x3006,0x0000,0x0000,0x0000,0x0000,0x0000,0x0000,0x0000,0x0000,0x0000,0x0000,0x0000,0x0000,
    0x0000,0x0000,0x0000,0x0000,0x0000,0x0000,0x0000,0x0000,0x0000,0x0000,0x0000,0x0000,0x2805,0x2023,0xfe4c,0xfe4c,0xff4e,0xff4d,0xff4e,0xff6e,0xff4e,0xff4e,0xff4e,0xff6e,
    0xff6e,0xff6e,0xff6e,0xff4e,0xff6e,0xff4e,0xff4e,0xff6e,0xff6e,0xff4e,0xff6e,0xff4e,0xff6e,0xff6e,0xff6e,0xff6e,0xff6e,0xff6e,0xff4e,0xff6e,0xff4e,0xff4e,0xff4e,0xff4e,
    0xff6e,0xff4e,0xff4e,0xff6e,0xff6e,0xff4e,0xff4e,0xff6e,0xfe6c,0xfe2c,0x1823,0x2005,0x0000,0x0000,0x0000,0x0000,0x0000,0x0000,0x0000,0x0000,0x0000,0x0000,0x0000,0x0000,
    0x0000,0x0000,0x0000,0x0000,0x0000,0x0000,0x0000,0x0000,0x0000,0x0000,0x0000,0x0000,0x0000,0x2806,0x2004,0xfe4c,0xfe6d,0xfe6c,0xff4e,0xff4e,0xff6e,0xff4e,0xff6e,0xff4e,
    0xff6e,0xff4e,0xff4e,0xff6e,0xff4e,0xff6e,0xff6e,0xff6e,0xff6e,0xff6e,0xff4e,0xff6e,0xff4e,0xff6e,0xff4e,0xff6e,0xff4e,0xff6e,0xff6e,0xff6e,0xff6e,0xff4e,0xff4e,0xff4e,
    0xff6e,0xff6e,0xff4e,0xff6e,0xff4e,0xff6e,0xff2e,0xfe6d,0xfe2c,0x2004,0x2826,0x0000,0x0000,0x0000,0x0000,0x0000,0x0000,0x0000,0x0000,0x0000,0x0000,0x0000,0x0000,0x0000,
    0x0000,0x0000,0x0000,0x0000,0x0000,0x0000,0x0000,0x0000,0x0000,0x0000,0x0000,0x0000,0x0000,0x1002,0x1803,0x3006,0xfe6b,0xfe6c,0xfe6c,0xff6f,0xff4e,0xff4e,0xff6e,0xff4e,
    0xff4e,0xff4e,0xff6e,0xff4e,0xff4e,0xff6e,0xff6e,0xff6e,0xff6e,0xff6e,0xff6e,0xff6e,0xff6e,0xff4e,0xff6e,0xff4e,0xff4e,0xff4e,0xff6e,0xff4e,0xff6e,0xff6e,0xff4e,0xff6e,
    0xff6e,0xff6e,0xff4e,0xff6e,0xff6e,0xfe6d,0xfe4c,0xfecc,0x2805,0x1804,0x1003,0x0000,0x0000,0x0000,0x0000,0x0000,0x0000,0x0000,0x0000,0x0000,0x0000,0x0000,0x0000,0x0000,
    0x0000,0x0000,0x0000,0x0000,0x0000,0x0000,0x0000,0x0000,0x0000,0x0000,0x0000,0x0000,0x0000,0x0000,0x680e,0x2004,0x1803,0x1805,0xfe6d,0xfe6c,0xfe6c,0xff0e,0xff2e,0xff6e,
    0xff4e,0xff4e,0xff4e,0xff4e,0xff6e,0xff6e,0xff6e,0xff6e,0xff6e,0xff4e,0xff6e,0xff4e,0xff6e,0xff4e,0xff6e,0xff6e,0xff6e,0xff6e,0xff6e,0xff4e,0xff6e,0xff4e,0xff4e,0xff6e,
    0xff4d,0xff0d,0xfeed,0xfe8c,0xfe6c,0xfe8d,0x1804,0x1004,0x2004,0x0000,0x0000,0x0000,0x0000,0x0000,0x0000,0x0000,0x0000,0x0000,0x0000,0x0000,0x0000,0x0000,0x0000,0x0000,
    0x0000,0x0000,0x0000,0x0000,0x0000,0x0000,0x0000,0x0000,0x0000,0x0000,0x0000,0x0000,0x0000,0x0000,0x0000,0x0000,0x2805,0x2005,0x1823,0x1804,0xfdc4,0xfe8c,0xfe8c,0xff0d,
    0xff2e,0xff6e,0xff4e,0xff4e,0xff2d,0xff2e,0xff0d,0xff2d,0xff2d,0xff2d,0xff2d,0xff2e,0xff2e,0xff2e,0xff2e,0xff2e,0xff2e,0xff2d,0xff2e,0xff2d,0xff4e,0xff4e,0xff4d,0xff0d,
    0xff0d,0xfe6c,0xfe6c,0xfd64,0x1823,0x1803,0x2004,0x2805,0x0000,0x0000,0x0000,0x0000,0x0000,0x0000,0x0000,0x0000,0x0000,0x0000,0x0000,0x0000,0x0000,0x0000,0x0000,0x0000,
    0x0000,0x0000,0x0000,0x0000,0x0000,0x0000,0x0000,0x0000,0x0000,0x0000,0x0000,0x0000,0x0000,0x0000,0x0000,0x0000,0x0000,0x0000,0x2004,0x2805,0x38c4,0x28a4,0xfde4,0xfe6c,
    0xfe6c,0xfe8c,0xfe8d,0xfead,0xfe6c,0xfe6c,0xfe4c,0xfe4c,0xfe6c,0xfe6c,0xfe6c,0xfe6c,0xfe6c,0xfe6c,0xfe4c,0xfe4c,0xfe6c,0xfe4c,0xfe6c,0xfe6c,0xfead,0xfe8c,0xfe8c,0xfe6c,
    0xfe05,0xfdc3,0x30e3,0x3084,0x2805,0x2004,0x0000,0x0000,0x0000,0x0000,0x0000,0x0000,0x0000,0x0000,0x0000,0x0000,0x0000,0x0000,0x0000,0x0000,0x0000,0x0000,0x0000,0x0000,
    0x0000,0x0000,0x0000,0x0000,0x0000,0x0000,0x0000,0x0000,0x0000,0x0000,0x0000,0x0000,0x0000,0x0000,0x0000,0x0000,0x0000,0x0000,0x4009,0x480a,0x2825,0x2002,0xf5e3,0xfecb,
    0xfeee,0xfe6c,0xfe4b,0xfe8c,0xee2d,0xee4c,0xf66c,0xf66c,0xf66c,0xee4c,0xf66c,0xf6ac,0xf6ac,0xf68c,0xf68c,0xf66c,0xf66c,0xf66c,0xf68d,0xfe4c,0xfe6c,0xfe4b,0xfecc,0xff2e,
    0xfeca,0xfda2,0x2004,0x2004,0x3007,0x2807,0x0000,0x0000,0x0000,0x0000,0x0000,0x0000,0x0000,0x0000,0x0000,0x0000,0x0000,0x0000,0x0000,0x0000,0x0000,0x0000,0x0000,0x0000,
    0x0000,0x0000,0x0000,0x0000,0x0000,0x0000,0x0000,0x0000,0x0000,0x0000,0x0000,0x0000,0x0000,0x0000,0x0000,0x0000,0x0000,0x0000,0x0000,0x0000,0x2825,0xd5ab,0xff2d,0xff2d,
    0xff4e,0xff2d,0xfe26,0xfd61,0x2024,0x2004,0x2824,0x2024,0x2024,0x2024,0x2824,0x2004,0x2004,0x2004,0x2824,0x2804,0x2004,0x2824,0x2825,0x2004,0xfd80,0xfe87,0xff2e,0xff4d,
    0xff2d,0xfecb,0x1804,0x2805,0x0000,0x0000,0x0000,0x0000,0x0000,0x0000,0x0000,0x0000,0x0000,0x0000,0x0000,0x0000,0x0000,0x0000,0x0000,0x0000,0x0000,0x0000,0x0000,0x0000,
    0x0000,0x0000,0x0000,0x0000,0x0000,0x0000,0x0000,0x0000,0x0000,0x0000,0x0000,0x0000,0x0000,0x0000,0x0000,0x0000,0x0000,0x0000,0x0000,0x0000,0x2025,0xd442,0xfe07,0xff4d,
    0xff4d,0xff2d,0xf5a8,0x1805,0x2004,0x0000,0x0000,0x0000,0x0000,0x0000,0x0000,0x0000,0x0000,0x0000,0x0000,0x0000,0x0000,0x0000,0x1003,0x2004,0x2005,0xfe6c,0xff4d,0xff2d,
    0xff4d,0xfce1,0x2005,0x2004,0x0000,0x0000,0x0000,0x0000,0x0000,0x0000,0x0000,0x0000,0x0000,0x0000,0x0000,0x0000,0x0000,0x0000,0x0000,0x0000,0x0000,0x0000,0x0000,0x0000,
    0x0000,0x0000,0x0000,0x0000,0x0000,0x0000,0x0000,0x0000,0x0000,0x0000,0x0000,0x0000,0x0000,0x0000,0x0000,0x0000,0x0000,0x0000,0x0000,0x0000,0x2024,0x2826,0x2024,0x3066,
    0x2044,0x2845,0x3046,0x2024,0x2025,0x0000,0x0000,0x0000,0x0000,0x0000,0x0000,0x0000,0x0000,0x0000,0x0000,0x0000,0x0000,0x0000,0x0000,0x2004,0x2826,0x3046,0x2043,0x2043,
    0x3046,0x2003,0x2826,0x2024,0x0000,0x0000,0x0000,0x0000,0x0000,0x0000,0x0000,0x0000,0x0000,0x0000,0x0000,0x0000,0x0000,0x0000,0x0000,0x0000,0x0000,0x0000,0x0000,0x0000,
    0x0000,0x0000,0x0000,0x0000,0x0000,0x0000,0x0000,0x0000,0x0000,0x0000,0x0000,0x0000,0x0000,0x0000,0x0000,0x0000,0x0000,0x0000,0x0000,0x0000,0x0000,0x2825,0x2805,0x2004,
    0x2805,0x2805,0x2004,0x3006,0x0000,0x0000,0x0000,0x0000,0x0000,0x0000,0x0000,0x0000,0x0000,0x0000,0x0000,0x0000,0x0000,0x0000,0x0000,0x0000,0x2806,0x2004,0x2805,0x2805,
    0x2004,0x2805,0x2024,0x0000,0x0000,0x0000,0x0000,0x0000,0x0000,0x0000,0x0000,0x0000,0x0000,0x0000,0x0000,0x0000,0x0000,0x0000,0x0000,0x0000,0x0000,0x0000,0x0000,0x0000,
    0x0000,0x0000,0x0000,0x0000,0x0000,0x0000,0x0000,0x0000,0x0000,0x0000,0x0000,0x0000,0x0000,0x0000,0x0000,0x0000,0x0000,0x0000,0x0000,0x0000,0x0000,0x0000,0x0000,0x0000,
    0x0000,0x0000,0x0000,0x0000,0x0000,0x0000,0x0000,0x0000,0x0000,0x0000,0x0000,0x0000,0x0000,0x0000,0x0000,0x0000,0x0000,0x0000,0x0000,0x0000,0x0000,0x0000,0x0000,0x0000,
    0x0000,0x0000,0x0000,0x0000,0x0000,0x0000,0x0000,0x0000,0x0000,0x0000,0x0000,0x0000,0x0000,0x0000,0x0000,0x0000,0x0000,0x0000,0x0000,0x0000,0x0000,0x0000,0x0000,0x0000,
    0x0000,0x0000,0x0000,0x0000,0x0000,0x0000,0x0000,0x0000,0x0000,0x0000,0x0000,0x0000,0x0000,0x0000,0x0000,0x0000,0x0000,0x0000,0x0000,0x0000,0x0000,0x0000,0x0000,0x0000,
    0x0000,0x0000,0x0000,0x0000,0x0000,0x0000,0x0000,0x0000,0x0000,0x0000,0x0000,0x0000,0x0000,0x0000,0x0000,0x0000,0x0000,0x0000,0x0000,0x0000,0x0000,0x0000,0x0000,0x0000,
    0x0000,0x0000,0x0000,0x0000,0x0000,0x0000,0x0000,0x0000,0x0000,0x0000,0x0000,0x0000,0x0000,0x0000,0x0000,0x0000,0x0000,0x0000,0x0000,0x0000,0x0000,0x0000,0x0000,0x0000,
    0x0000,0x0000,0x0000,0x0000,0x0000,0x0000,0x0000,0x0000,0x0000,0x0000,0x0000,0x0000,0x0000,0x0000,0x0000,0x0000,0x0000,0x0000,0x0000,0x0000,0x0000,0x0000,0x0000,0x0000,
    0x0000,0x0000,0x0000,0x0000,0x0000,0x0000,0x0000,0x0000,0x0000,0x0000,0x0000,0x0000,0x0000,0x0000,0x0000,0x0000,0x0000,0x0000,0x0000,0x0000,0x0000,0x0000,0x0000,0x0000,
    0x0000,0x0000,0x0000,0x0000,0x0000,0x0000,0x0000,0x0000,0x0000,0x0000,0x0000,0x0000,0x0000,0x0000,0x0000,0x0000,0x0000,0x0000,0x0000,0x0000,0x0000,0x0000,0x0000,0x0000,
  },
  /* listen */ {
    0x0000,0x0000,0x0000,0x0000,0x0000,0x0000,0x0000,0x0000,0x0000,0x0000,0x0000,0x0000,0x0000,0x0000,0x0000,0x0000,0x0000,0x0000,0x0000,0x0000,0x0000,0x0000,0x0000,0x0000,
    0x0000,0x0000,0x0000,0x0000,0x0000,0x0000,0x0000,0x0000,0x0000,0x0000,0x0000,0x0000,0x0000,0x0000,0x0000,0x0000,0x0000,0x0000,0x0000,0x0000,0x0000,0x0000,0x0000,0x0000,
    0x0000,0x0000,0x0000,0x0000,0x0000,0x0000,0x0000,0x0000,0x0000,0x0000,0x0000,0x0000,0x0000,0x0000,0x0000,0x0000,0x0000,0x0000,0x0000,0x0000,0x0000,0x0000,0x0000,0x0000,
    0x0000,0x0000,0x0000,0x0000,0x0000,0x0000,0x0000,0x0000,0x0000,0x0000,0x0000,0x0000,0x0000,0x0000,0x0000,0x0000,0x0000,0x0000,0x0000,0x0000,0x0000,0x0000,0x0000,0x0000,
    0x0000,0x0000,0x0000,0x0000,0x0000,0x0000,0x0000,0x0000,0x0000,0x0000,0x0000,0x0000,0x0000,0x0000,0x0000,0x0000,0x0000,0x0000,0x0000,0x0000,0x0000,0x0000,0x0000,0x0000,
    0x0000,0x0000,0x0000,0x0000,0x0000,0x0000,0x0000,0x0000,0x0000,0x0000,0x0000,0x0000,0x0000,0x0000,0x0000,0x0000,0x0000,0x0000,0x0000,0x0000,0x0000,0x0000,0x0000,0x0000,
    0x0000,0x0000,0x0000,0x0000,0x0000,0x0000,0x0000,0x0000,0x0000,0x0000,0x0000,0x0000,0x0000,0x0000,0x0000,0x0000,0x0000,0x0000,0x0000,0x0000,0x0000,0x0000,0x0000,0x0000,
    0x0000,0x0000,0x0000,0x0000,0x0000,0x0000,0x0000,0x0000,0x0000,0x0000,0x0000,0x0000,0x0000,0x0000,0x0000,0x0000,0x0000,0x0000,0x0000,0x0000,0x0000,0x0000,0x0000,0x0000,
    0x0000,0x0000,0x0000,0x0000,0x0000,0x0000,0x0000,0x0000,0x0000,0x0000,0x0000,0x0000,0x0000,0x0000,0x0000,0x0000,0x0000,0x0000,0x0000,0x0000,0x0000,0x0000,0x0000,0x0000,
    0x0000,0x0000,0x0000,0x0000,0x0000,0x0000,0x0000,0x0000,0x0000,0x0000,0x0000,0x0000,0x0000,0x0000,0x0000,0x0000,0x0000,0x0000,0x0000,0x0000,0x0000,0x0000,0x0000,0x0000,
    0x0000,0x0000,0x0000,0x0000,0x0000,0x0000,0x0000,0x0000,0x0000,0x0000,0x0000,0x0000,0x0000,0x0000,0x0000,0x0000,0x0000,0x0000,0x0000,0x0000,0x0000,0x0000,0x0000,0x0000,
    0x0000,0x0000,0x0000,0x0000,0x0000,0x0000,0x0000,0x0000,0x0000,0x0000,0x0000,0x0000,0x0000,0x0000,0x0000,0x0000,0x0000,0x0000,0x0000,0x0000,0x0000,0x0000,0x0000,0x0000,
    0x0000,0x0000,0x0000,0x0000,0x0000,0x0000,0x0000,0x0000,0x0000,0x0000,0x0000,0x0000,0x0000,0x0000,0x0000,0x0000,0x0000,0x0000,0x0000,0x0000,0x0000,0x0000,0x0000,0x0000,
    0x0000,0x0000,0x0000,0x0000,0x0000,0x0000,0x0000,0x0000,0x0000,0x0000,0x0000,0x0000,0x0000,0x0000,0x0000,0x0000,0x0000,0x0000,0x0000,0x0000,0x0000,0x0000,0x0000,0x0000,
    0x0000,0x0000,0x0000,0x0000,0x0000,0x0000,0x0000,0x0000,0x0000,0x0000,0x0000,0x0000,0x0000,0x0000,0x0000,0x0000,0x0000,0x0000,0x0000,0x0000,0x0000,0x0000,0x0000,0x0000,
    0x0000,0x0000,0x0000,0x0000,0x0000,0x0000,0x0000,0x0000,0x0000,0x0000,0x0000,0x0000,0x0000,0x0000,0x0000,0x0000,0x0000,0x0000,0x0000,0x0000,0x0000,0x0000,0x0000,0x0000,
    0x0000,0x0000,0x0000,0x0000,0x0000,0x0000,0x0000,0x0000,0x0000,0x0000,0x0000,0x0000,0x0000,0x0000,0x0000,0x0000,0x0000,0x0000,0x0000,0x0000,0x0000,0x0000,0x0000,0x0000,
    0x0000,0x0000,0x0000,0x0000,0x0000,0x0000,0x0000,0x0000,0x0000,0x0000,0x0000,0x0000,0x0000,0x0000,0x0000,0x0000,0x0000,0x0000,0x0000,0x0000,0x0000,0x0000,0x0000,0x0000,
    0x0000,0x0000,0x0000,0x0000,0x0000,0x0000,0x0000,0x0000,0x0000,0x0000,0x0000,0x0000,0x0000,0x0000,0x0000,0x0000,0x0000,0x0000,0x0000,0x0000,0x0000,0x0000,0x0000,0x0000,
    0x0000,0x0000,0x0000,0x0000,0x0000,0x0000,0x0000,0x0000,0x0000,0x0000,0x0000,0x0000,0x0000,0x0000,0x0000,0x0000,0x0000,0x0000,0x0000,0x0000,0x0000,0x0000,0x0000,0x0000,
    0x0000,0x0000,0x0000,0x0000,0x0000,0x0000,0x0000,0x0000,0x0000,0x0000,0x0000,0x0000,0x0000,0x0000,0x0000,0x0000,0x0000,0x0000,0x0000,0x0000,0x0000,0x0000,0x0000,0x0000,
    0x0000,0x0000,0x0000,0x0000,0x0000,0x0000,0x0000,0x0000,0x0000,0x0000,0x0000,0x0000,0x0000,0x0000,0x0000,0x0000,0x0000,0x0000,0x0000,0x0000,0x0000,0x0000,0x0000,0x0000,
    0x0000,0x0000,0x0000,0x0000,0x0000,0x0000,0x0000,0x0000,0x0000,0x0000,0x0000,0x0000,0x0000,0x0000,0x0000,0x0000,0x0000,0x0000,0x0000,0x0000,0x0000,0x0000,0x0000,0x0000,
    0x0000,0x0000,0x0000,0x0000,0x0000,0x0000,0x0000,0x0000,0x0000,0x0000,0x0000,0x0000,0x0000,0x0000,0x0000,0x0000,0x0000,0x0000,0x0000,0x0000,0x0000,0x0000,0x0000,0x0000,
    0x0000,0x0000,0x0000,0x0000,0x0000,0x0000,0x0000,0x0000,0x0000,0x0000,0x0000,0x0000,0x0000,0x0000,0x0000,0x0000,0x0000,0x0000,0x0000,0x0000,0x0000,0x0000,0x0000,0x0000,
    0x0000,0x0000,0x0000,0x0000,0x0000,0x0000,0x0000,0x0000,0x0000,0x0000,0x0000,0x0000,0x0000,0x0000,0x0000,0x0000,0x0000,0x0000,0x0000,0x0000,0x0000,0x0000,0x0000,0x0000,
    0x0000,0x0000,0x0000,0x0000,0x0000,0x0000,0x0000,0x0000,0x0000,0x0000,0x0000,0x0000,0x0000,0x0000,0x0000,0x0000,0x0000,0x0000,0x0000,0x0000,0x0000,0x0000,0x0000,0x0000,
    0x0000,0x0000,0x0000,0x0000,0x0000,0x0000,0x0000,0x0000,0x0000,0x0000,0x0000,0x0000,0x0000,0x0000,0x0000,0x0000,0x0000,0x0000,0x0000,0x0000,0x0000,0x0000,0x0000,0x0000,
    0x0000,0x0000,0x0000,0x0000,0x0000,0x0000,0x0000,0x0000,0x0000,0x0000,0x0000,0x0000,0x0000,0x0000,0x0000,0x0000,0x0000,0x0000,0x0000,0x0000,0x0000,0x0000,0x0000,0x0000,
    0x0000,0x0000,0x0000,0x0000,0x0000,0x0000,0x0000,0x0000,0x0000,0x0000,0x0000,0x0000,0x0000,0x0000,0x0000,0x0000,0x0000,0x0000,0x0000,0x0000,0x0000,0x0000,0x0000,0x0000,
    0x0000,0x0000,0x0000,0x0000,0x0000,0x0000,0x0000,0x0000,0x0000,0x0000,0x0000,0x0000,0x0000,0x0000,0x0000,0x0000,0x0000,0x0000,0x0000,0x0000,0x0000,0x0000,0x0000,0x0000,
    0x0000,0x0000,0x0000,0x0000,0x0000,0x0000,0x0000,0x0000,0x0000,0x0000,0x0000,0x0000,0x0000,0x0000,0x0000,0x0000,0x0000,0x0000,0x0000,0x0000,0x0000,0x0000,0x0000,0x0000,
    0x0000,0x0000,0x0000,0x0000,0x0000,0x0000,0x0000,0x0000,0x0000,0x0000,0x0000,0x0000,0x0000,0x0000,0x0000,0x0000,0x0000,0x0000,0x0000,0x0000,0x0000,0x0000,0x0000,0x0000,
    0x0000,0x0000,0x0000,0x0000,0x0000,0x0000,0x0000,0x0000,0x0000,0x0000,0x0000,0x0000,0x0000,0x0000,0x0000,0x0000,0x0000,0x0000,0x0000,0x0000,0x0000,0x0000,0x0000,0x0000,
    0x0000,0x0000,0x0000,0x0000,0x0000,0x0000,0x0000,0x0000,0x0000,0x0000,0x0000,0x0000,0x0000,0x0000,0x0000,0x0000,0x0000,0x0000,0x0000,0x0000,0x0000,0x0000,0x0000,0x0000,
    0x0000,0x0000,0x0000,0x0000,0x0000,0x0000,0x0000,0x0000,0x0000,0x0000,0x0000,0x0000,0x0000,0x0000,0x0000,0x0000,0x0000,0x0000,0x0000,0x0000,0x0000,0x0000,0x0000,0x0000,
    0x0000,0x0000,0x0000,0x0000,0x0000,0x0000,0x0000,0x0000,0x0000,0x0000,0x0000,0x0000,0x0000,0x0000,0x0000,0x0000,0x0000,0x0000,0x0000,0x0000,0x0000,0x0000,0x0000,0x0000,
    0x0000,0x0000,0x0000,0x0000,0x0000,0x0000,0x0000,0x0000,0x0000,0x0000,0x0000,0x0000,0x0000,0x0000,0x0000,0x0000,0x0000,0x0000,0x0000,0x0000,0x0000,0x0000,0x0000,0x0000,
    0x0000,0x0000,0x0000,0x0000,0x0000,0x0000,0x0000,0x0000,0x0000,0x0000,0x0000,0x0000,0x0000,0x0000,0x0000,0x0000,0x0000,0x0000,0x0000,0x0000,0x0000,0x0000,0x0000,0x0000,
    0x0000,0x0000,0x0000,0x0000,0x0000,0x0000,0x0000,0x0000,0x0000,0x0000,0x0000,0x0000,0x0000,0x0000,0x0000,0x0000,0x0000,0x0000,0x0000,0x0000,0x0000,0x0000,0x0000,0x0000,
    0x0000,0x0000,0x0000,0x0000,0x0000,0x0000,0x0000,0x0000,0x0000,0x0000,0x0000,0x0000,0x0000,0x0000,0x0000,0x0000,0x0000,0x0000,0x0000,0x0000,0x0000,0x0000,0x0000,0x0000,
    0x0000,0x0000,0x0000,0x0000,0x0000,0x0000,0x0000,0x0000,0x0000,0x0000,0x0000,0x0000,0x0000,0x0000,0x0000,0x0000,0x0000,0x0000,0x0000,0x0000,0x0000,0x0000,0x0000,0x0000,
    0x0000,0x0000,0x0000,0x0000,0x0000,0x0000,0x0000,0x0000,0x0000,0x0000,0x0000,0x0000,0x0000,0x0000,0x0000,0x0000,0x0000,0x0000,0x0000,0x0000,0x0000,0x0000,0x0000,0x0000,
    0x0000,0x0000,0x0000,0x0000,0x0000,0x0000,0x0000,0x0000,0x0000,0x0000,0x0000,0x0000,0x0000,0x0000,0x0000,0x0000,0x0000,0x0000,0x582a,0x2804,0x2824,0x2825,0x2024,0x2825,
    0x2805,0x1003,0x0000,0x0000,0x0000,0x0000,0x0000,0x0000,0x0000,0x0000,0x0000,0x0000,0x0000,0x0000,0x0000,0x0000,0x0000,0x0000,0x0000,0x0000,0x0000,0x0000,0x0000,0x0000,
    0x0000,0x0000,0x0000,0x0000,0x0000,0x0000,0x0000,0x0000,0x0000,0x0000,0x0000,0x0000,0x0000,0x0000,0x0000,0x0000,0x0000,0x0000,0x0000,0x0000,0x0000,0x0000,0x0000,0x0000,
    0x0000,0x0000,0x0000,0x0000,0x0000,0x0000,0x0000,0x0000,0x0000,0x0000,0x0000,0x0000,0x0000,0x0000,0x0000,0x0000,0x1803,0x3006,0x1803,0x2845,0x2845,0x2024,0x2825,0x2845,
    0x2805,0x1002,0x0000,0x0000,0x0000,0x0000,0x0000,0x0000,0x0000,0x0000,0x0000,0x0000,0x0000,0x0000,0x0000,0x0000,0x0000,0x0000,0x0000,0x0000,0x0000,0x0000,0x0000,0x0000,
    0x0000,0x0000,0x0000,0x0000,0x0000,0x0000,0x0000,0x0000,0x0000,0x0000,0x0000,0x0000,0x0000,0x0000,0x0000,0x0000,0x0000,0x0000,0x0000,0x0000,0x0000,0x0000,0x0000,0x0000,
    0x0000,0x0000,0x0000,0x0000,0x0000,0x0000,0x0000,0x0000,0x0000,0x0000,0x0000,0x0000,0x0000,0x0000,0x0000,0x0000,0x2003,0x2825,0x3b07,0x662c,0x660c,0x662b,0x662c,0x660c,
    0x2004,0x1804,0x0000,0x0000,0x0000,0x0000,0x0000,0x0000,0x0000,0x0000,0x0000,0x0000,0x0000,0x0000,0x0000,0x0000,0x0000,0x0000,0x0000,0x0000,0x0000,0x0000,0x0000,0x0000,
    0x0000,0x0000,0x0000,0x0000,0x0000,0x0000,0x0000,0x0000,0x0000,0x0000,0x0000,0x0000,0x0000,0x0000,0x0000,0x0000,0x0000,0x0000,0x0000,0x0000,0x0000,0x0000,0x0000,0x0000,
    0x0000,0x0000,0x0000,0x0000,0x0000,0x0000,0x0000,0x0000,0x0000,0x0000,0x0000,0x0000,0x0000,0x0000,0x0000,0x2004,0x1042,0x662b,0x662c,0x662c,0x662c,0x662c,0x660b,0x662c,
    0x2804,0x1002,0x0000,0x0000,0x0000,0x0000,0x0000,0x0000,0x0000,0x0000,0x0000,0x0000,0x0000,0x0000,0x0000,0x0000,0x0000,0x0000,0x0000,0x0000,0x0000,0x0000,0x0000,0x0000,
    0x0000,0x0000,0x0000,0x0000,0x0000,0x0000,0x0000,0x0000,0x0000,0x0000,0x0000,0x0000,0x0000,0x0000,0x0000,0x0000,0x0000,0x0000,0x0000,0x0000,0x0000,0x0000,0x0000,0x0000,
    0x0000,0x0000,0x0000,0x0000,0x0000,0x0000,0x0000,0x0000,0x0000,0x0000,0x0000,0x0000,0x0000,0x0000,0x0000,0x18e2,0x21e4,0x662b,0x662c,0x458b,0x662c,0x662c,0x662b,0x5e0b,
    0x2004,0x1002,0x0000,0x0000,0x0000,0x0000,0x0000,0x0000,0x0000,0x0000,0x0000,0x0000,0x0000,0x0000,0x0000,0x0000,0x0000,0x0000,0x0000,0x0000,0x0000,0x0000,0x0000,0x0000,
    0x0000,0x0000,0x0000,0x0000,0x0000,0x0000,0x0000,0x0000,0x0000,0x0000,0x0000,0x0000,0x0000,0x0000,0x0000,0x0000,0x0000,0x0000,0x0000,0x0000,0x0000,0x0000,0x0000,0x0000,
    0x0000,0x0000,0x0000,0x0000,0x0000,0x0000,0x0000,0x2825,0x2825,0x2805,0x2805,0x0000,0x0000,0x0000,0x2005,0x66cd,0x662b,0x662b,0x4dab,0x5e0b,0x662c,0x660c,0x5e4c,0x2024,
    0x0000,0x0000,0x0000,0x0000,0x0000,0x0000,0x0000,0x0000,0x0000,0x0000,0x0000,0x0000,0x0000,0x0000,0x0000,0x0000,0x0000,0x0000,0x0000,0x0000,0x0000,0x0000,0x0000,0x0000,
    0x0000,0x0000,0x0000,0x0000,0x0000,0x0000,0x0000,0x0000,0x0000,0x0000,0x0000,0x0000,0x0000,0x0000,0x0000,0x0000,0x0000,0x0000,0x0000,0x0000,0x0000,0x0000,0x0000,0x0000,
    0x0000,0x0000,0x0000,0x0000,0x0000,0x0000,0x0000,0x2004,0x2824,0x2024,0x2024,0x2805,0x0000,0x0000,0x2003,0x6ead,0x5e2b,0x454a,0x660c,0x660c,0x662c,0x664c,0x45ea,0x2004,
    0x0000,0x0000,0x0000,0x0000,0x0000,0x0000,0x0000,0x0000,0x0000,0x0000,0x0000,0x0000,0x0000,0x0000,0x0000,0x0000,0x0000,0x0000,0x0000,0x0000,0x0000,0x0000,0x0000,0x0000,
    0x0000,0x0000,0x0000,0x0000,0x0000,0x0000,0x0000,0x0000,0x0000,0x0000,0x0000,0x0000,0x0000,0x0000,0x0000,0x0000,0x0000,0x0000,0x0000,0x0000,0x0000,0x0000,0x0000,0x0000,
    0x0000,0x0000,0x0000,0x0000,0x0000,0x0000,0x0000,0x2024,0x66cd,0x5e2c,0x664d,0x2004,0x1803,0x2805,0x1042,0x662b,0x662b,0x456b,0x5e0b,0x660b,0x5e2c,0x560b,0x2805,0x0000,
    0x0000,0x0000,0x0000,0x0000,0x0000,0x0000,0x0000,0x0000,0x0000,0x0000,0x0000,0x0000,0x0000,0x0000,0x0000,0x0000,0x0000,0x0000,0x0000,0x0000,0x0000,0x0000,0x0000,0x0000,
    0x0000,0x0000,0x0000,0x0000,0x0000,0x0000,0x0000,0x0000,0x0000,0x0000,0x0000,0x0000,0x0000,0x0000,0x0000,0x0000,0x0000,0x0000,0x0000,0x0000,0x0000,0x0000,0x0000,0x0000,
    0x0000,0x0000,0x0000,0x0000,0x0000,0x0000,0x0000,0x2825,0x66cd,0x662b,0x664c,0x5e2b,0x2004,0x2004,0x2084,0x662b,0x45ab,0x662c,0x5e0b,0x5e2b,0x29c5,0x2004,0x4809,0x0000,
    0x0000,0x0000,0x0000,0x0000,0x0000,0x0000,0x0000,0x0000,0x0000,0x0000,0x0000,0x0000,0x0000,0x0000,0x0000,0x0000,0x0000,0x0000,0x0000,0x0000,0x0000,0x0000,0x0000,0x0000,
    0x0000,0x0000,0x0000,0x0000,0x0000,0x0000,0x0000,0x0000,0x0000,0x0000,0x0000,0x0000,0x0000,0x0000,0x0000,0x0000,0x0000,0x0000,0x0000,0x0000,0x0000,0x0000,0x0000,0x0000,
    0x0000,0x0000,0x0000,0x0000,0x0000,0x0000,0x0000,0x2004,0x462b,0x4dab,0x5e2b,0x664c,0x5e0c,0x2064,0x2084,0x4d8b,0x4d8b,0x3ba8,0x32a7,0x2824,0x2024,0x2825,0x0000,0x0000,
    0x0000,0x0000,0x0000,0x0000,0x0000,0x0000,0x0000,0x0000,0x0000,0x0000,0x0000,0x0000,0x0000,0x0000,0x0000,0x0000,0x0000,0x0000,0x0000,0x0000,0x0000,0x0000,0x0000,0x0000,
    0x0000,0x0000,0x0000,0x0000,0x0000,0x0000,0x0000,0x0000,0x0000,0x0000,0x0000,0x0000,0x0000,0x0000,0x0000,0x0000,0x0000,0x0000,0x0000,0x0000,0x0000,0x0000,0x0000,0x0000,
    0x0000,0x0000,0x0000,0x0000,0x0000,0x4068,0x3066,0x2004,0x2024,0x2025,0x3d4b,0x5e0b,0x5e0c,0x1944,0x1863,0x55ab,0x4d8b,0x1803,0x2824,0x2804,0x2004,0x2805,0x1804,0x0000,
    0x0000,0x0000,0x0000,0x0000,0x0000,0x0000,0x0000,0x0000,0x0000,0x0000,0x0000,0x0000,0x0000,0x0000,0x0000,0x0000,0x0000,0x0000,0x0000,0x0000,0x0000,0x0000,0x0000,0x0000,
    0x0000,0x0000,0x0000,0x0000,0x0000,0x0000,0x0000,0x0000,0x0000,0x0000,0x0000,0x0000,0x0000,0x0000,0x0000,0x0000,0x0000,0x0000,0x0000,0x0000,0x0000,0x0000,0x0000,0x0000,
    0x0000,0x0000,0x0000,0x2025,0x2805,0x2805,0x2024,0xf584,0xf62b,0xf68c,0xf72e,0xf72e,0xf70d,0xf6ee,0xf70e,0xf750,0xf70d,0xf6ef,0xf6ef,0xf68e,0xf546,0x2824,0x2805,0x2825,
    0x3026,0x0000,0x0000,0x0000,0x0000,0x0000,0x0000,0x0000,0x0000,0x0000,0x0000,0x0000,0x0000,0x0000,0x0000,0x0000,0x0000,0x0000,0x0000,0x0000,0x0000,0x0000,0x0000,0x0000,
    0x0000,0x0000,0x0000,0x0000,0x0000,0x0000,0x0000,0x0000,0x0000,0x0000,0x0000,0x0000,0x0000,0x0000,0x0000,0x0000,0x0000,0x0000,0x0000,0x0000,0x0000,0x0000,0x0000,0x0000,
    0x0000,0x2025,0x3026,0x2805,0x1822,0xff6f,0xfe6d,0xff8f,0xff4e,0xff6e,0xff4e,0xff4e,0xff4e,0xff4e,0xff4e,0xff4e,0xff4e,0xff4e,0xff4e,0xff4e,0xff6e,0xfff1,0xfff3,0x2024,
    0x2003,0x1803,0x2805,0x0000,0x0000,0x0000,0x0000,0x0000,0x0000,0x0000,0x0000,0x0000,0x0000,0x0000,0x0000,0x0000,0x0000,0x0000,0x0000,0x0000,0x0000,0x0000,0x0000,0x0000,
    0x0000,0x0000,0x0000,0x0000,0x0000,0x0000,0x0000,0x0000,0x0000,0x0000,0x0000,0x0000,0x0000,0x0000,0x0000,0x0000,0x0000,0x0000,0x0000,0x0000,0x0000,0x0000,0x0000,0x0000,
    0x0000,0x3005,0x2024,0x2845,0xff4e,0xff4d,0xff4e,0xff4e,0xff4e,0xff4e,0xff4e,0xff4e,0xff6e,0xff4e,0xff4e,0xff4e,0xff4e,0xff4e,0xff4e,0xff4e,0xff6e,0xff6e,0xff4e,0xff4e,
    0x3004,0x2825,0x2805,0x0000,0x0000,0x0000,0x0000,0x0000,0x0000,0x0000,0x0000,0x0000,0x0000,0x0000,0x0000,0x0000,0x0000,0x0000,0x0000,0x0000,0x0000,0x0000,0x0000,0x0000,
    0x0000,0x0000,0x0000,0x0000,0x0000,0x0000,0x0000,0x0000,0x0000,0x0000,0x0000,0x0000,0x0000,0x0000,0x0000,0x0000,0x0000,0x0000,0x0000,0x0000,0x0000,0x0000,0x0000,0x2825,
    0x2024,0x1824,0xff6d,0xff2e,0xff4f,0xff4e,0xff4e,0xff4e,0xff4e,0xff4e,0xff6e,0xff4e,0xff6e,0xff4e,0xff4e,0xff6e,0xff4e,0xff4e,0xff4e,0xff6e,0xff4e,0xff6e,0xff6e,0xff6f,
    0xff6f,0xff6e,0x8c29,0x2004,0x2004,0x0000,0x0000,0x0000,0x0000,0x0000,0x0000,0x0000,0x0000,0x0000,0x0000,0x0000,0x0000,0x0000,0x0000,0x0000,0x0000,0x0000,0x0000,0x0000,
    0x0000,0x0000,0x0000,0x0000,0x0000,0x0000,0x0000,0x0000,0x0000,0x0000,0x0000,0x0000,0x0000,0x0000,0x0000,0x0000,0x0000,0x0000,0x0000,0x0000,0x0000,0x0000,0x2004,0x2005,
    0xa3a7,0xd5ec,0xff4e,0xff4d,0xfffd,0xff4e,0xff6e,0xff6e,0xff6e,0xff4e,0xff4e,0xff6e,0xff6e,0xff6e,0xff4e,0xff4e,0xff6e,0xff4e,0xff4e,0xff6e,0xff4e,0xff4e,0xff4e,0xff6e,
    0xff6e,0xff4e,0xe6cd,0xac8a,0x2805,0x2826,0x0000,0x0000,0x0000,0x0000,0x0000,0x0000,0x0000,0x0000,0x0000,0x0000,0x0000,0x0000,0x0000,0x0000,0x0000,0x0000,0x0000,0x0000,
    0x0000,0x0000,0x0000,0x0000,0x0000,0x0000,0x0000,0x0000,0x0000,0x0000,0x0000,0x0000,0x0000,0x0000,0x0000,0x0000,0x0000,0x0000,0x0000,0x0000,0x0800,0x2824,0x2805,0x1843,
    0xfe8b,0xff4e,0xff4e,0xff72,0xfffe,0xff4e,0xff4e,0xff6e,0xff6e,0xff4e,0xff6e,0xff6e,0xff6e,0xff4e,0xff4e,0xff6e,0xff4e,0xff4e,0xff6e,0xff6e,0xff4e,0xff6e,0xff6e,0xff4e,
    0xff6e,0xff4e,0xff6e,0xfead,0x2044,0x1803,0x1803,0x0000,0x0000,0x0000,0x0000,0x0000,0x0000,0x0000,0x0000,0x0000,0x0000,0x0000,0x0000,0x0000,0x0000,0x0000,0x0000,0x0000,
    0x0000,0x0000,0x0000,0x0000,0x0000,0x0000,0x0000,0x0000,0x0000,0x0000,0x0000,0x0000,0x0000,0x0000,0x0000,0x0000,0x0000,0x0000,0x0000,0x0000,0x2004,0x2024,0xbc4a,0xfe8b,
    0xff4f,0xffff,0xfffe,0xff4f,0xff4e,0xff4e,0xff6e,0xff4e,0xff4e,0xff6e,0xff6e,0xff4e,0xff4e,0xff6e,0xff6e,0xff4e,0xff4e,0xff6e,0xff6e,0xff4e,0xff4e,0xff6e,0xff4e,0xff6e,
    0xff4e,0xff6e,0xff6e,0xff4e,0xfe8c,0x1002,0x1803,0x0000,0x0000,0x0000,0x0000,0x0000,0x0000,0x0000,0x0000,0x0000,0x0000,0x0000,0x0000,0x0000,0x0000,0x0000,0x0000,0x0000,
    0x0000,0x0000,0x0000,0x0000,0x0000,0x0000,0x0000,0x0000,0x0000,0x0000,0x0000,0x0000,0x0000,0x0000,0x0000,0x0000,0x0000,0x0000,0x1804,0x3006,0x2824,0xfeaa,0xfeac,0xff4f,
    0xffff,0xfffe,0xffff,0xff4e,0xff4e,0xff4e,0xff6e,0xff6e,0xff6e,0xff6e,0xff6e,0xff6e,0xff6e,0xff4e,0xff4e,0xff4e,0xff4e,0xff6e,0xff6e,0xff6e,0xff4e,0xff4e,0xff4e,0xff4e,
    0xff6e,0xff4e,0xff6e,0xff4e,0xff4d,0xfe2a,0x1823,0x2805,0x0000,0x0000,0x0000,0x0000,0x0000,0x0000,0x0000,0x0000,0x0000,0x0000,0x0000,0x0000,0x0000,0x0000,0x0000,0x0000,
    0x0000,0x0000,0x0000,0x0000,0x0000,0x0000,0x0000,0x0000,0x0000,0x0000,0x0000,0x0000,0x0000,0x0000,0x0000,0x0000,0x0000,0x0000,0x0000,0x2805,0xfe4b,0xfe4b,0xff4e,0xff70,
    0xffff,0xff4f,0xff4e,0xff4e,0xff4e,0xff6e,0xff4e,0xff4e,0xff6e,0xff6e,0xff6e,0xff4e,0xff6e,0xff6e,0xff4e,0xff4e,0xff4e,0xff6e,0xff6e,0xff6e,0xff4e,0xff4e,0xff4e,0xff4e,
    0xff6e,0xff6e,0xff4e,0xff4e,0xff4e,0xff4e,0x1884,0x2804,0x0000,0x0000,0x0000,0x0000,0x0000,0x0000,0x0000,0x0000,0x0000,0x0000,0x0000,0x0000,0x0000,0x0000,0x0000,0x0000,
    0x0000,0x0000,0x0000,0x0000,0x0000,0x0000,0x0000,0x0000,0x0000,0x0000,0x0000,0x0000,0x0000,0x0000,0x0000,0x0000,0x0000,0x0000,0x0801,0x2023,0xfe04,0xff6f,0xff4e,0xff4e,
    0xff6e,0xff4e,0xff6e,0xff6e,0xff4e,0xff6e,0xff4e,0xff6e,0xff4e,0xff4e,0xff6e,0xff4e,0xff4e,0xff4e,0xff6e,0xff4e,0xff4e,0xff6e,0xff6e,0xff6e,0xff4e,0xff4e,0xff4e,0xff6e,
    0xff4e,0xff6e,0xff4e,0xff6e,0xff4e,0xff4e,0x5267,0x2042,0x0000,0x0000,0x0000,0x0000,0x0000,0x0000,0x0000,0x0000,0x0000,0x0000,0x0000,0x0000,0x0000,0x0000,0x0000,0x0000,
    0x0000,0x0000,0x0000,0x0000,0x0000,0x0000,0x0000,0x0000,0x0000,0x0000,0x0000,0x0000,0x0000,0x0000,0x0000,0x0000,0x0000,0x2004,0x2805,0xf6cd,0xff4e,0xff4e,0xff4e,0xff4e,
    0xff4e,0xff6e,0xff4e,0xff4e,0xff6e,0xff4e,0xff6e,0xff4e,0xff4e,0xff4e,0xff4e,0xff6e,0xff4e,0xff6e,0xff6e,0xff4e,0xff4e,0xff6e,0xff6e,0xff6e,0xff4e,0xff6e,0xff6e,0xff4e,
    0x28e3,0x2903,0xff8e,0xff4e,0xff4e,0xff4e,0xff4e,0x8368,0x1804,0x0000,0x0000,0x0000,0x0000,0x0000,0x0000,0x0000,0x0000,0x0000,0x0000,0x0000,0x0000,0x0000,0x0000,0x0000,
    0x0000,0x0000,0x0000,0x0000,0x0000,0x0000,0x0000,0x0000,0x0000,0x0000,0x0000,0x0000,0x0000,0x0000,0x0000,0x0000,0x8812,0x2825,0x4083,0xff2e,0xff6e,0xff4e,0xff4e,0xff6e,
    0xff4e,0xff6e,0xff6e,0xff6e,0xff6e,0xff6e,0xff2e,0x2825,0x2004,0xf72e,0xff6e,0xff6e,0xff6e,0xff4e,0xff6e,0xff4e,0xff4e,0xff6e,0xff6e,0xff4e,0xff4e,0xff4e,0xff4e,0x1864,
    0x2003,0x2004,0x1883,0xff6f,0xff4e,0xff4e,0xff4e,0xfeed,0x1823,0x2805,0x2004,0x682d,0x0000,0x0000,0x0000,0x0000,0x0000,0x0000,0x0000,0x0000,0x0000,0x0000,0x0000,0x0000,
    0x0000,0x0000,0x0000,0x0000,0x0000,0x0000,0x0000,0x0000,0x0000,0x0000,0x0000,0x0000,0x0000,0x0000,0x0000,0x0000,0x502a,0x2825,0xff0d,0xff4e,0xff4e,0xff4e,0xff4e,0xff6e,
    0xff6e,0xff6e,0xff4e,0xff6e,0xff4e,0xf72e,0x2004,0x2004,0x2004,0x2845,0xff4e,0xff6e,0xff6e,0xff4e,0xff4e,0xff4e,0xff6e,0xff4e,0xff6e,0xff4e,0xff4e,0xff4e,0xff4e,0x2825,
    0x2024,0x2004,0x2804,0xff4e,0xff6e,0xff4e,0xff6e,0x28e3,0x1023,0x2844,0x1843,0x2825,0x2025,0x0000,0x0000,0x0000,0x0000,0x0000,0x0000,0x0000,0x0000,0x0000,0x0000,0x0000,
    0x0000,0x0000,0x0000,0x0000,0x0000,0x0000,0x0000,0x0000,0x0000,0x0000,0x0000,0x0000,0x0000,0x0000,0x0000,0x0000,0x1803,0x9c48,0xff4d,0xff4e,0xff4e,0xff4e,0xff4e,0xff4e,
    0xff6e,0xff6e,0xff4e,0xff4e,0xff6e,0xf72f,0x2024,0x2004,0x2004,0x1823,0xff6e,0xff4e,0xff4e,0xff4e,0xff6e,0xff4e,0xff4e,0xff6e,0xff6e,0xff6e,0xff4e,0xff4e,0xff4e,0x2024,
    0x2824,0x2004,0x2004,0xff4f,0xff4e,0xff6e,0xff4e,0x2043,0x3066,0xff2d,0xff2f,0x2023,0x1803,0x4808,0x0000,0x0000,0x0000,0x0000,0x0000,0x0000,0x0000,0x0000,0x0000,0x0000,
    0x0000,0x0000,0x0000,0x0000,0x0000,0x0000,0x0000,0x0000,0x0000,0x0000,0x0000,0x0000,0x0000,0x0000,0x0000,0x8050,0x2805,0xf74f,0xff4e,0xff6e,0xff4e,0xff4e,0xff4e,0xff6e,
    0xff6e,0xff4e,0xff4e,0xff4e,0xff6e,0xf70d,0x2825,0x2024,0x2824,0x2845,0xff6e,0xff6e,0xff4e,0xff4e,0xff6e,0xff6e,0xff6e,0xff6e,0xff6e,0xff6e,0xff4e,0xff6e,0xff4e,0xef0f,
    0x2004,0x2024,0xef2e,0xff6e,0xff6e,0xff4e,0xff4e,0xf72f,0x1003,0x0801,0xff4e,0xff4d,0x2824,0x3006,0x0000,0x0000,0x0000,0x0000,0x0000,0x0000,0x0000,0x0000,0x0000,0x0000,
    0x0000,0x0000,0x0000,0x0000,0x0000,0x0000,0x0000,0x0000,0x0000,0x0000,0x0000,0x0000,0x0000,0x0000,0x0000,0x4828,0x69e4,0xff4d,0xff4e,0xff4e,0xff4e,0xff4e,0xff6e,0xff4e,
    0xff4e,0xff4e,0xff4e,0xff4e,0xff4e,0xff4e,0xffb1,0x2864,0x2885,0xff6e,0xff4e,0xff4e,0xff6e,0xff4e,0xff6e,0xff6e,0xff6e,0xff6e,0xff6e,0xff6e,0xff6e,0xff6e,0xff4e,0xff4e,
    0xff4e,0xff4e,0xff4d,0xff4e,0xff4e,0xff6e,0xff4e,0xff4d,0x50a4,0x3025,0xff4e,0xff4e,0xf730,0x2825,0x2004,0x0000,0x0000,0x0000,0x0000,0x0000,0x0000,0x0000,0x0000,0x0000,
    0x0000,0x0000,0x0000,0x0000,0x0000,0x0000,0x0000,0x0000,0x0000,0x0000,0x0000,0x0000,0x0000,0x0000,0x4809,0x2025,0xf70e,0xff6e,0xff6e,0xff6e,0xff6e,0xff6e,0xff6e,0xff4e,
    0xff6e,0xff6e,0xfcd1,0xfcd1,0xfcd1,0xfd11,0xff4e,0xff4e,0xff4e,0xff4e,0xff4e,0xff4e,0xff4e,0xff4e,0xff6e,0xff6e,0xf72e,0xf70f,0xff2f,0xff6e,0xff4e,0xff6e,0xff4e,0xff4e,
    0xff4e,0xff4e,0xff4e,0xfc33,0xfc72,0xfc72,0xfc72,0xff2e,0xff4d,0x0801,0x2023,0xff4e,0xff4e,0x2824,0x2004,0x0000,0x0000,0x0000,0x0000,0x0000,0x0000,0x0000,0x0000,0x0000,
    0x0000,0x0000,0x0000,0x0000,0x0000,0x0000,0x0000,0x0000,0x0000,0x0000,0x0000,0x0000,0x0000,0x0000,0x3806,0x2004,0xf70e,0xff4e,0xff6e,0xff6e,0xff6e,0xff4e,0xff4e,0xff4e,
    0xff6e,0xfe50,0xfc52,0xfc52,0xfc52,0xfc53,0xfe70,0xff4e,0xff4e,0xff4e,0xff4e,0xff6e,0xff4e,0xff6e,0xff4e,0xffb0,0x1804,0x2003,0x3924,0xff4d,0xff4e,0xff6e,0xff4e,0xff4e,
    0xff4e,0xff4e,0xfc52,0xfc33,0xfc52,0xfc52,0xfc52,0xfc53,0xff4e,0x0002,0x2024,0xff4e,0xff4e,0xffef,0x2825,0x2005,0x0000,0x0000,0x0000,0x0000,0x0000,0x0000,0x0000,0x0000,
    0x0000,0x0000,0x0000,0x0000,0x0000,0x0000,0x0000,0x0000,0x0000,0x0000,0x0000,0x0000,0x0000,0x0801,0x2004,0xeece,0xff4e,0xff4e,0xff6e,0xff4e,0xff6e,0xff4e,0xff4e,0xff4e,
    0xff6e,0xfc52,0xfc52,0xfc52,0xfc52,0xfc52,0xfc13,0xff4e,0xff4e,0xff4e,0xff4e,0xff6e,0xff4e,0xff4e,0xff6e,0x3123,0x1002,0xf3b1,0x2044,0xfff1,0xff6e,0xff6e,0xff4e,0xff4e,
    0xff4e,0xff4e,0xfc33,0xfc52,0xfc52,0xfc52,0xfc52,0xfc52,0xff6e,0x0802,0x2003,0xff4e,0xff4e,0xff2e,0x2044,0x2004,0x0000,0x0000,0x0000,0x0000,0x0000,0x0000,0x0000,0x0000,
    0x0000,0x0000,0x0000,0x0000,0x0000,0x0000,0x0000,0x0000,0x0000,0x0000,0x0000,0x0000,0x0000,0x1022,0x2805,0xf72f,0xff4e,0xff4e,0xff4e,0xff4e,0xff6e,0xff4e,0xff4e,0xff4e,
    0xff6e,0xfc52,0xfc53,0xfc52,0xfc53,0xfc52,0xfc33,0xff4e,0xff4e,0xff4e,0xff4e,0xff6e,0xff4e,0xff4e,0xff4e,0x20e3,0x0802,0xfc12,0x3066,0xfff2,0xff6e,0xff4e,0xff4e,0xff4e,
    0xff4e,0xff6e,0xfc72,0xfc52,0xfc52,0xfc53,0xfc52,0xfc52,0xff4e,0x0001,0xdda7,0xff4e,0xff4e,0xff4e,0x2844,0x2804,0x0000,0x0000,0x0000,0x0000,0x0000,0x0000,0x0000,0x0000,
    0x0000,0x0000,0x0000,0x0000,0x0000,0x0000,0x0000,0x0000,0x0000,0x0000,0x0000,0x0000,0x0000,0x0000,0x40a3,0xff2e,0xff4e,0xff6e,0xff4e,0xff4e,0xff6e,0xff4e,0xff4e,0xff4e,
    0xff6e,0xff2f,0xfc52,0xfc52,0xfc52,0xfc53,0xfed0,0xff4e,0xff4e,0xff4e,0xff4e,0xff4e,0xff6e,0xff6e,0xff6e,0xff6f,0x1002,0x2825,0x30e3,0xff8f,0xff4e,0xff6e,0xff6e,0xff4e,
    0xff6e,0xff4e,0xff4e,0xfc72,0xfc52,0xfc52,0xfc52,0xff2e,0xff4e,0xf4c2,0xff4d,0xff4d,0xff4e,0xfecd,0x2845,0x2805,0x0000,0x0000,0x0000,0x0000,0x0000,0x0000,0x0000,0x0000,
    0x0000,0x0000,0x0000,0x0000,0x0000,0x0000,0x0000,0x0000,0x0000,0x0000,0x0000,0x0000,0x2805,0x2024,0xcd06,0xff4f,0xff4e,0xff6e,0xff4e,0xff6e,0xff6e,0xff4e,0xff4e,0xff4e,
    0xff4e,0xff6e,0xfe51,0xfe50,0xfe31,0xfe12,0xff4e,0xff4e,0xff4e,0xff6e,0xff4e,0xff4e,0xff6e,0xff6e,0xff4e,0xff4e,0x944a,0x944a,0xa4eb,0xff4e,0xff4e,0xff4e,0xff4e,0xff6e,
    0xff6e,0xff4e,0xff6e,0xff4e,0xff4e,0xff4e,0xff4e,0xff4e,0xff4e,0xfdc5,0xff4c,0xff4e,0xff0d,0x72a7,0x1803,0x0000,0x0000,0x0000,0x0000,0x0000,0x0000,0x0000,0x0000,0x0000,
    0x0000,0x0000,0x0000,0x0000,0x0000,0x0000,0x0000,0x0000,0x0000,0x0000,0x0000,0x0000,0x2004,0x2885,0xff4e,0xff4e,0xff4e,0xff6e,0xff4e,0xff4e,0xff6e,0xff6e,0xff4e,0xff4e,
    0xff4e,0xff6e,0xff4e,0xff4e,0xff4e,0xff4e,0xff4e,0xff4e,0xff4e,0xff6e,0xff4e,0xff4e,0xff4e,0xff6e,0xff6e,0xff4e,0xff4e,0xff6e,0xff4e,0xff4e,0xff6e,0xff4e,0xff6e,0xff4e,
    0xff6e,0xff4e,0xff4e,0xff4e,0xff4e,0xff4e,0xff4e,0xff4e,0xff4e,0xff2d,0xff4d,0xff4e,0xfeac,0x2025,0x2805,0x0000,0x0000,0x0000,0x0000,0x0000,0x0000,0x0000,0x0000,0x0000,
    0x0000,0x0000,0x0000,0x0000,0x0000,0x0000,0x0000,0x0000,0x0000,0x0000,0x1804,0x2805,0x8ba9,0xff4e,0xff4e,0xff4e,0xff6e,0xff6e,0xff4e,0xff6e,0xff6e,0xff4e,0xff6e,0xff6e,
    0xff4e,0xff6e,0xff6e,0xff4e,0xff6e,0xff4e,0xff4e,0xff6e,0xff6e,0xff4e,0xff4e,0xff6e,0xff4e,0xff4e,0xff6e,0xff4e,0xff4e,0xff4e,0xff4e,0xff4e,0xff4e,0xff6e,0xff6e,0xff6e,
    0xff4e,0xff6e,0xff6e,0xff6e,0xff6e,0xff6e,0xff4e,0xff4e,0xff4e,0xff4e,0xff4e,0xff2e,0xee2c,0x2024,0x2004,0x0000,0x0000,0x0000,0x0000,0x0000,0x0000,0x0000,0x0000,0x0000,
    0x0000,0x0000,0x0000,0x0000,0x0000,0x0000,0x0000,0x0000,0x0000,0x3007,0x1804,0x1823,0xff4e,0xff4e,0xff4e,0xff6e,0xff4e,0xff4e,0xff6e,0xff6e,0xff6e,0xff4e,0xff4e,0xff4e,
    0xff4e,0xff4e,0xff4e,0xff4e,0xff6e,0xff6e,0xff6e,0xff6e,0xff4e,0xff6e,0xff4e,0xff4e,0xff4e,0xff4e,0xff4e,0xff4e,0xff4e,0xff4e,0xff4e,0xff4e,0xff6e,0xff4e,0xff6e,0xff6e,
    0xff6e,0xff4e,0xff4e,0xff6e,0xff4e,0xff4e,0xff4e,0xff4e,0xff4e,0xff4e,0xfe8d,0xfe4c,0x2804,0x2806,0x0000,0x0000,0x0000,0x0000,0x0000,0x0000,0x0000,0x0000,0x0000,0x0000,
    0x0000,0x0000,0x0000,0x0000,0x0000,0x0000,0x0000,0x0000,0x0000,0x2806,0x2043,0xff4d,0xff4e,0xff6e,0xff4e,0xff6e,0xff4e,0xff4e,0xff6e,0xff6e,0xff6e,0xff6e,0xff4e,0xff4e,
    0xff4e,0xff6e,0xff4e,0xff4e,0xff4e,0xff4e,0xff6e,0xff4e,0xff4e,0xff4e,0xff4e,0xff4e,0xff4e,0xff4e,0xff4e,0xff4e,0xff6e,0xff6e,0xff6e,0xff4e,0xff6e,0xff6e,0xff6e,0xff6e,
    0xff4e,0xff4e,0xff4e,0xff4e,0xff4e,0xff4e,0xff4e,0xff4e,0xff6e,0xfe6d,0xfe8d,0x1003,0x1803,0x2004,0x0000,0x0000,0x0000,0x0000,0x0000,0x0000,0x0000,0x0000,0x0000,0x0000,
    0x0000,0x0000,0x0000,0x0000,0x0000,0x0000,0x0000,0x0000,0x1003,0x1823,0xde4d,0xff4e,0xff4e,0xff4e,0xff4e,0xff6e,0xfecd,0xff4e,0xff6e,0xff4e,0xff4e,0xff6e,0xff6e,0xff6e,
    0xff4e,0xff6e,0xff4e,0xff6e,0xff6e,0xff4e,0xff6e,0xff4e,0xff6e,0xff6e,0xff6e,0xff4e,0xff4e,0xff4e,0xff4e,0xff6e,0xff4e,0xff4e,0xff6e,0xff6e,0xff4e,0xff6e,0xff6e,0xff6e,
    0xff4e,0xff6e,0xff4e,0xff4e,0xff6e,0xff4e,0xff6e,0xff4e,0xff6e,0xfe2a,0x1805,0x2805,0x2024,0x0000,0x0000,0x0000,0x0000,0x0000,0x0000,0x0000,0x0000,0x0000,0x0000,0x0000,
    0x0000,0x0000,0x0000,0x0000,0x0000,0x0000,0x0000,0x0000,0x2004,0x3045,0xff6e,0xff4e,0xff4e,0xff6e,0xff4e,0xff2d,0xfda2,0xff4e,0xff4e,0xff4e,0xff4e,0xff4e,0xff4e,0xff4e,
    0xff4e,0xff6e,0xff4e,0xff4e,0xff6e,0xff6e,0xff4e,0xff6e,0xff4e,0xff4e,0xff4e,0xff4e,0xff4e,0xff4e,0xff6e,0xff4e,0xff4e,0xff4e,0xff4e,0xff4e,0xff4e,0xff4e,0xff4e,0xff6e,
    0xff6e,0xff6e,0xff6e,0xff4e,0xff6e,0xff4e,0xff4e,0xff4e,0xffef,0x2004,0x2004,0x482b,0x0000,0x0000,0x0000,0x0000,0x0000,0x0000,0x0000,0x0000,0x0000,0x0000,0x0000,0x0000,
    0x0000,0x0000,0x0000,0x0000,0x0000,0x0000,0x0000,0x0000,0x2825,0x2043,0xff4e,0xff4e,0xff4e,0xff4d,0xfeec,0xfe6a,0xfd80,0xff4d,0xff6e,0xff4e,0xff6e,0xff6e,0xff6e,0xff4e,
    0xff6e,0xff6e,0xff4e,0xff6e,0xff4e,0xff4e,0xff4e,0xff4e,0xff4e,0xff4e,0xff4e,0xff4e,0xff6e,0xff4e,0xff6e,0xff4e,0xff4e,0xff4e,0xff4e,0xff6e,0xff4e,0xff4e,0xff4e,0xff6e,
    0xff4e,0xff4e,0xff4e,0xff6e,0xff6e,0xff4e,0xff4e,0xff4e,0xffee,0x2804,0x0000,0x0000,0x0000,0x0000,0x0000,0x0000,0x0000,0x0000,0x0000,0x0000,0x0000,0x0000,0x0000,0x0000,
    0x0000,0x0000,0x0000,0x0000,0x0000,0x0000,0x0000,0x0000,0x2004,0x2825,0xf64d,0xff0d,0xff2e,0xfeab,0xedc8,0x2824,0xfff0,0xff4e,0xff4e,0xff6e,0xff4e,0xff6e,0xff6e,0xff4e,
    0xff6e,0xff4e,0xff6e,0xff6e,0xff4e,0xff4e,0xff6e,0xff4e,0xff4e,0xff4e,0xff4e,0xff4e,0xff6e,0xff4e,0xff4e,0xff4e,0xff4e,0xff4e,0xff4e,0xff4e,0xff4e,0xff4e,0xff4e,0xff4e,
    0xff4e,0xff4e,0xff4e,0xff6e,0xff4e,0xff4e,0xff4e,0xff4e,0xff8c,0x2825,0x0000,0x0000,0x0000,0x0000,0x0000,0x0000,0x0000,0x0000,0x0000,0x0000,0x0000,0x0000,0x0000,0x0000,
    0x0000,0x0000,0x0000,0x0000,0x0000,0x0000,0x0000,0x0000,0x0000,0x2805,0x2023,0xfead,0xfe8d,0xf607,0x1824,0x2825,0xfff0,0xff6e,0xff4e,0xff4e,0xff6e,0xff6e,0xff4e,0xff4e,
    0xff6e,0xff4e,0xff4e,0xff4e,0xff6e,0xff4e,0xff4e,0xff4e,0xff4e,0xff4e,0xff4e,0xff6e,0xff4e,0xff4e,0xff4e,0xff4e,0xff4e,0xff4e,0xff6e,0xff4e,0xff6e,0xff6e,0xff4e,0xff4e,
    0xff4e,0xff4e,0xff4e,0xff6e,0xff6e,0xff4e,0xff4e,0xfecd,0xff6d,0x2825,0x0000,0x0000,0x0000,0x0000,0x0000,0x0000,0x0000,0x0000,0x0000,0x0000,0x0000,0x0000,0x0000,0x0000,
    0x0000,0x0000,0x0000,0x0000,0x0000,0x0000,0x0000,0x0000,0x0000,0x600c,0x2805,0x2825,0x2825,0x2825,0x2824,0xfe4c,0xff4e,0xff4e,0xff6e,0xff4e,0xff6e,0xff6e,0xff4e,0xff4e,
    0xff4e,0xff4e,0xff4e,0xff6e,0xff4e,0xff4e,0xff6e,0xff6e,0xff4e,0xff4e,0xff4e,0xff6e,0xff4e,0xff4e,0xff4e,0xff4e,0xff6e,0xff6e,0xff4e,0xff4e,0xff4e,0xff6e,0xff6e,0xff4e,
    0xff4e,0xff6e,0xff4e,0xff4e,0xff4e,0xff6e,0xff4e,0xfe2a,0xfeaa,0x1803,0x0000,0x0000,0x0000,0x0000,0x0000,0x0000,0x0000,0x0000,0x0000,0x0000,0x0000,0x0000,0x0000,0x0000,
    0x0000,0x0000,0x0000,0x0000,0x0000,0x0000,0x0000,0x0000,0x0000,0x0000,0x1003,0x0002,0x1804,0x3006,0x3046,0xfe8d,0xff4e,0xff4e,0xff4e,0xff6e,0xff6e,0xff6e,0xff6e,0xff4e,
    0xff4e,0xff6e,0xff6e,0xff6e,0xff4e,0xff4e,0xff6e,0xff6e,0xff4e,0xff6e,0xff4e,0xff4e,0xff6e,0xff4e,0xff6e,0xff6e,0xff4e,0xff4e,0xff6e,0xff6e,0xff6e,0xff6e,0xff4e,0xff4e,
    0xff4e,0xff6e,0xff6e,0xff4e,0xff4e,0xff4e,0xfe6d,0x7aa8,0x2024,0x0000,0x0000,0x0000,0x0000,0x0000,0x0000,0x0000,0x0000,0x0000,0x0000,0x0000,0x0000,0x0000,0x0000,0x0000,
    0x0000,0x0000,0x0000,0x0000,0x0000,0x0000,0x0000,0x0000,0x0000,0x0000,0x0000,0x0000,0x0000,0x2025,0x2024,0xfe6c,0xfe6d,0xff4e,0xff4e,0xff6e,0xff4e,0xff4e,0xff6e,0xff6e,
    0xff6e,0xff6e,0xff4e,0xff4e,0xff4e,0xff6e,0xff4e,0xff4e,0xff4e,0xff6e,0xff6e,0xff6e,0xff4e,0xff4e,0xff4e,0xff4e,0xff6e,0xff4e,0xff6e,0xff6e,0xff4e,0xff4e,0xff4e,0xff6e,
    0xff4e,0xff4e,0xff4e,0xff4e,0xff4e,0xfe6d,0xf64c,0x72c7,0x2004,0x0000,0x0000,0x0000,0x0000,0x0000,0x0000,0x0000,0x0000,0x0000,0x0000,0x0000,0x0000,0x0000,0x0000,0x0000,
    0x0000,0x0000,0x0000,0x0000,0x0000,0x0000,0x0000,0x0000,0x0000,0x0000,0x0000,0x0000,0x0000,0x2024,0x2825,0xfead,0xfe4c,0xff4e,0xff6e,0xff6e,0xff4e,0xff4e,0xff6e,0xff4e,
    0xff4e,0xff6e,0xff4e,0xff6e,0xff6e,0xff4e,0xff4e,0xff6e,0xff6e,0xff4e,0xff6e,0xff6e,0xff6e,0xff6e,0xff4e,0xff6e,0xff4e,0xff6e,0xff4e,0xff4e,0xff4e,0xff4e,0xff4e,0xff6e,
    0xff4e,0xff4e,0xff4e,0xff4e,0xfe4c,0xfe4b,0x1843,0x2805,0x0000,0x0000,0x0000,0x0000,0x0000,0x0000,0x0000,0x0000,0x0000,0x0000,0x0000,0x0000,0x0000,0x0000,0x0000,0x0000,
    0x0000,0x0000,0x0000,0x0000,0x0000,0x0000,0x0000,0x0000,0x0000,0x0000,0x0000,0x0000,0x0000,0x0000,0x2024,0x2025,0xfe4c,0xfe6c,0xff4e,0xff4e,0xff4e,0xff6e,0xff4e,0xff4e,
    0xff4e,0xff4e,0xff6e,0xff4e,0xff6e,0xff4e,0xff4e,0xff6e,0xff4e,0xff4e,0xff4e,0xff4e,0xff4e,0xff4e,0xff4e,0xff4e,0xff6e,0xff6e,0xff4e,0xff4e,0xff4e,0xff4e,0xff4e,0xff4e,
    0xff4e,0xff4e,0xff4e,0xfe6d,0xfe6c,0x0802,0x1803,0x2024,0x0000,0x0000,0x0000,0x0000,0x0000,0x0000,0x0000,0x0000,0x0000,0x0000,0x0000,0x0000,0x0000,0x0000,0x0000,0x0000,
    0x0000,0x0000,0x0000,0x0000,0x0000,0x0000,0x0000,0x0000,0x0000,0x0000,0x0000,0x0000,0x0000,0x0000,0x2024,0x2824,0x2805,0xfe6d,0xfe4c,0xfeac,0xff0e,0xff0e,0xff4e,0xff4e,
    0xff4e,0xff4e,0xff6e,0xff6e,0xff4e,0xff4e,0xff6e,0xff6e,0xff6e,0xff4e,0xff6e,0xff6e,0xff6e,0xff4e,0xff4e,0xff4e,0xff4e,0xff6e,0xff4e,0xff4e,0xff4e,0xff6e,0xff4e,0xff0d,
    0xff0e,0xfe4c,0xfe4c,0xfe6c,0x2004,0x2806,0x2004,0x0000,0x0000,0x0000,0x0000,0x0000,0x0000,0x0000,0x0000,0x0000,0x0000,0x0000,0x0000,0x0000,0x0000,0x0000,0x0000,0x0000,
    0x0000,0x0000,0x0000,0x0000,0x0000,0x0000,0x0000,0x0000,0x0000,0x0000,0x0000,0x0000,0x0000,0x0000,0x0000,0x702e,0x2004,0x1003,0x1804,0xfdc6,0xfe6c,0xfe6c,0xff0e,0xff2e,
    0xff6e,0xff4e,0xff4e,0xff2e,0xff0e,0xff2e,0xff2e,0xff2e,0xff2e,0xff2e,0xff2e,0xff2e,0xff2e,0xff2e,0xff2e,0xff2e,0xff2e,0xff2e,0xff2e,0xff4e,0xff4e,0xff2d,0xff2e,0xfe6c,
    0xfe6c,0xfe6d,0x2024,0x1003,0x2004,0x2846,0x0000,0x0000,0x0000,0x0000,0x0000,0x0000,0x0000,0x0000,0x0000,0x0000,0x0000,0x0000,0x0000,0x0000,0x0000,0x0000,0x0000,0x0000,
    0x0000,0x0000,0x0000,0x0000,0x0000,0x0000,0x0000,0x0000,0x0000,0x0000,0x0000,0x0000,0x0000,0x0000,0x0000,0x0000,0x0000,0x2805,0x2805,0x30e4,0x3905,0xfdc4,0xfe8c,0xfe6d,
    0xfe8c,0xfead,0xfe8c,0xfe4c,0xfe4c,0xfe6c,0xfe6c,0xfe4c,0xfe4c,0xfe6c,0xfe4c,0xfe6c,0xfe4c,0xfe4c,0xfe6c,0xfe6c,0xfe4c,0xfe4c,0xfe6c,0xfe8c,0xfe8c,0xfe4c,0xfe6c,0xfdc4,
    0x28a3,0x2864,0x2805,0x2004,0x0000,0x0000,0x0000,0x0000,0x0000,0x0000,0x0000,0x0000,0x0000,0x0000,0x0000,0x0000,0x0000,0x0000,0x0000,0x0000,0x0000,0x0000,0x0000,0x0000,
    0x0000,0x0000,0x0000,0x0000,0x0000,0x0000,0x0000,0x0000,0x0000,0x0000,0x0000,0x0000,0x0000,0x0000,0x0000,0x0000,0x0000,0x4008,0x2825,0x2004,0x2822,0xfda4,0xfe8c,0xfead,
    0xfe6c,0xfe6c,0xfe8c,0xfead,0xfecc,0xfeac,0xfeac,0xfead,0xfeac,0xfe6c,0xfe8c,0xf68c,0xfe8c,0xfecd,0xfecd,0xfecd,0xfecd,0xfeee,0xfe6b,0xfe6c,0xfe8d,0xfe4c,0xfe8c,0xfd81,
    0x1802,0x2004,0x2805,0x3808,0x0000,0x0000,0x0000,0x0000,0x0000,0x0000,0x0000,0x0000,0x0000,0x0000,0x0000,0x0000,0x0000,0x0000,0x0000,0x0000,0x0000,0x0000,0x0000,0x0000,
    0x0000,0x0000,0x0000,0x0000,0x0000,0x0000,0x0000,0x0000,0x0000,0x0000,0x0000,0x0000,0x0000,0x0000,0x0000,0x0000,0x0000,0x0000,0x2805,0x2844,0xfeec,0xff4e,0xff4e,0xff2e,
    0xff4d,0xfd60,0xf581,0x2004,0x2004,0x2024,0x2024,0x2824,0x2004,0x2004,0x2024,0x2004,0x2004,0x2004,0x2004,0x2004,0x2824,0x2825,0xdca2,0xfd80,0xff2d,0xff4e,0xff2e,0xff4d,
    0xfe6b,0x2004,0x2805,0x0000,0x0000,0x0000,0x0000,0x0000,0x0000,0x0000,0x0000,0x0000,0x0000,0x0000,0x0000,0x0000,0x0000,0x0000,0x0000,0x0000,0x0000,0x0000,0x0000,0x0000,
    0x0000,0x0000,0x0000,0x0000,0x0000,0x0000,0x0000,0x0000,0x0000,0x0000,0x0000,0x0000,0x0000,0x0000,0x0000,0x0000,0x0000,0x0000,0x2805,0x2845,0xf4e1,0xff6e,0xff4e,0xff4e,
    0xff0e,0x1004,0x0804,0x2005,0x0000,0x0000,0x0000,0x0000,0x0000,0x0000,0x0000,0x0000,0x0000,0x0000,0x0000,0x0000,0x0000,0x1001,0x1805,0x2005,0xfe4b,0xff4e,0xff4e,0xff4d,
    0xf501,0x2804,0x2005,0x0000,0x0000,0x0000,0x0000,0x0000,0x0000,0x0000,0x0000,0x0000,0x0000,0x0000,0x0000,0x0000,0x0000,0x0000,0x0000,0x0000,0x0000,0x0000,0x0000,0x0000,
    0x0000,0x0000,0x0000,0x0000,0x0000,0x0000,0x0000,0x0000,0x0000,0x0000,0x0000,0x0000,0x0000,0x0000,0x0000,0x0000,0x0000,0x0000,0x2024,0x2826,0x3026,0x1824,0x2024,0x2825,
    0x2024,0x2805,0x2024,0x3027,0x0000,0x0000,0x0000,0x0000,0x0000,0x0000,0x0000,0x0000,0x0000,0x0000,0x0000,0x0000,0x0000,0x1001,0x2826,0x3026,0x2024,0x1823,0x2025,0x3026,
    0x1803,0x3026,0x2025,0x0000,0x0000,0x0000,0x0000,0x0000,0x0000,0x0000,0x0000,0x0000,0x0000,0x0000,0x0000,0x0000,0x0000,0x0000,0x0000,0x0000,0x0000,0x0000,0x0000,0x0000,
    0x0000,0x0000,0x0000,0x0000,0x0000,0x0000,0x0000,0x0000,0x0000,0x0000,0x0000,0x0000,0x0000,0x0000,0x0000,0x0000,0x0000,0x0000,0x0000,0x0000,0x2805,0x2004,0x2805,0x2805,
    0x2004,0x2004,0x2806,0x0000,0x0000,0x0000,0x0000,0x0000,0x0000,0x0000,0x0000,0x0000,0x0000,0x0000,0x0000,0x0000,0x0000,0x0000,0x0000,0x2825,0x2004,0x2805,0x2805,0x2805,
    0x2805,0x0000,0x0000,0x0000,0x0000,0x0000,0x0000,0x0000,0x0000,0x0000,0x0000,0x0000,0x0000,0x0000,0x0000,0x0000,0x0000,0x0000,0x0000,0x0000,0x0000,0x0000,0x0000,0x0000,
    0x0000,0x0000,0x0000,0x0000,0x0000,0x0000,0x0000,0x0000,0x0000,0x0000,0x0000,0x0000,0x0000,0x0000,0x0000,0x0000,0x0000,0x0000,0x0000,0x0000,0x0000,0x0000,0x0000,0x0000,
    0x0000,0x0000,0x0000,0x0000,0x0000,0x0000,0x0000,0x0000,0x0000,0x0000,0x0000,0x0000,0x0000,0x0000,0x0000,0x0000,0x0000,0x0000,0x0000,0x0000,0x0000,0x0000,0x0000,0x0000,
    0x0000,0x0000,0x0000,0x0000,0x0000,0x0000,0x0000,0x0000,0x0000,0x0000,0x0000,0x0000,0x0000,0x0000,0x0000,0x0000,0x0000,0x0000,0x0000,0x0000,0x0000,0x0000,0x0000,0x0000,
    0x0000,0x0000,0x0000,0x0000,0x0000,0x0000,0x0000,0x0000,0x0000,0x0000,0x0000,0x0000,0x0000,0x0000,0x0000,0x0000,0x0000,0x0000,0x0000,0x0000,0x0000,0x0000,0x0000,0x0000,
    0x0000,0x0000,0x0000,0x0000,0x0000,0x0000,0x0000,0x0000,0x0000,0x0000,0x0000,0x0000,0x0000,0x0000,0x0000,0x0000,0x0000,0x0000,0x0000,0x0000,0x0000,0x0000,0x0000,0x0000,
    0x0000,0x0000,0x0000,0x0000,0x0000,0x0000,0x0000,0x0000,0x0000,0x0000,0x0000,0x0000,0x0000,0x0000,0x0000,0x0000,0x0000,0x0000,0x0000,0x0000,0x0000,0x0000,0x0000,0x0000,
    0x0000,0x0000,0x0000,0x0000,0x0000,0x0000,0x0000,0x0000,0x0000,0x0000,0x0000,0x0000,0x0000,0x0000,0x0000,0x0000,0x0000,0x0000,0x0000,0x0000,0x0000,0x0000,0x0000,0x0000,
    0x0000,0x0000,0x0000,0x0000,0x0000,0x0000,0x0000,0x0000,0x0000,0x0000,0x0000,0x0000,0x0000,0x0000,0x0000,0x0000,0x0000,0x0000,0x0000,0x0000,0x0000,0x0000,0x0000,0x0000,
    0x0000,0x0000,0x0000,0x0000,0x0000,0x0000,0x0000,0x0000,0x0000,0x0000,0x0000,0x0000,0x0000,0x0000,0x0000,0x0000,0x0000,0x0000,0x0000,0x0000,0x0000,0x0000,0x0000,0x0000,
  },
  /* apple */ {
    0x0000,0x0000,0x0000,0x0000,0x0000,0x0000,0x0000,0x0000,0x0000,0x0000,0x0000,0x0000,0x0000,0x0000,0x0000,0x0000,0x0000,0x0000,0x0000,0x0000,0x0000,0x0000,0x0000,0x0000,
    0x0000,0x0000,0x0000,0x0000,0x0000,0x0000,0x0000,0x0000,0x0000,0x0000,0x0000,0x0000,0x0000,0x0000,0x0000,0x0000,0x0000,0x0000,0x0000,0x0000,0x0000,0x0000,0x0000,0x0000,
    0x0000,0x0000,0x0000,0x0000,0x0000,0x0000,0x0000,0x0000,0x0000,0x0000,0x0000,0x0000,0x0000,0x0000,0x0000,0x0000,0x0000,0x0000,0x0000,0x0000,0x0000,0x0000,0x0000,0x0000,
    0x0000,0x0000,0x0000,0x0000,0x0000,0x0000,0x0000,0x0000,0x0000,0x0000,0x0000,0x0000,0x0000,0x0000,0x0000,0x0000,0x0000,0x0000,0x0000,0x0000,0x0000,0x0000,0x0000,0x0000,
    0x0000,0x0000,0x0000,0x0000,0x0000,0x0000,0x0000,0x0000,0x0000,0x0000,0x0000,0x0000,0x0000,0x0000,0x0000,0x0000,0x0000,0x0000,0x0000,0x0000,0x0000,0x0000,0x0000,0x0000,
    0x0000,0x0000,0x0000,0x0000,0x0000,0x0000,0x0000,0x0000,0x0000,0x0000,0x0000,0x0000,0x0000,0x0000,0x0000,0x0000,0x0000,0x0000,0x0000,0x0000,0x0000,0x0000,0x0000,0x0000,
    0x0000,0x0000,0x0000,0x0000,0x0000,0x0000,0x0000,0x0000,0x0000,0x0000,0x0000,0x0000,0x0000,0x0000,0x0000,0x0000,0x0000,0x0000,0x0000,0x0000,0x0000,0x0000,0x0000,0x0000,
    0x0000,0x0000,0x0000,0x0000,0x0000,0x0000,0x0000,0x0000,0x0000,0x0000,0x0000,0x0000,0x0000,0x0000,0x0000,0x0000,0x0000,0x0000,0x0000,0x0000,0x0000,0x0000,0x0000,0x0000,
    0x0000,0x0000,0x0000,0x0000,0x0000,0x0000,0x0000,0x0000,0x0000,0x0000,0x0000,0x0000,0x0000,0x0000,0x0000,0x0000,0x0000,0x0000,0x0000,0x0000,0x0000,0x0000,0x0000,0x0000,
    0x0000,0x0000,0x0000,0x0000,0x0000,0x0000,0x0000,0x0000,0x0000,0x0000,0x0000,0x0000,0x0000,0x0000,0x0000,0x0000,0x0000,0x0000,0x0000,0x0000,0x0000,0x0000,0x0000,0x0000,
    0x0000,0x0000,0x0000,0x0000,0x0000,0x0000,0x0000,0x0000,0x0000,0x0000,0x0000,0x0000,0x0000,0x0000,0x0000,0x0000,0x0000,0x0000,0x0000,0x0000,0x0000,0x0000,0x0000,0x0000,
    0x0000,0x0000,0x0000,0x0000,0x0000,0x0000,0x0000,0x0000,0x0000,0x0000,0x0000,0x0000,0x0000,0x0000,0x0000,0x0000,0x0000,0x0000,0x0000,0x0000,0x0000,0x0000,0x0000,0x0000,
    0x0000,0x0000,0x0000,0x0000,0x0000,0x0000,0x0000,0x0000,0x0000,0x0000,0x0000,0x0000,0x0000,0x0000,0x0000,0x0000,0x0000,0x0000,0x0000,0x0000,0x0000,0x0000,0x0000,0x0000,
    0x0000,0x0000,0x0000,0x0000,0x0000,0x0000,0x0000,0x0000,0x0000,0x0000,0x0000,0x0000,0x0000,0x0000,0x0000,0x0000,0x0000,0x0000,0x0000,0x0000,0x0000,0x0000,0x0000,0x0000,
    0x0000,0x0000,0x0000,0x0000,0x0000,0x0000,0x0000,0x0000,0x0000,0x0000,0x0000,0x0000,0x0000,0x0000,0x0000,0x0000,0x0000,0x0000,0x0000,0x0000,0x0000,0x0000,0x0000,0x0000,
    0x0000,0x0000,0x0000,0x0000,0x0000,0x0000,0x0000,0x0000,0x0000,0x0000,0x0000,0x0000,0x0000,0x0000,0x0000,0x0000,0x0000,0x0000,0x0000,0x0000,0x0000,0x0000,0x0000,0x0000,
    0x0000,0x0000,0x0000,0x0000,0x0000,0x0000,0x0000,0x0000,0x0000,0x0000,0x0000,0x0000,0x0000,0x0000,0x0000,0x0000,0x0000,0x0000,0x0000,0x0000,0x0000,0x0000,0x0000,0x0000,
    0x0000,0x0000,0x0000,0x0000,0x0000,0x0000,0x0000,0x0000,0x0000,0x0000,0x0000,0x0000,0x0000,0x0000,0x0000,0x0000,0x0000,0x0000,0x0000,0x0000,0x0000,0x0000,0x0000,0x0000,
    0x0000,0x0000,0x0000,0x0000,0x0000,0x0000,0x0000,0x0000,0x0000,0x0000,0x0000,0x0000,0x0000,0x0000,0x0000,0x0000,0x0000,0x0000,0x0000,0x0000,0x0000,0x0000,0x0000,0x0000,
    0x0000,0x0000,0x0000,0x0000,0x0000,0x0000,0x0000,0x0000,0x0000,0x0000,0x0000,0x0000,0x0000,0x0000,0x0000,0x0000,0x0000,0x0000,0x0000,0x0000,0x0000,0x0000,0x0000,0x0000,
    0x0000,0x0000,0x0000,0x0000,0x0000,0x0000,0x0000,0x0000,0x0000,0x0000,0x0000,0x0000,0x0000,0x0000,0x0000,0x0000,0x0000,0x0000,0x0000,0x0000,0x0000,0x0000,0x0000,0x0000,
    0x0000,0x0000,0x0000,0x0000,0x0000,0x0000,0x0000,0x0000,0x0000,0x0000,0x0000,0x0000,0x0000,0x0000,0x0000,0x0000,0x0000,0x0000,0x0000,0x0000,0x0000,0x0000,0x0000,0x0000,
    0x0000,0x0000,0x0000,0x0000,0x0000,0x0000,0x0000,0x0000,0x0000,0x0000,0x0000,0x0000,0x0000,0x0000,0x0000,0x0000,0x0000,0x0000,0x0000,0x0000,0x0000,0x0000,0x0000,0x0000,
    0x0000,0x0000,0x0000,0x0000,0x0000,0x0000,0x0000,0x0000,0x0000,0x0000,0x0000,0x0000,0x0000,0x0000,0x0000,0x0000,0x0000,0x0000,0x0000,0x0000,0x0000,0x0000,0x0000,0x0000,
    0x0000,0x0000,0x0000,0x0000,0x0000,0x0000,0x0000,0x0000,0x0000,0x0000,0x0000,0x0000,0x0000,0x0000,0x0000,0x0000,0x0000,0x0000,0x0000,0x0000,0x0000,0x0000,0x0000,0x0000,
    0x0000,0x0000,0x0000,0x0000,0x0000,0x0000,0x0000,0x0000,0x0000,0x0000,0x0000,0x0000,0x0000,0x0000,0x0000,0x0000,0x0000,0x0000,0x0000,0x0000,0x0000,0x0000,0x0000,0x0000,
    0x0000,0x0000,0x0000,0x0000,0x0000,0x0000,0x0000,0x0000,0x0000,0x0000,0x0000,0x0000,0x0000,0x0000,0x0000,0x0000,0x0000,0x0000,0x0000,0x0000,0x0000,0x0000,0x0000,0x0000,
    0x0000,0x0000,0x0000,0x0000,0x0000,0x0000,0x0000,0x0000,0x0000,0x0000,0x0000,0x0000,0x0000,0x0000,0x0000,0x0000,0x0000,0x0000,0x0000,0x0000,0x0000,0x0000,0x0000,0x0000,
    0x0000,0x0000,0x0000,0x0000,0x0000,0x0000,0x0000,0x0000,0x0000,0x0000,0x0000,0x0000,0x0000,0x0000,0x0000,0x0000,0x0000,0x0000,0x0000,0x0000,0x0000,0x0000,0x0000,0x0000,
    0x0000,0x0000,0x0000,0x0000,0x0000,0x0000,0x0000,0x0000,0x0000,0x0000,0x0000,0x0000,0x0000,0x0000,0x0000,0x0000,0x0000,0x0000,0x0000,0x0000,0x0000,0x0000,0x0000,0x0000,
    0x0000,0x0000,0x0000,0x0000,0x0000,0x0000,0x0000,0x0000,0x0000,0x0000,0x0000,0x0000,0x0000,0x0000,0x0000,0x0000,0x0000,0x0000,0x0000,0x0000,0x0000,0x0000,0x0000,0x0000,
    0x0000,0x0000,0x0000,0x0000,0x0000,0x0000,0x0000,0x0000,0x0000,0x0000,0x0000,0x0000,0x0000,0x0000,0x0000,0x0000,0x0000,0x0000,0x0000,0x0000,0x0000,0x0000,0x0000,0x0000,
    0x0000,0x0000,0x0000,0x0000,0x0000,0x0000,0x0000,0x0000,0x0000,0x0000,0x0000,0x0000,0x0000,0x0000,0x0000,0x0000,0x0000,0x0000,0x0000,0x0000,0x0000,0x0000,0x0000,0x0000,
    0x0000,0x0000,0x0000,0x0000,0x0000,0x0000,0x0000,0x0000,0x0000,0x0000,0x0000,0x0000,0x0000,0x0000,0x0000,0x0000,0x0000,0x0000,0x0000,0x0000,0x0000,0x0000,0x0000,0x0000,
    0x0000,0x0000,0x0000,0x0000,0x0000,0x0000,0x0000,0x0000,0x0000,0x0000,0x0000,0x0000,0x0000,0x0000,0x0000,0x0000,0x0000,0x0000,0x0000,0x0000,0x0000,0x0000,0x0000,0x0000,
    0x0000,0x0000,0x0000,0x0000,0x0000,0x0000,0x0000,0x0000,0x0000,0x0000,0x0000,0x0000,0x0000,0x0000,0x0000,0x0000,0x0000,0x0000,0x0000,0x0000,0x0000,0x0000,0x0000,0x0000,
    0x0000,0x0000,0x0000,0x0000,0x0000,0x0000,0x0000,0x0000,0x0000,0x0000,0x0000,0x0000,0x0000,0x0000,0x0000,0x0000,0x0000,0x0000,0x0000,0x0000,0x0000,0x0000,0x0000,0x0000,
    0x0000,0x0000,0x0000,0x0000,0x0000,0x0000,0x0000,0x0000,0x0000,0x0000,0x0000,0x0000,0x0000,0x0000,0x0000,0x0000,0x0000,0x0000,0x0000,0x0000,0x0000,0x0000,0x0000,0x0000,
    0x0000,0x0000,0x0000,0x0000,0x0000,0x0000,0x0000,0x0000,0x0000,0x0000,0x0000,0x0000,0x0000,0x0000,0x0000,0x0000,0x0000,0x0000,0x0000,0x0000,0x0000,0x0000,0x0000,0x0000,
    0x0000,0x0000,0x0000,0x0000,0x0000,0x0000,0x0000,0x0000,0x0000,0x0000,0x0000,0x0000,0x0000,0x0000,0x0000,0x0000,0x0000,0x0000,0x0000,0x0000,0x0000,0x0000,0x0000,0x0000,
    0x0000,0x0000,0x0000,0x0000,0x0000,0x0000,0x0000,0x0000,0x0000,0x0000,0x0000,0x0000,0x0000,0x0000,0x0000,0x0000,0x0000,0x2003,0x2004,0x2805,0x2004,0x2003,0x2804,0x2003,
    0x2004,0x2004,0x0802,0x0000,0x0000,0x0000,0x0000,0x0000,0x0000,0x0000,0x0000,0x0000,0x0000,0x0000,0x0000,0x0000,0x0000,0x0000,0x0000,0x0000,0x0000,0x0000,0x0000,0x0000,
    0x0000,0x0000,0x0000,0x0000,0x0000,0x0000,0x0000,0x0000,0x0000,0x0000,0x0000,0x0000,0x0000,0x0000,0x0000,0x0000,0x0000,0x0000,0x0000,0x0000,0x0000,0x0000,0x0000,0x0000,
    0x0000,0x0000,0x0000,0x0000,0x0000,0x0000,0x0000,0x0000,0x0000,0x0000,0x0000,0x0000,0x0000,0x0000,0x0000,0x0000,0x2805,0x1803,0x2023,0x2143,0x2123,0x2163,0x2164,0x2164,
    0x1123,0x2003,0x0801,0x0000,0x0000,0x0000,0x0000,0x0000,0x0000,0x0000,0x0000,0x0000,0x0000,0x0000,0x0000,0x0000,0x0000,0x0000,0x0000,0x0000,0x0000,0x0000,0x0000,0x0000,
    0x0000,0x0000,0x0000,0x0000,0x0000,0x0000,0x0000,0x0000,0x0000,0x0000,0x0000,0x0000,0x0000,0x0000,0x0000,0x0000,0x0000,0x0000,0x0000,0x0000,0x0000,0x0000,0x0000,0x0000,
    0x0000,0x0000,0x0000,0x0000,0x0000,0x0000,0x0000,0x0000,0x0000,0x0000,0x0000,0x0000,0x0000,0x0000,0x2004,0x2004,0x2805,0x66cc,0x66cc,0x5e6b,0x664b,0x666b,0x664b,0x664b,
    0x6f0c,0x2004,0x1002,0x0000,0x0000,0x0000,0x0000,0x0000,0x0000,0x0000,0x0000,0x0000,0x0000,0x0000,0x0000,0x0000,0x0000,0x0000,0x0000,0x0000,0x0000,0x0000,0x0000,0x0000,
    0x0000,0x0000,0x0000,0x0000,0x0000,0x0000,0x0000,0x0000,0x0000,0x0000,0x0000,0x0000,0x0000,0x0000,0x0000,0x0000,0x0000,0x0000,0x0000,0x0000,0x0000,0x0000,0x0000,0x0000,
    0x0000,0x0000,0x0000,0x0000,0x0000,0x3006,0x2805,0x2004,0x1803,0x2805,0x0000,0x0000,0x0000,0x0000,0x2804,0x1022,0x666b,0x666b,0x666b,0x666b,0x666b,0x666b,0x666b,0x666b,
    0x670c,0x2003,0x0000,0x0000,0x0000,0x0000,0x0000,0x0000,0x0000,0x0000,0x0000,0x0000,0x0000,0x0000,0x0000,0x0000,0x0000,0x0000,0x0000,0x0000,0x0000,0x0000,0x0000,0x0000,
    0x0000,0x0000,0x0000,0x0000,0x0000,0x0000,0x0000,0x0000,0x0000,0x0000,0x0000,0x0000,0x0000,0x0000,0x0000,0x0000,0x0000,0x0000,0x0000,0x0000,0x0000,0x0000,0x0000,0x0000,
    0x0000,0x0000,0x0000,0x0000,0x480a,0x2004,0x2003,0x2804,0x2003,0x1803,0x2004,0x2004,0x0000,0x1803,0x2024,0x666b,0x666b,0x666b,0x666c,0x6e4b,0x2dc9,0x5e6b,0x666b,0x5e6b,
    0x672c,0x2004,0x1002,0x0000,0x0000,0x0000,0x0000,0x0000,0x0000,0x0000,0x0000,0x0000,0x0000,0x0000,0x0000,0x0000,0x0000,0x0000,0x0000,0x0000,0x0000,0x0000,0x0000,0x0000,
    0x0000,0x0000,0x0000,0x0000,0x0000,0x0000,0x0000,0x0000,0x0000,0x0000,0x0000,0x0000,0x0000,0x0000,0x0000,0x0000,0x0000,0x0000,0x0000,0x0000,0x0000,0x0000,0x0000,0x0000,
    0x0000,0x0000,0x0000,0x0000,0x3808,0x2004,0x1042,0x5e6b,0x666b,0x668c,0x2024,0x1803,0x0001,0x1002,0x66eb,0x666c,0x666b,0x5e6c,0x2daa,0x668b,0x666b,0x666b,0x5e6b,0x4e0a,
    0x2805,0x2805,0x882f,0x0000,0x0000,0x0000,0x0000,0x0000,0x0000,0x0000,0x0000,0x0000,0x0000,0x0000,0x0000,0x0000,0x0000,0x0000,0x0000,0x0000,0x0000,0x0000,0x0000,0x0000,
    0x0000,0x0000,0x0000,0x0000,0x0000,0x0000,0x0000,0x0000,0x0000,0x0000,0x0000,0x0000,0x0000,0x0000,0x0000,0x0000,0x0000,0x0000,0x0000,0x0000,0x0000,0x0000,0x0000,0x0000,
    0x0000,0x0000,0x0000,0x0000,0x3809,0x2004,0x1043,0x5e6b,0x666b,0x666b,0x566b,0x1823,0x2804,0x2023,0x5e4b,0x666b,0x5e6b,0x2d49,0x666b,0x666b,0x666c,0x668c,0x460a,0x1803,
    0x1803,0x1002,0x0000,0x0000,0x0000,0x0000,0x0000,0x0000,0x0000,0x0000,0x0000,0x0000,0x0000,0x0000,0x0000,0x0000,0x0000,0x0000,0x0000,0x0000,0x0000,0x0000,0x0000,0x0000,
    0x0000,0x0000,0x0000,0x0000,0x0000,0x0000,0x0000,0x0000,0x0000,0x0000,0x0000,0x0000,0x0000,0x0000,0x0000,0x0000,0x0000,0x0000,0x0000,0x0000,0x0000,0x0000,0x0000,0x0000,
    0x0000,0x0000,0x0000,0x0000,0x3808,0x1803,0x1022,0x666b,0x666c,0x5e2b,0x666c,0x5e8b,0x2004,0x1002,0x5e4b,0x5e6c,0x2dcb,0x6e8d,0x668b,0x5e4b,0x1b66,0x1942,0x2825,0x2805,
    0x4027,0x0000,0x0000,0x0000,0x0000,0x0000,0x0000,0x0000,0x0000,0x0000,0x0000,0x0000,0x0000,0x0000,0x0000,0x0000,0x0000,0x0000,0x0000,0x0000,0x0000,0x0000,0x0000,0x0000,
    0x0000,0x0000,0x0000,0x0000,0x0000,0x0000,0x0000,0x0000,0x0000,0x0000,0x0000,0x0000,0x0000,0x0000,0x0000,0x0000,0x0000,0x0000,0x0000,0x0000,0x0000,0x0000,0x0000,0x0000,
    0x0000,0x0000,0x0000,0x0000,0x3007,0x2003,0x2024,0x2044,0x3065,0x462b,0x666b,0x664b,0x1823,0x1823,0x668c,0x2d69,0x564b,0x3dcb,0x1923,0x2844,0x2023,0x2003,0x2004,0x0000,
    0x0000,0x0000,0x0000,0x0000,0x0000,0x0000,0x0000,0x0000,0x0000,0x0000,0x0000,0x0000,0x0000,0x0000,0x0000,0x0000,0x0000,0x0000,0x0000,0x0000,0x0000,0x0000,0x0000,0x0000,
    0x0000,0x0000,0x0000,0x0000,0x0000,0x0000,0x0000,0x0000,0x0000,0x0000,0x0000,0x0000,0x0000,0x0000,0x0000,0x0000,0x0000,0x0000,0x0000,0x0000,0x0000,0x0000,0x0000,0x0000,
    0x0000,0x0000,0x2004,0x2804,0x1803,0x2804,0x2024,0x1802,0x2023,0x25c9,0x2549,0x358a,0x2824,0x1843,0x2da9,0x2d69,0x2529,0x1823,0x2003,0x2824,0x2003,0x2003,0x0000,0x0000,
    0x0000,0x0000,0x0000,0x0000,0x0000,0x0000,0x0000,0x0000,0x0000,0x0000,0x0000,0x0000,0x0000,0x0000,0x0000,0x0000,0x0000,0x0000,0x0000,0x0000,0x0000,0x0000,0x0000,0x0000,
    0x0000,0x0000,0x0000,0x0000,0x0000,0x0000,0x0000,0x0000,0x0000,0x0000,0x0000,0x0000,0x0000,0x0000,0x0000,0x0000,0x0000,0x0000,0x0000,0x0000,0x0000,0x0000,0x0000,0x0000,
    0x2805,0x1803,0x1822,0x2043,0xfe07,0xfe28,0xfe06,0xff6e,0xff6f,0xff6e,0xff6d,0xff6e,0xff6f,0xff6e,0xff6e,0xff6e,0xff6e,0xff6f,0xff6e,0xfdc5,0xfdc4,0x2824,0x2825,0x2805,
    0x1802,0x0000,0x0000,0x0000,0x0000,0x0000,0x0000,0x0000,0x0000,0x0000,0x0000,0x0000,0x0000,0x0000,0x0000,0x0000,0x0000,0x0000,0x0000,0x0000,0x0000,0x0000,0x0000,0x0000,
    0x0000,0x0000,0x0000,0x0000,0x0000,0x0000,0x0000,0x0000,0x0000,0x0000,0x0000,0x0000,0x0000,0x0000,0x0000,0x0000,0x0000,0x0000,0x0000,0x0000,0x0000,0x0000,0x2003,0x2004,
    0x2824,0x1802,0xff6c,0xff6e,0xff2d,0xff2d,0xff4e,0xff6e,0xff6e,0xff6e,0xff6e,0xff6e,0xff6e,0xff8e,0xff6e,0xff8e,0xff6e,0xff8e,0xff6e,0xff6d,0xff6e,0xff8f,0xff8e,0x2023,
    0x1803,0x2003,0x2805,0x0000,0x0000,0x0000,0x0000,0x0000,0x0000,0x0000,0x0000,0x0000,0x0000,0x0000,0x0000,0x0000,0x0000,0x0000,0x0000,0x0000,0x0000,0x0000,0x0000,0x0000,
    0x0000,0x0000,0x0000,0x0000,0x0000,0x0000,0x0000,0x0000,0x0000,0x0000,0x0000,0x0000,0x0000,0x0000,0x0000,0x0000,0x0000,0x0000,0x0000,0x0000,0x2004,0x3005,0x2804,0x9c49,
    0xff8d,0xff6f,0xff6d,0xff6d,0xff6e,0xff6e,0xff6e,0xff6e,0xff6e,0xff6e,0xff6e,0xff8e,0xff8e,0xff8e,0xff6e,0xff8e,0xff6e,0xff8e,0xff8e,0xff6e,0xff8e,0xff6e,0xff6e,0xf76e,
    0xff6e,0x1002,0x2804,0x2804,0x1802,0x0000,0x0000,0x0000,0x0000,0x0000,0x0000,0x0000,0x0000,0x0000,0x0000,0x0000,0x0000,0x0000,0x0000,0x0000,0x0000,0x0000,0x0000,0x0000,
    0x0000,0x0000,0x0000,0x0000,0x0000,0x0000,0x0000,0x0000,0x0000,0x0000,0x0000,0x0000,0x0000,0x0000,0x0000,0x0000,0x0000,0x0000,0x580a,0x2805,0x1803,0x0801,0xff6e,0xff8e,
    0xff6d,0xffff,0xffff,0xffff,0xff6e,0xff8e,0xff6e,0xff8e,0xff6e,0xff6e,0xff8e,0xff6e,0xff6e,0xff8e,0xff6e,0xff8e,0xff8e,0xff8e,0xff8e,0xff8e,0xff6e,0xff8e,0xff6e,0xff6e,
    0xff8e,0xff70,0xf76f,0x0000,0x1803,0x2004,0x0000,0x0000,0x0000,0x0000,0x0000,0x0000,0x0000,0x0000,0x0000,0x0000,0x0000,0x0000,0x0000,0x0000,0x0000,0x0000,0x0000,0x0000,
    0x0000,0x0000,0x0000,0x0000,0x0000,0x0000,0x0000,0x0000,0x0000,0x0000,0x0000,0x0000,0x0000,0x0000,0x0000,0x0000,0x0000,0x0000,0x2003,0x3025,0xeeac,0xff6d,0xff6e,0xfffe,
    0xffff,0xffff,0xff8e,0xff6e,0xff6e,0xff6e,0xff8e,0xff6e,0xff8e,0xff8e,0xff8e,0xff8e,0xff8e,0xff6e,0xff8e,0xff8e,0xff8e,0xff6e,0xff6e,0xff8e,0xff8e,0xff6e,0xff6e,0xff8e,
    0xff8e,0xff6e,0xff6e,0xff6d,0x18a1,0x2805,0x3006,0x0000,0x0000,0x0000,0x0000,0x0000,0x0000,0x0000,0x0000,0x0000,0x0000,0x0000,0x0000,0x0000,0x0000,0x0000,0x0000,0x0000,
    0x0000,0x0000,0x0000,0x0000,0x0000,0x0000,0x0000,0x0000,0x0000,0x0000,0x0000,0x0000,0x0000,0x0000,0x0000,0x0000,0x0000,0x2003,0x1803,0xff6e,0xff8e,0xff6c,0xffde,0xffff,
    0xffff,0xffff,0xff6e,0xff6e,0xff6e,0xff6e,0xff8e,0xff8e,0xff6e,0xff6e,0xff8e,0xff8e,0xff6e,0xff8e,0xff6e,0xff6e,0xff8e,0xff6e,0xff8e,0xff6e,0xff8e,0xff8e,0xff8e,0xff6e,
    0xff8e,0xff6e,0xff8e,0xff6e,0xff6f,0x2824,0x2003,0x2004,0x0000,0x0000,0x0000,0x0000,0x0000,0x0000,0x0000,0x0000,0x0000,0x0000,0x0000,0x0000,0x0000,0x0000,0x0000,0x0000,
    0x0000,0x0000,0x0000,0x0000,0x0000,0x0000,0x0000,0x0000,0x0000,0x0000,0x0000,0x0000,0x0000,0x0000,0x0000,0x0000,0x2804,0x2825,0x0801,0xff6d,0xff6e,0xffff,0xffff,0xff8d,
    0xff8e,0xff8e,0xff6e,0xff6e,0xff6e,0xff8e,0xff8e,0xff8e,0xff8e,0xff8e,0xff8e,0xff8e,0xff8e,0xff6e,0xff6e,0xff6e,0xff8e,0xff8e,0xff6e,0xff6e,0xff6e,0xff8e,0xff8e,0xff8e,
    0xff8e,0xff8e,0xff8e,0xff8e,0xff8e,0xffcf,0x2004,0x2804,0x0000,0x0000,0x0000,0x0000,0x0000,0x0000,0x0000,0x0000,0x0000,0x0000,0x0000,0x0000,0x0000,0x0000,0x0000,0x0000,
    0x0000,0x0000,0x0000,0x0000,0x0000,0x0000,0x0000,0x0000,0x0000,0x0000,0x0000,0x0000,0x0000,0x0000,0x0000,0x2003,0x1803,0x0000,0xff8e,0xff8e,0xff6e,0xff6e,0xff6e,0xff6e,
    0xff8e,0xff6e,0xff8e,0xff6e,0xff8e,0xff6e,0xff8e,0xff8e,0xff8e,0xff6e,0xff8e,0xff8e,0xff8e,0xff8e,0xff8e,0xff8e,0xff6e,0xff8e,0xff8e,0xff8e,0xff8e,0xff8e,0xff8e,0xff8e,
    0xff8e,0xff8e,0xff8e,0xff8e,0xff6e,0xff6e,0x0001,0x1001,0x2003,0x3027,0x0000,0x0000,0x0000,0x0000,0x0000,0x0000,0x0000,0x0000,0x0000,0x0000,0x0000,0x0000,0x0000,0x0000,
    0x0000,0x0000,0x0000,0x0000,0x0000,0x0000,0x0000,0x0000,0x0000,0x0000,0x0000,0x0000,0x0000,0x0000,0x0000,0x2804,0x2043,0xff6d,0xff6e,0xff8e,0xff8e,0xff8e,0xff6e,0xff6e,
    0xff8e,0xff8e,0xff8e,0xff8e,0xff6e,0xff8e,0xff6e,0xff8e,0xff6e,0xff6e,0xff8e,0xff8e,0xff8e,0xff8e,0xff8e,0xff6e,0xff8e,0xff6e,0xff6e,0xff6e,0xff6e,0xff8e,0xff8e,0xff8e,
    0xff8e,0xff8e,0xff8e,0xff8e,0xff8e,0xff8e,0xff6e,0xc56a,0x1803,0x2825,0x0000,0x0000,0x0000,0x0000,0x0000,0x0000,0x0000,0x0000,0x0000,0x0000,0x0000,0x0000,0x0000,0x0000,
    0x0000,0x0000,0x0000,0x0000,0x0000,0x0000,0x0000,0x0000,0x0000,0x0000,0x0000,0x0000,0x0000,0x4809,0x2003,0x9c69,0xff8f,0xff8e,0xff6e,0xff8e,0xff6e,0xff8e,0xff8e,0xff6e,
    0xff8e,0xff8e,0xff8e,0xff8e,0xff8e,0xff8e,0xff8e,0xff6e,0xff8e,0xff8e,0xff8e,0xff6e,0xff6e,0xff6e,0xff6e,0xff6e,0xff6e,0xff8e,0xff8e,0xff6e,0xff8e,0xff8f,0xff8f,0xff8e,
    0xff8e,0xff8e,0xff8e,0xff8e,0xff8e,0xff8e,0xff6e,0xc5aa,0x1001,0x2004,0x2004,0x0000,0x0000,0x0000,0x0000,0x0000,0x0000,0x0000,0x0000,0x0000,0x0000,0x0000,0x0000,0x0000,
    0x0000,0x0000,0x0000,0x0000,0x0000,0x0000,0x0000,0x0000,0x0000,0x0000,0x0000,0x0000,0x0000,0x4008,0x2804,0xacca,0xff8e,0xff8e,0xff6e,0xff6e,0xff6e,0xff6d,0x1081,0x28c3,
    0x28e3,0x20c2,0x7327,0xff8e,0xff8e,0xff8e,0xff8e,0xff8e,0xff8e,0xff8e,0xff8e,0xff8e,0xff8e,0xff8e,0xff8e,0xff8e,0xff8e,0xff6e,0xff6e,0xff6e,0xff6e,0x20e2,0x2102,0x3123,
    0x2903,0xdeee,0xff8e,0xff8e,0xff8e,0xff8e,0xff6e,0xff8e,0xffef,0x2004,0x1002,0x0000,0x0000,0x0000,0x0000,0x0000,0x0000,0x0000,0x0000,0x0000,0x0000,0x0000,0x0000,0x0000,
    0x0000,0x0000,0x0000,0x0000,0x0000,0x0000,0x0000,0x0000,0x0000,0x0000,0x0000,0x0000,0x0000,0x3007,0x1803,0xa489,0xff8d,0xff8e,0xff8e,0xff8e,0xff6d,0x2903,0x1002,0x2804,
    0x2003,0x2004,0x2883,0x9c69,0xff8e,0xff8e,0xff8e,0xff8e,0xff8e,0xff8e,0xff8e,0xff8e,0xff8e,0xff8e,0xff6e,0xff6e,0xff6e,0xff6e,0xff8e,0xff6d,0x3944,0x2004,0x1803,0x2804,
    0x2003,0x18a2,0xf770,0xff8e,0xff8e,0xff8e,0xff8e,0xff6e,0xffcd,0x2004,0x2002,0x0000,0x0000,0x0000,0x0000,0x0000,0x0000,0x0000,0x0000,0x0000,0x0000,0x0000,0x0000,0x0000,
    0x0000,0x0000,0x0000,0x0000,0x0000,0x0000,0x0000,0x0000,0x0000,0x0000,0x0000,0x0000,0x2004,0x1803,0xffaf,0xff6e,0xff8e,0xff6e,0xff6e,0xff6e,0x2044,0x2003,0x1822,0xf72e,
    0xf74f,0xffef,0x1803,0x2004,0x2004,0xff8e,0xff8e,0xff8e,0xff8e,0xff8e,0xff8e,0xff8e,0xff8e,0xff8e,0xff8e,0xff8e,0xff6e,0xff8e,0xff6f,0x1822,0x1803,0x2023,0xf72f,0xf750,
    0x8387,0x2003,0x2805,0xa48a,0xff8e,0xff8e,0xff8e,0xff6e,0xff8f,0xff8f,0x2024,0x1803,0x0000,0x0000,0x0000,0x0000,0x0000,0x0000,0x0000,0x0000,0x0000,0x0000,0x0000,0x0000,
    0x0000,0x0000,0x0000,0x0000,0x0000,0x0000,0x0000,0x0000,0x0000,0x0000,0x0000,0x0000,0x2004,0x2004,0xfff0,0xff6d,0xff6e,0xff8e,0xff8e,0xff6e,0x2824,0x2824,0xffb0,0xff8e,
    0xff8e,0xff8e,0xde4c,0x2023,0x2023,0xff8f,0xff8e,0xffd0,0xffce,0xffae,0xffaf,0xffae,0xffce,0xffae,0xffce,0xffcf,0xffae,0xff6d,0xff6e,0x2824,0x2864,0xff8e,0xff6e,0xff8e,
    0xff8e,0x49c3,0x1803,0x9c4a,0xff8e,0xff6e,0xff8e,0xff8e,0xff6e,0xff6e,0x1823,0x1002,0x0000,0x0000,0x0000,0x0000,0x0000,0x0000,0x0000,0x0000,0x0000,0x0000,0x0000,0x0000,
    0x0000,0x0000,0x0000,0x0000,0x0000,0x0000,0x0000,0x0000,0x0000,0x0000,0x0000,0x0802,0x1002,0x1842,0xfff0,0xff8e,0xff8e,0xff8e,0xff8e,0xff8e,0xffce,0xffcf,0xff8e,0xff8e,
    0xff8e,0xff8e,0xff6e,0xffcf,0xffcf,0xff8c,0xffaf,0x2024,0x2003,0x2003,0x2003,0x2003,0x2003,0x2003,0x2003,0x2024,0x3025,0xffef,0xff8d,0xffaf,0xff8e,0xff8e,0xff6e,0xff8e,
    0xff8e,0xff8e,0xffef,0xffce,0xff8e,0xff8e,0xff8e,0xff8e,0xff8e,0xff6f,0x2824,0x2003,0x0000,0x0000,0x0000,0x0000,0x0000,0x0000,0x0000,0x0000,0x0000,0x0000,0x0000,0x0000,
    0x0000,0x0000,0x0000,0x0000,0x0000,0x0000,0x0000,0x0000,0x0000,0x0000,0x0000,0x2025,0x1803,0xff8e,0xff6d,0xff6e,0xff8e,0xff8e,0xff8e,0xff8e,0xff6e,0xff6d,0xff8e,0xff8e,
    0xff8e,0xff8e,0xff8e,0xff8e,0xff6e,0xffb1,0x2004,0x2003,0x2003,0x2003,0x2003,0x2003,0x2003,0x2003,0x2003,0x2003,0x2003,0x2804,0xffcf,0xff8e,0xff8e,0xff8e,0xff8e,0xff8e,
    0xff8e,0xff8e,0xff6e,0xff6e,0xff6e,0xff8e,0xff8d,0xff8e,0xff8e,0xff8e,0xfff0,0x2825,0x2004,0x0000,0x0000,0x0000,0x0000,0x0000,0x0000,0x0000,0x0000,0x0000,0x0000,0x0000,
    0x0000,0x0000,0x0000,0x0000,0x0000,0x0000,0x0000,0x0000,0x0000,0x0000,0x0000,0x1803,0x2004,0xff8d,0xff8e,0xff8e,0xff6e,0xf333,0xfb92,0xfbb3,0xfbb3,0xfbb3,0xffce,0xff8e,
    0xff8e,0xff8e,0xff8e,0xff8e,0xff6e,0xffae,0x2004,0x2003,0x2004,0x1803,0x1002,0x1803,0x1802,0x1802,0x2004,0x2003,0x2003,0x2003,0xffd0,0xff8e,0xff8e,0xff8e,0xff8e,0xff8e,
    0xff6e,0xfb74,0xfbb2,0xfbd3,0xfbd3,0xfbb3,0x0000,0xff8e,0xff8e,0xff8e,0xff6e,0x1823,0x2024,0x0000,0x0000,0x0000,0x0000,0x0000,0x0000,0x0000,0x0000,0x0000,0x0000,0x0000,
    0x0000,0x0000,0x0000,0x0000,0x0000,0x0000,0x0000,0x0000,0x0000,0x0000,0x0000,0x1803,0x1803,0xff8e,0xff8e,0xff6e,0xfb93,0xfb93,0xfb93,0xfbb3,0xfbb3,0xfbb3,0xfbd3,0xff8e,
    0xff8e,0xff8e,0xff8e,0xff8e,0xff6e,0xffaf,0x2003,0x1803,0x3844,0xfb72,0xfbd3,0xfbb2,0xfbb2,0xfb92,0x9109,0x3824,0x2003,0x2003,0xffd0,0xff8e,0xff8e,0xff8e,0xff8e,0xff8e,
    0xfc32,0xfbb3,0xfbb3,0xfbb3,0xfbb3,0xfbb3,0xfbb3,0xfbb5,0xff8e,0xff8e,0xff6e,0x2023,0x1822,0x0000,0x0000,0x0000,0x0000,0x0000,0x0000,0x0000,0x0000,0x0000,0x0000,0x0000,
    0x0000,0x0000,0x0000,0x0000,0x0000,0x0000,0x0000,0x0000,0x0000,0x0000,0x2804,0x2824,0x51e5,0xff8d,0xff8e,0xff6f,0xfb93,0xfbb3,0xfbb3,0xfbb3,0xfbb3,0xfbd3,0xfbf3,0xff8f,
    0xff8e,0xff8e,0xff8e,0xff6e,0xff8e,0xffb0,0x1803,0x2804,0xfc34,0xfbf3,0xfbd3,0xfbd3,0xfbd3,0xfbd3,0xfbd3,0xf372,0x2824,0x0800,0xfff0,0xff8e,0xff8e,0xff8e,0xff8e,0xff8e,
    0xfbf3,0xfbb2,0xfbb3,0xfbb3,0xfbb3,0xfbd3,0xfbd3,0xfbb4,0xff8e,0xff6e,0xff6d,0x2824,0x3005,0x3006,0x0000,0x0000,0x0000,0x0000,0x0000,0x0000,0x0000,0x0000,0x0000,0x0000,
    0x0000,0x0000,0x0000,0x0000,0x0000,0x0000,0x0000,0x0000,0x0000,0x0000,0x2805,0x1822,0xff6e,0xff8e,0xff6e,0xff6e,0xfbb3,0xfbb3,0xfbb3,0xfbb3,0xfbb3,0xfbd3,0xfbd3,0xff8e,
    0xff8e,0xff8e,0xff8e,0xff8e,0xff6e,0xff6e,0xff8f,0x1803,0xf351,0xfbd3,0xfbd3,0xfbd3,0xfbf3,0xfbf3,0xfbf3,0xfbf3,0x2824,0xff8f,0xff8e,0xff8e,0xff8e,0xff8e,0xff8e,0xff8e,
    0xfc33,0xfbb3,0xfbb3,0xfbb3,0xfbb3,0xfbb3,0xfbd3,0xfbb4,0xff6e,0xff6e,0xff8e,0xff6e,0x2023,0x2004,0x0000,0x0000,0x0000,0x0000,0x0000,0x0000,0x0000,0x0000,0x0000,0x0000,
    0x0000,0x0000,0x0000,0x0000,0x0000,0x0000,0x0000,0x0000,0x0000,0x0000,0x2004,0x2023,0xff6e,0xff8e,0xff6e,0xff6e,0xffd0,0xffed,0xfbd3,0xfbb3,0xfbd3,0xfbb3,0xffae,0xff8e,
    0xff6e,0xff8e,0xff6e,0xff8e,0xff8e,0xff6e,0xff8f,0x51c5,0x2824,0xf391,0xfbd2,0xfbd2,0xfbf3,0xfc33,0x9a4d,0x1823,0xfff0,0xffae,0xff8e,0xff8e,0xff8e,0xff8e,0xff8e,0xff8e,
    0xff6e,0xffee,0xfbb2,0xfbb2,0xfbb2,0xfbd3,0xffaf,0xffb0,0xff6e,0xff6e,0xff6e,0xff6e,0x1822,0x2003,0x0000,0x0000,0x0000,0x0000,0x0000,0x0000,0x0000,0x0000,0x0000,0x0000,
    0x0000,0x0000,0x0000,0x0000,0x0000,0x0000,0x0000,0x0000,0x0000,0x0000,0x1803,0x2023,0xff6e,0xff8e,0xff8e,0xff8e,0xff8e,0xff8e,0xff8e,0xff8e,0xff6e,0xff6e,0xff6e,0xff6e,
    0xff8e,0xff6e,0xff6e,0xff8e,0xff8e,0xff8e,0xff8e,0xf74d,0xff8c,0x1803,0x1803,0x2824,0x1822,0x2024,0x2825,0xffb1,0x1862,0x1002,0x0001,0x0801,0x1002,0x0802,0xf76f,0xff6e,
    0xff8e,0xff8e,0xff8e,0xff8e,0xff8e,0xff8e,0xff6e,0xff6e,0xff6e,0xff6e,0xff6e,0xff6f,0x2824,0x2804,0x0000,0x0000,0x0000,0x0000,0x0000,0x0000,0x0000,0x0000,0x0000,0x0000,
    0x0000,0x0000,0x0000,0x0000,0x0000,0x0000,0x0000,0x0000,0x0000,0x700e,0x1803,0x1823,0xff6e,0xff8e,0xff8e,0xff8e,0xff8e,0xff8e,0xff6e,0xff8e,0xff8e,0xff8e,0xff8e,0xff6e,
    0xff6e,0xff8e,0xff8e,0xff6e,0xff8e,0xff8e,0xff8f,0x2004,0x2004,0x2003,0x2024,0x6aa7,0xff8c,0xff6c,0xf76e,0x2825,0x2024,0x2804,0x2003,0x1802,0x2003,0x2024,0xf770,0xff8e,
    0xff8e,0xff8e,0xff6e,0xff8e,0xff8e,0xff8e,0xff8e,0xff6e,0xff6e,0xff6e,0xff6e,0xff6e,0x2023,0x1803,0x0000,0x0000,0x0000,0x0000,0x0000,0x0000,0x0000,0x0000,0x0000,0x0000,
    0x0000,0x0000,0x0000,0x0000,0x0000,0x0000,0x0000,0x0000,0x0000,0x3025,0x2024,0xf74d,0xff6e,0xff8e,0xff8e,0xff8e,0xff8e,0xff8e,0xff8e,0xff8e,0xff8e,0xff8e,0xff8e,0xff8e,
    0xff8e,0xff8e,0xff8e,0xff8e,0xff8e,0xff8e,0xff6d,0x1803,0x79c3,0xaaa4,0xb2a3,0x2824,0xffaf,0x2063,0x1823,0x76ec,0x66cb,0x666b,0x666c,0x666c,0x774d,0x2024,0xf76f,0xff8e,
    0xff8e,0xff8e,0xff8e,0xff8e,0xff8e,0xff8e,0xff8e,0xff8e,0xff8e,0xff6e,0xff8e,0xff8e,0xff4f,0x2024,0x2805,0x0000,0x0000,0x0000,0x0000,0x0000,0x0000,0x0000,0x0000,0x0000,
    0x0000,0x0000,0x0000,0x0000,0x0000,0x0000,0x0000,0x0000,0x0000,0x2804,0x2824,0xff6f,0xff8e,0xff8e,0xff8e,0xff8e,0xff8e,0xff8e,0xff8e,0xff8e,0xff4e,0xff8e,0xff8e,0xff8e,
    0xff8e,0xff8e,0xff6d,0x1043,0x3085,0x3085,0x2865,0x2003,0x1823,0x9a65,0x9a63,0x9a44,0x2024,0x1822,0x566a,0x666b,0x358b,0x666c,0x666b,0x562b,0x3c45,0x1823,0xf74e,0xff8e,
    0xff8e,0xff8e,0xff8f,0xfe27,0xff8e,0xff8e,0xff8e,0xff8e,0xff8e,0xff8e,0xff8e,0xff8e,0xff6d,0x2024,0x2004,0x1803,0x0000,0x0000,0x0000,0x0000,0x0000,0x0000,0x0000,0x0000,
    0x0000,0x0000,0x0000,0x0000,0x0000,0x0000,0x0000,0x0000,0x2004,0x1843,0xf74e,0xff8e,0xff8e,0xff8e,0xff8e,0xff8e,0xff8e,0xff8e,0xff8e,0xff8e,0xfd82,0xfe44,0xff8e,0xff6e,
    0xff8e,0xff4f,0x2884,0x2003,0x1802,0x2023,0x2824,0x1803,0x2824,0x2004,0x9aa4,0xb2c4,0x2024,0x6eac,0x4e2a,0x2d2a,0x566a,0x5e6b,0x5e6b,0x2825,0x1823,0xffee,0xff8e,0xff8e,
    0xff8e,0xff8e,0xfd61,0xfe88,0xff6e,0xff8e,0xff8e,0xff8e,0xff8e,0xff8e,0xff8e,0xff8e,0xff8f,0xf72f,0x1843,0x2003,0x0000,0x0000,0x0000,0x0000,0x0000,0x0000,0x0000,0x0000,
    0x0000,0x0000,0x0000,0x0000,0x0000,0x0000,0x0000,0x0000,0x2804,0x3025,0xff8e,0xff8e,0xff8e,0xff8e,0xff8e,0xff8e,0xff8e,0xff8e,0xff6e,0xff8e,0xed01,0x2863,0xff6e,0xff4e,
    0xff6f,0x3045,0x2003,0xfa28,0xf208,0xf1a7,0xf1a7,0xf9c7,0xc925,0x2023,0xa284,0xb2c4,0x1823,0x1de8,0x4669,0x466a,0x3dc9,0x2064,0x2003,0x2003,0x6286,0xf74e,0xff8e,0xff6e,
    0xf76e,0x0821,0xf561,0xff6e,0xff8e,0xff8e,0xff8e,0xff8e,0xff8e,0xff8e,0xff8e,0xff8e,0xff8e,0xff6e,0x2044,0x2805,0x0000,0x0000,0x0000,0x0000,0x0000,0x0000,0x0000,0x0000,
    0x0000,0x0000,0x0000,0x0000,0x0000,0x0000,0x0000,0x0000,0x2804,0x2043,0xff8e,0xff8e,0xff8e,0xff8e,0xff8e,0xff8e,0xff8e,0xff8e,0xff8e,0xff8e,0xff8e,0x7308,0x1823,0x2824,
    0x1003,0x2805,0xf9a7,0xf186,0xf1c7,0xf9e7,0xf9c7,0xf145,0xf9a6,0xfa07,0x91a3,0x9223,0x2824,0x2024,0x1823,0x2825,0x2023,0xe105,0xe0e5,0x1822,0x2024,0x1823,0xf76d,0x2844,
    0x2825,0x0801,0xf72d,0xff8e,0xff6e,0xff6e,0xff8e,0xff8e,0xff8e,0xff8e,0xff8e,0xff8e,0xff8e,0xff6e,0x2043,0x2805,0x0000,0x0000,0x0000,0x0000,0x0000,0x0000,0x0000,0x0000,
    0x0000,0x0000,0x0000,0x0000,0x0000,0x0000,0x0000,0x0000,0x2004,0x2043,0xff8e,0xff8e,0xff8e,0xff8e,0xff8e,0xff8e,0xff8e,0xff8e,0xff8e,0xff8e,0xff8e,0xff6e,0xffd0,0xffb0,
    0x1022,0x2004,0xfa28,0xf1e7,0xf9a6,0xfc10,0xffdf,0xf410,0xf105,0xf186,0xb125,0xa905,0xb967,0xf186,0xf186,0xf9a6,0xf9a6,0xf9a6,0xe925,0xe0e5,0x3823,0x2004,0x1823,0xffef,
    0xffd1,0xff8e,0xff6e,0xff8e,0xff8e,0xff8e,0xff8e,0xff8e,0xff8e,0xff8e,0xff8e,0xff8e,0xff8e,0xff6d,0x1842,0x2004,0x0000,0x0000,0x0000,0x0000,0x0000,0x0000,0x0000,0x0000,
    0x0000,0x0000,0x0000,0x0000,0x0000,0x0000,0x0000,0x0000,0x2004,0x2845,0xff8f,0xff8e,0xff8e,0xff8e,0xff8e,0xff8e,0xff8e,0xff8e,0xff8e,0xff8e,0xff8e,0xff8e,0xff8e,0xff8e,
    0xff6e,0x30a4,0x1803,0xf1e7,0xfa8a,0xffff,0xffbe,0xfe79,0xf9a7,0xf1a6,0xf1a6,0xf1a6,0xf1a6,0xf1a6,0xf9a6,0xf9a6,0xf1a6,0xf1a6,0xf9a7,0xd926,0x2004,0x1802,0xf74d,0xff6d,
    0xff8e,0xff8e,0xff8e,0xff8e,0xff8e,0xff8e,0xff8e,0xff8e,0xff8e,0xff8e,0xff8e,0xff8e,0xff8e,0xff6f,0x2044,0x2003,0x0000,0x0000,0x0000,0x0000,0x0000,0x0000,0x0000,0x0000,
    0x0000,0x0000,0x0000,0x0000,0x0000,0x0000,0x0000,0x0000,0x0000,0x2004,0x1822,0xff8d,0xff8e,0xff8f,0xff8f,0xff6e,0xff8e,0xff8e,0xff8e,0xff8e,0xff8e,0xff8e,0xff8e,0xff8e,
    0xff8e,0xff8f,0x2023,0x4064,0xf208,0xfc30,0xf1c7,0xf9a7,0xf9c6,0xf9a6,0xf1a6,0xf1a6,0xf1a6,0xf1a6,0xf1a6,0xf1a6,0xf1a6,0xf9a6,0xf9c7,0x2804,0x2004,0xff6e,0xff8e,0xff6e,
    0xff8e,0xff8e,0xff8e,0xff8e,0xff8e,0xff8e,0xff6e,0xff6e,0xff8f,0xff8f,0xff8e,0xff8e,0xff4e,0x2003,0x2004,0x0000,0x0000,0x0000,0x0000,0x0000,0x0000,0x0000,0x0000,0x0000,
    0x0000,0x0000,0x0000,0x0000,0x0000,0x0000,0x0000,0x0000,0x0000,0x2804,0x2024,0xffcd,0xffef,0xfeea,0xfe69,0xfea9,0xfecb,0xff8e,0xff8e,0xff8e,0xff8e,0xff8e,0xff8e,0xff8e,
    0xff6e,0xff6d,0x1823,0x5043,0xf229,0xf9a7,0xf1a6,0xf1a6,0xf1a6,0xf1a6,0xf1a6,0xf1a6,0xf1a6,0xf1a6,0xf1a6,0xf1a6,0xf9a6,0xf9a6,0xf186,0x1803,0x1803,0xff6f,0xff8e,0xff8e,
    0xff6e,0xff8e,0xff8e,0xff8e,0xff6e,0xff8e,0xff8e,0xfea9,0xfe69,0xfe69,0xff2a,0xffae,0xffac,0x2004,0x2003,0x0000,0x0000,0x0000,0x0000,0x0000,0x0000,0x0000,0x0000,0x0000,
    0x0000,0x0000,0x0000,0x0000,0x0000,0x0000,0x0000,0x0000,0x0000,0x0000,0x2805,0x2004,0x2003,0x5922,0xfe69,0xfe69,0xfe8a,0xfec9,0xff6d,0xff6e,0xff8e,0xff8e,0xff8e,0xff8e,
    0xff0c,0xabe7,0x1802,0x4884,0xf2aa,0xe904,0xf1a6,0xf1a6,0xf1a6,0xf9a6,0xf1a6,0xf1a6,0xf1a6,0xf1a6,0xf1a6,0xf9a6,0xf1a6,0xf1a6,0xf9c7,0x3024,0x2804,0x9b67,0xff6c,0xff8e,
    0xff8e,0xff8e,0xff8e,0xff8e,0xff8e,0xfec8,0xfda4,0xfe69,0xfe69,0xfe6a,0x2004,0x2003,0x2003,0x3005,0x0000,0x0000,0x0000,0x0000,0x0000,0x0000,0x0000,0x0000,0x0000,0x0000,
    0x0000,0x0000,0x0000,0x0000,0x0000,0x0000,0x0000,0x0000,0x0000,0x0000,0x0000,0x2003,0x1001,0xff8e,0xff8e,0xff6e,0xff8e,0xfe46,0xfeea,0xfeca,0xff6d,0xff6e,0xff6f,0xfe89,
    0x2824,0x2804,0x1802,0xf9a6,0xf986,0xf9a6,0xf9a6,0xf9a6,0xf1a6,0xf9a6,0xf1a6,0xf9a6,0xf9a6,0xf1a6,0xf9a6,0xf1a6,0xf1a6,0xf9a6,0xf9c7,0xe0c5,0x1803,0x1802,0x1823,0xff4e,
    0xff6f,0xff6f,0xff6d,0xff8e,0xfe69,0x2082,0xf5a2,0xff6d,0xff6d,0xffae,0x1002,0x2804,0x2005,0x0000,0x0000,0x0000,0x0000,0x0000,0x0000,0x0000,0x0000,0x0000,0x0000,0x0000,
    0x0000,0x0000,0x0000,0x0000,0x0000,0x0000,0x0000,0x0000,0x0000,0x0000,0x0000,0x2804,0x1803,0xff6e,0xff8e,0xff8e,0xff8e,0xff8f,0xff6d,0xcd88,0x1822,0x2023,0x2824,0x1822,
    0x2004,0x2004,0xf987,0xf9c6,0xf9a6,0xf1a6,0xf9a6,0xf9c6,0xf1a6,0xf9a6,0xf1a6,0xf9a6,0xf9a6,0xf1a6,0xf1a6,0xf1a6,0xf9c6,0xf166,0xe0c5,0xd8c5,0xd8c5,0x1803,0x2003,0x2824,
    0x2824,0x2023,0x2023,0x1002,0xff8c,0xff4d,0xff8e,0xff6e,0xff6e,0xff6e,0xffaf,0x2004,0x2004,0x0000,0x0000,0x0000,0x0000,0x0000,0x0000,0x0000,0x0000,0x0000,0x0000,0x0000,
    0x0000,0x0000,0x0000,0x0000,0x0000,0x0000,0x0000,0x0000,0x0000,0x0000,0x0000,0x2003,0x1802,0xff8e,0xff8e,0xff8e,0xff8e,0xff8e,0xff8e,0xff6d,0xff6f,0xff70,0xff6e,0xff4e,
    0xff90,0x2044,0xe945,0xf986,0xf9a6,0xf9c6,0xf9c6,0xf1a6,0xf9c6,0xf9c6,0xf9a6,0xf1a6,0xf9c6,0xf9a6,0xf9a6,0xf1a6,0xf9a6,0xe0c5,0xe0c5,0xe0c5,0xe0a4,0x2004,0xf78f,0xff6f,
    0xff6f,0xff6e,0xff6f,0xff8f,0xff8e,0xff6e,0xff6e,0xff8e,0xff8e,0xff6e,0xff6c,0x2003,0x2805,0x0000,0x0000,0x0000,0x0000,0x0000,0x0000,0x0000,0x0000,0x0000,0x0000,0x0000,
    0x0000,0x0000,0x0000,0x0000,0x0000,0x0000,0x0000,0x0000,0x0000,0x0000,0x0000,0x2804,0x1803,0xfe27,0xff8e,0xff8e,0xff8e,0xff8e,0xff8e,0xff8e,0xff8e,0xff8e,0xff8e,0xff8e,
    0xff6e,0x2043,0x2804,0xfa08,0xf9e7,0xf9c6,0xf9c6,0xf1a6,0xf1a6,0xf1a6,0xf9c6,0xf9c6,0xf1a6,0xf9a6,0xf9c6,0xf9a6,0xd8c5,0xd8c5,0xe0c5,0xe0c5,0x1802,0x2004,0xff90,0xff8e,
    0xff6e,0xff8e,0xff8e,0xff8e,0xff6e,0xff8e,0xff8e,0xff8e,0xff8e,0xff8e,0xfeca,0x2004,0x2805,0x0000,0x0000,0x0000,0x0000,0x0000,0x0000,0x0000,0x0000,0x0000,0x0000,0x0000,
    0x0000,0x0000,0x0000,0x0000,0x0000,0x0000,0x0000,0x0000,0x0000,0x0000,0x0000,0x2004,0x1803,0x1801,0xff8e,0xff8e,0xff8e,0xff8e,0xff8e,0xff8e,0xff8e,0xff8e,0xff8e,0xff8e,
    0xff8e,0xff8f,0x2024,0x1823,0xf166,0xf9a6,0xf9a6,0xf9c6,0xf9a6,0xf1c6,0xf1a6,0xf9c6,0xf1a6,0xf186,0xf145,0xe0c5,0xe0e5,0xe0e5,0xe0a4,0x2804,0x1803,0xf74e,0xff8e,0xff8e,
    0xff8e,0xff8e,0xff8e,0xff8e,0xff8e,0xff6e,0xff8e,0xff6d,0xffaf,0xfeca,0x1002,0x1803,0x2004,0x0000,0x0000,0x0000,0x0000,0x0000,0x0000,0x0000,0x0000,0x0000,0x0000,0x0000,
    0x0000,0x0000,0x0000,0x0000,0x0000,0x0000,0x0000,0x0000,0x0000,0x0000,0x0000,0x0000,0x2004,0x2843,0xfe48,0xfeaa,0xff6e,0xff6e,0xfde4,0xfde4,0xfdc2,0xff6d,0xff6e,0xff8e,
    0xff8e,0xff8e,0xeeee,0x2024,0x2003,0xc947,0xc946,0xf146,0xf146,0xe0c5,0xe8e5,0xd8a4,0xd906,0xe0e5,0xd8c5,0xd8c5,0xd8c4,0xc8a5,0x9885,0x1803,0xef0d,0xff8d,0xff8e,0xff8e,
    0xff8e,0xff6d,0xff6e,0xfde4,0xfdc3,0xff2e,0xff4e,0xfe69,0xfe69,0xfe69,0x2824,0x2004,0x9051,0x0000,0x0000,0x0000,0x0000,0x0000,0x0000,0x0000,0x0000,0x0000,0x0000,0x0000,
    0x0000,0x0000,0x0000,0x0000,0x0000,0x0000,0x0000,0x0000,0x0000,0x0000,0x0000,0x0000,0x2004,0x1801,0xe60a,0xfe89,0xfe69,0xfe46,0xfdc2,0xfde4,0xfda2,0xfdc3,0xff8e,0xff6d,
    0xff8e,0xff8e,0xff8e,0xf74e,0x0800,0x0802,0x2005,0x0803,0x1003,0x1003,0x2825,0x2004,0x2004,0x1804,0x0803,0x1004,0x0803,0x1003,0x1002,0xaca8,0xff8e,0xff8e,0xff8e,0xff8e,
    0xffaf,0xfda2,0xfda3,0xfda2,0xfda2,0xfd41,0xf520,0xfe69,0xfe8a,0x2844,0x2804,0x2003,0x0000,0x0000,0x0000,0x0000,0x0000,0x0000,0x0000,0x0000,0x0000,0x0000,0x0000,0x0000,
    0x0000,0x0000,0x0000,0x0000,0x0000,0x0000,0x0000,0x0000,0x0000,0x0000,0x0000,0x0000,0x1002,0x2004,0x2024,0x28a3,0x3903,0x2040,0xff8e,0xff8e,0xff8e,0xff8e,0xfde7,0xff2c,
    0xff8f,0xff8d,0xff8f,0xff6d,0xff6e,0xff6d,0x0001,0x0802,0x0802,0x0802,0x0802,0x0001,0x0001,0x0802,0x0002,0x0802,0x0802,0x1802,0xff6d,0xff6d,0xff8f,0xff8f,0xffaf,0xffb0,
    0xfe27,0xff8f,0xff8e,0xff8e,0xff8e,0xff4c,0x1803,0x1803,0x0803,0x1803,0x600c,0x8030,0x0000,0x0000,0x0000,0x0000,0x0000,0x0000,0x0000,0x0000,0x0000,0x0000,0x0000,0x0000,
    0x0000,0x0000,0x0000,0x0000,0x0000,0x0000,0x0000,0x0000,0x0000,0x0000,0x0000,0x0000,0x0000,0x2806,0x2804,0x2003,0x2004,0x1000,0xff8d,0xff8e,0xff8e,0xff8e,0xff6e,0xfd61,
    0xfd81,0xfe69,0xfe89,0xfe68,0xfe89,0xfe68,0xfe48,0xfe69,0xfe69,0xfe69,0xfe49,0xfe69,0xfe69,0xfe69,0xfe69,0xfe69,0xfe69,0xfe69,0xfe6a,0xfe49,0xfe49,0xfe49,0xfd00,0xfd41,
    0xff8d,0xff8e,0xff8e,0xff8e,0xff8e,0xff4d,0x1802,0x2004,0x2004,0x3006,0x0000,0x0000,0x0000,0x0000,0x0000,0x0000,0x0000,0x0000,0x0000,0x0000,0x0000,0x0000,0x0000,0x0000,
    0x0000,0x0000,0x0000,0x0000,0x0000,0x0000,0x0000,0x0000,0x0000,0x0000,0x0000,0x0000,0x0000,0x0000,0x0821,0x1803,0x1822,0xfea9,0xfecb,0xff8e,0xff8e,0xff6d,0xff6d,0xfea9,
    0x1823,0x2804,0x1802,0x2004,0x2004,0x2003,0x2804,0x2804,0x2024,0x2024,0x2003,0x2004,0x2004,0x2004,0x2004,0x2004,0x2003,0x2004,0x2804,0x2004,0x2003,0x2805,0x2022,0xff6c,
    0xff8e,0xff8e,0xff8e,0xff8e,0xff8d,0xfea9,0x1002,0x1803,0x0000,0x0000,0x0000,0x0000,0x0000,0x0000,0x0000,0x0000,0x0000,0x0000,0x0000,0x0000,0x0000,0x0000,0x0000,0x0000,
    0x0000,0x0000,0x0000,0x0000,0x0000,0x0000,0x0000,0x0000,0x0000,0x0000,0x0000,0x0000,0x0000,0x0000,0x0000,0x1823,0x2824,0x5984,0xfea9,0xfe89,0xfe89,0xfe69,0xfe68,0xfea9,
    0x1803,0x2004,0x2806,0x2805,0x2005,0x3007,0x2806,0x2806,0x2005,0x2005,0x2806,0x2806,0x2805,0x2005,0x2005,0x2005,0x2806,0x2806,0x2005,0x2805,0x3007,0x2003,0x1823,0xff6f,
    0xffae,0xff8e,0xff6d,0xff4c,0xfe69,0xfeab,0x2824,0x2804,0x0000,0x0000,0x0000,0x0000,0x0000,0x0000,0x0000,0x0000,0x0000,0x0000,0x0000,0x0000,0x0000,0x0000,0x0000,0x0000,
    0x0000,0x0000,0x0000,0x0000,0x0000,0x0000,0x0000,0x0000,0x0000,0x0000,0x0000,0x0000,0x0000,0x0000,0x0000,0x2824,0x2804,0x1823,0x0802,0x0802,0x1002,0x1003,0x0002,0x1003,
    0x2805,0x2003,0x0000,0x0000,0x0000,0x0000,0x0000,0x0000,0x0000,0x0000,0x0000,0x0000,0x0000,0x0000,0x0000,0x0000,0x0000,0x0000,0x0000,0x0000,0x0000,0x2004,0x2805,0x2024,
    0x0001,0x0002,0x0002,0x0002,0x1003,0x2025,0x1803,0x0000,0x0000,0x0000,0x0000,0x0000,0x0000,0x0000,0x0000,0x0000,0x0000,0x0000,0x0000,0x0000,0x0000,0x0000,0x0000,0x0000,
    0x0000,0x0000,0x0000,0x0000,0x0000,0x0000,0x0000,0x0000,0x0000,0x0000,0x0000,0x0000,0x0000,0x0000,0x0000,0x0000,0x4829,0x2003,0x2024,0x2824,0x2003,0x2804,0x2004,0x1803,
    0x2805,0x0000,0x0000,0x0000,0x0000,0x0000,0x0000,0x0000,0x0000,0x0000,0x0000,0x0000,0x0000,0x0000,0x0000,0x0000,0x0000,0x0000,0x0000,0x0000,0x0000,0x0000,0x2824,0x2003,
    0x1803,0x2003,0x2805,0x2804,0x1803,0x2004,0x4008,0x0000,0x0000,0x0000,0x0000,0x0000,0x0000,0x0000,0x0000,0x0000,0x0000,0x0000,0x0000,0x0000,0x0000,0x0000,0x0000,0x0000,
    0x0000,0x0000,0x0000,0x0000,0x0000,0x0000,0x0000,0x0000,0x0000,0x0000,0x0000,0x0000,0x0000,0x0000,0x0000,0x0000,0x0000,0x0000,0x0000,0x0000,0x0000,0x0000,0x0000,0x0000,
    0x0000,0x0000,0x0000,0x0000,0x0000,0x0000,0x0000,0x0000,0x0000,0x0000,0x0000,0x0000,0x0000,0x0000,0x0000,0x0000,0x0000,0x0000,0x0000,0x0000,0x0000,0x0000,0x0000,0x0000,
    0x0000,0x0000,0x0000,0x0000,0x0000,0x0000,0x0000,0x0000,0x0000,0x0000,0x0000,0x0000,0x0000,0x0000,0x0000,0x0000,0x0000,0x0000,0x0000,0x0000,0x0000,0x0000,0x0000,0x0000,
    0x0000,0x0000,0x0000,0x0000,0x0000,0x0000,0x0000,0x0000,0x0000,0x0000,0x0000,0x0000,0x0000,0x0000,0x0000,0x0000,0x0000,0x0000,0x0000,0x0000,0x0000,0x0000,0x0000,0x0000,
    0x0000,0x0000,0x0000,0x0000,0x0000,0x0000,0x0000,0x0000,0x0000,0x0000,0x0000,0x0000,0x0000,0x0000,0x0000,0x0000,0x0000,0x0000,0x0000,0x0000,0x0000,0x0000,0x0000,0x0000,
    0x0000,0x0000,0x0000,0x0000,0x0000,0x0000,0x0000,0x0000,0x0000,0x0000,0x0000,0x0000,0x0000,0x0000,0x0000,0x0000,0x0000,0x0000,0x0000,0x0000,0x0000,0x0000,0x0000,0x0000,
    0x0000,0x0000,0x0000,0x0000,0x0000,0x0000,0x0000,0x0000,0x0000,0x0000,0x0000,0x0000,0x0000,0x0000,0x0000,0x0000,0x0000,0x0000,0x0000,0x0000,0x0000,0x0000,0x0000,0x0000,
    0x0000,0x0000,0x0000,0x0000,0x0000,0x0000,0x0000,0x0000,0x0000,0x0000,0x0000,0x0000,0x0000,0x0000,0x0000,0x0000,0x0000,0x0000,0x0000,0x0000,0x0000,0x0000,0x0000,0x0000,
    0x0000,0x0000,0x0000,0x0000,0x0000,0x0000,0x0000,0x0000,0x0000,0x0000,0x0000,0x0000,0x0000,0x0000,0x0000,0x0000,0x0000,0x0000,0x0000,0x0000,0x0000,0x0000,0x0000,0x0000,
  },
  /* toast */ {
    0x0000,0x0000,0x0000,0x0000,0x0000,0x0000,0x0000,0x0000,0x0000,0x0000,0x0000,0x0000,0x0000,0x0000,0x0000,0x0000,0x0000,0x0000,0x0000,0x0000,0x0000,0x0000,0x0000,0x0000,
    0x0000,0x0000,0x0000,0x0000,0x0000,0x0000,0x0000,0x0000,0x0000,0x0000,0x0000,0x0000,0x0000,0x0000,0x0000,0x0000,0x0000,0x0000,0x0000,0x0000,0x0000,0x0000,0x0000,0x0000,
    0x0000,0x0000,0x0000,0x0000,0x0000,0x0000,0x0000,0x0000,0x0000,0x0000,0x0000,0x0000,0x0000,0x0000,0x0000,0x0000,0x0000,0x0000,0x0000,0x0000,0x0000,0x0000,0x0000,0x0000,
    0x0000,0x0000,0x0000,0x0000,0x0000,0x0000,0x0000,0x0000,0x0000,0x0000,0x0000,0x0000,0x0000,0x0000,0x0000,0x0000,0x0000,0x0000,0x0000,0x0000,0x0000,0x0000,0x0000,0x0000,
    0x0000,0x0000,0x0000,0x0000,0x0000,0x0000,0x0000,0x0000,0x0000,0x0000,0x0000,0x0000,0x0000,0x0000,0x0000,0x0000,0x0000,0x0000,0x0000,0x0000,0x0000,0x0000,0x0000,0x0000,
    0x0000,0x0000,0x0000,0x0000,0x0000,0x0000,0x0000,0x0000,0x0000,0x0000,0x0000,0x0000,0x0000,0x0000,0x0000,0x0000,0x0000,0x0000,0x0000,0x0000,0x0000,0x0000,0x0000,0x0000,
    0x0000,0x0000,0x0000,0x0000,0x0000,0x0000,0x0000,0x0000,0x0000,0x0000,0x0000,0x0000,0x0000,0x0000,0x0000,0x0000,0x0000,0x0000,0x0000,0x0000,0x0000,0x0000,0x0000,0x0000,
    0x0000,0x0000,0x0000,0x0000,0x0000,0x0000,0x0000,0x0000,0x0000,0x0000,0x0000,0x0000,0x0000,0x0000,0x0000,0x0000,0x0000,0x0000,0x0000,0x0000,0x0000,0x0000,0x0000,0x0000,
    0x0000,0x0000,0x0000,0x0000,0x0000,0x0000,0x0000,0x0000,0x0000,0x0000,0x0000,0x0000,0x0000,0x0000,0x0000,0x0000,0x0000,0x0000,0x0000,0x0000,0x0000,0x0000,0x0000,0x0000,
    0x0000,0x0000,0x0000,0x0000,0x0000,0x0000,0x0000,0x0000,0x0000,0x0000,0x0000,0x0000,0x0000,0x0000,0x0000,0x0000,0x0000,0x0000,0x0000,0x0000,0x0000,0x0000,0x0000,0x0000,
    0x0000,0x0000,0x0000,0x0000,0x0000,0x0000,0x0000,0x0000,0x0000,0x0000,0x0000,0x0000,0x0000,0x0000,0x0000,0x0000,0x0000,0x0000,0x0000,0x0000,0x0000,0x0000,0x0000,0x0000,
    0x0000,0x0000,0x0000,0x0000,0x0000,0x0000,0x0000,0x0000,0x0000,0x0000,0x0000,0x0000,0x0000,0x0000,0x0000,0x0000,0x0000,0x0000,0x0000,0x0000,0x0000,0x0000,0x0000,0x0000,
    0x0000,0x0000,0x0000,0x0000,0x0000,0x0000,0x0000,0x0000,0x0000,0x0000,0x0000,0x0000,0x0000,0x0000,0x0000,0x0000,0x0000,0x0000,0x0000,0x0000,0x0000,0x0000,0x0000,0x0000,
    0x0000,0x0000,0x0000,0x0000,0x0000,0x0000,0x0000,0x0000,0x0000,0x0000,0x0000,0x0000,0x0000,0x0000,0x0000,0x0000,0x0000,0x0000,0x0000,0x0000,0x0000,0x0000,0x0000,0x0000,
    0x0000,0x0000,0x0000,0x0000,0x0000,0x0000,0x0000,0x0000,0x0000,0x0000,0x0000,0x0000,0x0000,0x0000,0x0000,0x0000,0x0000,0x0000,0x0000,0x0000,0x0000,0x0000,0x0000,0x0000,
    0x0000,0x0000,0x0000,0x0000,0x0000,0x0000,0x0000,0x0000,0x0000,0x0000,0x0000,0x0000,0x0000,0x0000,0x0000,0x0000,0x0000,0x0000,0x0000,0x0000,0x0000,0x0000,0x0000,0x0000,
    0x0000,0x0000,0x0000,0x0000,0x0000,0x0000,0x0000,0x0000,0x0000,0x0000,0x0000,0x0000,0x0000,0x0000,0x0000,0x0000,0x0000,0x0000,0x0000,0x0000,0x0000,0x0000,0x0000,0x0000,
    0x0000,0x0000,0x0000,0x0000,0x0000,0x0000,0x0000,0x0000,0x0000,0x0000,0x0000,0x0000,0x0000,0x0000,0x0000,0x0000,0x0000,0x0000,0x0000,0x0000,0x0000,0x0000,0x0000,0x0000,
    0x0000,0x0000,0x0000,0x0000,0x0000,0x0000,0x0000,0x0000,0x0000,0x0000,0x0000,0x0000,0x0000,0x0000,0x0000,0x0000,0x0000,0x0000,0x0000,0x0000,0x0000,0x0000,0x0000,0x0000,
    0x0000,0x0000,0x0000,0x0000,0x0000,0x0000,0x0000,0x0000,0x0000,0x0000,0x0000,0x0000,0x0000,0x0000,0x0000,0x0000,0x0000,0x0000,0x0000,0x0000,0x0000,0x0000,0x0000,0x0000,
    0x0000,0x0000,0x0000,0x0000,0x0000,0x0000,0x0000,0x0000,0x0000,0x0000,0x0000,0x0000,0x0000,0x0000,0x0000,0x0000,0x0000,0x0000,0x0000,0x0000,0x0000,0x0000,0x0000,0x0000,
    0x0000,0x0000,0x0000,0x0000,0x0000,0x0000,0x0000,0x0000,0x0000,0x0000,0x0000,0x0000,0x0000,0x0000,0x0000,0x0000,0x0000,0x0000,0x0000,0x0000,0x0000,0x0000,0x0000,0x0000,
    0x0000,0x0000,0x0000,0x0000,0x0000,0x0000,0x0000,0x0000,0x0000,0x0000,0x0000,0x0000,0x0000,0x0000,0x0000,0x0000,0x0000,0x0000,0x0000,0x0000,0x0000,0x0000,0x0000,0x0000,
    0x0000,0x0000,0x0000,0x0000,0x0000,0x0000,0x0000,0x0000,0x0000,0x0000,0x0000,0x0000,0x0000,0x0000,0x0000,0x0000,0x0000,0x0000,0x0000,0x0000,0x0000,0x0000,0x0000,0x0000,
    0x0000,0x0000,0x0000,0x0000,0x0000,0x0000,0x0000,0x0000,0x0000,0x0000,0x0000,0x0000,0x0000,0x0000,0x0000,0x0000,0x0000,0x0000,0x0000,0x0000,0x0000,0x0000,0x0000,0x0000,
    0x0000,0x0000,0x0000,0x0000,0x0000,0x0000,0x0000,0x0000,0x0000,0x0000,0x0000,0x0000,0x0000,0x0000,0x0000,0x0000,0x0000,0x0000,0x0000,0x0000,0x0000,0x0000,0x0000,0x0000,
    0x0000,0x0000,0x0000,0x0000,0x0000,0x0000,0x0000,0x0000,0x0000,0x0000,0x0000,0x0000,0x0000,0x0000,0x0000,0x0000,0x0000,0x0000,0x0000,0x0000,0x0000,0x0000,0x0000,0x0000,
    0x0000,0x0000,0x0000,0x0000,0x0000,0x0000,0x0000,0x0000,0x0000,0x0000,0x0000,0x0000,0x0000,0x0000,0x0000,0x0000,0x0000,0x0000,0x0000,0x0000,0x0000,0x0000,0x0000,0x0000,
    0x0000,0x0000,0x0000,0x0000,0x0000,0x0000,0x0000,0x0000,0x0000,0x0000,0x0000,0x0000,0x0000,0x0000,0x0000,0x0000,0x0000,0x0000,0x0000,0x0000,0x0000,0x0000,0x0000,0x0000,
    0x0000,0x0000,0x0000,0x0000,0x0000,0x0000,0x0000,0x0000,0x0000,0x0000,0x0000,0x0000,0x0000,0x0000,0x0000,0x0000,0x0000,0x0000,0x0000,0x0000,0x0000,0x0000,0x0000,0x0000,
    0x0000,0x0000,0x0000,0x0000,0x0000,0x0000,0x0000,0x0000,0x0000,0x0000,0x0000,0x0000,0x0000,0x0000,0x0000,0x0000,0x0000,0x0000,0x0000,0x0000,0x0000,0x0000,0x0000,0x0000,
    0x0000,0x0000,0x0000,0x0000,0x0000,0x0000,0x0000,0x0000,0x0000,0x0000,0x0000,0x0000,0x0000,0x0000,0x0000,0x0000,0x0000,0x0000,0x0000,0x0000,0x0000,0x0000,0x0000,0x0000,
    0x0000,0x0000,0x0000,0x0000,0x0000,0x0000,0x0000,0x0000,0x0000,0x0000,0x0000,0x0000,0x0000,0x0000,0x0000,0x0000,0x0000,0x0000,0x0000,0x0000,0x0000,0x0000,0x0000,0x0000,
    0x0000,0x0000,0x0000,0x0000,0x0000,0x0000,0x0000,0x0000,0x0000,0x0000,0x0000,0x0000,0x0000,0x0000,0x0000,0x0000,0x0000,0x0000,0x0000,0x0000,0x0000,0x0000,0x0000,0x0000,
    0x0000,0x0000,0x0000,0x0000,0x0000,0x0000,0x0000,0x0000,0x0000,0x0000,0x0000,0x0000,0x0000,0x0000,0x0000,0x0000,0x0000,0x0000,0x0000,0x0000,0x0000,0x0000,0x0000,0x0000,
    0x0000,0x0000,0x0000,0x0000,0x0000,0x0000,0x0000,0x0000,0x0000,0x0000,0x0000,0x0000,0x0000,0x0000,0x0000,0x0000,0x0000,0x0000,0x0000,0x0000,0x0000,0x0000,0x0000,0x0000,
    0x0000,0x0000,0x0000,0x0000,0x0000,0x0000,0x0000,0x0000,0x0000,0x0000,0x0000,0x0000,0x0000,0x0000,0x0000,0x0000,0x0000,0x0000,0x0000,0x0000,0x0000,0x0000,0x0000,0x0000,
    0x0000,0x0000,0x0000,0x0000,0x0000,0x0000,0x0000,0x0000,0x0000,0x0000,0x0000,0x0000,0x0000,0x0000,0x0000,0x0000,0x0000,0x0000,0x0000,0x0000,0x0000,0x0000,0x0000,0x0000,
    0x0000,0x0000,0x0000,0x0000,0x0000,0x0000,0x0000,0x0000,0x0000,0x0000,0x0000,0x0000,0x0000,0x0000,0x0000,0x0000,0x0000,0x0000,0x0000,0x0000,0x0000,0x0000,0x0000,0x0000,
    0x0000,0x0000,0x0000,0x0000,0x0000,0x0000,0x0000,0x0000,0x0000,0x0000,0x0000,0x0000,0x0000,0x0000,0x0000,0x0000,0x0000,0x0000,0x0000,0x0000,0x0000,0x0000,0x0000,0x0000,
    0x0000,0x0000,0x0000,0x0000,0x0000,0x0000,0x0000,0x0000,0x0000,0x0000,0x0000,0x0000,0x0000,0x0000,0x0000,0x0000,0x0000,0x0000,0x2004,0x2003,0x2004,0x2804,0x2004,0x2003,
    0x2004,0x1803,0x2004,0x0000,0x0000,0x0000,0x0000,0x0000,0x0000,0x0000,0x0000,0x0000,0x0000,0x0000,0x0000,0x0000,0x0000,0x0000,0x0000,0x0000,0x0000,0x0000,0x0000,0x0000,
    0x0000,0x0000,0x0000,0x0000,0x0000,0x0000,0x0000,0x0000,0x0000,0x0000,0x0000,0x0000,0x0000,0x0000,0x0000,0x0000,0x0000,0x0000,0x0000,0x0000,0x0000,0x0000,0x0000,0x0000,
    0x0000,0x0000,0x0000,0x0000,0x0000,0x0000,0x0000,0x0000,0x0000,0x0000,0x0000,0x0000,0x0000,0x0000,0x0000,0x0000,0x3025,0x1803,0x2803,0x2143,0x2163,0x2143,0x2123,0x2123,
    0x2143,0x2003,0x2004,0x0000,0x0000,0x0000,0x0000,0x0000,0x0000,0x0000,0x0000,0x0000,0x0000,0x0000,0x0000,0x0000,0x0000,0x0000,0x0000,0x0000,0x0000,0x0000,0x0000,0x0000,
    0x0000,0x0000,0x0000,0x0000,0x0000,0x0000,0x0000,0x0000,0x0000,0x0000,0x0000,0x0000,0x0000,0x0000,0x0000,0x0000,0x0000,0x0000,0x0000,0x0000,0x0000,0x0000,0x0000,0x0000,
    0x0000,0x0000,0x0000,0x0000,0x0000,0x0000,0x0000,0x0000,0x0000,0x0000,0x0000,0x0000,0x0000,0x0000,0x0000,0x2004,0x2004,0x2a24,0x5eab,0x668c,0x666b,0x666b,0x666b,0x666b,
    0x668b,0x2844,0x1803,0x0000,0x0000,0x0000,0x0000,0x0000,0x0000,0x0000,0x0000,0x0000,0x0000,0x0000,0x0000,0x0000,0x0000,0x0000,0x0000,0x0000,0x0000,0x0000,0x0000,0x0000,
    0x0000,0x0000,0x0000,0x0000,0x0000,0x0000,0x0000,0x0000,0x0000,0x0000,0x0000,0x0000,0x0000,0x0000,0x0000,0x0000,0x0000,0x0000,0x0000,0x0000,0x0000,0x0000,0x0000,0x0000,
    0x0000,0x0000,0x0000,0x0000,0x0000,0x0000,0x2805,0x2004,0x1803,0x2805,0x0000,0x0000,0x0000,0x0000,0x2003,0x1843,0x6e8c,0x668b,0x666b,0x666b,0x666b,0x666b,0x668b,0x666b,
    0x5e6b,0x2023,0x2004,0x0000,0x0000,0x0000,0x0000,0x0000,0x0000,0x0000,0x0000,0x0000,0x0000,0x0000,0x0000,0x0000,0x0000,0x0000,0x0000,0x0000,0x0000,0x0000,0x0000,0x0000,
    0x0000,0x0000,0x0000,0x0000,0x0000,0x0000,0x0000,0x0000,0x0000,0x0000,0x0000,0x0000,0x0000,0x0000,0x0000,0x0000,0x0000,0x0000,0x0000,0x0000,0x0000,0x0000,0x0000,0x0000,
    0x0000,0x0000,0x0000,0x0000,0x0000,0x2004,0x2003,0x2004,0x2004,0x1803,0x2004,0x1804,0x0000,0x2804,0x2023,0x5e6a,0x666b,0x666b,0x666b,0x6e8b,0x2d8a,0x666b,0x668b,0x668b,
    0x5e6b,0x2023,0x2804,0x0000,0x0000,0x0000,0x0000,0x0000,0x0000,0x0000,0x0000,0x0000,0x0000,0x0000,0x0000,0x0000,0x0000,0x0000,0x0000,0x0000,0x0000,0x0000,0x0000,0x0000,
    0x0000,0x0000,0x0000,0x0000,0x0000,0x0000,0x0000,0x0000,0x0000,0x0000,0x0000,0x0000,0x0000,0x0000,0x0000,0x0000,0x0000,0x0000,0x0000,0x0000,0x0000,0x0000,0x0000,0x0000,
    0x0000,0x0000,0x0000,0x0000,0x0000,0x2004,0x1823,0x668c,0x666b,0x5e6b,0x2043,0x2004,0x0801,0x2003,0x66cc,0x666c,0x666b,0x666b,0x2d8b,0x3dea,0x666b,0x668b,0x668c,0x5e6c,
    0x2805,0x2004,0x8011,0x0000,0x0000,0x0000,0x0000,0x0000,0x0000,0x0000,0x0000,0x0000,0x0000,0x0000,0x0000,0x0000,0x0000,0x0000,0x0000,0x0000,0x0000,0x0000,0x0000,0x0000,
    0x0000,0x0000,0x0000,0x0000,0x0000,0x0000,0x0000,0x0000,0x0000,0x0000,0x0000,0x0000,0x0000,0x0000,0x0000,0x0000,0x0000,0x0000,0x0000,0x0000,0x0000,0x0000,0x0000,0x0000,
    0x0000,0x0000,0x0000,0x0000,0x0000,0x2003,0x2023,0x5e6b,0x666b,0x666b,0x668c,0x1823,0x2003,0x2003,0x5e6b,0x666b,0x666b,0x2d69,0x35ca,0x6e6c,0x666c,0x666b,0x4e4a,0x1082,
    0x2805,0x2005,0x0000,0x0000,0x0000,0x0000,0x0000,0x0000,0x0000,0x0000,0x0000,0x0000,0x0000,0x0000,0x0000,0x0000,0x0000,0x0000,0x0000,0x0000,0x0000,0x0000,0x0000,0x0000,
    0x0000,0x0000,0x0000,0x0000,0x0000,0x0000,0x0000,0x0000,0x0000,0x0000,0x0000,0x0000,0x0000,0x0000,0x0000,0x0000,0x0000,0x0000,0x0000,0x0000,0x0000,0x0000,0x0000,0x0000,
    0x0000,0x0000,0x0000,0x0000,0x0000,0x2003,0x1002,0x5e6b,0x666c,0x562b,0x666b,0x5e8b,0x1843,0x2024,0x564a,0x5e4b,0x258a,0x668d,0x666b,0x666b,0x562b,0x18e4,0x2004,0x2003,
    0x480a,0x0000,0x0000,0x0000,0x0000,0x0000,0x0000,0x0000,0x0000,0x0000,0x0000,0x0000,0x0000,0x0000,0x0000,0x0000,0x0000,0x0000,0x0000,0x0000,0x0000,0x0000,0x0000,0x0000,
    0x0000,0x0000,0x0000,0x0000,0x0000,0x0000,0x0000,0x0000,0x0000,0x0000,0x0000,0x0000,0x0000,0x0000,0x0000,0x0000,0x0000,0x0000,0x0000,0x0000,0x0000,0x0000,0x0000,0x0000,
    0x0000,0x0000,0x0000,0x0000,0x0000,0x2004,0x2004,0x2044,0x2864,0x4eab,0x5e8b,0x666b,0x1042,0x2023,0x666c,0x2d8a,0x2d69,0x564c,0x358a,0x1843,0x2043,0x2804,0x2805,0x582b,
    0x0000,0x0000,0x0000,0x0000,0x0000,0x0000,0x0000,0x0000,0x0000,0x0000,0x0000,0x0000,0x0000,0x0000,0x0000,0x0000,0x0000,0x0000,0x0000,0x0000,0x0000,0x0000,0x0000,0x0000,
    0x0000,0x0000,0x0000,0x0000,0x0000,0x0000,0x0000,0x0000,0x0000,0x0000,0x0000,0x0000,0x0000,0x0000,0x0000,0x0000,0x0000,0x0000,0x0000,0x0000,0x0000,0x0000,0x0000,0x0000,
    0x0000,0x0000,0x2004,0x2805,0x1803,0x2804,0x2824,0x1802,0x2003,0x2e4a,0x2daa,0x35ea,0x1042,0x1823,0x2da9,0x2dc9,0x2d69,0x1802,0x3025,0x2824,0x2003,0x2004,0x0000,0x0000,
    0x0000,0x0000,0x0000,0x0000,0x0000,0x0000,0x0000,0x0000,0x0000,0x0000,0x0000,0x0000,0x0000,0x0000,0x0000,0x0000,0x0000,0x0000,0x0000,0x0000,0x0000,0x0000,0x0000,0x0000,
    0x0000,0x0000,0x0000,0x0000,0x0000,0x0000,0x0000,0x0000,0x0000,0x0000,0x0000,0x0000,0x0000,0x0000,0x0000,0x0000,0x0000,0x0000,0x0000,0x0000,0x0000,0x0000,0x0000,0x0000,
    0x3807,0x2805,0x1823,0x2023,0xfe47,0xfe27,0xfe06,0xff6d,0xff6f,0xff6f,0xff6e,0xff6e,0xff8f,0xff6f,0xff6e,0xff6e,0xff6f,0xff6f,0xff6e,0xff4e,0xfda5,0x2804,0x2805,0x2004,
    0x2004,0x0000,0x0000,0x0000,0x0000,0x0000,0x0000,0x0000,0x0000,0x0000,0x0000,0x0000,0x0000,0x0000,0x0000,0x0000,0x0000,0x0000,0x0000,0x0000,0x0000,0x0000,0x0000,0x0000,
    0x0000,0x0000,0x0000,0x0000,0x0000,0x0000,0x0000,0x0000,0x0000,0x0000,0x0000,0x0000,0x0000,0x0000,0x0000,0x0000,0x0000,0x0000,0x0000,0x0000,0x0000,0x0000,0x2003,0x2003,
    0x2024,0x2824,0xff6e,0xff6d,0xff4d,0xff2d,0xff4e,0xff6e,0xff6e,0xff8e,0xff6e,0xff6e,0xff8e,0xff8e,0xff8e,0xff8e,0xff8e,0xff8e,0xff6e,0xff6e,0xff6e,0xff70,0xff6e,0x0801,
    0x2804,0x2805,0x2804,0x0000,0x0000,0x0000,0x0000,0x0000,0x0000,0x0000,0x0000,0x0000,0x0000,0x0000,0x0000,0x0000,0x0000,0x0000,0x0000,0x0000,0x0000,0x0000,0x0000,0x0000,
    0x0000,0x0000,0x0000,0x0000,0x0000,0x0000,0x0000,0x0000,0x0000,0x0000,0x0000,0x0000,0x0000,0x0000,0x0000,0x0000,0x0000,0x0000,0x0000,0x0000,0x1803,0x3005,0x2804,0x1802,
    0xff6d,0xff8f,0xff8e,0xff6e,0xff8e,0xff6e,0xff6e,0xff8e,0xff8e,0xff6e,0xff8e,0xff8e,0xff8e,0xff8e,0xff8e,0xff8e,0xff8e,0xff8e,0xff8e,0xff8e,0xff8e,0xff8e,0xff6e,0xffaf,
    0xffb0,0xce0e,0x2003,0x2003,0x3806,0x0000,0x0000,0x0000,0x0000,0x0000,0x0000,0x0000,0x0000,0x0000,0x0000,0x0000,0x0000,0x0000,0x0000,0x0000,0x0000,0x0000,0x0000,0x0000,
    0x0000,0x0000,0x0000,0x0000,0x0000,0x0000,0x0000,0x0000,0x0000,0x0000,0x0000,0x0000,0x0000,0x0000,0x0000,0x0000,0x0000,0x0000,0x600c,0x3005,0x2004,0x1002,0xff8f,0xff8f,
    0xff8d,0xffbe,0xffff,0xfffe,0xff8e,0xff8e,0xff6e,0xff8e,0xff8e,0xff8e,0xff8e,0xff8e,0xff8e,0xff8e,0xff8e,0xff8e,0xff8e,0xff8e,0xff8e,0xff8e,0xff8e,0xff8e,0xff8e,0xff8e,
    0xff6e,0xff6e,0xd64e,0x2003,0x2805,0x1803,0x0000,0x0000,0x0000,0x0000,0x0000,0x0000,0x0000,0x0000,0x0000,0x0000,0x0000,0x0000,0x0000,0x0000,0x0000,0x0000,0x0000,0x0000,
    0x0000,0x0000,0x0000,0x0000,0x0000,0x0000,0x0000,0x0000,0x0000,0x0000,0x0000,0x0000,0x0000,0x0000,0x0000,0x0000,0x0000,0x0000,0x1803,0x2804,0x7aa6,0xff6c,0xff6e,0xff6e,
    0xffff,0xffdf,0xff8d,0xff6e,0xff8e,0xff8e,0xff8e,0xff6e,0xff8e,0xff8e,0xff8e,0xff8e,0xff8e,0xff8e,0xff8e,0xff8e,0xff8e,0xff8e,0xff8e,0xff8e,0xff6e,0xff8e,0xff8e,0xff8e,
    0xff8e,0xff8e,0xff8f,0xf770,0x1022,0x1803,0x2004,0x0000,0x0000,0x0000,0x0000,0x0000,0x0000,0x0000,0x0000,0x0000,0x0000,0x0000,0x0000,0x0000,0x0000,0x0000,0x0000,0x0000,
    0x0000,0x0000,0x0000,0x0000,0x0000,0x0000,0x0000,0x0000,0x0000,0x0000,0x0000,0x0000,0x0000,0x0000,0x0000,0x0000,0x0000,0x2805,0x1803,0x8348,0xff8e,0xff6d,0xffdb,0xffff,
    0xffff,0xffff,0xff8e,0xff8e,0xff6e,0xff8e,0xff8e,0xff8e,0xff8e,0xff8e,0xff8e,0xff8e,0xff8e,0xff8e,0xff8e,0xff8e,0xff8e,0xff8e,0xff8e,0xff8e,0xff6e,0xff8e,0xff8e,0xff8e,
    0xff8e,0xff8e,0xff8e,0xff8e,0xff8e,0x1022,0x2003,0x2804,0x0000,0x0000,0x0000,0x0000,0x0000,0x0000,0x0000,0x0000,0x0000,0x0000,0x0000,0x0000,0x0000,0x0000,0x0000,0x0000,
    0x0000,0x0000,0x0000,0x0000,0x0000,0x0000,0x0000,0x0000,0x0000,0x0000,0x0000,0x0000,0x0000,0x0000,0x0000,0x0000,0x2003,0x2804,0x3084,0xff8d,0xff8e,0xffda,0xffff,0xffff,
    0xff8e,0xff8e,0xff8e,0xff8e,0xff8e,0xff8e,0xff8e,0xff6e,0xff8e,0xff8e,0xff8e,0xff8e,0xff8e,0xff8e,0xff8e,0xff8e,0xff8e,0xff8e,0xff8e,0xff8e,0xff8e,0xff8e,0xff8e,0xff8e,
    0xff8e,0xff8e,0xff8e,0xff8e,0xff8e,0xfff1,0x2804,0x1803,0x0000,0x0000,0x0000,0x0000,0x0000,0x0000,0x0000,0x0000,0x0000,0x0000,0x0000,0x0000,0x0000,0x0000,0x0000,0x0000,
    0x0000,0x0000,0x0000,0x0000,0x0000,0x0000,0x0000,0x0000,0x0000,0x0000,0x0000,0x0000,0x0000,0x0000,0x0000,0x3005,0x2003,0x1001,0xff8e,0xff8e,0xff8e,0xff8e,0xff8e,0xff6e,
    0xff8e,0xff6e,0xff8e,0xff8e,0xff8e,0xff8e,0xff8e,0xff8e,0xff8e,0xff8e,0xff8e,0xff8e,0xff8e,0xff8e,0xff8e,0xff8e,0xff8e,0xff8e,0xff8e,0xff8e,0xff8e,0xff8e,0xff8e,0xff8e,
    0xff8e,0xff8e,0xff8e,0xff8e,0xff8e,0xff8e,0x0000,0x1803,0x2004,0x0000,0x0000,0x0000,0x0000,0x0000,0x0000,0x0000,0x0000,0x0000,0x0000,0x0000,0x0000,0x0000,0x0000,0x0000,
    0x0000,0x0000,0x0000,0x0000,0x0000,0x0000,0x0000,0x0000,0x0000,0x0000,0x0000,0x0000,0x0000,0x0000,0x0000,0x2004,0x2024,0xff6d,0xff8d,0xff8e,0xff8e,0xff8e,0xff8e,0xff8e,
    0xff8e,0xff8e,0xff8e,0xff8e,0xff8e,0xff8e,0xff8e,0xff8e,0xff8e,0xff8e,0xff8e,0xff8e,0xff8e,0xff8e,0xff8e,0xff8e,0xff8e,0xff8e,0xff8e,0xff8e,0xff8e,0xff8e,0xff8e,0xff8e,
    0xff8e,0xff8e,0xff8e,0xff8e,0xff8e,0xff6e,0xff6d,0x0001,0x1803,0x0000,0x0000,0x0000,0x0000,0x0000,0x0000,0x0000,0x0000,0x0000,0x0000,0x0000,0x0000,0x0000,0x0000,0x0000,
    0x0000,0x0000,0x0000,0x0000,0x0000,0x0000,0x0000,0x0000,0x0000,0x0000,0x0000,0x0000,0x0000,0x0000,0x2004,0x1802,0xffaf,0xff8e,0xff8e,0xff8d,0xff8e,0xff8e,0xff8e,0xff8e,
    0xff8e,0xff8e,0xff8e,0xff8e,0xff8e,0xff8e,0xff8e,0xff8e,0xff6e,0xff8e,0xff8e,0xff8e,0xff8e,0xff8e,0xff6e,0xff6e,0xff8e,0xff6e,0xff8e,0xff8e,0xff8e,0xff8e,0xff8e,0xff8e,
    0xff8e,0xff8e,0xff8e,0xff8e,0xff8e,0xff6e,0xff8e,0x0000,0x1802,0x2804,0x0000,0x0000,0x0000,0x0000,0x0000,0x0000,0x0000,0x0000,0x0000,0x0000,0x0000,0x0000,0x0000,0x0000,
    0x0000,0x0000,0x0000,0x0000,0x0000,0x0000,0x0000,0x0000,0x0000,0x0000,0x0000,0x0000,0x0000,0x0000,0x2804,0x2023,0xff6d,0xff8e,0xff8e,0xff8e,0xff8e,0xff6d,0xef0e,0x1002,
    0x1002,0x1002,0x0803,0xff8e,0xff6e,0xff8e,0xff8e,0xff8e,0xff8e,0xff8e,0xff6e,0xff8e,0xff8e,0xff8e,0xff8e,0xff8e,0xff8e,0xff8e,0xff8e,0xff8e,0xff8f,0x3124,0x2903,0x2903,
    0x2903,0xe6ee,0xff6d,0xff8e,0xff8e,0xff8e,0xff8e,0xff6e,0xc5cd,0x2004,0x0000,0x0000,0x0000,0x0000,0x0000,0x0000,0x0000,0x0000,0x0000,0x0000,0x0000,0x0000,0x0000,0x0000,
    0x0000,0x0000,0x0000,0x0000,0x0000,0x0000,0x0000,0x0000,0x0000,0x0000,0x0000,0x0000,0x482a,0x1002,0x1803,0x1002,0xff8e,0xff8e,0xff8e,0xff8e,0xff6d,0x0801,0x1804,0x2003,
    0x2003,0x2804,0x2004,0x0802,0xff6e,0xff8e,0xff8e,0xff6e,0xff8e,0xff8e,0xff8e,0xff8e,0xff8e,0xff8e,0xff8e,0xff8e,0xff8e,0xff8e,0xff8e,0xff8e,0x20a2,0x2003,0x2804,0x2003,
    0x2003,0x3924,0x6247,0xff8d,0xff8e,0xff8e,0xff8e,0xff8e,0xcdcd,0x1822,0x1803,0x480a,0x0000,0x0000,0x0000,0x0000,0x0000,0x0000,0x0000,0x0000,0x0000,0x0000,0x0000,0x0000,
    0x0000,0x0000,0x0000,0x0000,0x0000,0x0000,0x0000,0x0000,0x0000,0x0000,0x0000,0x0000,0x4809,0x2004,0x4a24,0xff8e,0xff8e,0xff8e,0xff8e,0xff8e,0x1003,0x2003,0x1803,0xf76f,
    0xf74f,0xef2f,0x1022,0x2004,0x20a3,0xff6e,0xff8e,0xff8e,0xff8e,0xff8e,0xff8e,0xff8e,0xff8e,0xff8e,0xff8e,0xff8e,0xff8e,0xff6e,0xff6e,0x2883,0x2003,0x2023,0xf751,0xf74e,
    0xff6f,0x2004,0x2003,0x0802,0xff8e,0xff8e,0xff8e,0xff8e,0xff8e,0xf78e,0x2004,0x500b,0x0000,0x0000,0x0000,0x0000,0x0000,0x0000,0x0000,0x0000,0x0000,0x0000,0x0000,0x0000,
    0x0000,0x0000,0x0000,0x0000,0x0000,0x0000,0x0000,0x0000,0x0000,0x0000,0x0000,0x0000,0x580b,0x2003,0x4224,0xff8e,0xff8e,0xff8e,0xff8e,0xff8e,0x0802,0x2804,0xde4c,0xff8e,
    0xff8e,0xff8e,0xff8f,0x2024,0x1022,0xff6e,0xff8e,0xffef,0xffef,0xffef,0xffef,0xffee,0xffef,0xffef,0xffee,0xffef,0xffef,0xff8e,0xff8f,0x2023,0x1802,0xff6e,0xff8e,0xff8e,
    0xff8d,0x6b26,0x2024,0x0001,0xff6e,0xff6e,0xff8e,0xff8e,0xff8e,0xffaf,0x2804,0x4009,0x0000,0x0000,0x0000,0x0000,0x0000,0x0000,0x0000,0x0000,0x0000,0x0000,0x0000,0x0000,
    0x0000,0x0000,0x0000,0x0000,0x0000,0x0000,0x0000,0x0000,0x0000,0x0000,0x0000,0x2805,0x2825,0xa4aa,0xbd8b,0xff8e,0xff8e,0xff8e,0xff8e,0xff8d,0xf78f,0xf76f,0xff8f,0xff8e,
    0xff8e,0xff8e,0xff8e,0xf76e,0xf76f,0xff8c,0xffce,0x1822,0x1803,0x2003,0x2023,0x2003,0x2003,0x2003,0x2023,0x1803,0x2024,0xfff1,0xffad,0xffef,0xffcf,0xff8e,0xff8e,0xff8e,
    0xff8e,0xff8e,0xffce,0xffef,0xff8d,0xff8e,0xff8e,0xff6e,0xff8e,0xffaf,0x9427,0x2004,0x1002,0x0000,0x0000,0x0000,0x0000,0x0000,0x0000,0x0000,0x0000,0x0000,0x0000,0x0000,
    0x0000,0x0000,0x0000,0x0000,0x0000,0x0000,0x0000,0x0000,0x0000,0x0000,0x0000,0x2004,0x2004,0xffef,0xff8e,0xff6e,0xff8e,0xff8d,0xffce,0xffcd,0xffce,0xffce,0xff8e,0xff8e,
    0xff8e,0xff8e,0xff8e,0xff8e,0xff8e,0xe6ef,0x1803,0x2003,0x2003,0x2003,0x2003,0x2003,0x2003,0x2003,0x2003,0x2003,0x2003,0x2003,0xdeae,0xff8e,0xff8e,0xff8e,0xff8e,0xff8e,
    0xff8e,0xff8e,0xffae,0xffae,0xffce,0xffce,0xff8d,0xff8e,0xff8e,0xff8e,0xff8e,0x1803,0x1002,0x0000,0x0000,0x0000,0x0000,0x0000,0x0000,0x0000,0x0000,0x0000,0x0000,0x0000,
    0x0000,0x0000,0x0000,0x0000,0x0000,0x0000,0x0000,0x0000,0x0000,0x0000,0x0000,0x1002,0x2004,0xffef,0xff8e,0xff8e,0xff6e,0xfbb2,0xfbb3,0xfbb3,0xfbb3,0xfbb3,0xfe30,0xff8e,
    0xff8e,0xff8e,0xff8e,0xff8e,0xff8e,0xe6ee,0x2004,0x2003,0x2804,0x1002,0x0801,0x0801,0x0802,0x1002,0x1002,0x2004,0x2003,0x2003,0xe6cf,0xff8e,0xff8e,0xff8e,0xff8e,0xff8e,
    0xff8e,0xfbd3,0xfbb3,0xfbb3,0xfbd3,0xfbd3,0xfbf3,0xff6d,0xff8e,0xff8e,0xff90,0x2003,0x1802,0x0000,0x0000,0x0000,0x0000,0x0000,0x0000,0x0000,0x0000,0x0000,0x0000,0x0000,
    0x0000,0x0000,0x0000,0x0000,0x0000,0x0000,0x0000,0x0000,0x0000,0x0000,0x0000,0x1802,0x2024,0xffef,0xff8e,0xff8e,0xfb72,0xfbb3,0xfbd3,0xfbb3,0xfbb3,0xfbd3,0xfbb3,0xffae,
    0xff8e,0xff8e,0xff8e,0xff8e,0xff8e,0xeeef,0x2003,0x1802,0x6886,0xfad1,0xfbd3,0xfb92,0xfb92,0xfb92,0xfb51,0x5085,0x2004,0x2003,0xde6e,0xff8e,0xff8e,0xff8e,0xff8e,0xff8e,
    0xfb13,0xfb93,0xfbb3,0xfbb3,0xfbb3,0xfbb3,0xfbb3,0xfbb4,0xff8e,0xff8e,0xff8e,0x0801,0x2805,0x2023,0x0000,0x0000,0x0000,0x0000,0x0000,0x0000,0x0000,0x0000,0x0000,0x0000,
    0x0000,0x0000,0x0000,0x0000,0x0000,0x0000,0x0000,0x0000,0x0000,0x0000,0x2004,0x2804,0xfff1,0xff8d,0xff8e,0xff6f,0xfbb2,0xfbb3,0xfbb3,0xfbb3,0xfbd3,0xfbd3,0xfbd3,0xffae,
    0xff8e,0xff8e,0xff8e,0xff8e,0xff8e,0xe6ee,0x2804,0x2004,0xfbd3,0xfbb3,0xfbd3,0xfbd3,0xfbd3,0xfbd3,0xfbb3,0xf372,0x2804,0x1002,0xde8e,0xff8e,0xff8e,0xff8e,0xff8e,0xff8e,
    0xfb33,0xfbb3,0xfbb3,0xfbb3,0xfbb3,0xfbb3,0xfbd3,0xfbb4,0xff6e,0xff6e,0xff6e,0xf74d,0x1823,0x1822,0x0000,0x0000,0x0000,0x0000,0x0000,0x0000,0x0000,0x0000,0x0000,0x0000,
    0x0000,0x0000,0x0000,0x0000,0x0000,0x0000,0x0000,0x0000,0x0000,0x0000,0x2003,0x2003,0xf74e,0xff8e,0xff8e,0xff8e,0xfbb3,0xfbb3,0xfbb3,0xfbb3,0xfbd3,0xfbb3,0xfbd3,0xffae,
    0xff8e,0xff8e,0xffae,0xffae,0xff8e,0xff8e,0xd64e,0x1002,0xfb92,0xfbd3,0xfbd3,0xfbd3,0xfbd3,0xfbf3,0xfbf3,0xfbb2,0x1803,0xff8f,0xff8e,0xff8e,0xff8e,0xff8e,0xff8e,0xff8e,
    0xfb34,0xfbb3,0xfbb3,0xfbb3,0xfbb3,0xfbd3,0xfbd3,0xfbd4,0xff8e,0xff8e,0xff6e,0xf74e,0x2844,0x3005,0x2805,0x0000,0x0000,0x0000,0x0000,0x0000,0x0000,0x0000,0x0000,0x0000,
    0x0000,0x0000,0x0000,0x0000,0x0000,0x0000,0x0000,0x0000,0x0000,0x0000,0x2804,0x2824,0xf74f,0xff8e,0xff8e,0xff8e,0xff8e,0xffef,0xfbb3,0xfbb3,0xfbd3,0xfbb3,0xffae,0xff8e,
    0xff8e,0xff8e,0xff8e,0xff8e,0xffae,0xff8e,0xffad,0xc56b,0x1823,0xf391,0xfbf3,0xfbf3,0xfbf3,0xfbb2,0xfbd3,0x2804,0x4164,0xffad,0xff8e,0xffae,0xff8e,0xff8e,0xff8e,0xff8e,
    0xff8e,0xffce,0xfbb3,0xfbb3,0xfbb3,0xfbd3,0xffaf,0xff6e,0xff8e,0xff8e,0xff8e,0xff8e,0xff70,0x1823,0x1803,0x0000,0x0000,0x0000,0x0000,0x0000,0x0000,0x0000,0x0000,0x0000,
    0x0000,0x0000,0x0000,0x0000,0x0000,0x0000,0x0000,0x0000,0x0000,0x0000,0x2023,0x1803,0xf74e,0xff8e,0xff8e,0xff8e,0xff8e,0xff8e,0xff8e,0xff8e,0xff8e,0xff8e,0xff8e,0xff8e,
    0xff8e,0xff8e,0x9c89,0xa4a9,0x9c89,0x9c89,0x9428,0xc5cb,0x5a05,0x2004,0x2804,0x1803,0x1803,0x1002,0x1802,0x2004,0x6b27,0x6b27,0x7b68,0x7367,0x83a8,0x8c09,0xff8e,0xff8e,
    0xff8e,0xff8e,0xff8e,0xff8e,0xff8e,0xff8e,0xff8e,0xff8e,0xff8e,0xff8e,0xff8e,0xff8e,0xf770,0x1803,0x2003,0x0000,0x0000,0x0000,0x0000,0x0000,0x0000,0x0000,0x0000,0x0000,
    0x0000,0x0000,0x0000,0x0000,0x0000,0x0000,0x0000,0x0000,0x0000,0x0000,0x2023,0x2004,0xf74e,0xff8e,0xff8e,0xff8e,0xff8e,0xff8e,0xff8e,0xff8e,0xff8e,0xff8e,0xff8e,0xff8e,
    0xffef,0x1842,0x1802,0x1803,0x1803,0x2024,0x2003,0x1803,0x1823,0x2003,0x2003,0x2003,0x2004,0x2004,0x2003,0x1802,0x2003,0x2003,0x1803,0x1802,0x2003,0x1803,0x20c2,0xf76f,
    0xff8e,0xff8e,0xff8e,0xff8e,0xff8e,0xff8e,0xff8e,0xff8e,0xff8e,0xff8e,0xff8e,0xff8e,0xf74f,0x1822,0x2003,0x0000,0x0000,0x0000,0x0000,0x0000,0x0000,0x0000,0x0000,0x0000,
    0x0000,0x0000,0x0000,0x0000,0x0000,0x0000,0x0000,0x0000,0x0000,0x2024,0x2023,0xf74d,0xff8e,0xff8e,0xff8e,0xff8e,0xff8e,0xff8e,0xff8e,0xff8e,0xff8e,0xff8e,0xff8e,0xf74e,
    0x2824,0xc388,0xeca8,0xe489,0xe488,0xe489,0xe4a9,0xd345,0xcb24,0xdc49,0xdc69,0xe469,0xe4ab,0xe4ab,0xe449,0xe448,0xe447,0xe468,0xe489,0xe4aa,0xe488,0xf4ca,0x2824,0x0803,
    0xff8d,0xff8e,0xff8e,0xff8e,0xff8e,0xff8e,0xff8e,0xff8e,0xff8e,0xff8e,0xff8e,0xff8e,0xf74f,0x2823,0x2804,0x0000,0x0000,0x0000,0x0000,0x0000,0x0000,0x0000,0x0000,0x0000,
    0x0000,0x0000,0x0000,0x0000,0x0000,0x0000,0x0000,0x0000,0x0000,0x2003,0x2024,0xff6e,0xff8e,0xff8e,0xff8e,0xff8e,0xff8e,0xff8e,0xff8e,0xff8e,0xff8e,0xff6d,0xf770,0x2024,
    0x38e3,0xe488,0xe4a9,0xfdf0,0xfe72,0xfe51,0xfe51,0xeccb,0xecaa,0xff57,0xff15,0xff15,0xff15,0xff36,0xff15,0xff16,0xfef5,0xff15,0xfef5,0xfed4,0xe489,0xe489,0xdc68,0x2003,
    0x7ba7,0xff8e,0xff8e,0xfe68,0xff6e,0xff8e,0xff8e,0xff8e,0xff8e,0xff8e,0xff8e,0xff8e,0xff8e,0xf76f,0x2003,0x2004,0x0000,0x0000,0x0000,0x0000,0x0000,0x0000,0x0000,0x0000,
    0x0000,0x0000,0x0000,0x0000,0x0000,0x0000,0x0000,0x0000,0x2004,0x2024,0xffd0,0xff8e,0xff8e,0xff8e,0xff8e,0xff8e,0xff8e,0xff8e,0xff8e,0xff8d,0xf500,0xfe67,0xf74e,0x1822,
    0x30c3,0xe4a9,0xed0b,0xfe31,0xfe72,0xff15,0xff16,0xff15,0xff15,0xff15,0xff16,0xff14,0xfea9,0xfecb,0xfeeb,0xff36,0xff15,0xff15,0xff15,0xfeb3,0xfe92,0xe489,0xe488,0x2003,
    0x83e8,0xff8e,0xf561,0xfeaa,0xff6d,0xff8e,0xff8e,0xff8e,0xff8e,0xff8e,0xff8e,0xff8e,0xff8e,0xff6f,0x2004,0x2004,0x0000,0x0000,0x0000,0x0000,0x0000,0x0000,0x0000,0x0000,
    0x0000,0x0000,0x0000,0x0000,0x0000,0x0000,0x0000,0x0000,0x2004,0x1803,0xff6f,0xff8e,0xff8e,0xff8e,0xff8e,0xff8e,0xff8e,0xff8e,0xff8e,0xff8d,0xeca0,0x1823,0xffb0,0x2023,
    0x48c3,0xdba6,0xe468,0xfe72,0xff15,0xfe92,0xfef4,0xff15,0xfef0,0xfeab,0xfeab,0xff78,0xffde,0xffd5,0xffd7,0xff0d,0xfeab,0xff56,0xfed4,0xff15,0xff15,0xe468,0xcb25,0x2004,
    0x7b87,0x1822,0x2865,0xffd0,0xff8e,0xff8e,0xff8e,0xff8e,0xff8e,0xff8e,0xff8e,0xff8e,0xff8e,0xff6e,0x2004,0x2004,0x0000,0x0000,0x0000,0x0000,0x0000,0x0000,0x0000,0x0000,
    0x0000,0x0000,0x0000,0x0000,0x0000,0x0000,0x0000,0x0000,0x3005,0x2824,0xff6e,0xff8e,0xff8e,0xff8e,0xff8e,0xff8e,0xff8e,0xff8e,0xff8e,0xff8e,0xff8e,0x30c3,0x2003,0x2804,
    0x2824,0xc2c4,0xcb45,0xf54b,0xff15,0xfef5,0xff15,0xff12,0xfeab,0xfea8,0xffd7,0xfffd,0xffd8,0xffce,0xffcf,0xffd0,0xfecb,0xfeef,0xff14,0xff15,0xfd8d,0xc365,0xb264,0x2825,
    0x2024,0x2024,0x30c4,0xff8e,0xff8e,0xff8e,0xff8e,0xff8e,0xff8e,0xff8e,0xff8e,0xff8e,0xff8e,0xff6e,0x2004,0x2004,0x0000,0x0000,0x0000,0x0000,0x0000,0x0000,0x0000,0x0000,
    0x0000,0x0000,0x0000,0x0000,0x0000,0x0000,0x0000,0x0000,0x2805,0x1823,0xff6f,0xff8e,0xff8e,0xff8e,0xff8e,0xff8e,0xff8e,0xff8e,0xff8e,0xff8e,0xff8e,0xff8e,0xffcf,0xffcf,
    0x1803,0x1803,0xcb87,0xf58c,0xff15,0xff15,0xff33,0xfeca,0xfffe,0xffff,0xffcf,0xffce,0xffcf,0xffcf,0xffcf,0xffcf,0xffcf,0xfe07,0xfef3,0xff36,0xe469,0x4083,0x1803,0x2844,
    0xffaf,0xff8d,0xff8e,0xff8e,0xff8e,0xff8e,0xff8e,0xff8e,0xff8e,0xff8e,0xff8e,0xff6e,0xff8e,0xff6f,0x2003,0x2004,0x0000,0x0000,0x0000,0x0000,0x0000,0x0000,0x0000,0x0000,
    0x0000,0x0000,0x0000,0x0000,0x0000,0x0000,0x0000,0x0000,0x2004,0x2023,0xf750,0xff8e,0xff8e,0xff8e,0xff8e,0xff8e,0xff8e,0xff8e,0xff8e,0xff8e,0xff8e,0xff8e,0xff8e,0xff8d,
    0xff6d,0x2043,0x3064,0x9a87,0xff15,0xff13,0xfeea,0xfeeb,0xfffe,0xffd1,0xffd0,0xffcf,0xffcf,0xffcf,0xffcf,0xffcf,0xffcf,0xf607,0xf66d,0xff15,0x4883,0x2804,0x2043,0xff4d,
    0xff8e,0xff8e,0xff8e,0xff8e,0xff8e,0xff8e,0xff8e,0xff8e,0xff8e,0xff8e,0xff8e,0xff6e,0xff8d,0xff6f,0x2824,0x2004,0x0000,0x0000,0x0000,0x0000,0x0000,0x0000,0x0000,0x0000,
    0x0000,0x0000,0x0000,0x0000,0x0000,0x0000,0x0000,0x0000,0x0000,0x2004,0x2024,0xff6d,0xff8e,0xff8f,0xffaf,0xff8e,0xff8e,0xff8e,0xff8e,0xff8e,0xff8e,0xff8e,0xff8e,0xff8e,
    0xff8e,0xf76f,0x2804,0x4082,0xff15,0xff13,0xfee9,0xffff,0xffd1,0xffce,0xffcf,0xffcf,0xffcf,0xffce,0xffcf,0xffcf,0xff4e,0xf5e6,0xf60b,0xfef5,0x2824,0x3046,0xff8e,0xff8d,
    0xff8d,0xff8e,0xff8e,0xff8e,0xff8e,0xff8e,0xff8e,0xff8e,0xff8e,0xff8e,0xff8f,0xff8e,0xff6d,0x1802,0x2804,0x2005,0x0000,0x0000,0x0000,0x0000,0x0000,0x0000,0x0000,0x0000,
    0x0000,0x0000,0x0000,0x0000,0x0000,0x0000,0x0000,0x0000,0x0000,0x2004,0x1823,0xffee,0xffef,0xff0a,0xfe68,0xfea9,0xfec9,0xff8e,0xff8e,0xff8e,0xff8e,0xff8e,0xff8e,0xff8e,
    0xff8e,0xf74f,0x2003,0x4082,0xff15,0xff34,0xfeca,0xff07,0xffcf,0xffcf,0xffcf,0xffcf,0xffcf,0xffce,0xffcf,0xfea9,0xfea9,0xed84,0xf64c,0xff15,0x1002,0x2044,0xff6d,0xff8e,
    0xff8e,0xff8e,0xff8e,0xff8e,0xff8e,0xff8e,0xff8e,0xfea9,0xfe89,0xfe69,0xfee9,0xffef,0xffce,0x2003,0x1804,0x0000,0x0000,0x0000,0x0000,0x0000,0x0000,0x0000,0x0000,0x0000,
    0x0000,0x0000,0x0000,0x0000,0x0000,0x0000,0x0000,0x0000,0x0000,0x0000,0x3006,0x2804,0x2003,0x2003,0xfe69,0xfe48,0xfe69,0xfe87,0xff6e,0xff6e,0xff8e,0xff8e,0xff8e,0xff8e,
    0xff0a,0xa346,0x2825,0x6124,0xff16,0xff15,0xfed0,0xf605,0xffcf,0xffcf,0xffcf,0xffcf,0xffcf,0xffd0,0xfe88,0xed63,0xed84,0xf5c7,0xfeb1,0xff16,0x3065,0x2825,0x9b46,0xff6c,
    0xff8e,0xff8e,0xff8e,0xff8e,0xff8e,0xff8f,0xfe46,0xfe48,0xfe69,0xfe69,0x9324,0x2003,0x2804,0x2805,0x0000,0x0000,0x0000,0x0000,0x0000,0x0000,0x0000,0x0000,0x0000,0x0000,
    0x0000,0x0000,0x0000,0x0000,0x0000,0x0000,0x0000,0x0000,0x0000,0x0000,0x0000,0x1803,0x2063,0xff8f,0xff8e,0xff8e,0xffaf,0xf5c5,0xfe4a,0xff6d,0xff8e,0xff6e,0xff6f,0xee67,
    0x2023,0x1802,0x6104,0xec89,0xff16,0xff15,0xff14,0xfe4a,0xffd0,0xffcf,0xffcf,0xffcf,0xffce,0xfe89,0xf584,0xed43,0xed43,0xfe2b,0xff15,0xff35,0xe447,0x1801,0x1802,0x2023,
    0xff90,0xff8f,0xff8e,0xff8e,0xfee9,0xff0a,0xfe03,0xff6d,0xff6e,0xff6d,0x5162,0x1803,0x1803,0x0000,0x0000,0x0000,0x0000,0x0000,0x0000,0x0000,0x0000,0x0000,0x0000,0x0000,
    0x0000,0x0000,0x0000,0x0000,0x0000,0x0000,0x0000,0x0000,0x0000,0x0000,0x0000,0x2805,0x3085,0xff8f,0xff8e,0xff8e,0xff8e,0xff8e,0xff6e,0x0803,0x2804,0x2003,0x2804,0x2804,
    0x3023,0xcb25,0xe468,0xfed4,0xff15,0xff15,0xff15,0xfef3,0xf584,0xf5a4,0xf5a5,0xf585,0xed64,0xf584,0xfe6a,0xfe4b,0xff15,0xff15,0xff15,0xff15,0xfed3,0xcb45,0xcac4,0x2804,
    0x2003,0x1803,0x2804,0x2023,0x72c5,0xff8c,0xff6e,0xff8e,0xff6d,0xff6e,0xff8e,0x1023,0x2004,0x0000,0x0000,0x0000,0x0000,0x0000,0x0000,0x0000,0x0000,0x0000,0x0000,0x0000,
    0x0000,0x0000,0x0000,0x0000,0x0000,0x0000,0x0000,0x0000,0x0000,0x0000,0x0000,0x2804,0x2063,0xff6e,0xff8e,0xff8e,0xff8e,0xff6e,0xff8e,0xf74f,0xf72e,0xf74f,0xf72e,0x2824,
    0x2843,0xe468,0xe4ea,0xfef5,0xfef4,0xfe92,0xff15,0xff15,0xfeb2,0xf585,0xed64,0xed84,0xf5a5,0xfe6b,0xfe6f,0xff15,0xff15,0xff15,0xfeb3,0xff16,0xff16,0xe469,0xdc28,0x2003,
    0x7b67,0xf74e,0xf74f,0xf74e,0xff8f,0xff8d,0xff6d,0xff6e,0xff6e,0xff8e,0xff6e,0x1824,0x2805,0x0000,0x0000,0x0000,0x0000,0x0000,0x0000,0x0000,0x0000,0x0000,0x0000,0x0000,
    0x0000,0x0000,0x0000,0x0000,0x0000,0x0000,0x0000,0x0000,0x0000,0x0000,0x0000,0x2004,0x2063,0xfe2a,0xff8e,0xff8e,0xff8e,0xff8e,0xff8e,0xff6e,0xff6e,0xff8e,0xff8d,0x2023,
    0x2062,0xdc48,0xe4a9,0xfef5,0xfed4,0xfe72,0xfeb3,0xff15,0xff15,0xfe51,0xfe92,0xfe92,0xfe92,0xff15,0xff15,0xff15,0xff15,0xff35,0xfe92,0xff16,0xfef5,0xe428,0xe428,0x2804,
    0x83c8,0xff8e,0xff8e,0xff8e,0xff8e,0xff8e,0xff8e,0xff8e,0xff8e,0xff6e,0xfe69,0x0802,0x2005,0x0000,0x0000,0x0000,0x0000,0x0000,0x0000,0x0000,0x0000,0x0000,0x0000,0x0000,
    0x0000,0x0000,0x0000,0x0000,0x0000,0x0000,0x0000,0x0000,0x0000,0x0000,0x0000,0x2004,0x1803,0x1042,0xff8e,0xff8e,0xff8e,0xff8e,0xff6e,0xff8e,0xff8e,0xff6e,0xff8e,0x3045,
    0x3063,0xe489,0xe4a9,0xfed4,0xfed3,0xfef4,0xfef4,0xfed4,0xff15,0xfef4,0xff15,0xfef4,0xfed3,0xfed3,0xfed3,0xfef5,0xff15,0xfef4,0xfef4,0xfed3,0xfe30,0xe489,0xe428,0x2003,
    0x7ba7,0xff8e,0xff8e,0xff8e,0xff8e,0xff8e,0xff8e,0xff8e,0xff8e,0xfe8a,0x0002,0x1803,0x1804,0x0000,0x0000,0x0000,0x0000,0x0000,0x0000,0x0000,0x0000,0x0000,0x0000,0x0000,
    0x0000,0x0000,0x0000,0x0000,0x0000,0x0000,0x0000,0x0000,0x0000,0x0000,0x0000,0x0000,0x2004,0x3045,0xfe6a,0xfe67,0xff6d,0xff6d,0xfda2,0xfde5,0xfda2,0xff8d,0xff8e,0x2843,
    0x1823,0xdb45,0xcb45,0xdc07,0xdbc6,0xdba6,0xc2e4,0xd304,0xcb04,0xc2c4,0xc2c4,0xc2e4,0xcae4,0xcb04,0xcae4,0xcb04,0xd305,0xc2e4,0xdba6,0xdbe7,0xdbe7,0xcb04,0x3843,0x1803,
    0x93e7,0xff8f,0xff8d,0xfdc4,0xfdc4,0xf5c3,0xff6f,0xfe89,0xfe8a,0xfe69,0x0802,0x2804,0x8851,0x0000,0x0000,0x0000,0x0000,0x0000,0x0000,0x0000,0x0000,0x0000,0x0000,0x0000,
    0x0000,0x0000,0x0000,0x0000,0x0000,0x0000,0x0000,0x0000,0x0000,0x0000,0x0000,0x0000,0x2805,0x2825,0xbca9,0xfe68,0xfe68,0xfe46,0xfd81,0xfde4,0xfdc3,0xfde5,0xff6d,0xff6c,
    0x0801,0x1802,0xb283,0xcae4,0xcae4,0xc2c4,0x2803,0x2804,0x2004,0x2004,0x2004,0x2003,0x2003,0x2024,0x2003,0x1803,0x2824,0x89e4,0xcae4,0xc2c4,0xbac4,0xa204,0x2004,0x1000,
    0xffad,0xff8f,0xfdc3,0xfda2,0xfda2,0xfda3,0xfd82,0xfe68,0xfe89,0xdd4a,0x3025,0x2805,0x0000,0x0000,0x0000,0x0000,0x0000,0x0000,0x0000,0x0000,0x0000,0x0000,0x0000,0x0000,
    0x0000,0x0000,0x0000,0x0000,0x0000,0x0000,0x0000,0x0000,0x0000,0x0000,0x0000,0x0000,0x2004,0x1803,0x1803,0x28c4,0x30e4,0x38c3,0xffaf,0xff8e,0xff8e,0xff8e,0xfe68,0xfe27,
    0xff6c,0xff2d,0x2824,0x2824,0x2023,0x2824,0x2081,0xffed,0xffee,0xffed,0xffee,0xffef,0xffee,0xffee,0xffee,0xffee,0xffee,0x2003,0x2804,0x1802,0x2023,0x2824,0xffcd,0xffaf,
    0xfe48,0xfe07,0xff8e,0xff8d,0xff6d,0xff6e,0x0801,0x2823,0x1002,0x1803,0x1803,0x0000,0x0000,0x0000,0x0000,0x0000,0x0000,0x0000,0x0000,0x0000,0x0000,0x0000,0x0000,0x0000,
    0x0000,0x0000,0x0000,0x0000,0x0000,0x0000,0x0000,0x0000,0x0000,0x0000,0x0000,0x0000,0x0000,0x3808,0x2024,0x2004,0x2004,0x3102,0xff8d,0xff8e,0xff8e,0xff8e,0xff6d,0xfd60,
    0xfda2,0xfe8a,0xfe6b,0xfe49,0xfe48,0xfe6b,0xfe49,0xfe48,0xfe69,0xfe49,0xfe48,0xfe69,0xfe69,0xfe49,0xfe49,0xfe49,0xfe49,0xfe4a,0xfe28,0xfe08,0xfe4a,0xfe4a,0xfe46,0xfd83,
    0xfd60,0xff8d,0xff8e,0xff8d,0xff6d,0xff8d,0x20c1,0x2804,0x2004,0x2004,0x0000,0x0000,0x0000,0x0000,0x0000,0x0000,0x0000,0x0000,0x0000,0x0000,0x0000,0x0000,0x0000,0x0000,
    0x0000,0x0000,0x0000,0x0000,0x0000,0x0000,0x0000,0x0000,0x0000,0x0000,0x0000,0x0000,0x0000,0x0000,0x1822,0x2004,0x1823,0xfe48,0xfe8a,0xff8e,0xff8e,0xff8e,0xff8e,0xff0c,
    0x7285,0x2804,0x1802,0x1803,0x2003,0x2804,0x2805,0x2003,0x1803,0x2003,0x2003,0x1803,0x2003,0x2004,0x2004,0x2004,0x1802,0x1803,0x2004,0x2003,0x2004,0x2004,0x2004,0xbc47,
    0xff8d,0xff8e,0xff8e,0xff8e,0xff8e,0xff8e,0xfe68,0x1822,0x2004,0x0000,0x0000,0x0000,0x0000,0x0000,0x0000,0x0000,0x0000,0x0000,0x0000,0x0000,0x0000,0x0000,0x0000,0x0000,
    0x0000,0x0000,0x0000,0x0000,0x0000,0x0000,0x0000,0x0000,0x0000,0x0000,0x0000,0x0000,0x0000,0x0000,0x0000,0x1803,0x2004,0x0802,0xfe89,0xfe89,0xfe69,0xfe69,0xfe89,0xfe89,
    0x6a24,0x2003,0x1803,0x2005,0x3007,0x2805,0x2806,0x3006,0x2805,0x2805,0x3006,0x2806,0x2806,0x3007,0x2805,0x2805,0x2805,0x2005,0x2806,0x3007,0x2005,0x1803,0x2003,0x9346,
    0xffb0,0xff8d,0xff4c,0xff6d,0xfe8a,0xfe69,0xd547,0x2804,0x1803,0x0000,0x0000,0x0000,0x0000,0x0000,0x0000,0x0000,0x0000,0x0000,0x0000,0x0000,0x0000,0x0000,0x0000,0x0000,
    0x0000,0x0000,0x0000,0x0000,0x0000,0x0000,0x0000,0x0000,0x0000,0x0000,0x0000,0x0000,0x0000,0x0000,0x0000,0x2003,0x2805,0x1823,0x0802,0x0802,0x0002,0x1003,0x0802,0x1002,
    0x2824,0x2004,0x500c,0x0000,0x0000,0x0000,0x0000,0x0000,0x0000,0x0000,0x0000,0x0000,0x0000,0x0000,0x0000,0x0000,0x0000,0x0000,0x0000,0x0000,0x0000,0x3807,0x2804,0x2825,
    0x0001,0x0002,0x0001,0x0001,0x0802,0x0002,0x1803,0x2804,0x0000,0x0000,0x0000,0x0000,0x0000,0x0000,0x0000,0x0000,0x0000,0x0000,0x0000,0x0000,0x0000,0x0000,0x0000,0x0000,
    0x0000,0x0000,0x0000,0x0000,0x0000,0x0000,0x0000,0x0000,0x0000,0x0000,0x0000,0x0000,0x0000,0x0000,0x0000,0x0000,0x0000,0x2004,0x2804,0x2003,0x2003,0x2805,0x2804,0x1803,
    0x2805,0x0000,0x0000,0x0000,0x0000,0x0000,0x0000,0x0000,0x0000,0x0000,0x0000,0x0000,0x0000,0x0000,0x0000,0x0000,0x0000,0x0000,0x0000,0x0000,0x0000,0x0000,0x0000,0x3005,
    0x2003,0x2004,0x2003,0x1803,0x2804,0x2804,0x1803,0x0000,0x0000,0x0000,0x0000,0x0000,0x0000,0x0000,0x0000,0x0000,0x0000,0x0000,0x0000,0x0000,0x0000,0x0000,0x0000,0x0000,
    0x0000,0x0000,0x0000,0x0000,0x0000,0x0000,0x0000,0x0000,0x0000,0x0000,0x0000,0x0000,0x0000,0x0000,0x0000,0x0000,0x0000,0x0000,0x0000,0x0000,0x0000,0x0000,0x0000,0x0000,
    0x0000,0x0000,0x0000,0x0000,0x0000,0x0000,0x0000,0x0000,0x0000,0x0000,0x0000,0x0000,0x0000,0x0000,0x0000,0x0000,0x0000,0x0000,0x0000,0x0000,0x0000,0x0000,0x0000,0x0000,
    0x0000,0x0000,0x0000,0x0000,0x0000,0x0000,0x0000,0x0000,0x0000,0x0000,0x0000,0x0000,0x0000,0x0000,0x0000,0x0000,0x0000,0x0000,0x0000,0x0000,0x0000,0x0000,0x0000,0x0000,
    0x0000,0x0000,0x0000,0x0000,0x0000,0x0000,0x0000,0x0000,0x0000,0x0000,0x0000,0x0000,0x0000,0x0000,0x0000,0x0000,0x0000,0x0000,0x0000,0x0000,0x0000,0x0000,0x0000,0x0000,
    0x0000,0x0000,0x0000,0x0000,0x0000,0x0000,0x0000,0x0000,0x0000,0x0000,0x0000,0x0000,0x0000,0x0000,0x0000,0x0000,0x0000,0x0000,0x0000,0x0000,0x0000,0x0000,0x0000,0x0000,
    0x0000,0x0000,0x0000,0x0000,0x0000,0x0000,0x0000,0x0000,0x0000,0x0000,0x0000,0x0000,0x0000,0x0000,0x0000,0x0000,0x0000,0x0000,0x0000,0x0000,0x0000,0x0000,0x0000,0x0000,
    0x0000,0x0000,0x0000,0x0000,0x0000,0x0000,0x0000,0x0000,0x0000,0x0000,0x0000,0x0000,0x0000,0x0000,0x0000,0x0000,0x0000,0x0000,0x0000,0x0000,0x0000,0x0000,0x0000,0x0000,
    0x0000,0x0000,0x0000,0x0000,0x0000,0x0000,0x0000,0x0000,0x0000,0x0000,0x0000,0x0000,0x0000,0x0000,0x0000,0x0000,0x0000,0x0000,0x0000,0x0000,0x0000,0x0000,0x0000,0x0000,
    0x0000,0x0000,0x0000,0x0000,0x0000,0x0000,0x0000,0x0000,0x0000,0x0000,0x0000,0x0000,0x0000,0x0000,0x0000,0x0000,0x0000,0x0000,0x0000,0x0000,0x0000,0x0000,0x0000,0x0000,
  },
  /* cookie */ {
    0x0000,0x0000,0x0000,0x0000,0x0000,0x0000,0x0000,0x0000,0x0000,0x0000,0x0000,0x0000,0x0000,0x0000,0x0000,0x0000,0x0000,0x0000,0x0000,0x0000,0x0000,0x0000,0x0000,0x0000,
    0x0000,0x0000,0x0000,0x0000,0x0000,0x0000,0x0000,0x0000,0x0000,0x0000,0x0000,0x0000,0x0000,0x0000,0x0000,0x0000,0x0000,0x0000,0x0000,0x0000,0x0000,0x0000,0x0000,0x0000,
    0x0000,0x0000,0x0000,0x0000,0x0000,0x0000,0x0000,0x0000,0x0000,0x0000,0x0000,0x0000,0x0000,0x0000,0x0000,0x0000,0x0000,0x0000,0x0000,0x0000,0x0000,0x0000,0x0000,0x0000,
    0x0000,0x0000,0x0000,0x0000,0x0000,0x0000,0x0000,0x0000,0x0000,0x0000,0x0000,0x0000,0x0000,0x0000,0x0000,0x0000,0x0000,0x0000,0x0000,0x0000,0x0000,0x0000,0x0000,0x0000,
    0x0000,0x0000,0x0000,0x0000,0x0000,0x0000,0x0000,0x0000,0x0000,0x0000,0x0000,0x0000,0x0000,0x0000,0x0000,0x0000,0x0000,0x0000,0x0000,0x0000,0x0000,0x0000,0x0000,0x0000,
    0x0000,0x0000,0x0000,0x0000,0x0000,0x0000,0x0000,0x0000,0x0000,0x0000,0x0000,0x0000,0x0000,0x0000,0x0000,0x0000,0x0000,0x0000,0x0000,0x0000,0x0000,0x0000,0x0000,0x0000,
    0x0000,0x0000,0x0000,0x0000,0x0000,0x0000,0x0000,0x0000,0x0000,0x0000,0x0000,0x0000,0x0000,0x0000,0x0000,0x0000,0x0000,0x0000,0x0000,0x0000,0x0000,0x0000,0x0000,0x0000,
    0x0000,0x0000,0x0000,0x0000,0x0000,0x0000,0x0000,0x0000,0x0000,0x0000,0x0000,0x0000,0x0000,0x0000,0x0000,0x0000,0x0000,0x0000,0x0000,0x0000,0x0000,0x0000,0x0000,0x0000,
    0x0000,0x0000,0x0000,0x0000,0x0000,0x0000,0x0000,0x0000,0x0000,0x0000,0x0000,0x0000,0x0000,0x0000,0x0000,0x0000,0x0000,0x0000,0x0000,0x0000,0x0000,0x0000,0x0000,0x0000,
    0x0000,0x0000,0x0000,0x0000,0x0000,0x0000,0x0000,0x0000,0x0000,0x0000,0x0000,0x0000,0x0000,0x0000,0x0000,0x0000,0x0000,0x0000,0x0000,0x0000,0x0000,0x0000,0x0000,0x0000,
    0x0000,0x0000,0x0000,0x0000,0x0000,0x0000,0x0000,0x0000,0x0000,0x0000,0x0000,0x0000,0x0000,0x0000,0x0000,0x0000,0x0000,0x0000,0x0000,0x0000,0x0000,0x0000,0x0000,0x0000,
    0x0000,0x0000,0x0000,0x0000,0x0000,0x0000,0x0000,0x0000,0x0000,0x0000,0x0000,0x0000,0x0000,0x0000,0x0000,0x0000,0x0000,0x0000,0x0000,0x0000,0x0000,0x0000,0x0000,0x0000,
    0x0000,0x0000,0x0000,0x0000,0x0000,0x0000,0x0000,0x0000,0x0000,0x0000,0x0000,0x0000,0x0000,0x0000,0x0000,0x0000,0x0000,0x0000,0x0000,0x0000,0x0000,0x0000,0x0000,0x0000,
    0x0000,0x0000,0x0000,0x0000,0x0000,0x0000,0x0000,0x0000,0x0000,0x0000,0x0000,0x0000,0x0000,0x0000,0x0000,0x0000,0x0000,0x0000,0x0000,0x0000,0x0000,0x0000,0x0000,0x0000,
    0x0000,0x0000,0x0000,0x0000,0x0000,0x0000,0x0000,0x0000,0x0000,0x0000,0x0000,0x0000,0x0000,0x0000,0x0000,0x0000,0x0000,0x0000,0x0000,0x0000,0x0000,0x0000,0x0000,0x0000,
    0x0000,0x0000,0x0000,0x0000,0x0000,0x0000,0x0000,0x0000,0x0000,0x0000,0x0000,0x0000,0x0000,0x0000,0x0000,0x0000,0x0000,0x0000,0x0000,0x0000,0x0000,0x0000,0x0000,0x0000,
    0x0000,0x0000,0x0000,0x0000,0x0000,0x0000,0x0000,0x0000,0x0000,0x0000,0x0000,0x0000,0x0000,0x0000,0x0000,0x0000,0x0000,0x0000,0x0000,0x0000,0x0000,0x0000,0x0000,0x0000,
    0x0000,0x0000,0x0000,0x0000,0x0000,0x0000,0x0000,0x0000,0x0000,0x0000,0x0000,0x0000,0x0000,0x0000,0x0000,0x0000,0x0000,0x0000,0x0000,0x0000,0x0000,0x0000,0x0000,0x0000,
    0x0000,0x0000,0x0000,0x0000,0x0000,0x0000,0x0000,0x0000,0x0000,0x0000,0x0000,0x0000,0x0000,0x0000,0x0000,0x0000,0x0000,0x0000,0x0000,0x0000,0x0000,0x0000,0x0000,0x0000,
    0x0000,0x0000,0x0000,0x0000,0x0000,0x0000,0x0000,0x0000,0x0000,0x0000,0x0000,0x0000,0x0000,0x0000,0x0000,0x0000,0x0000,0x0000,0x0000,0x0000,0x0000,0x0000,0x0000,0x0000,
    0x0000,0x0000,0x0000,0x0000,0x0000,0x0000,0x0000,0x0000,0x0000,0x0000,0x0000,0x0000,0x0000,0x0000,0x0000,0x0000,0x0000,0x0000,0x0000,0x0000,0x0000,0x0000,0x0000,0x0000,
    0x0000,0x0000,0x0000,0x0000,0x0000,0x0000,0x0000,0x0000,0x0000,0x0000,0x0000,0x0000,0x0000,0x0000,0x0000,0x0000,0x0000,0x0000,0x0000,0x0000,0x0000,0x0000,0x0000,0x0000,
    0x0000,0x0000,0x0000,0x0000,0x0000,0x0000,0x0000,0x0000,0x0000,0x0000,0x0000,0x0000,0x0000,0x0000,0x0000,0x0000,0x0000,0x0000,0x0000,0x0000,0x0000,0x0000,0x0000,0x0000,
    0x0000,0x0000,0x0000,0x0000,0x0000,0x0000,0x0000,0x0000,0x0000,0x0000,0x0000,0x0000,0x0000,0x0000,0x0000,0x0000,0x0000,0x0000,0x0000,0x0000,0x0000,0x0000,0x0000,0x0000,
    0x0000,0x0000,0x0000,0x0000,0x0000,0x0000,0x0000,0x0000,0x0000,0x0000,0x0000,0x0000,0x0000,0x0000,0x0000,0x0000,0x0000,0x0000,0x0000,0x0000,0x0000,0x0000,0x0000,0x0000,
    0x0000,0x0000,0x0000,0x0000,0x0000,0x0000,0x0000,0x0000,0x0000,0x0000,0x0000,0x0000,0x0000,0x0000,0x0000,0x0000,0x0000,0x0000,0x0000,0x0000,0x0000,0x0000,0x0000,0x0000,
    0x0000,0x0000,0x0000,0x0000,0x0000,0x0000,0x0000,0x0000,0x0000,0x0000,0x0000,0x0000,0x0000,0x0000,0x0000,0x0000,0x0000,0x0000,0x0000,0x0000,0x0000,0x0000,0x0000,0x0000,
    0x0000,0x0000,0x0000,0x0000,0x0000,0x0000,0x0000,0x0000,0x0000,0x0000,0x0000,0x0000,0x0000,0x0000,0x0000,0x0000,0x0000,0x0000,0x0000,0x0000,0x0000,0x0000,0x0000,0x0000,
    0x0000,0x0000,0x0000,0x0000,0x0000,0x0000,0x0000,0x0000,0x0000,0x0000,0x0000,0x0000,0x0000,0x0000,0x0000,0x0000,0x0000,0x0000,0x0000,0x0000,0x0000,0x0000,0x0000,0x0000,
    0x0000,0x0000,0x0000,0x0000,0x0000,0x0000,0x0000,0x0000,0x0000,0x0000,0x0000,0x0000,0x0000,0x0000,0x0000,0x0000,0x0000,0x0000,0x0000,0x0000,0x0000,0x0000,0x0000,0x0000,
    0x0000,0x0000,0x0000,0x0000,0x0000,0x0000,0x0000,0x0000,0x0000,0x0000,0x0000,0x0000,0x0000,0x0000,0x0000,0x0000,0x0000,0x0000,0x0000,0x0000,0x0000,0x0000,0x0000,0x0000,
    0x0000,0x0000,0x0000,0x0000,0x0000,0x0000,0x0000,0x0000,0x0000,0x0000,0x0000,0x0000,0x0000,0x0000,0x0000,0x0000,0x0000,0x0000,0x0000,0x0000,0x0000,0x0000,0x0000,0x0000,
    0x0000,0x0000,0x0000,0x0000,0x0000,0x0000,0x0000,0x0000,0x0000,0x0000,0x0000,0x0000,0x0000,0x0000,0x0000,0x0000,0x0000,0x0000,0x0000,0x0000,0x0000,0x0000,0x0000,0x0000,
    0x0000,0x0000,0x0000,0x0000,0x0000,0x0000,0x0000,0x0000,0x0000,0x0000,0x0000,0x0000,0x0000,0x0000,0x0000,0x0000,0x0000,0x0000,0x0000,0x0000,0x0000,0x0000,0x0000,0x0000,
    0x0000,0x0000,0x0000,0x0000,0x0000,0x0000,0x0000,0x0000,0x0000,0x0000,0x0000,0x0000,0x0000,0x0000,0x0000,0x0000,0x0000,0x0000,0x0000,0x0000,0x0000,0x0000,0x0000,0x0000,
    0x0000,0x0000,0x0000,0x0000,0x0000,0x0000,0x0000,0x0000,0x0000,0x0000,0x0000,0x0000,0x0000,0x0000,0x0000,0x0000,0x0000,0x0000,0x0000,0x0000,0x0000,0x0000,0x0000,0x0000,
    0x0000,0x0000,0x0000,0x0000,0x0000,0x0000,0x0000,0x0000,0x0000,0x0000,0x0000,0x0000,0x0000,0x0000,0x0000,0x0000,0x0000,0x0000,0x0000,0x0000,0x0000,0x0000,0x0000,0x0000,
    0x0000,0x0000,0x0000,0x0000,0x0000,0x0000,0x0000,0x0000,0x0000,0x0000,0x0000,0x0000,0x0000,0x0000,0x0000,0x0000,0x0000,0x0000,0x0000,0x0000,0x0000,0x0000,0x0000,0x0000,
    0x0000,0x0000,0x0000,0x0000,0x0000,0x0000,0x0000,0x0000,0x0000,0x0000,0x0000,0x0000,0x0000,0x0000,0x0000,0x0000,0x0000,0x0000,0x0000,0x0000,0x0000,0x0000,0x0000,0x0000,
    0x0000,0x0000,0x0000,0x0000,0x0000,0x0000,0x0000,0x0000,0x0000,0x0000,0x0000,0x0000,0x0000,0x0000,0x0000,0x0000,0x0000,0x0000,0x0000,0x0000,0x0000,0x0000,0x0000,0x0000,
    0x0000,0x0000,0x0000,0x0000,0x0000,0x0000,0x0000,0x0000,0x0000,0x0000,0x0000,0x0000,0x0000,0x0000,0x0000,0x0000,0x0000,0x0000,0x4809,0x2804,0x2804,0x2004,0x1803,0x2004,
    0x2004,0x2004,0x2003,0x2004,0x0000,0x0000,0x0000,0x0000,0x0000,0x0000,0x0000,0x0000,0x0000,0x0000,0x0000,0x0000,0x0000,0x0000,0x0000,0x0000,0x0000,0x0000,0x0000,0x0000,
    0x0000,0x0000,0x0000,0x0000,0x0000,0x0000,0x0000,0x0000,0x0000,0x0000,0x0000,0x0000,0x0000,0x0000,0x0000,0x0000,0x0000,0x0000,0x0000,0x0000,0x0000,0x0000,0x0000,0x0000,
    0x0000,0x0000,0x0000,0x0000,0x0000,0x0000,0x0000,0x0000,0x0000,0x0000,0x0000,0x0000,0x0000,0x0000,0x0000,0x0000,0x0000,0x2003,0x1803,0x2824,0x2143,0x2123,0x2964,0x2164,
    0x1902,0x2143,0x2804,0x2004,0x0000,0x0000,0x0000,0x0000,0x0000,0x0000,0x0000,0x0000,0x0000,0x0000,0x0000,0x0000,0x0000,0x0000,0x0000,0x0000,0x0000,0x0000,0x0000,0x0000,
    0x0000,0x0000,0x0000,0x0000,0x0000,0x0000,0x0000,0x0000,0x0000,0x0000,0x0000,0x0000,0x0000,0x0000,0x0000,0x0000,0x0000,0x0000,0x0000,0x0000,0x0000,0x0000,0x0000,0x0000,
    0x0000,0x0000,0x0000,0x0000,0x0000,0x0000,0x0000,0x0000,0x0000,0x0000,0x0000,0x0000,0x0000,0x0000,0x0000,0x582c,0x2003,0x1802,0x5ecb,0x6eec,0x666b,0x666b,0x666b,0x666b,
    0x666b,0x668c,0x1823,0x1803,0x0000,0x0000,0x0000,0x0000,0x0000,0x0000,0x0000,0x0000,0x0000,0x0000,0x0000,0x0000,0x0000,0x0000,0x0000,0x0000,0x0000,0x0000,0x0000,0x0000,
    0x0000,0x0000,0x0000,0x0000,0x0000,0x0000,0x0000,0x0000,0x0000,0x0000,0x0000,0x0000,0x0000,0x0000,0x0000,0x0000,0x0000,0x0000,0x0000,0x0000,0x0000,0x0000,0x0000,0x0000,
    0x0000,0x0000,0x0000,0x0000,0x0000,0x0000,0x0000,0x2004,0x2804,0x2805,0x2004,0x0000,0x0000,0x0000,0x0000,0x3005,0x2044,0x5e4b,0x5e6b,0x666b,0x666b,0x668c,0x668b,0x666b,
    0x666b,0x5e6b,0x1843,0x2004,0x0000,0x0000,0x0000,0x0000,0x0000,0x0000,0x0000,0x0000,0x0000,0x0000,0x0000,0x0000,0x0000,0x0000,0x0000,0x0000,0x0000,0x0000,0x0000,0x0000,
    0x0000,0x0000,0x0000,0x0000,0x0000,0x0000,0x0000,0x0000,0x0000,0x0000,0x0000,0x0000,0x0000,0x0000,0x0000,0x0000,0x0000,0x0000,0x0000,0x0000,0x0000,0x0000,0x0000,0x0000,
    0x0000,0x0000,0x0000,0x0000,0x0000,0x1002,0x1803,0x2003,0x2804,0x2804,0x1803,0x1803,0x2806,0x0000,0x1803,0x2044,0x668b,0x666b,0x666b,0x5e6b,0x666b,0x2dca,0x666b,0x666b,
    0x6e8c,0x668c,0x1842,0x2003,0x0000,0x0000,0x0000,0x0000,0x0000,0x0000,0x0000,0x0000,0x0000,0x0000,0x0000,0x0000,0x0000,0x0000,0x0000,0x0000,0x0000,0x0000,0x0000,0x0000,
    0x0000,0x0000,0x0000,0x0000,0x0000,0x0000,0x0000,0x0000,0x0000,0x0000,0x0000,0x0000,0x0000,0x0000,0x0000,0x0000,0x0000,0x0000,0x0000,0x0000,0x0000,0x0000,0x0000,0x0000,
    0x0000,0x0000,0x0000,0x0000,0x0000,0x0001,0x2003,0x1903,0x668b,0x668c,0x668c,0x2824,0x2004,0x0801,0x2003,0x5e8a,0x5e6b,0x666b,0x6e6c,0x2daa,0x2d8a,0x666b,0x666b,0x666b,
    0x562b,0x2805,0x2003,0x8010,0x0000,0x0000,0x0000,0x0000,0x0000,0x0000,0x0000,0x0000,0x0000,0x0000,0x0000,0x0000,0x0000,0x0000,0x0000,0x0000,0x0000,0x0000,0x0000,0x0000,
    0x0000,0x0000,0x0000,0x0000,0x0000,0x0000,0x0000,0x0000,0x0000,0x0000,0x0000,0x0000,0x0000,0x0000,0x0000,0x0000,0x0000,0x0000,0x0000,0x0000,0x0000,0x0000,0x0000,0x0000,
    0x0000,0x0000,0x0000,0x0000,0x0000,0x0802,0x2004,0x1904,0x5e6b,0x666b,0x668b,0x668c,0x2023,0x2004,0x2844,0x666b,0x5e6b,0x5e6b,0x2d8a,0x3dcb,0x666b,0x666b,0x5e6b,0x45e9,
    0x1803,0x2824,0x2005,0x0000,0x0000,0x0000,0x0000,0x0000,0x0000,0x0000,0x0000,0x0000,0x0000,0x0000,0x0000,0x0000,0x0000,0x0000,0x0000,0x0000,0x0000,0x0000,0x0000,0x0000,
    0x0000,0x0000,0x0000,0x0000,0x0000,0x0000,0x0000,0x0000,0x0000,0x0000,0x0000,0x0000,0x0000,0x0000,0x0000,0x0000,0x0000,0x0000,0x0000,0x0000,0x0000,0x0000,0x0000,0x0000,
    0x0000,0x0000,0x0000,0x0000,0x0000,0x0000,0x1803,0x1904,0x666c,0x666c,0x666b,0x666c,0x566b,0x2004,0x1823,0x666b,0x668b,0x2dea,0x564b,0x5e6b,0x5e4b,0x3d89,0x18c4,0x2004,
    0x2003,0x700e,0x0000,0x0000,0x0000,0x0000,0x0000,0x0000,0x0000,0x0000,0x0000,0x0000,0x0000,0x0000,0x0000,0x0000,0x0000,0x0000,0x0000,0x0000,0x0000,0x0000,0x0000,0x0000,
    0x0000,0x0000,0x0000,0x0000,0x0000,0x0000,0x0000,0x0000,0x0000,0x0000,0x0000,0x0000,0x0000,0x0000,0x0000,0x0000,0x0000,0x0000,0x0000,0x0000,0x0000,0x0000,0x0000,0x0000,
    0x0000,0x0000,0x0000,0x0000,0x0000,0x0000,0x2003,0x2024,0x3065,0x2865,0x5e6b,0x666b,0x6e6c,0x2003,0x2023,0x668c,0x2daa,0x2dca,0x562c,0x450a,0x2023,0x2023,0x2804,0x2804,
    0x0000,0x0000,0x0000,0x0000,0x0000,0x0000,0x0000,0x0000,0x0000,0x0000,0x0000,0x0000,0x0000,0x0000,0x0000,0x0000,0x0000,0x0000,0x0000,0x0000,0x0000,0x0000,0x0000,0x0000,
    0x0000,0x0000,0x0000,0x0000,0x0000,0x0000,0x0000,0x0000,0x0000,0x0000,0x0000,0x0000,0x0000,0x0000,0x0000,0x0000,0x0000,0x0000,0x0000,0x0000,0x0000,0x0000,0x0000,0x0000,
    0x0000,0x0000,0x0000,0x2004,0x1803,0x2003,0x2824,0x2024,0x1803,0x2023,0x25a9,0x2d6a,0x3569,0x2804,0x2024,0x2da9,0x2dca,0x2d49,0x2824,0x3025,0x2804,0x1803,0x2004,0x0000,
    0x0000,0x0000,0x0000,0x0000,0x0000,0x0000,0x0000,0x0000,0x0000,0x0000,0x0000,0x0000,0x0000,0x0000,0x0000,0x0000,0x0000,0x0000,0x0000,0x0000,0x0000,0x0000,0x0000,0x0000,
    0x0000,0x0000,0x0000,0x0000,0x0000,0x0000,0x0000,0x0000,0x0000,0x0000,0x0000,0x0000,0x0000,0x0000,0x0000,0x0000,0x0000,0x0000,0x0000,0x0000,0x0000,0x0000,0x0000,0x0000,
    0x0000,0x2805,0x2804,0x1823,0x2023,0xfe06,0xfe07,0xfde5,0xff6e,0xff6f,0xff6f,0xff6e,0xff6e,0xff6f,0xff6e,0xff6e,0xff8f,0xff8f,0xff6e,0xff6e,0xfe07,0xfda4,0x2003,0x2003,
    0x2805,0x2004,0x0000,0x0000,0x0000,0x0000,0x0000,0x0000,0x0000,0x0000,0x0000,0x0000,0x0000,0x0000,0x0000,0x0000,0x0000,0x0000,0x0000,0x0000,0x0000,0x0000,0x0000,0x0000,
    0x0000,0x0000,0x0000,0x0000,0x0000,0x0000,0x0000,0x0000,0x0000,0x0000,0x0000,0x0000,0x0000,0x0000,0x0000,0x0000,0x0000,0x0000,0x0000,0x0000,0x0000,0x0000,0x0801,0x2003,
    0x1822,0x2023,0x72a6,0xff6e,0xff6f,0xff4d,0xff4d,0xff6e,0xff8e,0xff6e,0xff8e,0xff8e,0xff8e,0xff8e,0xff8e,0xff8e,0xff8e,0xff8e,0xff8e,0xff6e,0xff6e,0xff8e,0xff70,0xf76f,
    0x2023,0x1803,0x2805,0x0000,0x0000,0x0000,0x0000,0x0000,0x0000,0x0000,0x0000,0x0000,0x0000,0x0000,0x0000,0x0000,0x0000,0x0000,0x0000,0x0000,0x0000,0x0000,0x0000,0x0000,
    0x0000,0x0000,0x0000,0x0000,0x0000,0x0000,0x0000,0x0000,0x0000,0x0000,0x0000,0x0000,0x0000,0x0000,0x0000,0x0000,0x0000,0x0000,0x0000,0x0000,0x0000,0x3005,0x3005,0x2824,
    0xf74d,0xff8c,0xff6e,0xff6d,0xff6e,0xff6e,0xff6e,0xff6e,0xff8e,0xff8e,0xff8e,0xff8e,0xff8e,0xff8e,0xff8e,0xff8e,0xff8e,0xff8e,0xff8e,0xff8e,0xff8e,0xff8e,0xff8e,0xff8e,
    0xff8e,0xff8f,0x2805,0x2004,0x9012,0x0000,0x0000,0x0000,0x0000,0x0000,0x0000,0x0000,0x0000,0x0000,0x0000,0x0000,0x0000,0x0000,0x0000,0x0000,0x0000,0x0000,0x0000,0x0000,
    0x0000,0x0000,0x0000,0x0000,0x0000,0x0000,0x0000,0x0000,0x0000,0x0000,0x0000,0x0000,0x0000,0x0000,0x0000,0x0000,0x0000,0x0000,0x4808,0x3806,0x1803,0x1021,0xf72e,0xff8e,
    0xff8f,0xffd7,0xf7bf,0xffde,0xffd5,0xff8e,0xff8e,0xff6e,0xff8e,0xff8e,0xff8e,0xff8e,0xff8e,0xff8e,0xff8e,0xff8e,0xff8e,0xff8e,0xff8e,0xff8e,0xff8e,0xff8e,0xff8e,0xff8e,
    0xff8e,0xff8f,0xf730,0x1002,0x2003,0x3025,0x0000,0x0000,0x0000,0x0000,0x0000,0x0000,0x0000,0x0000,0x0000,0x0000,0x0000,0x0000,0x0000,0x0000,0x0000,0x0000,0x0000,0x0000,
    0x0000,0x0000,0x0000,0x0000,0x0000,0x0000,0x0000,0x0000,0x0000,0x0000,0x0000,0x0000,0x0000,0x0000,0x0000,0x0000,0x0000,0x0000,0x2004,0x3005,0x2043,0xff4c,0xff8d,0xff8e,
    0xffff,0xffff,0xffdc,0xff6e,0xff6e,0xff8e,0xff8e,0xff8e,0xff8e,0xff8e,0xff8e,0xff8e,0xff8e,0xff8e,0xff6e,0xff8e,0xff8e,0xff8e,0xff8e,0xff8e,0xff8e,0xff8e,0xff8e,0xff8e,
    0xff8e,0xff8e,0xff8e,0xf74e,0x6a86,0x3005,0x2804,0x0000,0x0000,0x0000,0x0000,0x0000,0x0000,0x0000,0x0000,0x0000,0x0000,0x0000,0x0000,0x0000,0x0000,0x0000,0x0000,0x0000,
    0x0000,0x0000,0x0000,0x0000,0x0000,0x0000,0x0000,0x0000,0x0000,0x0000,0x0000,0x0000,0x0000,0x0000,0x0000,0x0000,0x2806,0x1803,0x2003,0x1002,0xff8e,0xff6d,0xff6a,0xffff,
    0xffff,0xffff,0xffb3,0xff8e,0xff8e,0xff8e,0xff8e,0xff8e,0xff8e,0xff8e,0xff8e,0xff8e,0xff8e,0xff8e,0xff8e,0xff8e,0xff8e,0xff8e,0xff8e,0xff8e,0xff8e,0xff8e,0xff8e,0xff8e,
    0xff8e,0xff8e,0xff8e,0xff8e,0x7b68,0x0001,0x1803,0x2805,0x0000,0x0000,0x0000,0x0000,0x0000,0x0000,0x0000,0x0000,0x0000,0x0000,0x0000,0x0000,0x0000,0x0000,0x0000,0x0000,
    0x0000,0x0000,0x0000,0x0000,0x0000,0x0000,0x0000,0x0000,0x0000,0x0000,0x0000,0x0000,0x0000,0x0000,0x0000,0x0000,0x2805,0x2804,0x30e2,0xffad,0xff8e,0xff8f,0xffff,0xffff,
    0xff8d,0xff8e,0xff8e,0xff8e,0xff8e,0xff8e,0xff8e,0xff8e,0xff8e,0xff8e,0xff8e,0xff8e,0xff8e,0xff6e,0xff8e,0xff8e,0xff8e,0xff8e,0xff8e,0xff8e,0xff8e,0xff8e,0xff8e,0xff8e,
    0xff8e,0xff8e,0xff8e,0xff8e,0xff8e,0xffd0,0x2804,0x2805,0x0000,0x0000,0x0000,0x0000,0x0000,0x0000,0x0000,0x0000,0x0000,0x0000,0x0000,0x0000,0x0000,0x0000,0x0000,0x0000,
    0x0000,0x0000,0x0000,0x0000,0x0000,0x0000,0x0000,0x0000,0x0000,0x0000,0x0000,0x0000,0x0000,0x0000,0x0000,0x2804,0x2003,0xef6f,0xff8e,0xff8e,0xff8e,0xff8e,0xff8e,0xff8e,
    0xff8e,0xff8e,0xff8e,0xff8e,0xff8e,0xff8e,0xff8e,0xff8e,0xff8e,0xff8e,0xff6e,0xff8e,0xff8e,0xff8e,0xff8e,0xff8e,0xff8e,0xff8e,0xff8e,0xff8e,0xff8e,0xff8e,0xff8e,0xff8e,
    0xff8e,0xff8e,0xff8e,0xff8e,0xff8e,0xff8f,0x8ba8,0x1803,0x2004,0x0000,0x0000,0x0000,0x0000,0x0000,0x0000,0x0000,0x0000,0x0000,0x0000,0x0000,0x0000,0x0000,0x0000,0x0000,
    0x0000,0x0000,0x0000,0x0000,0x0000,0x0000,0x0000,0x0000,0x0000,0x0000,0x0000,0x0000,0x0000,0x0000,0x0000,0x2004,0x2023,0xff8d,0xff8e,0xff8e,0xff8e,0xff8e,0xff8e,0xff8e,
    0xff8e,0xff8e,0xff8e,0xff8e,0xff8e,0xff8e,0xff8e,0xff8e,0xff8e,0xff8e,0xff8e,0xff8e,0xff8e,0xff8e,0xff8e,0xff8e,0xff8e,0xff8e,0xff8e,0xff8e,0xff8e,0xff8e,0xff8e,0xff8e,
    0xff8e,0xff8e,0xff8e,0xff8e,0xff8e,0xff8e,0xff8e,0x0801,0x1803,0x0000,0x0000,0x0000,0x0000,0x0000,0x0000,0x0000,0x0000,0x0000,0x0000,0x0000,0x0000,0x0000,0x0000,0x0000,
    0x0000,0x0000,0x0000,0x0000,0x0000,0x0000,0x0000,0x0000,0x0000,0x0000,0x0000,0x0000,0x0000,0x0000,0x3005,0x2805,0xff6f,0xff8e,0xff8e,0xff8e,0xff8e,0xff8e,0xff8e,0xff8e,
    0xff8e,0xff8e,0xff8e,0xff8e,0xff8e,0xff8e,0xff8e,0xff8e,0xff8e,0xff8e,0xff8e,0xff8e,0xff8e,0xff8e,0xff8e,0xff8e,0xff8e,0xff8e,0xff8e,0xff8e,0xff8e,0xff8f,0xff8e,0xff8e,
    0xff8e,0xff8e,0xff8e,0xff8e,0xff8e,0xff8e,0xff8e,0xff8e,0x1842,0x2004,0x0000,0x0000,0x0000,0x0000,0x0000,0x0000,0x0000,0x0000,0x0000,0x0000,0x0000,0x0000,0x0000,0x0000,
    0x0000,0x0000,0x0000,0x0000,0x0000,0x0000,0x0000,0x0000,0x0000,0x0000,0x0000,0x0000,0x0000,0x0000,0x2003,0x1803,0xff6e,0xff8e,0xff8e,0xff8e,0xff8e,0xff8e,0xff6f,0x2844,
    0x2003,0x2024,0x2024,0xf70d,0xff8e,0xff8e,0xff8e,0xff8e,0xff8e,0xff8e,0xff8e,0xff8e,0xff8e,0xff8e,0xff8e,0xff8e,0xff8e,0xff8e,0xff8e,0xff8e,0xff8e,0x1003,0x1803,0x1803,
    0x1002,0xac8b,0xff8e,0xff8e,0xff8e,0xff8e,0xff8e,0xff6e,0x2043,0x2804,0x0000,0x0000,0x0000,0x0000,0x0000,0x0000,0x0000,0x0000,0x0000,0x0000,0x0000,0x0000,0x0000,0x0000,
    0x0000,0x0000,0x0000,0x0000,0x0000,0x0000,0x0000,0x0000,0x0000,0x0000,0x0000,0x0000,0x0000,0x2003,0x1803,0x8368,0xff8f,0xff8e,0xff8e,0xff8e,0xff8e,0xe6cc,0x0801,0x2804,
    0x2804,0x2003,0x1802,0x1003,0xf74e,0xff6e,0xff8e,0xff8e,0xff8e,0xff8e,0xff8e,0xff8e,0xff8e,0xff8e,0xff8e,0xff8e,0xff8e,0xff8e,0xff8e,0xff6e,0x0801,0x1803,0x2824,0x2824,
    0x2003,0x1002,0x1001,0xff8d,0xff8e,0xff8e,0xff8e,0xff8e,0x4185,0x2882,0x1802,0x3808,0x0000,0x0000,0x0000,0x0000,0x0000,0x0000,0x0000,0x0000,0x0000,0x0000,0x0000,0x0000,
    0x0000,0x0000,0x0000,0x0000,0x0000,0x0000,0x0000,0x0000,0x0000,0x0000,0x0000,0x0000,0x0000,0x2804,0x2023,0xff8e,0xff8e,0xff8e,0xff8e,0xff8e,0xffef,0x3025,0x2003,0x0801,
    0xff90,0xff8e,0x3122,0x2004,0x1843,0xffb0,0xff8e,0xff8e,0xff8e,0xff8e,0xff8e,0xff8e,0xff8e,0xff8e,0xff8e,0xff8e,0xff8e,0xff8e,0xff8e,0x2884,0x2003,0x1842,0xef31,0xf74f,
    0xf7af,0x1803,0x2004,0x2044,0xff8e,0xff8e,0xff8e,0xff8e,0xff8e,0xcdee,0x2004,0x3808,0x0000,0x0000,0x0000,0x0000,0x0000,0x0000,0x0000,0x0000,0x0000,0x0000,0x0000,0x0000,
    0x0000,0x0000,0x0000,0x0000,0x0000,0x0000,0x0000,0x0000,0x0000,0x0000,0x0000,0x0000,0x0000,0x2804,0x1823,0xff8d,0xff8e,0xff8e,0xff8e,0xff8e,0xffef,0x2023,0xb52c,0xff8e,
    0xff8e,0xff8e,0xffae,0x5aa5,0x2804,0xffaf,0xff6e,0xfff0,0xffef,0xffcf,0xffef,0xffef,0xffef,0xffef,0xffee,0xffef,0xfff0,0xff8e,0xff8e,0x2024,0x5a87,0xff8f,0xff8e,0xff8e,
    0xff8e,0xad2a,0x2804,0x1803,0xff6e,0xff8e,0xff8e,0xff8e,0xff8e,0xcdee,0x2003,0x3007,0x0000,0x0000,0x0000,0x0000,0x0000,0x0000,0x0000,0x0000,0x0000,0x0000,0x0000,0x0000,
    0x0000,0x0000,0x0000,0x0000,0x0000,0x0000,0x0000,0x0000,0x0000,0x0000,0x0000,0x2805,0x1803,0x3124,0x6ac6,0xff8f,0xff8e,0xff8e,0xff8e,0xff8d,0xff8d,0xff6f,0xff8e,0xff8e,
    0xff8e,0xff8e,0xff8e,0xff8e,0xf76f,0xff8f,0xffce,0x0001,0x2003,0x2003,0x2003,0x2003,0x2003,0x2003,0x2003,0x2003,0x2004,0xffee,0xffce,0xf74d,0xff8e,0xff8e,0xff8e,0xffae,
    0xffae,0xff8e,0xf76d,0xf76e,0xff8e,0xff8e,0xff8e,0xff8e,0xff8e,0xd64f,0x3025,0x2825,0x1002,0x0000,0x0000,0x0000,0x0000,0x0000,0x0000,0x0000,0x0000,0x0000,0x0000,0x0000,
    0x0000,0x0000,0x0000,0x0000,0x0000,0x0000,0x0000,0x0000,0x0000,0x0000,0x0000,0x2805,0x2804,0x83c7,0xffae,0xff8e,0xff8e,0xff8e,0xffee,0xffce,0xffcd,0xffce,0xff8e,0xff8e,
    0xffae,0xff8e,0xff8e,0xffae,0xff8e,0xff8e,0x2004,0x1803,0x2003,0x2003,0x2003,0x2003,0x2003,0x2003,0x2003,0x2003,0x2003,0x2004,0x3984,0xff8e,0xff8e,0xff8e,0xffae,0xff8e,
    0xffae,0xff8e,0xffae,0xffee,0xffce,0xffce,0xff8e,0xff8e,0xff8e,0xff8e,0xfff0,0x2004,0x2023,0x0000,0x0000,0x0000,0x0000,0x0000,0x0000,0x0000,0x0000,0x0000,0x0000,0x0000,
    0x0000,0x0000,0x0000,0x0000,0x0000,0x0000,0x0000,0x0000,0x0000,0x0000,0x0000,0x1803,0x2804,0x8be8,0xffae,0xff8e,0xff6e,0xfbb3,0xfb93,0xfbb3,0xfbb3,0xfbb3,0xfb75,0xff8d,
    0xff8e,0xff8e,0xff8e,0xff8e,0xff8e,0xffae,0x2003,0x2004,0x2804,0x1001,0x0801,0x1002,0x0801,0x0801,0x1802,0x2004,0x2003,0x2003,0x3123,0xff8e,0xff8e,0xffae,0xff8e,0xffae,
    0xff8e,0xfb94,0xfbb3,0xfbd3,0xfbb3,0xfbd3,0xfbf3,0xff8e,0xff8e,0xff8e,0xffef,0x2004,0x1823,0x0000,0x0000,0x0000,0x0000,0x0000,0x0000,0x0000,0x0000,0x0000,0x0000,0x0000,
    0x0000,0x0000,0x0000,0x0000,0x0000,0x0000,0x0000,0x0000,0x0000,0x0000,0x0000,0x2004,0x2004,0x7b66,0xff8e,0xff8e,0xfb92,0xfb93,0xfb93,0xfb93,0xfbb3,0xfbb3,0xfbb3,0xfd92,
    0xffae,0xff8e,0xff8e,0xff8e,0xffae,0xffaf,0x2003,0x1803,0x88c8,0xe2ef,0xfbd3,0xfbb3,0xfbb3,0xfbd3,0xfb52,0x78c7,0x1803,0x2003,0x3123,0xffae,0xffae,0xff8e,0xffae,0xff8e,
    0xf333,0xfbb3,0xfbb3,0xfbd3,0xfbb3,0xfbb3,0xfbb3,0xfb94,0xff8e,0xff8e,0xffee,0x2003,0x1823,0x0000,0x0000,0x0000,0x0000,0x0000,0x0000,0x0000,0x0000,0x0000,0x0000,0x0000,
    0x0000,0x0000,0x0000,0x0000,0x0000,0x0000,0x0000,0x0000,0x0000,0x0000,0x2004,0x2023,0xfff1,0xffce,0xff8e,0xff8e,0xfb92,0xfb93,0xfb93,0xfb93,0xfbb3,0xfbb3,0xfbb3,0xfd92,
    0xffae,0xff8e,0xff8e,0xffae,0xff8e,0xffae,0x2824,0x2003,0xfbd3,0xfc13,0xfbf3,0xfbf3,0xfbf3,0xfbd3,0xfbf3,0xfbd3,0x2803,0x1002,0x20c2,0xff8e,0xff8e,0xffae,0xff8e,0xffae,
    0xfb54,0xfbb3,0xfbb3,0xfbb3,0xfbb3,0xfbd3,0xfbd3,0xfb94,0xff8e,0xff8e,0xffef,0x2003,0x2825,0x2024,0x0000,0x0000,0x0000,0x0000,0x0000,0x0000,0x0000,0x0000,0x0000,0x0000,
    0x0000,0x0000,0x0000,0x0000,0x0000,0x0000,0x0000,0x0000,0x0000,0x0000,0x2003,0x2824,0xfff0,0xff8e,0xff8e,0xff8e,0xfb93,0xfbb3,0xfbb3,0xfbb3,0xfb93,0xfbb3,0xfbb3,0xfdd2,
    0xffae,0xff8e,0xff8e,0xffae,0xff8e,0xff8e,0xffaf,0x3025,0xfbd3,0xfbd2,0xfbf3,0xfbf3,0xfbf3,0xfbd3,0xfbf3,0xfbf3,0x2003,0x9c69,0xff8d,0xffae,0xffae,0xffae,0xffae,0xffae,
    0xf372,0xfbb2,0xfbb3,0xfbb3,0xfbd3,0xfbd3,0xfbd3,0xfbb3,0xff8e,0xff8e,0xffae,0xff8e,0x1803,0x1804,0x0000,0x0000,0x0000,0x0000,0x0000,0x0000,0x0000,0x0000,0x0000,0x0000,
    0x0000,0x0000,0x0000,0x0000,0x0000,0x0000,0x0000,0x0000,0x0000,0x0000,0x2003,0x1823,0xfff0,0xff8e,0xff8e,0xff8e,0xff8e,0xffce,0xfb93,0xfbb3,0xfb93,0xfbb3,0xffcf,0xff8e,
    0xff8e,0xff8e,0xff8e,0xff8e,0xff8e,0xff8e,0xffaf,0xffd0,0x2003,0xd330,0xf3d2,0xfbd2,0xfbd2,0xfc13,0xf371,0x1803,0x2882,0xff8d,0xffae,0xff8e,0xffae,0xffae,0xffae,0xff8e,
    0xff8e,0xffcf,0xfbd2,0xfbb3,0xfbb3,0xfbd3,0xffb0,0xff8e,0xff8e,0xff8e,0xffae,0xffaf,0x2003,0x2004,0x0000,0x0000,0x0000,0x0000,0x0000,0x0000,0x0000,0x0000,0x0000,0x0000,
    0x0000,0x0000,0x0000,0x0000,0x0000,0x0000,0x0000,0x0000,0x0000,0x0000,0x1803,0x2824,0xfff0,0xffae,0xff8e,0xff8e,0xff8e,0xff8e,0xffae,0xffae,0xffae,0xffae,0xff8e,0xff8e,
    0xff8e,0xff8e,0xff8e,0xff8e,0xff8e,0x9c68,0x9429,0x83a7,0x2824,0x3025,0x2003,0x1802,0x2804,0x2024,0x1822,0x1802,0x8408,0xb54b,0xff8f,0xffae,0xffae,0xffae,0xffae,0xffae,
    0xff8e,0xff8e,0xffae,0xffae,0xff8e,0xffae,0xffae,0xff8e,0xff8e,0xff8e,0xffae,0xffaf,0x2003,0x1002,0x0000,0x0000,0x0000,0x0000,0x0000,0x0000,0x0000,0x0000,0x0000,0x0000,
    0x0000,0x0000,0x0000,0x0000,0x0000,0x0000,0x0000,0x0000,0x0000,0x0000,0x1001,0x1823,0xffcf,0xff8e,0xff8e,0xff8e,0xff8e,0xff8e,0xff8e,0xffae,0xff8e,0xff8e,0xff8e,0xff8e,
    0xff8e,0xff8e,0xff8e,0x1823,0x2043,0x2825,0x1803,0x1002,0x1802,0xf56c,0xf56c,0xf54b,0xf56c,0xed2b,0xfd8c,0x2003,0x1803,0x2824,0x28a3,0x3144,0xffaf,0xffae,0xffae,0xffae,
    0xffae,0xffae,0xff8e,0xffae,0xffae,0xff8e,0xff8e,0xff8e,0xff8e,0xff8e,0xff8e,0xff8f,0x2003,0x1802,0x0000,0x0000,0x0000,0x0000,0x0000,0x0000,0x0000,0x0000,0x0000,0x0000,
    0x0000,0x0000,0x0000,0x0000,0x0000,0x0000,0x0000,0x0000,0x0000,0x3025,0x2824,0xffb0,0xffaf,0xff8e,0xff8e,0xff8e,0xff8e,0xff8e,0xff8e,0xff8e,0xff8e,0xff8e,0xff8e,0xff8e,
    0xff8e,0xffef,0x2824,0x1803,0xe4eb,0xfd8c,0xf56c,0xed6b,0xf54b,0xf54b,0x6102,0x50e1,0xdcaa,0xf54b,0xf56c,0xf54b,0xf56b,0xfd8c,0xf52a,0x2024,0x2824,0xff8f,0xffae,0xffae,
    0xffae,0xffae,0xffae,0xff8e,0xff8e,0xff8e,0xffae,0xff8e,0xff8e,0xff8e,0xff8e,0xff8e,0xf74d,0x2824,0x2805,0x0000,0x0000,0x0000,0x0000,0x0000,0x0000,0x0000,0x0000,0x0000,
    0x0000,0x0000,0x0000,0x0000,0x0000,0x0000,0x0000,0x0000,0x0000,0x2024,0x2824,0xff6e,0xff8e,0xffae,0xff8e,0xff8e,0xff8e,0xff8e,0xff8e,0xff8d,0xff0c,0xff8e,0xff8e,0xff8e,
    0xff8d,0xf78e,0x2804,0xfd8d,0xf58c,0xfe50,0xf56c,0xf54b,0xf52b,0x4881,0x58e2,0x58e2,0x50e1,0xf54b,0xf56c,0xf54b,0xf56c,0xf56b,0xf54b,0xfe0d,0x2825,0xef0e,0xffaf,0xffae,
    0xff8e,0xffaf,0xffaf,0xfe48,0xff8e,0xffae,0xffae,0xffae,0xff8e,0xff8e,0xff8e,0xff8e,0xff8f,0x2824,0x2004,0x0000,0x0000,0x0000,0x0000,0x0000,0x0000,0x0000,0x0000,0x0000,
    0x0000,0x0000,0x0000,0x0000,0x0000,0x0000,0x0000,0x0000,0x2004,0x1822,0xfff0,0xffaf,0xffae,0xffae,0xff8e,0xff8e,0xff8e,0xff8e,0xff8e,0xff8e,0xfd21,0xfe23,0xffae,0xff6e,
    0x1002,0x1803,0x1822,0xed6c,0xfe30,0xf5ef,0xc366,0xf54b,0xf54b,0x2820,0x50c1,0x58e2,0x4880,0xf54b,0xf56c,0xf54b,0xd3a6,0xe488,0xed6b,0xf56b,0xb389,0x2003,0x5a86,0xffae,
    0xff8e,0xff8d,0xf521,0xfe69,0xff8e,0xff8e,0xffae,0xff8e,0xff8e,0xffae,0xff8e,0xff8e,0xff8e,0xfff0,0x1823,0x1803,0x0000,0x0000,0x0000,0x0000,0x0000,0x0000,0x0000,0x0000,
    0x0000,0x0000,0x0000,0x0000,0x0000,0x0000,0x0000,0x0000,0x2805,0x2824,0xff6e,0xff8e,0xffae,0xff8e,0xff8e,0xff8e,0xff8e,0xff8e,0xff8e,0xff8e,0xf4c0,0x2083,0x30e3,0xf72d,
    0x2024,0xed4b,0xf56c,0xf54b,0xdcaa,0xed2c,0xed4c,0xf54b,0xf56b,0xf56c,0xed2b,0xed0a,0xf56c,0xf54b,0xf54b,0xf56c,0xf5ad,0xed6c,0xfdac,0xed6b,0xe488,0xe407,0x2023,0xff8f,
    0xf790,0x1022,0x1002,0xffcf,0xff8e,0xff8e,0xff8e,0xff8e,0xff8e,0xff8e,0xff8e,0xff8e,0xff8e,0xff8f,0x2844,0x2004,0x0000,0x0000,0x0000,0x0000,0x0000,0x0000,0x0000,0x0000,
    0x0000,0x0000,0x0000,0x0000,0x0000,0x0000,0x0000,0x0000,0x2004,0x1822,0xff6f,0xff8e,0xff8e,0xff8e,0xff8e,0xff8e,0xff8e,0xff8e,0xff8e,0xff8e,0xff8f,0x1822,0x1002,0x2023,
    0x2825,0xedab,0xf54b,0xd46a,0x58e2,0x58e2,0x50c1,0xa326,0xf56b,0xf54b,0xf54b,0xf54b,0xf54b,0xf54b,0xf54b,0xa306,0x60e2,0x58e2,0x60e2,0xc408,0xeca9,0xec6a,0x2003,0x1823,
    0x2824,0x2823,0x2062,0xffae,0xffae,0xff8e,0xffae,0xff8e,0xff8e,0xffae,0xffae,0xff8e,0xff8e,0xff8e,0x2023,0x2004,0x0000,0x0000,0x0000,0x0000,0x0000,0x0000,0x0000,0x0000,
    0x0000,0x0000,0x0000,0x0000,0x0000,0x0000,0x0000,0x0000,0x2805,0x1022,0xff8e,0xffae,0xffae,0xff8e,0xff8e,0xff8e,0xff8e,0xff8e,0xff8e,0xff8e,0xff8e,0xff8d,0xffcf,0xffb0,
    0x7305,0x2824,0x0802,0xb347,0x60e1,0x58e2,0x58e2,0x58c1,0xf52b,0xf54b,0xf54b,0xf54b,0xf54b,0xf54b,0xf54b,0x50c2,0x58e2,0x58e1,0x50e2,0x5902,0x1843,0x2003,0x3004,0xffae,
    0xffae,0xffce,0xffae,0xff8e,0xffae,0xff8e,0xff8e,0xff8e,0xff8e,0xff8e,0xff8e,0xff8e,0xff8e,0xff8f,0x2043,0x1803,0x0000,0x0000,0x0000,0x0000,0x0000,0x0000,0x0000,0x0000,
    0x0000,0x0000,0x0000,0x0000,0x0000,0x0000,0x0000,0x0000,0x2004,0x2024,0xf771,0xffae,0xff8e,0xff8e,0xff8e,0xff8e,0xff8e,0xff8e,0xff8e,0xff8e,0xff8e,0xff8e,0xff8e,0xff8e,
    0xff8d,0xffec,0x2024,0x8aa7,0x5081,0x58e1,0x60e1,0xbba8,0xf56c,0xf54b,0xf54b,0xf54b,0xf54b,0xf54b,0xed4b,0x92c5,0x60e1,0x58e2,0x50a1,0x8225,0x2824,0xff8d,0xff8e,0xff8e,
    0xff8e,0xff8e,0xffae,0xff8e,0xff8e,0xff8e,0xff8e,0xff8e,0xff8e,0xff8e,0xff8e,0xff8e,0xff8e,0xff6e,0x2844,0x2003,0x0000,0x0000,0x0000,0x0000,0x0000,0x0000,0x0000,0x0000,
    0x0000,0x0000,0x0000,0x0000,0x0000,0x0000,0x0000,0x0000,0x0000,0x2004,0x2023,0xff8e,0xffae,0xff8e,0xffaf,0xff8e,0xff8e,0xff8e,0xff8e,0xff8e,0xff8e,0xff8e,0xff8e,0xff8e,
    0xff8e,0xffee,0x2824,0x8aa7,0xf50a,0xf56c,0xf54b,0xf52b,0xf54b,0xf54b,0xed2b,0xed2b,0xf56c,0xf54b,0xf54b,0xf54c,0xf54b,0xf50a,0xf54a,0xeceb,0x2004,0xff8e,0xff8d,0xff8e,
    0xff8e,0xff8e,0xff8e,0xff8e,0xff8e,0xff8e,0xff8e,0xff8e,0xff8e,0xff8f,0xff8f,0xff8e,0xff6e,0x1803,0x2003,0x0000,0x0000,0x0000,0x0000,0x0000,0x0000,0x0000,0x0000,0x0000,
    0x0000,0x0000,0x0000,0x0000,0x0000,0x0000,0x0000,0x0000,0x0000,0x2023,0x2804,0xffef,0xffee,0xffee,0xfe48,0xfe89,0xfe8a,0xff8e,0xff8e,0xff8e,0xff8e,0xff8e,0xff8e,0xff8e,
    0xff8e,0xffec,0x2004,0x92c7,0xf54b,0xf54b,0xed2b,0xf54b,0xf54b,0xfd8c,0x6122,0x5902,0xf58c,0xf54b,0xf54b,0xf52b,0xf54b,0xf54b,0xf54b,0xe4cb,0x1803,0xffae,0xff8e,0xff8e,
    0xff8e,0xff8e,0xff8e,0xff8e,0xff8e,0xff8e,0xff8e,0xfea9,0xfe89,0xfe69,0xff2a,0xffed,0xff6b,0x2805,0x2004,0x0000,0x0000,0x0000,0x0000,0x0000,0x0000,0x0000,0x0000,0x0000,
    0x0000,0x0000,0x0000,0x0000,0x0000,0x0000,0x0000,0x0000,0x0000,0x0000,0x3006,0x2004,0x1803,0x3044,0xfe89,0xfe8a,0xfe69,0xfde4,0xff8e,0xff8e,0xff8e,0xff8e,0xff8e,0xff8e,
    0xff49,0x0802,0x1803,0x7a68,0xecea,0xf52b,0xf54b,0xf54b,0xb326,0x6102,0x6102,0x6102,0x58e2,0xed2a,0xf54b,0xf54b,0xf54b,0xf56b,0xed4b,0xf52b,0x3025,0x2004,0xfe87,0xff8d,
    0xff8e,0xff8e,0xff8e,0xff8e,0xff8d,0xff8d,0xfe45,0xfe89,0xfe69,0xfe48,0x1843,0x2004,0x2003,0x2805,0x0000,0x0000,0x0000,0x0000,0x0000,0x0000,0x0000,0x0000,0x0000,0x0000,
    0x0000,0x0000,0x0000,0x0000,0x0000,0x0000,0x0000,0x0000,0x0000,0x0000,0x0000,0x2003,0x1822,0xff90,0xffae,0xff8e,0xff8e,0xffef,0xfe89,0xfe46,0xf72d,0xf72c,0xf72d,0xff6b,
    0x2024,0x2822,0xab68,0xf52b,0xd3e6,0xed0b,0xed4b,0xed2b,0xab06,0x6102,0x6102,0x6102,0x58c1,0xf52a,0xf54b,0xf54b,0xf52a,0xfdcc,0xfdec,0xed4b,0xbb89,0x1802,0x2023,0xac27,
    0xf74d,0xf74d,0xf74d,0xf74d,0xfe48,0xfe89,0xffef,0xff6d,0xff6e,0xff8e,0x0000,0x1803,0x1803,0x0000,0x0000,0x0000,0x0000,0x0000,0x0000,0x0000,0x0000,0x0000,0x0000,0x0000,
    0x0000,0x0000,0x0000,0x0000,0x0000,0x0000,0x0000,0x0000,0x0000,0x0000,0x0000,0x2804,0x2824,0xff8f,0xffae,0xff8e,0xff8e,0xffae,0xffae,0xffee,0x1822,0x1822,0x1822,0x2003,
    0xe427,0xe447,0xf54b,0xf54c,0xf54b,0xf54b,0xed2b,0xf54b,0xf54c,0xf56c,0x6102,0x6122,0xfd8d,0xf54b,0xf52b,0xfdcb,0x2841,0x3042,0x3042,0xbbc8,0xed0a,0xdbc6,0x3063,0x2004,
    0x1822,0x1822,0x2023,0x2824,0xffec,0xff8e,0xff8e,0xff8e,0xff8e,0xff8e,0xff6d,0x2004,0x2805,0x0000,0x0000,0x0000,0x0000,0x0000,0x0000,0x0000,0x0000,0x0000,0x0000,0x0000,
    0x0000,0x0000,0x0000,0x0000,0x0000,0x0000,0x0000,0x0000,0x0000,0x0000,0x0000,0x2004,0x1022,0xff8e,0xff8e,0xffae,0xff8e,0xff8e,0xff8e,0xff8e,0xff8e,0xff8e,0xff91,0x2824,
    0xd3a7,0xdbe5,0xf54b,0xdc07,0xf54b,0xf54b,0xf54b,0xf54b,0xf52b,0xf52b,0xf52b,0xf52b,0xf54b,0xf54b,0xf54b,0xfdad,0x3842,0x2842,0x2822,0xb387,0xe448,0xdbc7,0x2023,0x1022,
    0xff8f,0xff8e,0xff8e,0xff8e,0xff8e,0xff8e,0xff8e,0xff8e,0xff8e,0xff8e,0xff6f,0x2804,0x2004,0x0000,0x0000,0x0000,0x0000,0x0000,0x0000,0x0000,0x0000,0x0000,0x0000,0x0000,
    0x0000,0x0000,0x0000,0x0000,0x0000,0x0000,0x0000,0x0000,0x0000,0x0000,0x0000,0x2804,0x2024,0xfe29,0xffae,0xff8e,0xff8e,0xff8e,0xff8e,0xff8e,0xff8e,0xff8e,0xff8f,0x8387,
    0x2003,0xf488,0xe468,0xf56c,0xf54b,0xecc9,0x50c1,0x58e2,0xed0a,0xf54b,0xf54b,0xf54b,0xf54b,0xf54b,0xf54b,0xf52b,0xfdcd,0x4062,0x3883,0xf56c,0xdbe7,0x79a4,0x1822,0x8bc8,
    0xff8f,0xff8e,0xff8e,0xff8e,0xff8e,0xff8e,0xff8e,0xff8e,0xff8e,0xff8f,0xfe8a,0x2003,0x2805,0x0000,0x0000,0x0000,0x0000,0x0000,0x0000,0x0000,0x0000,0x0000,0x0000,0x0000,
    0x0000,0x0000,0x0000,0x0000,0x0000,0x0000,0x0000,0x0000,0x0000,0x0000,0x0000,0x2004,0x2003,0x1021,0xff8e,0xff8d,0xff8e,0xff8e,0xff8e,0xff8e,0xff8e,0xff8e,0xff8e,0xff8e,
    0x3084,0x2825,0x2022,0xe467,0xf54a,0x48a1,0x58e2,0x58e2,0x3860,0xf54b,0xf54b,0xf56b,0xf56c,0xf54c,0xf56c,0xf56b,0xf56b,0xf56b,0xf52a,0xdbe8,0x2823,0x1802,0x1081,0xff6e,
    0xff8e,0xff8e,0xff8f,0xff8e,0xff8f,0xff8e,0xff8e,0xff8e,0xffaf,0xfe6a,0x2004,0x1803,0x2004,0x0000,0x0000,0x0000,0x0000,0x0000,0x0000,0x0000,0x0000,0x0000,0x0000,0x0000,
    0x0000,0x0000,0x0000,0x0000,0x0000,0x0000,0x0000,0x0000,0x0000,0x0000,0x0000,0x0000,0x2004,0x2024,0xfe6a,0xfe69,0xff8d,0xff6d,0xfd00,0xfdc4,0xfdc4,0xff6d,0xff8e,0xffaf,
    0xff8f,0x0001,0x1003,0x1803,0xdc28,0xd3a7,0x4081,0x3861,0xb387,0xf56b,0xf54b,0xf56b,0xf56c,0xeca9,0xeca9,0xdc27,0xdc07,0xdc07,0xdba5,0x2003,0x1803,0x2843,0xff6e,0xff8e,
    0xff8e,0xff8e,0xff6d,0xfda2,0xfdc3,0xfdc3,0xff6d,0xfe89,0xfe89,0xfe68,0x2824,0x2004,0x2806,0x0000,0x0000,0x0000,0x0000,0x0000,0x0000,0x0000,0x0000,0x0000,0x0000,0x0000,
    0x0000,0x0000,0x0000,0x0000,0x0000,0x0000,0x0000,0x0000,0x0000,0x0000,0x0000,0x0000,0x2804,0x2824,0xbc88,0xfe69,0xfe68,0xfe46,0xf4a0,0xfdc3,0xfde4,0xfdc3,0xfde4,0xff8e,
    0xff8e,0xffef,0x5a24,0x2824,0x2844,0xdba6,0xd385,0xdba5,0xdc07,0xdc07,0xdbc6,0xdbc6,0xdbc6,0xdbe7,0xdbe7,0xd365,0xd365,0xcb06,0x2804,0x1823,0x7306,0xff6d,0xff8e,0xff8e,
    0xffae,0xfda1,0xfda3,0xfda2,0xfdc3,0xfde3,0xf560,0xfe89,0xfe89,0x0002,0x1803,0x2825,0x0000,0x0000,0x0000,0x0000,0x0000,0x0000,0x0000,0x0000,0x0000,0x0000,0x0000,0x0000,
    0x0000,0x0000,0x0000,0x0000,0x0000,0x0000,0x0000,0x0000,0x0000,0x0000,0x0000,0x0000,0x1802,0x1802,0x1802,0x1843,0x30a4,0x2863,0xffae,0xff8e,0xff8e,0xff8e,0xffaf,0xfe48,
    0xff8f,0xffb0,0xff8e,0xff8c,0xff8f,0x2023,0x2023,0x2804,0xd386,0xd386,0xd3a6,0xdba6,0xd3a6,0xd386,0xd345,0x2823,0x2003,0x2824,0xf770,0xffac,0xffae,0xff8e,0xff8f,0xff8e,
    0xfde6,0xff4d,0xff8e,0xff8e,0xff8e,0xff8d,0x4923,0x3923,0x3944,0x2824,0x1803,0x1003,0x0000,0x0000,0x0000,0x0000,0x0000,0x0000,0x0000,0x0000,0x0000,0x0000,0x0000,0x0000,
    0x0000,0x0000,0x0000,0x0000,0x0000,0x0000,0x0000,0x0000,0x0000,0x0000,0x0000,0x0000,0x0000,0x0000,0x1803,0x2004,0x2003,0x4963,0xff8d,0xff8e,0xff8e,0xff8e,0xff8e,0xff6e,
    0xfd61,0xfdc4,0xfe69,0xfe6a,0xfe6a,0xfeea,0xfeea,0x3045,0x2003,0x2003,0x2003,0x2003,0x2003,0x2003,0x2003,0x2844,0xf649,0xf629,0xfe89,0xfe49,0xfe48,0xfe48,0xfd20,0xfde2,
    0xff2a,0xffae,0xff8e,0xff8e,0xff8e,0xff8e,0x38e4,0x2003,0x2003,0x2004,0x400a,0x0000,0x0000,0x0000,0x0000,0x0000,0x0000,0x0000,0x0000,0x0000,0x0000,0x0000,0x0000,0x0000,
    0x0000,0x0000,0x0000,0x0000,0x0000,0x0000,0x0000,0x0000,0x0000,0x0000,0x0000,0x0000,0x0000,0x0000,0x7830,0x600c,0x1803,0xff0b,0xfe8a,0xff8e,0xff8e,0xff8e,0xff8e,0xff6d,
    0xfe89,0x2003,0x1803,0x2804,0x1803,0x1803,0x2004,0x1803,0x2003,0x2003,0x2003,0x2003,0x2003,0x2003,0x2004,0x1803,0x2004,0x2003,0x1803,0x2805,0x1803,0x2004,0x2023,0xff4a,
    0xff8d,0xffae,0xffae,0xff8e,0xff8e,0xffaf,0xfee9,0x2003,0x1001,0x0000,0x0000,0x0000,0x0000,0x0000,0x0000,0x0000,0x0000,0x0000,0x0000,0x0000,0x0000,0x0000,0x0000,0x0000,
    0x0000,0x0000,0x0000,0x0000,0x0000,0x0000,0x0000,0x0000,0x0000,0x0000,0x0000,0x0000,0x0000,0x0000,0x0000,0x0000,0x2003,0x1802,0xfeaa,0xfe89,0xfe89,0xfe89,0xfe89,0xfeca,
    0xff0b,0x1803,0x2004,0x2005,0x2004,0x3006,0x2806,0x2005,0x2806,0x3007,0x3006,0x2005,0x2005,0x2005,0x3007,0x2806,0x2005,0x3006,0x2005,0x2004,0x3007,0x2824,0x2004,0xffad,
    0xffae,0xff8d,0xff4d,0xff4c,0xfe69,0xfe8a,0x4943,0x2804,0x0800,0x0000,0x0000,0x0000,0x0000,0x0000,0x0000,0x0000,0x0000,0x0000,0x0000,0x0000,0x0000,0x0000,0x0000,0x0000,
    0x0000,0x0000,0x0000,0x0000,0x0000,0x0000,0x0000,0x0000,0x0000,0x0000,0x0000,0x0000,0x0000,0x0000,0x0000,0x0000,0x2004,0x2825,0x0001,0x0001,0x0001,0x0001,0x0802,0x0001,
    0x2003,0x1803,0x2805,0x0000,0x0000,0x0000,0x0000,0x0000,0x0000,0x0000,0x0000,0x0000,0x0000,0x0000,0x0000,0x0000,0x0000,0x0000,0x0000,0x0000,0x0000,0x3025,0x2003,0x2003,
    0x0001,0x0001,0x0001,0x0803,0x0002,0x0002,0x2004,0x2825,0x0000,0x0000,0x0000,0x0000,0x0000,0x0000,0x0000,0x0000,0x0000,0x0000,0x0000,0x0000,0x0000,0x0000,0x0000,0x0000,
    0x0000,0x0000,0x0000,0x0000,0x0000,0x0000,0x0000,0x0000,0x0000,0x0000,0x0000,0x0000,0x0000,0x0000,0x0000,0x0000,0x0000,0x3005,0x1803,0x1803,0x2804,0x2805,0x2004,0x1803,
    0x2804,0x9013,0x0000,0x0000,0x0000,0x0000,0x0000,0x0000,0x0000,0x0000,0x0000,0x0000,0x0000,0x0000,0x0000,0x0000,0x0000,0x0000,0x0000,0x0000,0x0000,0x0000,0x580b,0x2003,
    0x2804,0x2004,0x2004,0x2805,0x2004,0x1803,0x2004,0x0000,0x0000,0x0000,0x0000,0x0000,0x0000,0x0000,0x0000,0x0000,0x0000,0x0000,0x0000,0x0000,0x0000,0x0000,0x0000,0x0000,
    0x0000,0x0000,0x0000,0x0000,0x0000,0x0000,0x0000,0x0000,0x0000,0x0000,0x0000,0x0000,0x0000,0x0000,0x0000,0x0000,0x0000,0x0000,0x0000,0x0000,0x0000,0x0000,0x0000,0x0000,
    0x0000,0x0000,0x0000,0x0000,0x0000,0x0000,0x0000,0x0000,0x0000,0x0000,0x0000,0x0000,0x0000,0x0000,0x0000,0x0000,0x0000,0x0000,0x0000,0x0000,0x0000,0x0000,0x0000,0x0000,
    0x0000,0x0000,0x0000,0x0000,0x0000,0x0000,0x0000,0x0000,0x0000,0x0000,0x0000,0x0000,0x0000,0x0000,0x0000,0x0000,0x0000,0x0000,0x0000,0x0000,0x0000,0x0000,0x0000,0x0000,
    0x0000,0x0000,0x0000,0x0000,0x0000,0x0000,0x0000,0x0000,0x0000,0x0000,0x0000,0x0000,0x0000,0x0000,0x0000,0x0000,0x0000,0x0000,0x0000,0x0000,0x0000,0x0000,0x0000,0x0000,
    0x0000,0x0000,0x0000,0x0000,0x0000,0x0000,0x0000,0x0000,0x0000,0x0000,0x0000,0x0000,0x0000,0x0000,0x0000,0x0000,0x0000,0x0000,0x0000,0x0000,0x0000,0x0000,0x0000,0x0000,
    0x0000,0x0000,0x0000,0x0000,0x0000,0x0000,0x0000,0x0000,0x0000,0x0000,0x0000,0x0000,0x0000,0x0000,0x0000,0x0000,0x0000,0x0000,0x0000,0x0000,0x0000,0x0000,0x0000,0x0000,
    0x0000,0x0000,0x0000,0x0000,0x0000,0x0000,0x0000,0x0000,0x0000,0x0000,0x0000,0x0000,0x0000,0x0000,0x0000,0x0000,0x0000,0x0000,0x0000,0x0000,0x0000,0x0000,0x0000,0x0000,
    0x0000,0x0000,0x0000,0x0000,0x0000,0x0000,0x0000,0x0000,0x0000,0x0000,0x0000,0x0000,0x0000,0x0000,0x0000,0x0000,0x0000,0x0000,0x0000,0x0000,0x0000,0x0000,0x0000,0x0000,
    0x0000,0x0000,0x0000,0x0000,0x0000,0x0000,0x0000,0x0000,0x0000,0x0000,0x0000,0x0000,0x0000,0x0000,0x0000,0x0000,0x0000,0x0000,0x0000,0x0000,0x0000,0x0000,0x0000,0x0000,
  },
  /* apple_bite */ {
    0x0000,0x0000,0x0000,0x0000,0x0000,0x0000,0x0000,0x0000,0x0000,0x0000,0x0000,0x0000,0x0000,0x0000,0x0000,0x0000,0x0000,0x0000,0x0000,0x0000,0x0000,0x0000,0x0000,0x0000,
    0x0000,0x0000,0x0000,0x0000,0x0000,0x0000,0x0000,0x0000,0x0000,0x0000,0x0000,0x0000,0x0000,0x0000,0x0000,0x0000,0x0000,0x0000,0x0000,0x0000,0x0000,0x0000,0x0000,0x0000,
    0x0000,0x0000,0x0000,0x0000,0x0000,0x0000,0x0000,0x0000,0x0000,0x0000,0x0000,0x0000,0x0000,0x0000,0x0000,0x0000,0x0000,0x0000,0x0000,0x0000,0x0000,0x0000,0x0000,0x0000,
    0x0000,0x0000,0x0000,0x0000,0x0000,0x0000,0x0000,0x0000,0x0000,0x0000,0x0000,0x0000,0x0000,0x0000,0x0000,0x0000,0x0000,0x0000,0x0000,0x0000,0x0000,0x0000,0x0000,0x0000,
    0x0000,0x0000,0x0000,0x0000,0x0000,0x0000,0x0000,0x0000,0x0000,0x0000,0x0000,0x0000,0x0000,0x0000,0x0000,0x0000,0x0000,0x0000,0x0000,0x0000,0x0000,0x0000,0x0000,0x0000,
    0x0000,0x0000,0x0000,0x0000,0x0000,0x0000,0x0000,0x0000,0x0000,0x0000,0x0000,0x0000,0x0000,0x0000,0x0000,0x0000,0x0000,0x0000,0x0000,0x0000,0x0000,0x0000,0x0000,0x0000,
    0x0000,0x0000,0x0000,0x0000,0x0000,0x0000,0x0000,0x0000,0x0000,0x0000,0x0000,0x0000,0x0000,0x0000,0x0000,0x0000,0x0000,0x0000,0x0000,0x0000,0x0000,0x0000,0x0000,0x0000,
    0x0000,0x0000,0x0000,0x0000,0x0000,0x0000,0x0000,0x0000,0x0000,0x0000,0x0000,0x0000,0x0000,0x0000,0x0000,0x0000,0x0000,0x0000,0x0000,0x0000,0x0000,0x0000,0x0000,0x0000,
    0x0000,0x0000,0x0000,0x0000,0x0000,0x0000,0x0000,0x0000,0x0000,0x0000,0x0000,0x0000,0x0000,0x0000,0x0000,0x0000,0x0000,0x0000,0x0000,0x0000,0x0000,0x0000,0x0000,0x0000,
    0x0000,0x0000,0x0000,0x0000,0x0000,0x0000,0x0000,0x0000,0x0000,0x0000,0x0000,0x0000,0x0000,0x0000,0x0000,0x0000,0x0000,0x0000,0x0000,0x0000,0x0000,0x0000,0x0000,0x0000,
    0x0000,0x0000,0x0000,0x0000,0x0000,0x0000,0x0000,0x0000,0x0000,0x0000,0x0000,0x0000,0x0000,0x0000,0x0000,0x0000,0x0000,0x0000,0x0000,0x0000,0x0000,0x0000,0x0000,0x0000,
    0x0000,0x0000,0x0000,0x0000,0x0000,0x0000,0x0000,0x0000,0x0000,0x0000,0x0000,0x0000,0x0000,0x0000,0x0000,0x0000,0x0000,0x0000,0x0000,0x0000,0x0000,0x0000,0x0000,0x0000,
    0x0000,0x0000,0x0000,0x0000,0x0000,0x0000,0x0000,0x0000,0x0000,0x0000,0x0000,0x0000,0x0000,0x0000,0x0000,0x0000,0x0000,0x0000,0x0000,0x0000,0x0000,0x0000,0x0000,0x0000,
    0x0000,0x0000,0x0000,0x0000,0x0000,0x0000,0x0000,0x0000,0x0000,0x0000,0x0000,0x0000,0x0000,0x0000,0x0000,0x0000,0x0000,0x0000,0x0000,0x0000,0x0000,0x0000,0x0000,0x0000,
    0x0000,0x0000,0x0000,0x0000,0x0000,0x0000,0x0000,0x0000,0x0000,0x0000,0x0000,0x0000,0x0000,0x0000,0x0000,0x0000,0x0000,0x0000,0x0000,0x0000,0x0000,0x0000,0x0000,0x0000,
    0x0000,0x0000,0x0000,0x0000,0x0000,0x0000,0x0000,0x0000,0x0000,0x0000,0x0000,0x0000,0x0000,0x0000,0x0000,0x0000,0x0000,0x0000,0x0000,0x0000,0x0000,0x0000,0x0000,0x0000,
    0x0000,0x0000,0x0000,0x0000,0x0000,0x0000,0x0000,0x0000,0x0000,0x0000,0x0000,0x0000,0x0000,0x0000,0x0000,0x0000,0x0000,0x0000,0x0000,0x0000,0x0000,0x0000,0x0000,0x0000,
    0x0000,0x0000,0x0000,0x0000,0x0000,0x0000,0x0000,0x0000,0x0000,0x0000,0x0000,0x0000,0x0000,0x0000,0x0000,0x0000,0x0000,0x0000,0x0000,0x0000,0x0000,0x0000,0x0000,0x0000,
    0x0000,0x0000,0x0000,0x0000,0x0000,0x0000,0x0000,0x0000,0x0000,0x0000,0x0000,0x0000,0x0000,0x0000,0x0000,0x0000,0x0000,0x0000,0x0000,0x0000,0x0000,0x0000,0x0000,0x0000,
    0x0000,0x0000,0x0000,0x0000,0x0000,0x0000,0x0000,0x0000,0x0000,0x0000,0x0000,0x0000,0x0000,0x0000,0x0000,0x0000,0x0000,0x0000,0x0000,0x0000,0x0000,0x0000,0x0000,0x0000,
    0x0000,0x0000,0x0000,0x0000,0x0000,0x0000,0x0000,0x0000,0x0000,0x0000,0x0000,0x0000,0x0000,0x0000,0x0000,0x0000,0x0000,0x0000,0x0000,0x0000,0x0000,0x0000,0x0000,0x0000,
    0x0000,0x0000,0x0000,0x0000,0x0000,0x0000,0x0000,0x0000,0x0000,0x0000,0x0000,0x0000,0x0000,0x0000,0x0000,0x0000,0x0000,0x0000,0x0000,0x0000,0x0000,0x0000,0x0000,0x0000,
    0x0000,0x0000,0x0000,0x0000,0x0000,0x0000,0x0000,0x0000,0x0000,0x0000,0x0000,0x0000,0x0000,0x0000,0x0000,0x0000,0x0000,0x0000,0x0000,0x0000,0x0000,0x0000,0x0000,0x0000,
    0x0000,0x0000,0x0000,0x0000,0x0000,0x0000,0x0000,0x0000,0x0000,0x0000,0x0000,0x0000,0x0000,0x0000,0x0000,0x0000,0x0000,0x0000,0x0000,0x0000,0x0000,0x0000,0x0000,0x0000,
    0x0000,0x0000,0x0000,0x0000,0x0000,0x0000,0x0000,0x0000,0x0000,0x0000,0x0000,0x0000,0x0000,0x0000,0x0000,0x0000,0x0000,0x0000,0x0000,0x0000,0x0000,0x0000,0x0000,0x0000,
    0x0000,0x0000,0x0000,0x0000,0x0000,0x0000,0x0000,0x0000,0x0000,0x0000,0x0000,0x0000,0x0000,0x0000,0x0000,0x0000,0x0000,0x0000,0x0000,0x0000,0x0000,0x0000,0x0000,0x0000,
    0x0000,0x0000,0x0000,0x0000,0x0000,0x0000,0x0000,0x0000,0x0000,0x0000,0x0000,0x0000,0x0000,0x0000,0x0000,0x0000,0x0000,0x0000,0x0000,0x0000,0x0000,0x0000,0x0000,0x0000,
    0x0000,0x0000,0x0000,0x0000,0x0000,0x0000,0x0000,0x0000,0x0000,0x0000,0x0000,0x0000,0x0000,0x0000,0x0000,0x0000,0x0000,0x0000,0x0000,0x0000,0x0000,0x0000,0x0000,0x0000,
    0x0000,0x0000,0x0000,0x0000,0x0000,0x0000,0x0000,0x0000,0x0000,0x0000,0x0000,0x0000,0x0000,0x0000,0x0000,0x0000,0x0000,0x0000,0x0000,0x0000,0x0000,0x0000,0x0000,0x0000,
    0x0000,0x0000,0x0000,0x0000,0x0000,0x0000,0x0000,0x0000,0x0000,0x0000,0x0000,0x0000,0x0000,0x0000,0x0000,0x0000,0x0000,0x0000,0x0000,0x0000,0x0000,0x0000,0x0000,0x0000,
    0x0000,0x0000,0x0000,0x0000,0x0000,0x0000,0x0000,0x0000,0x0000,0x0000,0x0000,0x0000,0x0000,0x0000,0x0000,0x0000,0x0000,0x0000,0x0000,0x0000,0x0000,0x0000,0x0000,0x0000,
    0x0000,0x0000,0x0000,0x0000,0x0000,0x0000,0x0000,0x0000,0x0000,0x0000,0x0000,0x0000,0x0000,0x0000,0x0000,0x0000,0x0000,0x0000,0x0000,0x0000,0x0000,0x0000,0x0000,0x0000,
    0x0000,0x0000,0x0000,0x0000,0x0000,0x0000,0x0000,0x0000,0x0000,0x0000,0x0000,0x0000,0x0000,0x0000,0x0000,0x0000,0x0000,0x0000,0x0000,0x0000,0x0000,0x0000,0x0000,0x0000,
    0x0000,0x0000,0x0000,0x0000,0x0000,0x0000,0x0000,0x0000,0x0000,0x0000,0x0000,0x0000,0x0000,0x0000,0x0000,0x0000,0x0000,0x0000,0x0000,0x0000,0x0000,0x0000,0x0000,0x0000,
    0x0000,0x0000,0x0000,0x0000,0x0000,0x0000,0x0000,0x0000,0x0000,0x0000,0x0000,0x0000,0x0000,0x0000,0x0000,0x0000,0x0000,0x0000,0x0000,0x0000,0x0000,0x0000,0x0000,0x0000,
    0x0000,0x0000,0x0000,0x0000,0x0000,0x0000,0x0000,0x0000,0x0000,0x0000,0x0000,0x0000,0x0000,0x0000,0x0000,0x0000,0x0000,0x0000,0x0000,0x0000,0x0000,0x0000,0x0000,0x0000,
    0x0000,0x0000,0x0000,0x0000,0x0000,0x0000,0x0000,0x0000,0x0000,0x0000,0x0000,0x0000,0x0000,0x0000,0x0000,0x0000,0x0000,0x0000,0x0000,0x0000,0x0000,0x0000,0x0000,0x0000,
    0x0000,0x0000,0x0000,0x0000,0x0000,0x0000,0x0000,0x0000,0x0000,0x0000,0x0000,0x0000,0x0000,0x0000,0x0000,0x0000,0x0000,0x0000,0x0000,0x0000,0x0000,0x0000,0x0000,0x0000,
    0x0000,0x0000,0x0000,0x0000,0x0000,0x0000,0x0000,0x0000,0x0000,0x0000,0x0000,0x0000,0x0000,0x0000,0x0000,0x0000,0x0000,0x0000,0x0000,0x0000,0x0000,0x0000,0x0000,0x0000,
    0x0000,0x0000,0x0000,0x0000,0x0000,0x0000,0x0000,0x0000,0x0000,0x0000,0x0000,0x0000,0x0000,0x0000,0x0000,0x0000,0x0000,0x0000,0x0000,0x0000,0x0000,0x0000,0x0000,0x0000,
    0x0000,0x0000,0x0000,0x0000,0x0000,0x0000,0x0000,0x0000,0x0000,0x0000,0x0000,0x0000,0x0000,0x0000,0x0000,0x0000,0x0000,0x0000,0x2804,0x2003,0x2004,0x2003,0x2004,0x2004,
    0x2004,0x2003,0x1803,0x0000,0x0000,0x0000,0x0000,0x0000,0x0000,0x0000,0x0000,0x0000,0x0000,0x0000,0x0000,0x0000,0x0000,0x0000,0x0000,0x0000,0x0000,0x0000,0x0000,0x0000,
    0x0000,0x0000,0x0000,0x0000,0x0000,0x0000,0x0000,0x0000,0x0000,0x0000,0x0000,0x0000,0x0000,0x0000,0x0000,0x0000,0x0000,0x0000,0x0000,0x0000,0x0000,0x0000,0x0000,0x0000,
    0x0000,0x0000,0x0000,0x0000,0x0000,0x0000,0x0000,0x0000,0x0000,0x0000,0x0000,0x0000,0x0000,0x0000,0x0000,0x0000,0x2804,0x1803,0x2804,0x1001,0x1001,0x1802,0x1802,0x1001,
    0x1002,0x2004,0x2003,0x0000,0x0000,0x0000,0x0000,0x0000,0x0000,0x0000,0x0000,0x0000,0x0000,0x0000,0x0000,0x0000,0x0000,0x0000,0x0000,0x0000,0x0000,0x0000,0x0000,0x0000,
    0x0000,0x0000,0x0000,0x0000,0x0000,0x0000,0x0000,0x0000,0x0000,0x0000,0x0000,0x0000,0x0000,0x0000,0x0000,0x0000,0x0000,0x0000,0x0000,0x0000,0x0000,0x0000,0x0000,0x0000,
    0x0000,0x0000,0x0000,0x0000,0x0000,0x0000,0x0000,0x0000,0x0000,0x0000,0x0000,0x0000,0x0000,0x0000,0x0000,0x2003,0x2804,0x770b,0x6ecc,0x666b,0x666b,0x5e4b,0x664b,0x666b,
    0x5e6b,0x1823,0x2003,0x0000,0x0000,0x0000,0x0000,0x0000,0x0000,0x0000,0x0000,0x0000,0x0000,0x0000,0x0000,0x0000,0x0000,0x0000,0x0000,0x0000,0x0000,0x0000,0x0000,0x0000,
    0x0000,0x0000,0x0000,0x0000,0x0000,0x0000,0x0000,0x0000,0x0000,0x0000,0x0000,0x0000,0x0000,0x0000,0x0000,0x0000,0x0000,0x0000,0x0000,0x0000,0x0000,0x0000,0x0000,0x0000,
    0x0000,0x0000,0x0000,0x0000,0x0000,0x0000,0x2024,0x2003,0x2804,0x2804,0x0000,0x0000,0x0000,0x0000,0x2804,0x2845,0x6e6d,0x666b,0x666b,0x666b,0x664b,0x666b,0x666b,0x5e4b,
    0x666c,0x2824,0x2003,0x0000,0x0000,0x0000,0x0000,0x0000,0x0000,0x0000,0x0000,0x0000,0x0000,0x0000,0x0000,0x0000,0x0000,0x0000,0x0000,0x0000,0x0000,0x0000,0x0000,0x0000,
    0x0000,0x0000,0x0000,0x0000,0x0000,0x0000,0x0000,0x0000,0x0000,0x0000,0x0000,0x0000,0x0000,0x0000,0x0000,0x0000,0x0000,0x0000,0x0000,0x0000,0x0000,0x0000,0x0000,0x0000,
    0x0000,0x0000,0x0000,0x0000,0x0000,0x2804,0x2804,0x1803,0x2003,0x1803,0x2003,0x2805,0x0000,0x1803,0x1802,0x5e4b,0x664b,0x666b,0x666b,0x6e8c,0x35ca,0x666b,0x666b,0x666b,
    0x5e4b,0x2003,0x1803,0x0000,0x0000,0x0000,0x0000,0x0000,0x0000,0x0000,0x0000,0x0000,0x0000,0x0000,0x0000,0x0000,0x0000,0x0000,0x0000,0x0000,0x0000,0x0000,0x0000,0x0000,
    0x0000,0x0000,0x0000,0x0000,0x0000,0x0000,0x0000,0x0000,0x0000,0x0000,0x0000,0x0000,0x0000,0x0000,0x0000,0x0000,0x0000,0x0000,0x0000,0x0000,0x0000,0x0000,0x0000,0x0000,
    0x0000,0x0000,0x0000,0x0000,0x0000,0x2003,0x2023,0x5e6b,0x5e4b,0x666c,0x2044,0x1802,0x4808,0x2003,0x664b,0x666c,0x666b,0x666b,0x460a,0x2589,0x666b,0x666b,0x5e6b,0x5e2b,
    0x2024,0x2004,0x580b,0x0000,0x0000,0x0000,0x0000,0x0000,0x0000,0x0000,0x0000,0x0000,0x0000,0x0000,0x0000,0x0000,0x0000,0x0000,0x0000,0x0000,0x0000,0x0000,0x0000,0x0000,
    0x0000,0x0000,0x0000,0x0000,0x0000,0x0000,0x0000,0x0000,0x0000,0x0000,0x0000,0x0000,0x0000,0x0000,0x0000,0x0000,0x0000,0x0000,0x0000,0x0000,0x0000,0x0000,0x0000,0x0000,
    0x0000,0x0000,0x0000,0x0000,0x0000,0x2003,0x1802,0x666b,0x666b,0x666b,0x5e4a,0x1823,0x2004,0x2003,0x564a,0x664b,0x666b,0x2d69,0x2dca,0x666b,0x666c,0x666c,0x562a,0x1843,
    0x1803,0x1002,0x0000,0x0000,0x0000,0x0000,0x0000,0x0000,0x0000,0x0000,0x0000,0x0000,0x0000,0x0000,0x0000,0x0000,0x0000,0x0000,0x0000,0x0000,0x0000,0x0000,0x0000,0x0000,
    0x0000,0x0000,0x0000,0x0000,0x0000,0x0000,0x0000,0x0000,0x0000,0x0000,0x0000,0x0000,0x0000,0x0000,0x0000,0x0000,0x0000,0x0000,0x0000,0x0000,0x0000,0x0000,0x0000,0x0000,
    0x0000,0x0000,0x0000,0x0000,0x0000,0x2804,0x2824,0x666b,0x5e4b,0x666b,0x668c,0x6f0d,0x1803,0x2003,0x668b,0x666c,0x4e2a,0x2d8a,0x666c,0x5e6b,0x5e4b,0x33e8,0x2003,0x2824,
    0x3007,0x0000,0x0000,0x0000,0x0000,0x0000,0x0000,0x0000,0x0000,0x0000,0x0000,0x0000,0x0000,0x0000,0x0000,0x0000,0x0000,0x0000,0x0000,0x0000,0x0000,0x0000,0x0000,0x0000,
    0x0000,0x0000,0x0000,0x0000,0x0000,0x0000,0x0000,0x0000,0x0000,0x0000,0x0000,0x0000,0x0000,0x0000,0x0000,0x0000,0x0000,0x0000,0x0000,0x0000,0x0000,0x0000,0x0000,0x0000,
    0x0000,0x0000,0x0000,0x0000,0x0000,0x2004,0x1803,0x1002,0x2003,0x5eab,0x666b,0x666c,0x1803,0x2003,0x666b,0x2d8a,0x2d8a,0x4e0b,0x356a,0x2003,0x1803,0x1803,0x1803,0x0000,
    0x0000,0x0000,0x0000,0x0000,0x0000,0x0000,0x0000,0x0000,0x0000,0x0000,0x0000,0x0000,0x0000,0x0000,0x0000,0x0000,0x0000,0x0000,0x0000,0x0000,0x0000,0x0000,0x0000,0x0000,
    0x0000,0x0000,0x0000,0x0000,0x0000,0x0000,0x0000,0x0000,0x0000,0x0000,0x0000,0x0000,0x0000,0x0000,0x0000,0x0000,0x0000,0x0000,0x0000,0x0000,0x0000,0x0000,0x0000,0x0000,
    0x0000,0x0000,0x2002,0x2805,0x1803,0x2003,0x2004,0x1803,0x1803,0x25a9,0x2d89,0x3dea,0x1002,0x2024,0x2de9,0x2d69,0x2d69,0x2024,0x1822,0x2003,0x2804,0x2003,0x0000,0x0000,
    0x0000,0x0000,0x0000,0x0000,0x0000,0x0000,0x0000,0x0000,0x0000,0x0000,0x0000,0x0000,0x0000,0x0000,0x0000,0x0000,0x0000,0x0000,0x0000,0x0000,0x0000,0x0000,0x0000,0x0000,
    0x0000,0x0000,0x0000,0x0000,0x0000,0x0000,0x0000,0x0000,0x0000,0x0000,0x0000,0x0000,0x0000,0x0000,0x0000,0x0000,0x0000,0x0000,0x0000,0x0000,0x0000,0x0000,0x0000,0x0000,
    0x0801,0x1803,0x1802,0x2004,0xf5e8,0xfe48,0xfe28,0xff8d,0xff8e,0xff8f,0xff8e,0xff8d,0xff8e,0xffaf,0xff8e,0xff8d,0xff8e,0xff6e,0xff8f,0xff8d,0xfde5,0x1002,0x2004,0x2805,
    0x2004,0x0000,0x0000,0x0000,0x0000,0x0000,0x0000,0x0000,0x0000,0x0000,0x0000,0x0000,0x0000,0x0000,0x0000,0x0000,0x0000,0x0000,0x0000,0x0000,0x0000,0x0000,0x0000,0x0000,
    0x0000,0x0000,0x0000,0x0000,0x0000,0x0000,0x0000,0x0000,0x0000,0x0000,0x0000,0x0000,0x0000,0x0000,0x0000,0x0000,0x0000,0x0000,0x0000,0x0000,0x0000,0x0000,0x2805,0x2804,
    0x2003,0x2024,0xf70d,0xff2d,0xff2e,0xff2d,0xff4e,0xff6e,0xff8e,0xff8e,0xff6e,0xff8e,0xff8e,0xff8e,0xff6e,0xff6e,0xff8e,0xff8e,0xff6e,0xff8d,0xff6d,0xff8e,0xffd0,0x5a45,
    0x2003,0x1803,0x2004,0x0000,0x0000,0x0000,0x0000,0x0000,0x0000,0x0000,0x0000,0x0000,0x0000,0x0000,0x0000,0x0000,0x0000,0x0000,0x0000,0x0000,0x0000,0x0000,0x0000,0x0000,
    0x0000,0x0000,0x0000,0x0000,0x0000,0x0000,0x0000,0x0000,0x0000,0x0000,0x0000,0x0000,0x0000,0x0000,0x0000,0x0000,0x0000,0x0000,0x0000,0x0000,0x2805,0x2004,0x1803,0x1823,
    0xff70,0xff70,0xff8d,0xff6d,0xff6e,0xff6d,0xff6e,0xff8e,0xff6e,0xff8e,0xff8e,0xff8e,0xff8e,0xff8e,0xff8e,0xff8e,0xff8e,0xff8e,0xff6e,0xff6e,0xff6e,0xff8e,0xff8e,0xe6ad,
    0xdeaf,0xe6ef,0x2004,0x2805,0x3005,0x0000,0x0000,0x0000,0x0000,0x0000,0x0000,0x0000,0x0000,0x0000,0x0000,0x0000,0x0000,0x0000,0x0000,0x0000,0x0000,0x0000,0x0000,0x0000,
    0x0000,0x0000,0x0000,0x0000,0x0000,0x0000,0x0000,0x0000,0x0000,0x0000,0x0000,0x0000,0x0000,0x0000,0x0000,0x0000,0x0000,0x0000,0x0000,0x2004,0x2003,0x1803,0xff6e,0xff8e,
    0xff8c,0xffff,0xffff,0xffde,0xff8d,0xff8e,0xff8e,0xff8e,0xff8e,0xff8e,0xff8e,0xff8e,0xff8e,0xff8e,0xff8e,0xff8e,0xff8e,0xff8e,0xff8e,0xff8e,0xff8e,0xff8e,0xff8e,0xff8e,
    0xff8e,0xffcf,0xc5cd,0xbd8c,0x1803,0x1803,0x0000,0x0000,0x0000,0x0000,0x0000,0x0000,0x0000,0x0000,0x0000,0x0000,0x0000,0x0000,0x0000,0x0000,0x0000,0x0000,0x0000,0x0000,
    0x0000,0x0000,0x0000,0x0000,0x0000,0x0000,0x0000,0x0000,0x0000,0x0000,0x0000,0x0000,0x0000,0x0000,0x0000,0x0000,0x0000,0x0000,0x3006,0x2805,0x1802,0xff6d,0xff6d,0xff6d,
    0xffff,0xffff,0xff8e,0xff8e,0xff8e,0xff8e,0xff8e,0xff8e,0xff8e,0xff8e,0xff8e,0xff8e,0xff8e,0xff8e,0xff8e,0xff8e,0xff8e,0xff8e,0xff8e,0xff8e,0xff8e,0xff8e,0xff8e,0xff8e,
    0xff8e,0xff8e,0xff8e,0xff6c,0x1041,0x2003,0x2825,0x0000,0x0000,0x0000,0x0000,0x0000,0x0000,0x0000,0x0000,0x0000,0x0000,0x0000,0x0000,0x0000,0x0000,0x0000,0x0000,0x0000,
    0x0000,0x0000,0x0000,0x0000,0x0000,0x0000,0x0000,0x0000,0x0000,0x0000,0x0000,0x0000,0x0000,0x0000,0x0000,0x0000,0x0000,0x2003,0x2003,0x72c7,0xff8e,0xff8e,0xffb2,0xffdb,
    0xffff,0xfffe,0xff8d,0xff8e,0xff8e,0xff8e,0xff8e,0xff8e,0xff8e,0xff8e,0xff8e,0xff8e,0xff8e,0xff8e,0xff8e,0xff8e,0xff8e,0xff8e,0xff8e,0xff8e,0xff8e,0xff8e,0xff6e,0xff8e,
    0xff8e,0xff8e,0xff8e,0xff6e,0xf74e,0x2844,0x2804,0x2804,0x480a,0x0000,0x0000,0x0000,0x0000,0x0000,0x0000,0x0000,0x0000,0x0000,0x0000,0x0000,0x0000,0x0000,0x0000,0x0000,
    0x0000,0x0000,0x0000,0x0000,0x0000,0x0000,0x0000,0x0000,0x0000,0x0000,0x0000,0x0000,0x0000,0x0000,0x0000,0x0000,0x2805,0x2004,0x0861,0xff8d,0xff8e,0xffff,0xffff,0xffff,
    0xff8e,0xff8e,0xff8e,0xff8e,0xff8e,0xff8e,0xff8e,0xff8e,0xff8e,0xff8e,0xff8e,0xff8e,0xff8e,0xff8e,0xff8e,0xff8e,0xff8e,0xff8e,0xff8e,0xff8e,0xff8e,0xff8e,0xff6e,0xff8e,
    0xff8e,0xff8e,0xff8e,0xff8e,0xff8e,0xf76f,0x1022,0x1803,0x4809,0x0000,0x0000,0x0000,0x0000,0x0000,0x0000,0x0000,0x0000,0x0000,0x0000,0x0000,0x0000,0x0000,0x0000,0x0000,
    0x0000,0x0000,0x0000,0x0000,0x0000,0x0000,0x0000,0x0000,0x0000,0x0000,0x0000,0x0000,0x0000,0x0000,0x0000,0x1803,0x2004,0x2083,0xff8d,0xff6e,0xff8e,0xff8f,0xff8f,0xff8e,
    0xff8e,0xff8e,0xff8e,0xff8e,0xff8e,0xff8e,0xff8e,0xff8e,0xff8e,0xff8e,0xff8e,0xff8e,0xff8e,0xff8e,0xff8e,0xff8e,0xff8e,0xff8e,0xff8e,0xff8e,0xff8e,0xff8e,0xff8e,0xff8e,
    0xff8e,0xff8e,0xff8e,0xff8e,0xff8e,0xff8e,0x6ae6,0x2043,0x2805,0x1803,0x0000,0x0000,0x0000,0x0000,0x0000,0x0000,0x0000,0x0000,0x0000,0x0000,0x0000,0x0000,0x0000,0x0000,
    0x0000,0x0000,0x0000,0x0000,0x0000,0x0000,0x0000,0x0000,0x0000,0x0000,0x0000,0x0000,0x0000,0x0000,0x0000,0x1803,0x1002,0xff8e,0xff8e,0xff8e,0xff8e,0xff8e,0xff8e,0xff8e,
    0xff8e,0xff8e,0xff8e,0xff8e,0xff8e,0xff8e,0xff8e,0xff8e,0xff8e,0xff8f,0xff8f,0xff8e,0xff8f,0xff8f,0xff8e,0xff8e,0xff8e,0xff8e,0xff8e,0xff8e,0xff8e,0xff8e,0xff8e,0xff8e,
    0xff8e,0xff8e,0xff8e,0xff8e,0xff8e,0xff8e,0xff6e,0xffcf,0x2804,0x0821,0x0000,0x0000,0x0000,0x0000,0x0000,0x0000,0x0000,0x0000,0x0000,0x0000,0x0000,0x0000,0x0000,0x0000,
    0x0000,0x0000,0x0000,0x0000,0x0000,0x0000,0x0000,0x0000,0x0000,0x0000,0x0000,0x0000,0x0000,0x4009,0x2805,0xaceb,0xffaf,0xff6d,0xff8e,0xff8e,0xff8e,0xff8e,0xff8e,0xff8e,
    0xff8e,0xff8e,0xff8e,0xff8e,0xff8e,0xff8e,0xff8e,0xff8e,0xff8e,0xff8f,0xff8f,0xff8e,0xff8e,0xff8e,0xff8f,0xff8e,0xff8e,0xff8e,0xff8e,0xff8e,0xff8e,0xff8e,0xff8e,0xff8e,
    0xff8e,0xff8e,0xff8e,0xff8e,0xff8e,0xff8e,0xff8e,0xffaf,0x1822,0x1803,0x2005,0x0000,0x0000,0x0000,0x0000,0x0000,0x0000,0x0000,0x0000,0x0000,0x0000,0x0000,0x0000,0x0000,
    0x0000,0x0000,0x0000,0x0000,0x0000,0x0000,0x0000,0x0000,0x0000,0x0000,0x0000,0x0000,0x0000,0x3807,0x2003,0xacca,0xff8e,0xff8e,0xff6e,0xff8e,0xff8e,0xff8d,0x8ba9,0x2044,
    0x2043,0x1822,0x1804,0xff8e,0xff8e,0xff8e,0xff8e,0xff8e,0xff8e,0xff8f,0xff8e,0xff8f,0xff8f,0xff8e,0xff8e,0xff8e,0xff8e,0xff8e,0xff8e,0xff8e,0xff8d,0x0821,0x2063,0x0841,
    0x1842,0x1843,0xff8e,0xff8e,0xff8e,0xff8e,0xff8e,0xff8e,0xf74f,0x2804,0x2004,0x0000,0x0000,0x0000,0x0000,0x0000,0x0000,0x0000,0x0000,0x0000,0x0000,0x0000,0x0000,0x0000,
    0x0000,0x0000,0x0000,0x0000,0x0000,0x0000,0x0000,0x0000,0x0000,0x0000,0x0000,0x0000,0x0000,0x3808,0x2004,0x9c89,0xff8e,0xff8e,0xff8e,0xff8e,0xff6d,0x1823,0x1803,0x2003,
    0x2004,0x2003,0x2825,0x0820,0xff8e,0xff8e,0xff8e,0xff8e,0xff8e,0xff8e,0xff8e,0xff8e,0xff8e,0xff8e,0xff8e,0xff8e,0xff8e,0xff8e,0xff8e,0xff8e,0x20a3,0x2024,0x2023,0x2003,
    0x2023,0x2824,0x1021,0xff8e,0xff8e,0xff8e,0xff8e,0xff8e,0xf74e,0x1803,0x1803,0x0000,0x0000,0x0000,0x0000,0x0000,0x0000,0x0000,0x0000,0x0000,0x0000,0x0000,0x0000,0x0000,
    0x0000,0x0000,0x0000,0x0000,0x0000,0x0000,0x0000,0x0000,0x0000,0x0000,0x0000,0x0000,0x2004,0x1803,0xffd0,0xffaf,0xff8e,0xff8e,0xff8e,0xff8e,0x1022,0x1803,0x2804,0xf74f,
    0xf76e,0xef30,0x2003,0x1802,0x2043,0xff8e,0xff8e,0xff8e,0xff8e,0xff8e,0xff8e,0xff8e,0xff8e,0xff8e,0xff8e,0xff8e,0xff8e,0xff8e,0xff8f,0x1002,0x1803,0x1823,0xff8f,0xff8e,
    0xf78f,0x2805,0x2003,0x1823,0xff6e,0xff8e,0xff8e,0xff8e,0xff6e,0x9c89,0x2824,0x2004,0x0000,0x0000,0x0000,0x0000,0x0000,0x0000,0x0000,0x0000,0x0000,0x0000,0x0000,0x0000,
    0x0000,0x0000,0x0000,0x0000,0x0000,0x0000,0x0000,0x0000,0x0000,0x0000,0x0000,0x0000,0x2004,0x2804,0xfff0,0xff8e,0xff8e,0xff8e,0xff8e,0xff6e,0x1003,0x2804,0xffd0,0xff8e,
    0xff8e,0xff8e,0xff6e,0x2024,0x1803,0xff8f,0xff8e,0xff8f,0xff8e,0xff8e,0xff8e,0xff8e,0xff8e,0xff8e,0xff8e,0xff8e,0xff8e,0xff8e,0xff8e,0x1803,0x2824,0xfff0,0xff8e,0xff8e,
    0xff8e,0xffcf,0x1803,0x2844,0xff8e,0xff8e,0xff8e,0xff8e,0xff8e,0xff6e,0x2004,0x2805,0x0000,0x0000,0x0000,0x0000,0x0000,0x0000,0x0000,0x0000,0x0000,0x0000,0x0000,0x0000,
    0x0000,0x0000,0x0000,0x0000,0x0000,0x0000,0x0000,0x0000,0x0000,0x0000,0x0000,0x8851,0x1802,0x2024,0xfff0,0xff8e,0xff8e,0xff8e,0xff6e,0xff8d,0xffae,0xffcf,0xff8f,0xff8e,
    0xff8e,0xff8e,0xff8e,0xffaf,0xffad,0xff8e,0xff6e,0xf74f,0xff8e,0xff8e,0xff8e,0xff8e,0xff8e,0xff8e,0xff8e,0xff8e,0xff6f,0xf74e,0xff8e,0xffad,0xffae,0xff8e,0xff8e,0xff8e,
    0xff8e,0xff8e,0xffd0,0xffae,0xff8e,0xff8e,0xff8e,0xff8e,0xff8e,0xff70,0x2804,0x2003,0x0000,0x0000,0x0000,0x0000,0x0000,0x0000,0x0000,0x0000,0x0000,0x0000,0x0000,0x0000,
    0x0000,0x0000,0x0000,0x0000,0x0000,0x0000,0x0000,0x0000,0x0000,0x0000,0x0000,0x2025,0x1803,0xff6d,0xff8e,0xff8e,0xff8e,0xff6e,0xfb94,0xfb75,0xfb74,0xfb54,0xffad,0xff8e,
    0xff8e,0xff8e,0xff8e,0xff8e,0xff8e,0xff8e,0x948a,0x2024,0x20c1,0xff8e,0xff8e,0xff8e,0xff8e,0xff8e,0xff8e,0x6ac6,0x2004,0x1002,0xff8e,0xff8e,0xff8e,0xff8e,0xff8e,0xff8e,
    0xff8e,0xff8f,0xfb74,0xfb74,0xfb74,0xfb73,0xff8e,0xff8e,0xff8e,0xff6e,0x1041,0x1802,0x2004,0x0000,0x0000,0x0000,0x0000,0x0000,0x0000,0x0000,0x0000,0x0000,0x0000,0x0000,
    0x0000,0x0000,0x0000,0x0000,0x0000,0x0000,0x0000,0x0000,0x0000,0x0000,0x0000,0x2023,0x2804,0xff8e,0xff8e,0xff8e,0xfd71,0xfb93,0xfb93,0xfbb3,0xfbb3,0xfbb3,0xfbd3,0xfcd1,
    0xff8e,0xff8e,0xff8e,0xff8e,0xff8e,0xff8e,0xf74d,0x0800,0x1803,0xd66c,0xf74f,0xf74e,0xf74f,0xf74f,0xef0f,0x2024,0x1802,0xd66d,0xff8e,0xff8e,0xff8e,0xff8e,0xff8e,0xff8e,
    0xfd90,0xfbb3,0xfb93,0xfbb3,0xfbb3,0xfbb3,0xfbb3,0xfd71,0xff8e,0xff8e,0xff8f,0x2003,0x2004,0x0000,0x0000,0x0000,0x0000,0x0000,0x0000,0x0000,0x0000,0x0000,0x0000,0x0000,
    0x0000,0x0000,0x0000,0x0000,0x0000,0x0000,0x0000,0x0000,0x0000,0x0000,0x0000,0x1823,0x1803,0xff8d,0xff8d,0xff8e,0xfbb3,0xfbb3,0xfbb3,0xfbb3,0xfbb3,0xfbb3,0xfbb3,0xfbb4,
    0xff8e,0xff8e,0xff8e,0xff8e,0xff8e,0xff8e,0xff8e,0xd66e,0x2003,0x2003,0x1803,0x2804,0x2804,0x2003,0x2804,0x1803,0xf74d,0xff8e,0xff8e,0xff8e,0xff8e,0xff8e,0xff8e,0xff8e,
    0xfb93,0xfb93,0xfb93,0xfbb3,0xfbb3,0xfbb3,0xfbd3,0xfb94,0xff8e,0xff8e,0xff6e,0x1802,0x2004,0x0000,0x0000,0x0000,0x0000,0x0000,0x0000,0x0000,0x0000,0x0000,0x0000,0x0000,
    0x0000,0x0000,0x0000,0x0000,0x0000,0x0000,0x0000,0x0000,0x0000,0x0000,0x2824,0x2003,0x41a5,0xff8f,0xff8e,0xff8e,0xfbb3,0xfbb3,0xfbb3,0xfbb3,0xfbb3,0xfbd3,0xfbb3,0xfbd3,
    0xff8e,0xff8e,0xff8e,0xff8e,0xff8e,0xff8e,0xff8e,0xff8e,0x2844,0x1041,0xff6d,0xff8f,0xff6d,0xff6e,0xff8f,0x2824,0x5205,0xff8d,0xff8e,0xff8e,0xff8e,0xff8e,0xff8e,0xff8e,
    0xfb93,0xfbb3,0xfbb3,0xfbb3,0xfbb3,0xfbb3,0xfbb3,0xfb94,0xff8e,0xff8e,0xff6f,0x2804,0x2004,0x0000,0x0000,0x0000,0x0000,0x0000,0x0000,0x0000,0x0000,0x0000,0x0000,0x0000,
    0x0000,0x0000,0x0000,0x0000,0x0000,0x0000,0x0000,0x0000,0x0000,0x0000,0x2805,0x2024,0xff6e,0xff8e,0xff6d,0xff8e,0xfb13,0xfbb2,0xfbb3,0xfbd3,0xfbd3,0xfbb3,0xfbb3,0x0000,
    0xff8e,0xff8e,0xff8e,0xff8e,0xff8e,0xff8e,0xff8e,0xffcf,0x2825,0x5a65,0xff8d,0xff8e,0xff8e,0xff8e,0xff8e,0x2903,0x1803,0x0000,0xff8e,0xff8e,0xff8e,0xff8e,0xff8e,0xff6e,
    0xfb32,0xfbb3,0xfbb3,0xfbb3,0xfbb3,0xfbd3,0xfbb3,0xfb33,0xff8e,0xff8e,0xff8e,0x2882,0x2804,0x2004,0x0000,0x0000,0x0000,0x0000,0x0000,0x0000,0x0000,0x0000,0x0000,0x0000,
    0x0000,0x0000,0x0000,0x0000,0x0000,0x0000,0x0000,0x0000,0x0000,0x0000,0x2004,0x2023,0xff6e,0xff8e,0xff8e,0xff8e,0xff8e,0xff6e,0xfbb2,0xfbb3,0xfbd3,0xfbd3,0xffad,0xff8e,
    0xff8e,0xff8e,0xff8e,0xff8e,0xff8e,0xff8e,0xff8e,0xff8f,0xff6e,0xff8d,0xff8e,0xff8e,0xff8e,0xff8e,0xff8e,0xff8d,0xff4e,0xff6e,0xff8e,0xff8e,0xff8e,0xff8e,0xff8e,0xff6e,
    0xff8e,0xff6d,0xfbd3,0xfbd3,0xfbd3,0xfbf3,0xff6f,0xff8e,0xff6e,0xff8e,0xff8e,0xff6e,0x1822,0x2004,0x0000,0x0000,0x0000,0x0000,0x0000,0x0000,0x0000,0x0000,0x0000,0x0000,
    0x0000,0x0000,0x0000,0x0000,0x0000,0x0000,0x0000,0x0000,0x0000,0x0000,0x1803,0x1822,0xff8f,0xff8e,0xff8e,0xff8e,0xff6e,0xff6e,0xff6e,0xff6e,0xff6e,0xff8e,0xff6e,0xff8e,
    0xff8e,0xff8e,0xff8e,0xff8e,0xff8e,0xff8e,0xff8e,0x6246,0x5a25,0x5245,0x6aa6,0xff8f,0xff8e,0xff8e,0xff8e,0xff8e,0xff8e,0xff8e,0xff8e,0xff8e,0xff8e,0xff8e,0xff8e,0xff8e,
    0xff8e,0xff6e,0xff8e,0xff6e,0xff6e,0xff8e,0xff6e,0xff8e,0xff8e,0xff8e,0xff8e,0xff6f,0x2023,0x2004,0x0000,0x0000,0x0000,0x0000,0x0000,0x0000,0x0000,0x0000,0x0000,0x0000,
    0x0000,0x0000,0x0000,0x0000,0x0000,0x0000,0x0000,0x0000,0x0000,0x3024,0x3005,0x1803,0xff8e,0xff8e,0xff8e,0xff8e,0xff8e,0xff6e,0xff8e,0xff8e,0xff8e,0xff6e,0xff8e,0xff8e,
    0xff8e,0xff8e,0xff8e,0xff8e,0xff8e,0xff8e,0xbd8c,0x2804,0x1803,0x2003,0x2824,0x1002,0x0801,0x0801,0x1002,0x1002,0xbd8a,0xff8e,0xff8e,0xff8e,0xff8e,0xff8e,0xff8e,0xff8e,
    0xff8e,0xff8e,0xff8e,0xff6e,0xff6e,0xff8e,0xff6e,0xff8e,0xff6e,0xff8e,0xff8e,0xff8e,0xef30,0x2844,0x2805,0x0000,0x0000,0x0000,0x0000,0x0000,0x0000,0x0000,0x0000,0x0000,
    0x0000,0x0000,0x0000,0x0000,0x0000,0x0000,0x0000,0x0000,0x0000,0x2804,0x2043,0xff8e,0xff8e,0xff8e,0xff8e,0xff8e,0xff8e,0xff8e,0xff8e,0xff6e,0xff8e,0xfe8a,0xff6e,0xff6e,
    0xff8e,0xff8e,0xff8e,0xffef,0xffef,0xfff0,0xbd8a,0x1803,0x9203,0xa264,0x48c3,0x2003,0x2804,0x5a28,0xac8f,0x728a,0x1002,0x0000,0xff8e,0xff8e,0xff8e,0xff8e,0xff8e,0xff8e,
    0xff8e,0xfeca,0xfe69,0xff8e,0xff6e,0xff8e,0xff8e,0xff8e,0xff8e,0xff8e,0xff8e,0xff8e,0xff6e,0x1842,0x1803,0x0000,0x0000,0x0000,0x0000,0x0000,0x0000,0x0000,0x0000,0x0000,
    0x0000,0x0000,0x0000,0x0000,0x0000,0x0000,0x0000,0x0000,0x1803,0x2003,0x1802,0xff8f,0xff8e,0xff8e,0xff8e,0xff8e,0xff8e,0xff8e,0xff8e,0xff6e,0xff6e,0xff2c,0xf561,0xfde2,
    0xff8e,0xff8e,0xde6b,0x2004,0x2804,0x1803,0x2804,0x2004,0x2003,0x9223,0x9223,0x1803,0x0801,0xff57,0xff56,0xcd51,0x2003,0x0000,0xff8e,0xff8e,0xff8e,0xff8e,0xff8e,0xff6d,
    0xfde2,0xfd82,0xfde4,0xff8e,0xff8e,0xff8e,0xff8e,0xff8e,0xff8e,0xff8e,0xff8e,0xff6e,0xff6e,0x2843,0x2004,0x0000,0x0000,0x0000,0x0000,0x0000,0x0000,0x0000,0x0000,0x0000,
    0x0000,0x0000,0x0000,0x0000,0x0000,0x0000,0x0000,0x0000,0x2804,0x2043,0xff8e,0xff8e,0xff8e,0xff8e,0xff8e,0xff8e,0xff8e,0xff8e,0xff8e,0xff6e,0xff6e,0xff6d,0xc3e2,0x1842,
    0xf70d,0xf70f,0x2845,0x1803,0x1002,0xf165,0xf1c7,0xf1a6,0x2803,0x2003,0x9a43,0x2003,0x1000,0xff34,0xff36,0xff35,0x0821,0x2004,0x8368,0xf74f,0xf74d,0xff8d,0xf74d,0xde2b,
    0x2043,0xfdc2,0xff6e,0xff6e,0xff8e,0xff8e,0xff6e,0xff8e,0xff8e,0xff8e,0xff8e,0xff6e,0xff8e,0xff6f,0x2845,0x2004,0x0000,0x0000,0x0000,0x0000,0x0000,0x0000,0x0000,0x0000,
    0x0000,0x0000,0x0000,0x0000,0x0000,0x0000,0x0000,0x0000,0x2004,0x3025,0xff8e,0xff8e,0xff8e,0xff8e,0xff8e,0xff8e,0xff8e,0xff8e,0xff8e,0xff8e,0xff8e,0xff6e,0xff8e,0x41c5,
    0x1823,0x2824,0x2804,0x8863,0xf9c7,0xf1c6,0xf1a6,0xf1a6,0xf1c7,0xf167,0x8a03,0x2024,0xf187,0xf945,0xff99,0xff99,0xff99,0x6a49,0x1823,0x2004,0x1822,0xeeef,0x1804,0x2024,
    0x1802,0xff6e,0xff8e,0xff6e,0xff8e,0xff8e,0xff8e,0xff8e,0xff8e,0xff8e,0xff8e,0xff8e,0xff8e,0xff6e,0x1842,0x1803,0x0000,0x0000,0x0000,0x0000,0x0000,0x0000,0x0000,0x0000,
    0x0000,0x0000,0x0000,0x0000,0x0000,0x0000,0x0000,0x0000,0x2004,0x2844,0xff8e,0xff8e,0xff8e,0xff8e,0xff8e,0xff8e,0xff8e,0xff8e,0xff8e,0xff8e,0xff6e,0xff8e,0xff8e,0xff8e,
    0xfff0,0xa4ea,0x2024,0x4843,0xf1a6,0xf9a7,0xfe9a,0xf5b5,0xf987,0xf9a7,0x8884,0x88a4,0xe946,0xf925,0xf287,0xffdb,0xfffc,0xff97,0xf778,0xf714,0x1002,0x2004,0xc5cb,0xfff0,
    0xff8e,0xff6e,0xff8e,0xff8e,0xff8e,0xff8e,0xff8e,0xff8e,0xff8e,0xff8e,0xff8e,0xff8e,0xff6e,0xff6e,0x2043,0x2804,0x0000,0x0000,0x0000,0x0000,0x0000,0x0000,0x0000,0x0000,
    0x0000,0x0000,0x0000,0x0000,0x0000,0x0000,0x0000,0x0000,0x2805,0x2023,0xff8d,0xff8e,0xff8e,0xff8e,0xff8e,0xff8e,0xff8e,0xff8e,0xff8e,0xff8e,0xff8e,0xff6e,0xff8e,0xff8e,
    0xff8e,0xff6e,0xffae,0x1803,0xfa07,0xffdf,0xffff,0xffff,0xf186,0xf186,0xf1a6,0xf186,0xf1a6,0xf1a6,0xf986,0xf166,0xf946,0xffb9,0xff98,0x0802,0x1002,0x1881,0xff6d,0xff8d,
    0xff8e,0xff8e,0xff8e,0xff8e,0xff8e,0xff8e,0xff6e,0xff8e,0xff8e,0xff8e,0xff6e,0xff6e,0xff8e,0xf68a,0x2844,0x2004,0x0000,0x0000,0x0000,0x0000,0x0000,0x0000,0x0000,0x0000,
    0x0000,0x0000,0x0000,0x0000,0x0000,0x0000,0x0000,0x0000,0x1803,0x1803,0x20a3,0xff8f,0xff8e,0xff8e,0xff8e,0xff6e,0xff6e,0xff8e,0xff8e,0xff8e,0xff8e,0xff6e,0xff8e,0xff8e,
    0xff8e,0xff6e,0xf74d,0x1803,0xf967,0xffbe,0xffdf,0xf1a6,0xf186,0xf186,0xf1a6,0xf1a6,0xf1a6,0xf1a6,0xf1a6,0xf9a6,0xf9a6,0xf166,0xe905,0x1003,0x2864,0xff8e,0xff8e,0xff8e,
    0xff8e,0xff8e,0xff8e,0xff8e,0xff6e,0xff8e,0xff6e,0xff6e,0xff8e,0xff8f,0xff8e,0xff6e,0xff6e,0x2883,0x1802,0x1803,0x0000,0x0000,0x0000,0x0000,0x0000,0x0000,0x0000,0x0000,
    0x0000,0x0000,0x0000,0x0000,0x0000,0x0000,0x0000,0x0000,0x0000,0x2804,0x2824,0xd5ab,0xd5eb,0xdde9,0xfe06,0xfe48,0xff2c,0xff8e,0xff6e,0xff8e,0xff8e,0xff8e,0xff8e,0xff8e,
    0xff8e,0xff8e,0xf72f,0x2004,0xfa08,0xe9a6,0xf9a6,0xf1a6,0xf9a6,0xf1a6,0xf1a6,0xf1a6,0xf9a6,0xf9a6,0xf1a6,0xf186,0xf186,0xf186,0xf146,0x1804,0x2864,0xff8d,0xff8e,0xff8e,
    0xff8e,0xff8e,0xff8e,0xff8e,0xff6e,0xff8e,0xff4d,0xfeaa,0xfe69,0xfda3,0xbc26,0xb447,0xbc67,0x2825,0x3005,0x0000,0x0000,0x0000,0x0000,0x0000,0x0000,0x0000,0x0000,0x0000,
    0x0000,0x0000,0x0000,0x0000,0x0000,0x0000,0x0000,0x0000,0x0000,0x0000,0x1803,0x2004,0x2004,0x40a1,0xfe67,0xfe69,0xfe69,0xfe48,0xff6e,0xff8e,0xff8e,0xff6e,0xff8e,0xff8e,
    0xff8e,0xff6f,0x38e2,0x1002,0xf987,0xf125,0xf1a6,0xf1a6,0xf1a6,0xf1a6,0xf1a6,0xf9a6,0xf9a6,0xf1a6,0xf1a6,0xf1a6,0xf9a6,0xf9a6,0xe925,0x0803,0x1022,0x4124,0xff6d,0xff8e,
    0xff8e,0xff8e,0xff8e,0xff8e,0xff6e,0xff6d,0xfda2,0xfe68,0xfe48,0xfe69,0x1003,0x2003,0x1803,0x1803,0x0000,0x0000,0x0000,0x0000,0x0000,0x0000,0x0000,0x0000,0x0000,0x0000,
    0x0000,0x0000,0x0000,0x0000,0x0000,0x0000,0x0000,0x0000,0x0000,0x0000,0x0000,0x2004,0x2024,0x48c2,0xfe67,0xff8e,0xff8e,0xed00,0x59c3,0xd3e0,0xff8e,0xff8e,0xff6d,0xff6e,
    0x1821,0x1803,0x2824,0x4021,0xf1a6,0xf1a6,0xf1a6,0xf1a6,0xf9a6,0xf1a6,0xf9a6,0xf9a6,0xf9a6,0xf1a6,0xf9a6,0xf9a6,0xf1a6,0xf1a6,0xe945,0xd8e5,0x2003,0x2824,0x0801,0xbd8b,
    0xff6d,0xff8e,0xff8e,0xff6d,0xe401,0x5182,0xfd41,0xfeea,0xff4d,0xfe48,0x0802,0x1803,0x2804,0x0000,0x0000,0x0000,0x0000,0x0000,0x0000,0x0000,0x0000,0x0000,0x0000,0x0000,
    0x0000,0x0000,0x0000,0x0000,0x0000,0x0000,0x0000,0x0000,0x0000,0x0000,0x0000,0x2004,0x1802,0xff8e,0xff8e,0xff8e,0xff8d,0xff8d,0x942a,0x6ac5,0x2825,0x2023,0x1823,0x2024,
    0x2824,0x2003,0x2004,0xf1c6,0xf186,0xf1a6,0xf1a6,0xf9a6,0xf1a6,0xf1a6,0xf9a6,0xf1a6,0xf9a6,0xf9a6,0xf1a6,0xf9a6,0xf1a6,0xf9c7,0xe0e5,0xe0e5,0xd8a5,0x2003,0x2804,0x2023,
    0x1842,0x2024,0x2024,0x2024,0xd5e9,0xc56b,0xff6d,0xff6e,0xff6d,0xff8e,0xff8f,0x0801,0x2004,0x0000,0x0000,0x0000,0x0000,0x0000,0x0000,0x0000,0x0000,0x0000,0x0000,0x0000,
    0x0000,0x0000,0x0000,0x0000,0x0000,0x0000,0x0000,0x0000,0x0000,0x0000,0x0000,0x2004,0x1801,0xffae,0xff8e,0xff8e,0xff8e,0xff8e,0xff8e,0xff8e,0xf76e,0xf76f,0xf76f,0xf74d,
    0xf76e,0xb50a,0x1803,0xf185,0xf9c6,0xf9a6,0xf1a6,0xf1a6,0xf1a6,0xf1a6,0xf9a6,0xf1a6,0xf9a6,0xf9a6,0xf1a6,0xf9a6,0xf9a6,0xf986,0xe0c5,0xd8e5,0xe084,0x2024,0xf76e,0xf76f,
    0xff70,0xf74e,0xf74e,0xff6f,0xff8f,0xff8e,0xff6e,0xff6e,0xff6e,0xff6e,0xff6e,0x0802,0x2805,0x0000,0x0000,0x0000,0x0000,0x0000,0x0000,0x0000,0x0000,0x0000,0x0000,0x0000,
    0x0000,0x0000,0x0000,0x0000,0x0000,0x0000,0x0000,0x0000,0x0000,0x0000,0x0000,0x2004,0x1002,0xffae,0xffae,0xff8e,0xff8e,0xff8e,0xff8e,0xff8e,0xff8e,0xff8e,0xff8e,0xff8e,
    0xff8e,0xb54b,0x1822,0x2003,0xf9c6,0xf1a6,0xf1a6,0xf1a6,0xf1a6,0xf1a6,0xf9a6,0xf1a6,0xf186,0xf186,0xf9a6,0xf9a6,0xe0c5,0xe0c5,0xe0e5,0xe0e5,0x1803,0x1081,0xff8e,0xff8e,
    0xff8e,0xff6e,0xff6e,0xff6e,0xff8e,0xff8e,0xff6e,0xff6e,0xff6e,0xff8e,0xff6e,0x0001,0x2004,0x0000,0x0000,0x0000,0x0000,0x0000,0x0000,0x0000,0x0000,0x0000,0x0000,0x0000,
    0x0000,0x0000,0x0000,0x0000,0x0000,0x0000,0x0000,0x0000,0x0000,0x0000,0x0000,0x2804,0x1803,0xfe05,0xff8e,0xff8e,0xff8e,0xff8e,0xff8e,0xff8e,0xff8e,0xff8e,0xff8e,0xff8e,
    0xff8e,0xff8e,0xde6d,0x2805,0xb905,0xf186,0xf1a6,0xf1a6,0xf9c6,0xf9c6,0xf186,0xf186,0xf986,0xf986,0xf186,0xe0c5,0xe0c5,0xe0c5,0xe0c5,0x2004,0x2063,0xff6d,0xff8e,0xff8e,
    0xff8e,0xff8e,0xff8e,0xff8e,0xff8e,0xff6e,0xff6e,0xff6e,0xff6e,0xfe8a,0xfe29,0x1002,0x1803,0x0000,0x0000,0x0000,0x0000,0x0000,0x0000,0x0000,0x0000,0x0000,0x0000,0x0000,
    0x0000,0x0000,0x0000,0x0000,0x0000,0x0000,0x0000,0x0000,0x0000,0x0000,0x0000,0x2804,0x2804,0x2002,0xffae,0xff8e,0xff8e,0xff8e,0xff8e,0xff8e,0xff8e,0xff8e,0xff8e,0xff8e,
    0xff8e,0xff8e,0xff8f,0x0001,0x1803,0x1803,0x2803,0xe925,0xe8c4,0xe8e5,0x4824,0x3004,0x3004,0xe8c5,0xe0c5,0xe0c5,0xe0e5,0x2003,0x1803,0x2023,0xf750,0xff8e,0xff8e,0xff8e,
    0xff8e,0xff8e,0xff6e,0xff6d,0xff6d,0xff6e,0xff6e,0xff8e,0xfe69,0xfe49,0x0802,0x2804,0x2805,0x0000,0x0000,0x0000,0x0000,0x0000,0x0000,0x0000,0x0000,0x0000,0x0000,0x0000,
    0x0000,0x0000,0x0000,0x0000,0x0000,0x0000,0x0000,0x0000,0x0000,0x0000,0x0000,0x0000,0x2004,0x1002,0xfe89,0xff8e,0xff8e,0xff6e,0xfda3,0xfda3,0xfdc3,0xff6d,0xff8e,0xff8e,
    0xff8e,0xff8e,0xff6e,0xff6d,0x1041,0x1802,0x3025,0x2803,0x1803,0x1803,0x2804,0x2003,0x2024,0x2804,0x1803,0x1803,0x2804,0x2004,0x1001,0xffce,0xff8e,0xff8e,0xff8e,0xff6e,
    0xff8e,0xff6e,0xff6e,0xfd61,0xfda3,0xfdc3,0xfeea,0xfe89,0xfe69,0xfe89,0x0001,0x2004,0x0000,0x0000,0x0000,0x0000,0x0000,0x0000,0x0000,0x0000,0x0000,0x0000,0x0000,0x0000,
    0x0000,0x0000,0x0000,0x0000,0x0000,0x0000,0x0000,0x0000,0x0000,0x0000,0x0000,0x0000,0x2004,0x1803,0x38e4,0xfe68,0xfe89,0xfd81,0xfd61,0xfda3,0xfda3,0xfd82,0xffaf,0xffaf,
    0xff8e,0xff8e,0xff6e,0xff8e,0xff8e,0xff90,0x1802,0x1001,0x1001,0x1001,0x2022,0xff8e,0xf76f,0x1001,0x1001,0x2002,0x1001,0x0000,0xff8e,0xff8e,0xff8e,0xff6e,0xff8e,0xff8e,
    0xff0a,0xfd83,0xfd82,0xfda3,0xfd82,0xfda2,0xf521,0xfe68,0xfe89,0x1803,0x2003,0x2004,0x0000,0x0000,0x0000,0x0000,0x0000,0x0000,0x0000,0x0000,0x0000,0x0000,0x0000,0x0000,
    0x0000,0x0000,0x0000,0x0000,0x0000,0x0000,0x0000,0x0000,0x0000,0x0000,0x0000,0x0000,0x0000,0x2825,0x2025,0x1062,0x1882,0x4102,0xff8c,0xff8e,0xff8e,0xff8d,0xfe07,0xfe06,
    0xfeea,0xfeeb,0xff0b,0xff0c,0xff8e,0xff8e,0xff6d,0xff8d,0xff8d,0xff8f,0xff8f,0xff8d,0xff8d,0xff8e,0xff8e,0xff8e,0xff8e,0xff8e,0xff8d,0xff2c,0xff0c,0xfeca,0xfecb,0xfeaa,
    0xfda2,0xfdc3,0xff8d,0xff8e,0xff8e,0xff8e,0x0802,0x1002,0x1002,0x2004,0x2004,0x0000,0x0000,0x0000,0x0000,0x0000,0x0000,0x0000,0x0000,0x0000,0x0000,0x0000,0x0000,0x0000,
    0x0000,0x0000,0x0000,0x0000,0x0000,0x0000,0x0000,0x0000,0x0000,0x0000,0x0000,0x0000,0x0000,0x0000,0x2004,0x2003,0x1803,0x7b07,0xffae,0xff8e,0xff8e,0xff8e,0xff8e,0xf4e0,
    0xfd62,0xfe69,0xfe6a,0xfe8a,0xfe69,0xfe69,0xfe69,0xfe69,0xfe69,0xfe6a,0xfe8a,0xfe69,0xfe69,0xfe89,0xfe69,0xfe69,0xfe69,0xfe69,0xfe69,0xfe69,0xfe69,0xfe69,0xfe49,0xfd40,
    0xfe44,0xff8d,0xff8e,0xff8e,0xff8e,0xff8d,0x6a85,0x2804,0x2003,0x2004,0x0000,0x0000,0x0000,0x0000,0x0000,0x0000,0x0000,0x0000,0x0000,0x0000,0x0000,0x0000,0x0000,0x0000,
    0x0000,0x0000,0x0000,0x0000,0x0000,0x0000,0x0000,0x0000,0x0000,0x0000,0x0000,0x0000,0x0000,0x0000,0x0802,0x2004,0x2804,0xfe6b,0xff4c,0xff8e,0xff8e,0xff8e,0xff8d,0xffad,
    0xabc8,0x2003,0x1803,0x2003,0x1803,0x2003,0x2004,0x2004,0x2004,0x1803,0x1803,0x2004,0x2004,0x2004,0x2004,0x2004,0x2004,0x2004,0x2004,0x2004,0x2805,0x2004,0x1803,0xede8,
    0xff8e,0xff8e,0xff8e,0xff8e,0xff8e,0xff8e,0xfe8a,0x1823,0x2004,0x0000,0x0000,0x0000,0x0000,0x0000,0x0000,0x0000,0x0000,0x0000,0x0000,0x0000,0x0000,0x0000,0x0000,0x0000,
    0x0000,0x0000,0x0000,0x0000,0x0000,0x0000,0x0000,0x0000,0x0000,0x0000,0x0000,0x0000,0x0000,0x0000,0x0000,0x2825,0x2003,0x1002,0xfe69,0xfe8a,0xfe8a,0xfe69,0xfe69,0xfe88,
    0xa405,0x2004,0x3006,0x3007,0x3808,0x3808,0x3808,0x3808,0x3808,0x3808,0x3808,0x3808,0x3809,0x3808,0x3808,0x3808,0x3808,0x4009,0x3809,0x3007,0x4009,0x2003,0x2004,0xfea8,
    0xff8f,0xff8e,0xff4d,0xff6d,0xfeca,0xfe69,0x9b67,0x2804,0x2805,0x0000,0x0000,0x0000,0x0000,0x0000,0x0000,0x0000,0x0000,0x0000,0x0000,0x0000,0x0000,0x0000,0x0000,0x0000,
    0x0000,0x0000,0x0000,0x0000,0x0000,0x0000,0x0000,0x0000,0x0000,0x0000,0x0000,0x0000,0x0000,0x0000,0x0000,0x1823,0x2003,0x2824,0x2023,0x1803,0x1803,0x0803,0x1803,0x1803,
    0x1803,0x2004,0x0000,0x0000,0x0000,0x0000,0x0000,0x0000,0x0000,0x0000,0x0000,0x0000,0x0000,0x0000,0x0000,0x0000,0x0000,0x0000,0x0000,0x0000,0x0000,0x3006,0x3005,0x2004,
    0x1021,0x0802,0x1003,0x1804,0x1003,0x1003,0x2003,0x1803,0x0000,0x0000,0x0000,0x0000,0x0000,0x0000,0x0000,0x0000,0x0000,0x0000,0x0000,0x0000,0x0000,0x0000,0x0000,0x0000,
    0x0000,0x0000,0x0000,0x0000,0x0000,0x0000,0x0000,0x0000,0x0000,0x0000,0x0000,0x0000,0x0000,0x0000,0x0000,0x0000,0x4008,0x2804,0x2004,0x2004,0x2003,0x1803,0x2804,0x2004,
    0x2004,0x0000,0x0000,0x0000,0x0000,0x0000,0x0000,0x0000,0x0000,0x0000,0x0000,0x0000,0x0000,0x0000,0x0000,0x0000,0x0000,0x0000,0x0000,0x0000,0x0000,0x0000,0x0000,0x2004,
    0x2004,0x2004,0x2003,0x1803,0x2805,0x2805,0x2004,0x0000,0x0000,0x0000,0x0000,0x0000,0x0000,0x0000,0x0000,0x0000,0x0000,0x0000,0x0000,0x0000,0x0000,0x0000,0x0000,0x0000,
    0x0000,0x0000,0x0000,0x0000,0x0000,0x0000,0x0000,0x0000,0x0000,0x0000,0x0000,0x0000,0x0000,0x0000,0x0000,0x0000,0x0000,0x0000,0x0000,0x0000,0x0000,0x0000,0x0000,0x0000,
    0x0000,0x0000,0x0000,0x0000,0x0000,0x0000,0x0000,0x0000,0x0000,0x0000,0x0000,0x0000,0x0000,0x0000,0x0000,0x0000,0x0000,0x0000,0x0000,0x0000,0x0000,0x0000,0x0000,0x0000,
    0x0000,0x0000,0x0000,0x0000,0x0000,0x0000,0x0000,0x0000,0x0000,0x0000,0x0000,0x0000,0x0000,0x0000,0x0000,0x0000,0x0000,0x0000,0x0000,0x0000,0x0000,0x0000,0x0000,0x0000,
    0x0000,0x0000,0x0000,0x0000,0x0000,0x0000,0x0000,0x0000,0x0000,0x0000,0x0000,0x0000,0x0000,0x0000,0x0000,0x0000,0x0000,0x0000,0x0000,0x0000,0x0000,0x0000,0x0000,0x0000,
    0x0000,0x0000,0x0000,0x0000,0x0000,0x0000,0x0000,0x0000,0x0000,0x0000,0x0000,0x0000,0x0000,0x0000,0x0000,0x0000,0x0000,0x0000,0x0000,0x0000,0x0000,0x0000,0x0000,0x0000,
    0x0000,0x0000,0x0000,0x0000,0x0000,0x0000,0x0000,0x0000,0x0000,0x0000,0x0000,0x0000,0x0000,0x0000,0x0000,0x0000,0x0000,0x0000,0x0000,0x0000,0x0000,0x0000,0x0000,0x0000,
    0x0000,0x0000,0x0000,0x0000,0x0000,0x0000,0x0000,0x0000,0x0000,0x0000,0x0000,0x0000,0x0000,0x0000,0x0000,0x0000,0x0000,0x0000,0x0000,0x0000,0x0000,0x0000,0x0000,0x0000,
    0x0000,0x0000,0x0000,0x0000,0x0000,0x0000,0x0000,0x0000,0x0000,0x0000,0x0000,0x0000,0x0000,0x0000,0x0000,0x0000,0x0000,0x0000,0x0000,0x0000,0x0000,0x0000,0x0000,0x0000,
    0x0000,0x0000,0x0000,0x0000,0x0000,0x0000,0x0000,0x0000,0x0000,0x0000,0x0000,0x0000,0x0000,0x0000,0x0000,0x0000,0x0000,0x0000,0x0000,0x0000,0x0000,0x0000,0x0000,0x0000,
  },
  /* toast_bite */ {
    0x0000,0x0000,0x0000,0x0000,0x0000,0x0000,0x0000,0x0000,0x0000,0x0000,0x0000,0x0000,0x0000,0x0000,0x0000,0x0000,0x0000,0x0000,0x0000,0x0000,0x0000,0x0000,0x0000,0x0000,
    0x0000,0x0000,0x0000,0x0000,0x0000,0x0000,0x0000,0x0000,0x0000,0x0000,0x0000,0x0000,0x0000,0x0000,0x0000,0x0000,0x0000,0x0000,0x0000,0x0000,0x0000,0x0000,0x0000,0x0000,
    0x0000,0x0000,0x0000,0x0000,0x0000,0x0000,0x0000,0x0000,0x0000,0x0000,0x0000,0x0000,0x0000,0x0000,0x0000,0x0000,0x0000,0x0000,0x0000,0x0000,0x0000,0x0000,0x0000,0x0000,
    0x0000,0x0000,0x0000,0x0000,0x0000,0x0000,0x0000,0x0000,0x0000,0x0000,0x0000,0x0000,0x0000,0x0000,0x0000,0x0000,0x0000,0x0000,0x0000,0x0000,0x0000,0x0000,0x0000,0x0000,
    0x0000,0x0000,0x0000,0x0000,0x0000,0x0000,0x0000,0x0000,0x0000,0x0000,0x0000,0x0000,0x0000,0x0000,0x0000,0x0000,0x0000,0x0000,0x0000,0x0000,0x0000,0x0000,0x0000,0x0000,
    0x0000,0x0000,0x0000,0x0000,0x0000,0x0000,0x0000,0x0000,0x0000,0x0000,0x0000,0x0000,0x0000,0x0000,0x0000,0x0000,0x0000,0x0000,0x0000,0x0000,0x0000,0x0000,0x0000,0x0000,
    0x0000,0x0000,0x0000,0x0000,0x0000,0x0000,0x0000,0x0000,0x0000,0x0000,0x0000,0x0000,0x0000,0x0000,0x0000,0x0000,0x0000,0x0000,0x0000,0x0000,0x0000,0x0000,0x0000,0x0000,
    0x0000,0x0000,0x0000,0x0000,0x0000,0x0000,0x0000,0x0000,0x0000,0x0000,0x0000,0x0000,0x0000,0x0000,0x0000,0x0000,0x0000,0x0000,0x0000,0x0000,0x0000,0x0000,0x0000,0x0000,
    0x0000,0x0000,0x0000,0x0000,0x0000,0x0000,0x0000,0x0000,0x0000,0x0000,0x0000,0x0000,0x0000,0x0000,0x0000,0x0000,0x0000,0x0000,0x0000,0x0000,0x0000,0x0000,0x0000,0x0000,
    0x0000,0x0000,0x0000,0x0000,0x0000,0x0000,0x0000,0x0000,0x0000,0x0000,0x0000,0x0000,0x0000,0x0000,0x0000,0x0000,0x0000,0x0000,0x0000,0x0000,0x0000,0x0000,0x0000,0x0000,
    0x0000,0x0000,0x0000,0x0000,0x0000,0x0000,0x0000,0x0000,0x0000,0x0000,0x0000,0x0000,0x0000,0x0000,0x0000,0x0000,0x0000,0x0000,0x0000,0x0000,0x0000,0x0000,0x0000,0x0000,
    0x0000,0x0000,0x0000,0x0000,0x0000,0x0000,0x0000,0x0000,0x0000,0x0000,0x0000,0x0000,0x0000,0x0000,0x0000,0x0000,0x0000,0x0000,0x0000,0x0000,0x0000,0x0000,0x0000,0x0000,
    0x0000,0x0000,0x0000,0x0000,0x0000,0x0000,0x0000,0x0000,0x0000,0x0000,0x0000,0x0000,0x0000,0x0000,0x0000,0x0000,0x0000,0x0000,0x0000,0x0000,0x0000,0x0000,0x0000,0x0000,
    0x0000,0x0000,0x0000,0x0000,0x0000,0x0000,0x0000,0x0000,0x0000,0x0000,0x0000,0x0000,0x0000,0x0000,0x0000,0x0000,0x0000,0x0000,0x0000,0x0000,0x0000,0x0000,0x0000,0x0000,
    0x0000,0x0000,0x0000,0x0000,0x0000,0x0000,0x0000,0x0000,0x0000,0x0000,0x0000,0x0000,0x0000,0x0000,0x0000,0x0000,0x0000,0x0000,0x0000,0x0000,0x0000,0x0000,0x0000,0x0000,
    0x0000,0x0000,0x0000,0x0000,0x0000,0x0000,0x0000,0x0000,0x0000,0x0000,0x0000,0x0000,0x0000,0x0000,0x0000,0x0000,0x0000,0x0000,0x0000,0x0000,0x0000,0x0000,0x0000,0x0000,
    0x0000,0x0000,0x0000,0x0000,0x0000,0x0000,0x0000,0x0000,0x0000,0x0000,0x0000,0x0000,0x0000,0x0000,0x0000,0x0000,0x0000,0x0000,0x0000,0x0000,0x0000,0x0000,0x0000,0x0000,
    0x0000,0x0000,0x0000,0x0000,0x0000,0x0000,0x0000,0x0000,0x0000,0x0000,0x0000,0x0000,0x0000,0x0000,0x0000,0x0000,0x0000,0x0000,0x0000,0x0000,0x0000,0x0000,0x0000,0x0000,
    0x0000,0x0000,0x0000,0x0000,0x0000,0x0000,0x0000,0x0000,0x0000,0x0000,0x0000,0x0000,0x0000,0x0000,0x0000,0x0000,0x0000,0x0000,0x0000,0x0000,0x0000,0x0000,0x0000,0x0000,
    0x0000,0x0000,0x0000,0x0000,0x0000,0x0000,0x0000,0x0000,0x0000,0x0000,0x0000,0x0000,0x0000,0x0000,0x0000,0x0000,0x0000,0x0000,0x0000,0x0000,0x0000,0x0000,0x0000,0x0000,
    0x0000,0x0000,0x0000,0x0000,0x0000,0x0000,0x0000,0x0000,0x0000,0x0000,0x0000,0x0000,0x0000,0x0000,0x0000,0x0000,0x0000,0x0000,0x0000,0x0000,0x0000,0x0000,0x0000,0x0000,
    0x0000,0x0000,0x0000,0x0000,0x0000,0x0000,0x0000,0x0000,0x0000,0x0000,0x0000,0x0000,0x0000,0x0000,0x0000,0x0000,0x0000,0x0000,0x0000,0x0000,0x0000,0x0000,0x0000,0x0000,
    0x0000,0x0000,0x0000,0x0000,0x0000,0x0000,0x0000,0x0000,0x0000,0x0000,0x0000,0x0000,0x0000,0x0000,0x0000,0x0000,0x0000,0x0000,0x0000,0x0000,0x0000,0x0000,0x0000,0x0000,
    0x0000,0x0000,0x0000,0x0000,0x0000,0x0000,0x0000,0x0000,0x0000,0x0000,0x0000,0x0000,0x0000,0x0000,0x0000,0x0000,0x0000,0x0000,0x0000,0x0000,0x0000,0x0000,0x0000,0x0000,
    0x0000,0x0000,0x0000,0x0000,0x0000,0x0000,0x0000,0x0000,0x0000,0x0000,0x0000,0x0000,0x0000,0x0000,0x0000,0x0000,0x0000,0x0000,0x0000,0x0000,0x0000,0x0000,0x0000,0x0000,
    0x0000,0x0000,0x0000,0x0000,0x0000,0x0000,0x0000,0x0000,0x0000,0x0000,0x0000,0x0000,0x0000,0x0000,0x0000,0x0000,0x0000,0x0000,0x0000,0x0000,0x0000,0x0000,0x0000,0x0000,
    0x0000,0x0000,0x0000,0x0000,0x0000,0x0000,0x0000,0x0000,0x0000,0x0000,0x0000,0x0000,0x0000,0x0000,0x0000,0x0000,0x0000,0x0000,0x0000,0x0000,0x0000,0x0000,0x0000,0x0000,
    0x0000,0x0000,0x0000,0x0000,0x0000,0x0000,0x0000,0x0000,0x0000,0x0000,0x0000,0x0000,0x0000,0x0000,0x0000,0x0000,0x0000,0x0000,0x0000,0x0000,0x0000,0x0000,0x0000,0x0000,
    0x0000,0x0000,0x0000,0x0000,0x0000,0x0000,0x0000,0x0000,0x0000,0x0000,0x0000,0x0000,0x0000,0x0000,0x0000,0x0000,0x0000,0x0000,0x0000,0x0000,0x0000,0x0000,0x0000,0x0000,
    0x0000,0x0000,0x0000,0x0000,0x0000,0x0000,0x0000,0x0000,0x0000,0x0000,0x0000,0x0000,0x0000,0x0000,0x0000,0x0000,0x0000,0x0000,0x0000,0x0000,0x0000,0x0000,0x0000,0x0000,
    0x0000,0x0000,0x0000,0x0000,0x0000,0x0000,0x0000,0x0000,0x0000,0x0000,0x0000,0x0000,0x0000,0x0000,0x0000,0x0000,0x0000,0x0000,0x0000,0x0000,0x0000,0x0000,0x0000,0x0000,
    0x0000,0x0000,0x0000,0x0000,0x0000,0x0000,0x0000,0x0000,0x0000,0x0000,0x0000,0x0000,0x0000,0x0000,0x0000,0x0000,0x0000,0x0000,0x0000,0x0000,0x0000,0x0000,0x0000,0x0000,
    0x0000,0x0000,0x0000,0x0000,0x0000,0x0000,0x0000,0x0000,0x0000,0x0000,0x0000,0x0000,0x0000,0x0000,0x0000,0x0000,0x0000,0x0000,0x0000,0x0000,0x0000,0x0000,0x0000,0x0000,
    0x0000,0x0000,0x0000,0x0000,0x0000,0x0000,0x0000,0x0000,0x0000,0x0000,0x0000,0x0000,0x0000,0x0000,0x0000,0x0000,0x0000,0x0000,0x0000,0x0000,0x0000,0x0000,0x0000,0x0000,
    0x0000,0x0000,0x0000,0x0000,0x0000,0x0000,0x0000,0x0000,0x0000,0x0000,0x0000,0x0000,0x0000,0x0000,0x0000,0x0000,0x0000,0x0000,0x0000,0x0000,0x0000,0x0000,0x0000,0x0000,
    0x0000,0x0000,0x0000,0x0000,0x0000,0x0000,0x0000,0x0000,0x0000,0x0000,0x0000,0x0000,0x0000,0x0000,0x0000,0x0000,0x0000,0x0000,0x0000,0x0000,0x0000,0x0000,0x0000,0x0000,
    0x0000,0x0000,0x0000,0x0000,0x0000,0x0000,0x0000,0x0000,0x0000,0x0000,0x0000,0x0000,0x0000,0x0000,0x0000,0x0000,0x0000,0x0000,0x0000,0x0000,0x0000,0x0000,0x0000,0x0000,
    0x0000,0x0000,0x0000,0x0000,0x0000,0x0000,0x0000,0x0000,0x0000,0x0000,0x0000,0x0000,0x0000,0x0000,0x0000,0x0000,0x0000,0x0000,0x0000,0x0000,0x0000,0x0000,0x0000,0x0000,
    0x0000,0x0000,0x0000,0x0000,0x0000,0x0000,0x0000,0x0000,0x0000,0x0000,0x0000,0x0000,0x0000,0x0000,0x0000,0x0000,0x0000,0x0000,0x0000,0x0000,0x0000,0x0000,0x0000,0x0000,
    0x0000,0x0000,0x0000,0x0000,0x0000,0x0000,0x0000,0x0000,0x0000,0x0000,0x0000,0x0000,0x0000,0x0000,0x0000,0x0000,0x0000,0x0000,0x0000,0x0000,0x0000,0x0000,0x0000,0x0000,
    0x0000,0x0000,0x0000,0x0000,0x0000,0x0000,0x0000,0x0000,0x0000,0x0000,0x0000,0x0000,0x0000,0x0000,0x0000,0x0000,0x0000,0x0000,0x2805,0x1803,0x2004,0x2804,0x2003,0x1803,
    0x2003,0x2805,0x2804,0x0000,0x0000,0x0000,0x0000,0x0000,0x0000,0x0000,0x0000,0x0000,0x0000,0x0000,0x0000,0x0000,0x0000,0x0000,0x0000,0x0000,0x0000,0x0000,0x0000,0x0000,
    0x0000,0x0000,0x0000,0x0000,0x0000,0x0000,0x0000,0x0000,0x0000,0x0000,0x0000,0x0000,0x0000,0x0000,0x0000,0x0000,0x0000,0x0000,0x0000,0x0000,0x0000,0x0000,0x0000,0x0000,
    0x0000,0x0000,0x0000,0x0000,0x0000,0x0000,0x0000,0x0000,0x0000,0x0000,0x0000,0x0000,0x0000,0x0000,0x0000,0x0000,0x2824,0x3005,0x2805,0x1002,0x1001,0x1001,0x1001,0x1001,
    0x1802,0x2003,0x2003,0x0000,0x0000,0x0000,0x0000,0x0000,0x0000,0x0000,0x0000,0x0000,0x0000,0x0000,0x0000,0x0000,0x0000,0x0000,0x0000,0x0000,0x0000,0x0000,0x0000,0x0000,
    0x0000,0x0000,0x0000,0x0000,0x0000,0x0000,0x0000,0x0000,0x0000,0x0000,0x0000,0x0000,0x0000,0x0000,0x0000,0x0000,0x0000,0x0000,0x0000,0x0000,0x0000,0x0000,0x0000,0x0000,
    0x0000,0x0000,0x0000,0x0000,0x0000,0x0000,0x0000,0x0000,0x0000,0x0000,0x0000,0x0000,0x0000,0x0000,0x0000,0x2804,0x1803,0x4b88,0x6f2c,0x666b,0x666c,0x666b,0x666b,0x666b,
    0x666b,0x2024,0x2004,0x0000,0x0000,0x0000,0x0000,0x0000,0x0000,0x0000,0x0000,0x0000,0x0000,0x0000,0x0000,0x0000,0x0000,0x0000,0x0000,0x0000,0x0000,0x0000,0x0000,0x0000,
    0x0000,0x0000,0x0000,0x0000,0x0000,0x0000,0x0000,0x0000,0x0000,0x0000,0x0000,0x0000,0x0000,0x0000,0x0000,0x0000,0x0000,0x0000,0x0000,0x0000,0x0000,0x0000,0x0000,0x0000,
    0x0000,0x0000,0x0000,0x0000,0x0000,0x0000,0x2803,0x2003,0x2804,0x2804,0x0000,0x0000,0x0000,0x0000,0x3005,0x2825,0x5e4b,0x5e6b,0x666b,0x666b,0x666c,0x666b,0x666b,0x666b,
    0x666b,0x2824,0x2003,0x0000,0x0000,0x0000,0x0000,0x0000,0x0000,0x0000,0x0000,0x0000,0x0000,0x0000,0x0000,0x0000,0x0000,0x0000,0x0000,0x0000,0x0000,0x0000,0x0000,0x0000,
    0x0000,0x0000,0x0000,0x0000,0x0000,0x0000,0x0000,0x0000,0x0000,0x0000,0x0000,0x0000,0x0000,0x0000,0x0000,0x0000,0x0000,0x0000,0x0000,0x0000,0x0000,0x0000,0x0000,0x0000,
    0x0000,0x0000,0x0000,0x0000,0x0000,0x2804,0x2804,0x1803,0x2003,0x2004,0x1803,0x2804,0x0000,0x2003,0x1803,0x66ac,0x666b,0x666b,0x666b,0x666b,0x2dcb,0x5e6b,0x666b,0x666b,
    0x560a,0x2024,0x2004,0x0000,0x0000,0x0000,0x0000,0x0000,0x0000,0x0000,0x0000,0x0000,0x0000,0x0000,0x0000,0x0000,0x0000,0x0000,0x0000,0x0000,0x0000,0x0000,0x0000,0x0000,
    0x0000,0x0000,0x0000,0x0000,0x0000,0x0000,0x0000,0x0000,0x0000,0x0000,0x0000,0x0000,0x0000,0x0000,0x0000,0x0000,0x0000,0x0000,0x0000,0x0000,0x0000,0x0000,0x0000,0x0000,
    0x0000,0x0000,0x0000,0x0000,0x0000,0x2003,0x1803,0x5e4c,0x666b,0x5e6b,0x1042,0x1803,0x4007,0x3005,0x6ecc,0x5e4a,0x666b,0x666b,0x3dea,0x35aa,0x666c,0x666b,0x666b,0x564b,
    0x1823,0x2003,0x480a,0x0000,0x0000,0x0000,0x0000,0x0000,0x0000,0x0000,0x0000,0x0000,0x0000,0x0000,0x0000,0x0000,0x0000,0x0000,0x0000,0x0000,0x0000,0x0000,0x0000,0x0000,
    0x0000,0x0000,0x0000,0x0000,0x0000,0x0000,0x0000,0x0000,0x0000,0x0000,0x0000,0x0000,0x0000,0x0000,0x0000,0x0000,0x0000,0x0000,0x0000,0x0000,0x0000,0x0000,0x0000,0x0000,
    0x0000,0x0000,0x0000,0x0000,0x0000,0x2004,0x2003,0x5e4a,0x666b,0x666b,0x666c,0x10a3,0x2003,0x1803,0x5e6a,0x666b,0x666c,0x2d89,0x2d69,0x5e6b,0x666b,0x5e6b,0x5e4c,0x18c3,
    0x2004,0x1804,0x0000,0x0000,0x0000,0x0000,0x0000,0x0000,0x0000,0x0000,0x0000,0x0000,0x0000,0x0000,0x0000,0x0000,0x0000,0x0000,0x0000,0x0000,0x0000,0x0000,0x0000,0x0000,
    0x0000,0x0000,0x0000,0x0000,0x0000,0x0000,0x0000,0x0000,0x0000,0x0000,0x0000,0x0000,0x0000,0x0000,0x0000,0x0000,0x0000,0x0000,0x0000,0x0000,0x0000,0x0000,0x0000,0x0000,
    0x0000,0x0000,0x0000,0x0000,0x0000,0x2003,0x2003,0x666b,0x666b,0x666b,0x666b,0x6ecc,0x0861,0x2003,0x5e6b,0x666b,0x4e2b,0x3dca,0x666c,0x666b,0x668b,0x33a7,0x1803,0x2004,
    0x1002,0x0000,0x0000,0x0000,0x0000,0x0000,0x0000,0x0000,0x0000,0x0000,0x0000,0x0000,0x0000,0x0000,0x0000,0x0000,0x0000,0x0000,0x0000,0x0000,0x0000,0x0000,0x0000,0x0000,
    0x0000,0x0000,0x0000,0x0000,0x0000,0x0000,0x0000,0x0000,0x0000,0x0000,0x0000,0x0000,0x0000,0x0000,0x0000,0x0000,0x0000,0x0000,0x0000,0x0000,0x0000,0x0000,0x0000,0x0000,
    0x0000,0x0000,0x0000,0x0000,0x0000,0x2004,0x1803,0x1803,0x2804,0x4449,0x562b,0x5e6b,0x1042,0x2004,0x6e8d,0x2d49,0x2daa,0x4dca,0x3569,0x1803,0x2004,0x2003,0x2804,0x5009,
    0x0000,0x0000,0x0000,0x0000,0x0000,0x0000,0x0000,0x0000,0x0000,0x0000,0x0000,0x0000,0x0000,0x0000,0x0000,0x0000,0x0000,0x0000,0x0000,0x0000,0x0000,0x0000,0x0000,0x0000,
    0x0000,0x0000,0x0000,0x0000,0x0000,0x0000,0x0000,0x0000,0x0000,0x0000,0x0000,0x0000,0x0000,0x0000,0x0000,0x0000,0x0000,0x0000,0x0000,0x0000,0x0000,0x0000,0x0000,0x0000,
    0x0000,0x0000,0x0000,0x2804,0x1803,0x2804,0x2004,0x2003,0x2003,0x2be7,0x2da9,0x3dea,0x1021,0x1823,0x2dc9,0x2d89,0x2d69,0x2023,0x2024,0x2003,0x2804,0x2003,0x0000,0x0000,
    0x0000,0x0000,0x0000,0x0000,0x0000,0x0000,0x0000,0x0000,0x0000,0x0000,0x0000,0x0000,0x0000,0x0000,0x0000,0x0000,0x0000,0x0000,0x0000,0x0000,0x0000,0x0000,0x0000,0x0000,
    0x0000,0x0000,0x0000,0x0000,0x0000,0x0000,0x0000,0x0000,0x0000,0x0000,0x0000,0x0000,0x0000,0x0000,0x0000,0x0000,0x0000,0x0000,0x0000,0x0000,0x0000,0x0000,0x0000,0x0000,
    0x0000,0x2004,0x1802,0x2003,0xfe29,0xfe28,0xfe49,0xff8e,0xffaf,0xff8e,0xff8d,0xff8d,0xff8e,0xff8f,0xff8f,0xff8d,0xff8c,0xff8e,0xff8f,0xff8d,0xfdc4,0x1803,0x2804,0x2003,
    0x2805,0x0000,0x0000,0x0000,0x0000,0x0000,0x0000,0x0000,0x0000,0x0000,0x0000,0x0000,0x0000,0x0000,0x0000,0x0000,0x0000,0x0000,0x0000,0x0000,0x0000,0x0000,0x0000,0x0000,
    0x0000,0x0000,0x0000,0x0000,0x0000,0x0000,0x0000,0x0000,0x0000,0x0000,0x0000,0x0000,0x0000,0x0000,0x0000,0x0000,0x0000,0x0000,0x0000,0x0000,0x0000,0x0000,0x3005,0x2003,
    0x2003,0x2825,0xf6ee,0xff2e,0xff2f,0xff4e,0xff4e,0xff6e,0xff8e,0xff8e,0xff8e,0xff8e,0xff8e,0xff8e,0xff8e,0xff8e,0xff8e,0xff8e,0xff8e,0xff8e,0xff6d,0xffae,0xffce,0x1802,
    0x2805,0x2003,0x2804,0x0000,0x0000,0x0000,0x0000,0x0000,0x0000,0x0000,0x0000,0x0000,0x0000,0x0000,0x0000,0x0000,0x0000,0x0000,0x0000,0x0000,0x0000,0x0000,0x0000,0x0000,
    0x0000,0x0000,0x0000,0x0000,0x0000,0x0000,0x0000,0x0000,0x0000,0x0000,0x0000,0x0000,0x0000,0x0000,0x0000,0x0000,0x0000,0x0000,0x0000,0x0000,0x3025,0x2804,0x1803,0x2844,
    0xff6e,0xff6e,0xff8f,0xff6d,0xff6e,0xff6e,0xff6e,0xff8e,0xff6e,0xff8e,0xff8e,0xff8e,0xff8e,0xff8e,0xff8e,0xff8e,0xff8e,0xff8e,0xff8e,0xff8e,0xff8e,0xff8e,0xff8e,0xce0c,
    0xbdac,0x8ba8,0x2004,0x1803,0x1803,0x0000,0x0000,0x0000,0x0000,0x0000,0x0000,0x0000,0x0000,0x0000,0x0000,0x0000,0x0000,0x0000,0x0000,0x0000,0x0000,0x0000,0x0000,0x0000,
    0x0000,0x0000,0x0000,0x0000,0x0000,0x0000,0x0000,0x0000,0x0000,0x0000,0x0000,0x0000,0x0000,0x0000,0x0000,0x0000,0x0000,0x0000,0x0000,0x2004,0x2004,0x2024,0xff6d,0xff8e,
    0xff8e,0xffff,0xffff,0xffde,0xff8e,0xff8e,0xff8e,0xff8e,0xff8e,0xff8e,0xff8e,0xff8e,0xff8e,0xff8e,0xff8e,0xff8e,0xff8e,0xff8e,0xff8e,0xff6e,0xff8e,0xff8e,0xff8e,0xff8e,
    0xff8e,0xd64d,0x62a6,0x5a66,0x3005,0x2004,0x0000,0x0000,0x0000,0x0000,0x0000,0x0000,0x0000,0x0000,0x0000,0x0000,0x0000,0x0000,0x0000,0x0000,0x0000,0x0000,0x0000,0x0000,
    0x0000,0x0000,0x0000,0x0000,0x0000,0x0000,0x0000,0x0000,0x0000,0x0000,0x0000,0x0000,0x0000,0x0000,0x0000,0x0000,0x0000,0x0000,0x2004,0x1803,0x2823,0xff8f,0xff8e,0xff8e,
    0xffff,0xffff,0xff8f,0xff8e,0xff8e,0xff8e,0xff8e,0xff8e,0xff8e,0xff8e,0xff8e,0xff8e,0xff8e,0xff8e,0xff8f,0xff8e,0xff8e,0xff8e,0xff8e,0xff8e,0xff8e,0xff8e,0xff8e,0xff8e,
    0xff8e,0xff8e,0xff8e,0xffaf,0x1842,0x1803,0x2025,0x0000,0x0000,0x0000,0x0000,0x0000,0x0000,0x0000,0x0000,0x0000,0x0000,0x0000,0x0000,0x0000,0x0000,0x0000,0x0000,0x0000,
    0x0000,0x0000,0x0000,0x0000,0x0000,0x0000,0x0000,0x0000,0x0000,0x0000,0x0000,0x0000,0x0000,0x0000,0x0000,0x0000,0x0000,0x2004,0x2805,0x3922,0xff6c,0xff6c,0xff8c,0xffd9,
    0xffff,0xffff,0xff8e,0xff8e,0xff8e,0xff8e,0xff8e,0xff8e,0xff8e,0xff8e,0xff8e,0xff8e,0xff8e,0xff8e,0xff8f,0xff8f,0xff8e,0xff8e,0xff8e,0xff8e,0xff8e,0xff8e,0xff8e,0xff8e,
    0xff8e,0xff8e,0xff8e,0xff8e,0xf76e,0x2844,0x2805,0x2004,0x0000,0x0000,0x0000,0x0000,0x0000,0x0000,0x0000,0x0000,0x0000,0x0000,0x0000,0x0000,0x0000,0x0000,0x0000,0x0000,
    0x0000,0x0000,0x0000,0x0000,0x0000,0x0000,0x0000,0x0000,0x0000,0x0000,0x0000,0x0000,0x0000,0x0000,0x0000,0x0000,0x3005,0x1803,0x1882,0xff8e,0xff8e,0xffdb,0xffff,0xfffe,
    0xff8e,0xff8e,0xff8e,0xff8e,0xff8e,0xff8e,0xff8e,0xff8e,0xff8e,0xff8e,0xff8e,0xff8e,0xff8e,0xff8e,0xff8e,0xff8e,0xff8e,0xff8f,0xff8e,0xff8e,0xff8e,0xff8e,0xff8e,0xff8e,
    0xff8e,0xff8e,0xff8e,0xff8e,0xff8e,0xff90,0x1802,0x2003,0x0000,0x0000,0x0000,0x0000,0x0000,0x0000,0x0000,0x0000,0x0000,0x0000,0x0000,0x0000,0x0000,0x0000,0x0000,0x0000,
    0x0000,0x0000,0x0000,0x0000,0x0000,0x0000,0x0000,0x0000,0x0000,0x0000,0x0000,0x0000,0x0000,0x0000,0x0000,0x1803,0x2003,0x2084,0xff8d,0xff8e,0xff8e,0xff8e,0xff8f,0xff8e,
    0xff8e,0xff8e,0xff8e,0xff8e,0xff8e,0xff8e,0xff8e,0xff8e,0xff8e,0xff8e,0xff8e,0xff8e,0xff8f,0xff8f,0xff8e,0xff8e,0xff8e,0xff8e,0xff8e,0xff8e,0xff8e,0xff8e,0xff8e,0xff8e,
    0xff8e,0xff8e,0xff8e,0xff8e,0xff8e,0xff8e,0x3164,0x2824,0x2805,0x0000,0x0000,0x0000,0x0000,0x0000,0x0000,0x0000,0x0000,0x0000,0x0000,0x0000,0x0000,0x0000,0x0000,0x0000,
    0x0000,0x0000,0x0000,0x0000,0x0000,0x0000,0x0000,0x0000,0x0000,0x0000,0x0000,0x0000,0x0000,0x0000,0x0000,0x2004,0x1822,0xff8e,0xff8e,0xff8e,0xff8e,0xff8e,0xff8e,0xff8e,
    0xff8e,0xff8e,0xff8e,0xff8e,0xff8e,0xff8e,0xff8e,0xff8e,0xff8e,0xff8e,0xff8e,0xff8e,0xff8e,0xff8e,0xff8e,0xff8f,0xff8f,0xff8e,0xff8e,0xff8e,0xff8e,0xff8e,0xff8e,0xff8e,
    0xff8e,0xff8e,0xff8e,0xff8e,0xff8e,0xff8e,0xff8e,0x7387,0x1803,0x0000,0x0000,0x0000,0x0000,0x0000,0x0000,0x0000,0x0000,0x0000,0x0000,0x0000,0x0000,0x0000,0x0000,0x0000,
    0x0000,0x0000,0x0000,0x0000,0x0000,0x0000,0x0000,0x0000,0x0000,0x0000,0x0000,0x0000,0x0000,0x0000,0x3005,0x3045,0xffcf,0xff8d,0xff8e,0xff8e,0xff8e,0xff8e,0xff8e,0xff8e,
    0xff8e,0xff8e,0xff8e,0xff8e,0xff8e,0xff8e,0xff8e,0xff8e,0xff8e,0xff8e,0xff8f,0xff8e,0xff8f,0xff8e,0xff8e,0xff8e,0xff8e,0xff8e,0xff8e,0xff8e,0xff8e,0xff8e,0xff8e,0xff8e,
    0xff8e,0xff8e,0xff8e,0xff8e,0xff8e,0xff8e,0xff6e,0x83a9,0x2825,0x2805,0x580c,0x0000,0x0000,0x0000,0x0000,0x0000,0x0000,0x0000,0x0000,0x0000,0x0000,0x0000,0x0000,0x0000,
    0x0000,0x0000,0x0000,0x0000,0x0000,0x0000,0x0000,0x0000,0x0000,0x0000,0x0000,0x0000,0x0000,0x0000,0x2004,0x2023,0xff8e,0xff8e,0xff8e,0xff8e,0xff8e,0xff8d,0xffee,0x2044,
    0x2043,0x2023,0x2044,0xff8e,0xff8e,0xff8e,0xff8e,0xff8e,0xff8f,0xff8e,0xff8e,0xff8e,0xff8e,0xff8e,0xff8e,0xff8f,0xff8e,0xff8e,0xff8e,0xff8e,0xff8e,0x1882,0x1863,0x1862,
    0x1843,0x8be7,0xff8d,0xff8e,0xff8e,0xff8e,0xff8e,0xff8e,0xef0f,0x2004,0x682e,0x0000,0x0000,0x0000,0x0000,0x0000,0x0000,0x0000,0x0000,0x0000,0x0000,0x0000,0x0000,0x0000,
    0x0000,0x0000,0x0000,0x0000,0x0000,0x0000,0x0000,0x0000,0x0000,0x0000,0x0000,0x0000,0x702e,0x1803,0x2003,0x2063,0xff8e,0xff8e,0xff8e,0xff8e,0xff8d,0x1003,0x2003,0x1803,
    0x2004,0x2003,0x2003,0x2043,0xff6d,0xff8e,0xff8e,0xff8e,0xff8e,0xff8e,0xff8e,0xff8e,0xff8e,0xff8e,0xff8e,0xff8e,0xff8e,0xff8e,0xff8e,0xff8e,0x28a3,0x2003,0x2003,0x2824,
    0x2003,0x1842,0x38c4,0xff8e,0xff8e,0xff8e,0xff8e,0xff8e,0xe6ef,0x2004,0x500c,0x0000,0x0000,0x0000,0x0000,0x0000,0x0000,0x0000,0x0000,0x0000,0x0000,0x0000,0x0000,0x0000,
    0x0000,0x0000,0x0000,0x0000,0x0000,0x0000,0x0000,0x0000,0x0000,0x0000,0x0000,0x0000,0x700f,0x2004,0x1002,0xff8e,0xff8e,0xff8e,0xff8e,0xff8e,0x0802,0x1803,0x2804,0xde6e,
    0xf78f,0xf771,0x2024,0x1803,0x1842,0xff8f,0xff8e,0xff8e,0xff8e,0xff8e,0xff8e,0xff8e,0xff8e,0xff8e,0xff8e,0xff8e,0xff8e,0xff8e,0xff8f,0x1823,0x1803,0x2825,0xff8f,0xff8e,
    0xfff0,0x2004,0x1803,0x2043,0xff8f,0xff8e,0xff8e,0xff8e,0xeeef,0x1803,0x1803,0x2806,0x0000,0x0000,0x0000,0x0000,0x0000,0x0000,0x0000,0x0000,0x0000,0x0000,0x0000,0x0000,
    0x0000,0x0000,0x0000,0x0000,0x0000,0x0000,0x0000,0x0000,0x0000,0x0000,0x0000,0x0000,0x580c,0x2003,0x1842,0xff8d,0xff8e,0xff8e,0xff8e,0xff8d,0x0802,0x2824,0x7b66,0xffae,
    0xff8e,0xffae,0xff8e,0x1802,0x2805,0xff6f,0xff8e,0xff8e,0xff8f,0xff8e,0xff8e,0xff8e,0xff8e,0xff8e,0xff8e,0xff8e,0xff8e,0xff8e,0xff8f,0x2824,0x1001,0xff6d,0xff8e,0xff8e,
    0xff8e,0x6b05,0x2003,0x2844,0xff6e,0xff8e,0xff8e,0xff8e,0xff8e,0xff8f,0x2804,0x3007,0x0000,0x0000,0x0000,0x0000,0x0000,0x0000,0x0000,0x0000,0x0000,0x0000,0x0000,0x0000,
    0x0000,0x0000,0x0000,0x0000,0x0000,0x0000,0x0000,0x0000,0x0000,0x0000,0x0000,0x1802,0x2003,0xffcf,0xffef,0xff8e,0xff8e,0xff8e,0xff8e,0xff8d,0xffd0,0xffcd,0xffae,0xffae,
    0xffae,0xff8e,0xffae,0xffcf,0xffaf,0xffaf,0xffef,0xffd0,0xffaf,0xff8e,0xff8e,0xff8e,0xff8e,0xff8e,0xff8e,0xff8f,0xf74e,0xff8e,0xff8f,0xffef,0xffce,0xff8e,0xff8e,0xff8e,
    0xff8e,0xffaf,0xffee,0xfff0,0xff8e,0xff8e,0xff8e,0xff8e,0xff8e,0xffaf,0x3004,0x3005,0x600c,0x0000,0x0000,0x0000,0x0000,0x0000,0x0000,0x0000,0x0000,0x0000,0x0000,0x0000,
    0x0000,0x0000,0x0000,0x0000,0x0000,0x0000,0x0000,0x0000,0x0000,0x0000,0x0000,0x1803,0x2804,0xffcf,0xff8e,0xff8e,0xff8e,0xff8f,0xfb74,0xfb55,0xfb74,0xfb74,0xfb93,0xffae,
    0xffae,0xffae,0xffae,0xff8e,0xff8e,0xff8e,0x4165,0x2825,0x6284,0xff8e,0xff8e,0xff8e,0xff8e,0xff8e,0xff8e,0x1824,0x2805,0xffaf,0xff8e,0xff8e,0xff8e,0xff8e,0xff8e,0xff8e,
    0xff6f,0xfb94,0xfb75,0xfb75,0xfb94,0xff8f,0xff8e,0xff8e,0xff8e,0xff8f,0xffcf,0x1803,0x1001,0x0000,0x0000,0x0000,0x0000,0x0000,0x0000,0x0000,0x0000,0x0000,0x0000,0x0000,
    0x0000,0x0000,0x0000,0x0000,0x0000,0x0000,0x0000,0x0000,0x0000,0x0000,0x0000,0x1803,0x2804,0xf7ae,0xff8d,0xff8d,0xfd90,0xfb74,0xfbb3,0xfbb3,0xfbb3,0xfbb3,0xfbb3,0xfcb0,
    0xff8f,0xff8e,0xffae,0xff8e,0xffae,0xffae,0xbd6b,0x0801,0x1802,0xffd0,0xf74f,0xf76f,0xf74e,0xf74e,0xffad,0x1803,0x3924,0xffae,0xff8e,0xff8e,0xff8e,0xff8e,0xff8e,0xf530,
    0xfb93,0xfb93,0xfbb3,0xfbb3,0xfbb3,0xfbb3,0xfdd0,0xff8e,0xff8e,0xff8e,0xffad,0x2003,0x1002,0x0000,0x0000,0x0000,0x0000,0x0000,0x0000,0x0000,0x0000,0x0000,0x0000,0x0000,
    0x0000,0x0000,0x0000,0x0000,0x0000,0x0000,0x0000,0x0000,0x0000,0x0000,0x0000,0x1803,0x2003,0xffaf,0xff8d,0xff8d,0xfbb3,0xfbb3,0xfbb3,0xfbb3,0xfbb3,0xfbb3,0xfbd3,0xfbd3,
    0xff8e,0xff8e,0xff8e,0xff8e,0xffae,0xffae,0xff8e,0xef2f,0x2805,0x2804,0x1802,0x2004,0x2003,0x1803,0x2804,0x2043,0xf74c,0xff8e,0xff8e,0xff8e,0xff8e,0xff8e,0xff8e,0xfb53,
    0xfbb3,0xfbb3,0xfbb3,0xfbb3,0xfbb3,0xfbb3,0xfbd3,0xff8e,0xff8e,0xff8e,0xffad,0x2003,0x1002,0x0000,0x0000,0x0000,0x0000,0x0000,0x0000,0x0000,0x0000,0x0000,0x0000,0x0000,
    0x0000,0x0000,0x0000,0x0000,0x0000,0x0000,0x0000,0x0000,0x0000,0x0000,0x2024,0x1823,0xff8e,0xffae,0xff8e,0xff8e,0xfbb4,0xfbb3,0xfbb3,0xfbb3,0xfbb3,0xfbb3,0xfbb3,0xfbd3,
    0xff8e,0xff8e,0xff8e,0xff8e,0xff8e,0xff8e,0xff8e,0xef0e,0x1803,0xffb0,0xff8e,0xff6d,0xff6e,0xff8f,0x1021,0x1823,0xff8f,0xff6d,0xff8e,0xff8e,0xff8e,0xff8e,0xff8e,0xfb53,
    0xfbb3,0xfb93,0xfbb3,0xfbb3,0xfbb3,0xfbd3,0xfbd3,0xff8e,0xff6e,0xff8e,0xffef,0x3044,0x2805,0x2804,0x0000,0x0000,0x0000,0x0000,0x0000,0x0000,0x0000,0x0000,0x0000,0x0000,
    0x0000,0x0000,0x0000,0x0000,0x0000,0x0000,0x0000,0x0000,0x0000,0x0000,0x1803,0x2004,0xf74f,0xff8e,0xff8e,0xff8e,0xf353,0xfb93,0xfbb3,0xfbb3,0xfbb3,0xfbd3,0xfbd3,0xfb73,
    0xff8e,0xff8e,0xff8e,0xff8e,0xff8e,0xff8e,0xffee,0x1003,0x3904,0xffad,0xff8e,0xff8e,0xff8e,0xff8e,0x5a64,0x2825,0x0801,0xff6e,0xff8e,0xff8e,0xff8e,0xff8e,0xff8e,0x0000,
    0xfbb3,0xfbb3,0xfbb3,0xfbb3,0xfbd3,0xfbb3,0xfb53,0xff8e,0xff8e,0xff6e,0xff8e,0xff8f,0x1803,0x1002,0x0000,0x0000,0x0000,0x0000,0x0000,0x0000,0x0000,0x0000,0x0000,0x0000,
    0x0000,0x0000,0x0000,0x0000,0x0000,0x0000,0x0000,0x0000,0x0000,0x0000,0x2825,0x1803,0xf74f,0xff8e,0xff8e,0xff8e,0xff8e,0xff6f,0xfbb3,0xfbd3,0xfbd3,0xfbf3,0xfc33,0xff8e,
    0xff8e,0xff8e,0xff8e,0xff8e,0xff8e,0xff8e,0xff8e,0xf74d,0xff6e,0xffae,0xff8e,0xff8e,0xffae,0xffae,0xff8e,0xf74d,0xf74d,0xff8e,0xff8e,0xff8e,0xff8e,0xff8e,0xff8e,0xff8d,
    0xff6e,0xfbd3,0xfbd3,0xfbd3,0xfbd3,0xff4f,0xff6e,0xff8e,0xff8e,0xff8e,0xff8e,0xff6e,0x1803,0x2003,0x0000,0x0000,0x0000,0x0000,0x0000,0x0000,0x0000,0x0000,0x0000,0x0000,
    0x0000,0x0000,0x0000,0x0000,0x0000,0x0000,0x0000,0x0000,0x0000,0x0000,0x2003,0x2004,0xf74e,0xff8e,0xff8e,0xff8e,0xff8e,0xff8e,0xff6e,0xff8e,0xff8e,0xff8e,0xff8e,0xff8e,
    0xff8e,0xff8e,0xffae,0xff8e,0xff8e,0xffae,0xff8e,0xffae,0xff8e,0xff8e,0xff8e,0xffae,0xffae,0xff8e,0xffae,0xff8e,0xff8e,0xff8e,0xff8e,0xff8e,0xff8e,0xff8e,0xff8e,0xff8e,
    0xff8e,0xff8e,0xff8e,0xff8e,0xff8e,0xff6e,0xff6e,0xff8e,0xff8e,0xff8e,0xff8e,0xff6e,0x2003,0x1002,0x0000,0x0000,0x0000,0x0000,0x0000,0x0000,0x0000,0x0000,0x0000,0x0000,
    0x0000,0x0000,0x0000,0x0000,0x0000,0x0000,0x0000,0x0000,0x0000,0x0000,0x2804,0x2003,0xf76f,0xff8e,0xff8e,0xff8e,0xff8e,0xff8e,0xff8e,0xff8e,0xff8e,0xff6e,0xff6e,0xff8e,
    0xff8e,0xffce,0x0801,0x0801,0x1002,0x1002,0x1002,0x0801,0x0801,0x0802,0x1002,0x1002,0x0801,0x0801,0x1803,0xff8e,0xff8e,0xff8e,0xff8e,0xff8e,0xff8e,0xff8e,0xff8e,0xff8e,
    0xff8e,0xff8e,0xff8e,0xff8e,0xff8e,0xff8e,0xff8e,0xff8e,0xff8e,0xff8e,0xff8e,0xff6e,0x2804,0x2804,0x0000,0x0000,0x0000,0x0000,0x0000,0x0000,0x0000,0x0000,0x0000,0x0000,
    0x0000,0x0000,0x0000,0x0000,0x0000,0x0000,0x0000,0x0000,0x0000,0x2004,0x2004,0xf78f,0xff8e,0xff8e,0xff8e,0xff8e,0xff8e,0xff8e,0xff8e,0xff8e,0xffaf,0xfe69,0xfe88,0xff6e,
    0xf70e,0x2023,0x2003,0xe489,0xe4aa,0xe4a9,0xeccb,0xeccb,0xeceb,0xeceb,0xe4aa,0xe489,0xfe93,0xf693,0x2023,0xffaf,0xff8e,0xff8e,0xff8e,0xff8e,0xff8e,0xff8e,0xff8e,0xff8e,
    0xff8e,0xfe69,0xfe8a,0xff8e,0xff6e,0xff8e,0xff8e,0xff8e,0xff8e,0xff8e,0xff8e,0xff8e,0xffaf,0x2023,0x1803,0x0000,0x0000,0x0000,0x0000,0x0000,0x0000,0x0000,0x0000,0x0000,
    0x0000,0x0000,0x0000,0x0000,0x0000,0x0000,0x0000,0x0000,0x0000,0x2003,0x1803,0xff6e,0xff8e,0xff8e,0xff8e,0xff8e,0xff8e,0xff8e,0xff8e,0xff8e,0xffae,0xfea9,0xfdc3,0xff0a,
    0x2844,0x2003,0xecaa,0xe489,0xe489,0xfe70,0xfe50,0xfe71,0xfe71,0xfe71,0xfe72,0xfe72,0xff56,0xf757,0x3045,0x1803,0xff8d,0xff8e,0xff8e,0xff8e,0xff8e,0xff8e,0xff8e,0xff8e,
    0xfe03,0xfd81,0xfde2,0xff6e,0xff8e,0xff8e,0xff8e,0xff8e,0xff8e,0xff8e,0xff8e,0xff8e,0xff6d,0x1822,0x2003,0x0000,0x0000,0x0000,0x0000,0x0000,0x0000,0x0000,0x0000,0x0000,
    0x0000,0x0000,0x0000,0x0000,0x0000,0x0000,0x0000,0x0000,0x2003,0x2004,0xdeae,0xff8e,0xff8e,0xff8e,0xff8e,0xff8e,0xff8e,0xff6e,0xff8e,0xff8e,0xff6e,0xffae,0xf580,0x1022,
    0x1803,0xf468,0xe489,0xecca,0xfe72,0xff15,0xff16,0xff15,0xff15,0xff14,0xff15,0xff16,0xff36,0xff57,0xff17,0x1803,0x2042,0xff8e,0xff8e,0xff8f,0xff8e,0xff8e,0xf72d,0xffae,
    0x2023,0xfda1,0xff6d,0xff6e,0xff8e,0xff8e,0xff8e,0xff8e,0xff8e,0xff8e,0xff8e,0xff8e,0xff6e,0xd68c,0x2805,0x2004,0x0000,0x0000,0x0000,0x0000,0x0000,0x0000,0x0000,0x0000,
    0x0000,0x0000,0x0000,0x0000,0x0000,0x0000,0x0000,0x0000,0x2804,0x1803,0xff6e,0xff8e,0xff8e,0xff8e,0xff8e,0xff8e,0xff8e,0xff8e,0xff8e,0xff8e,0xff8e,0xff6e,0xf76e,0x1803,
    0x2824,0xcb04,0xc305,0xfe0f,0xff15,0xff15,0xfe71,0xfef4,0xff34,0xfec9,0xfea9,0xfea9,0xfe8b,0xff99,0xff78,0x2062,0x1803,0x1002,0x1803,0x2824,0xf74f,0xff8f,0x1003,0x2023,
    0x1002,0xff6f,0xff6e,0xff8e,0xff8e,0xff8e,0xff8e,0xff8e,0xff8e,0xff8e,0xff8e,0xff8e,0xff8e,0xff8f,0x2023,0x2004,0x0000,0x0000,0x0000,0x0000,0x0000,0x0000,0x0000,0x0000,
    0x0000,0x0000,0x0000,0x0000,0x0000,0x0000,0x0000,0x0000,0x3005,0x2804,0xff6f,0xff8e,0xff8e,0xff8e,0xff8e,0xff8e,0xff8e,0xff8e,0xff8e,0xff8e,0xff8e,0xff8e,0xff8e,0xff8e,
    0xfff0,0x1842,0x1023,0xec88,0xfef5,0xff15,0xff36,0xfecb,0xfeca,0xff77,0xfffe,0xffd2,0xffd2,0xfe8a,0xff78,0xff98,0xfffc,0xfffc,0xfffb,0x1802,0x1803,0x2003,0x30a2,0xffef,
    0xff8d,0xff8e,0xff8e,0xff8e,0xff8e,0xff8e,0xff8e,0xff8e,0xff8e,0xff8e,0xff8e,0xff8e,0xff8e,0xff8e,0x2024,0x2804,0x0000,0x0000,0x0000,0x0000,0x0000,0x0000,0x0000,0x0000,
    0x0000,0x0000,0x0000,0x0000,0x0000,0x0000,0x0000,0x0000,0x2805,0x1803,0xff6e,0xff8e,0xff8e,0xff8e,0xff8e,0xff8e,0xff6e,0xff8e,0xff8e,0xff8e,0xff8e,0xff8e,0xff8e,0xff8e,
    0xff8e,0x9407,0x38c2,0x2824,0xf6d5,0xfef5,0xfeab,0xfeea,0xffff,0xffff,0xffcf,0xffcf,0xffcf,0xffd0,0xfe49,0xff16,0xffbb,0xff9a,0xff98,0x20c3,0x2805,0x1841,0xff4c,0xff8d,
    0xff6e,0xff8e,0xff8e,0xff8e,0xff8e,0xff8e,0xff8e,0xff8e,0xff8e,0xff8e,0xff8e,0xff8e,0xff8e,0xff8d,0x1822,0x2004,0x0000,0x0000,0x0000,0x0000,0x0000,0x0000,0x0000,0x0000,
    0x0000,0x0000,0x0000,0x0000,0x0000,0x0000,0x0000,0x0000,0x2004,0x1803,0x1842,0xff6f,0xff8e,0xff6e,0xff8e,0xff6e,0xff8e,0xff8e,0xff8e,0xff8e,0xff8e,0xff8e,0xff8e,0xff8e,
    0xff8e,0xff8e,0xcdec,0x1802,0xf6d6,0xff37,0xfeca,0xffff,0xffff,0xffcd,0xffcf,0xffcf,0xffce,0xffcf,0xffd0,0xfe08,0xfef3,0xfef4,0xff14,0x30c4,0x2003,0xff6d,0xff6e,0xff8e,
    0xff8e,0xff8e,0xff8e,0xff8e,0xff8e,0xff8e,0xff8e,0xff6e,0xff8e,0xff8e,0xff6d,0xff6e,0xff6e,0x2083,0x2804,0x2004,0x0000,0x0000,0x0000,0x0000,0x0000,0x0000,0x0000,0x0000,
    0x0000,0x0000,0x0000,0x0000,0x0000,0x0000,0x0000,0x0000,0x0000,0x2023,0x2824,0xf76e,0xffaf,0xffad,0xfea9,0xfe69,0xffaf,0xff8e,0xff8e,0xff8e,0xff8e,0xff8e,0xff8e,0xff8e,
    0xff8e,0xff6f,0xd62c,0x1802,0xf6f6,0xff37,0xfea9,0xfffd,0xfff7,0xffcf,0xffcf,0xffcf,0xffaf,0xffae,0xffce,0xfe67,0xf5c6,0xfe91,0xfeb3,0x30e4,0x2824,0xff8f,0xff8e,0xff8e,
    0xff8e,0xff8e,0xff8e,0xff8e,0xff8e,0xff8e,0xff6e,0xff8e,0xfe49,0xfe69,0xfeca,0xfeca,0xfec9,0x2024,0x1803,0x0000,0x0000,0x0000,0x0000,0x0000,0x0000,0x0000,0x0000,0x0000,
    0x0000,0x0000,0x0000,0x0000,0x0000,0x0000,0x0000,0x0000,0x0000,0x0000,0x3005,0x2804,0x2824,0x2043,0xfe46,0xfe68,0xfe48,0xfeaa,0xff6e,0xff8e,0xff8e,0xff6e,0xff6e,0xff8e,
    0xff6d,0x93e7,0x1003,0x1803,0xf6b4,0xff15,0xff12,0xfe88,0xffcf,0xffcf,0xffcf,0xffcf,0xffcf,0xffcf,0xffcf,0xfea9,0xf5a5,0xfe6f,0xfef4,0x38e5,0x2824,0x2844,0xff6d,0xff8e,
    0xff8e,0xff8e,0xff6e,0xff8e,0xff8e,0xff6e,0xfe24,0xfe48,0xfe48,0xfe27,0x0802,0x2004,0x2004,0x2805,0x0000,0x0000,0x0000,0x0000,0x0000,0x0000,0x0000,0x0000,0x0000,0x0000,
    0x0000,0x0000,0x0000,0x0000,0x0000,0x0000,0x0000,0x0000,0x0000,0x0000,0x0000,0x2004,0x2023,0x1843,0xfe88,0xff8d,0xff0a,0xf562,0x8a82,0xffd0,0xff8e,0xff6e,0xff6d,0xff8e,
    0x2023,0x1803,0x1802,0xec89,0xfef5,0xff15,0xff56,0xfe49,0xf669,0xffcf,0xffcf,0xffcf,0xffcf,0xfeaa,0xfe89,0xed84,0xf5a6,0xfe4f,0xff15,0xed6e,0x1822,0x1803,0x1002,0x1002,
    0xff8e,0xff8e,0xff8e,0xff8d,0xff2c,0x8262,0xf542,0xfea9,0xff0b,0xfe69,0x1022,0x1803,0x1803,0x0000,0x0000,0x0000,0x0000,0x0000,0x0000,0x0000,0x0000,0x0000,0x0000,0x0000,
    0x0000,0x0000,0x0000,0x0000,0x0000,0x0000,0x0000,0x0000,0x0000,0x0000,0x0000,0x2004,0x2884,0xff8e,0xff8e,0xff8e,0xff8e,0xff8e,0xac69,0x2003,0x2824,0x1823,0x1022,0x1822,
    0x2805,0xd2a4,0xe3e7,0xfef4,0xff16,0xff16,0xff15,0xff14,0xf5e6,0xffd1,0xffcf,0xff4b,0xfe88,0xfe8a,0xed64,0xfe49,0xfe8d,0xff16,0xfef5,0xfe71,0xe50c,0xc304,0x2824,0x2805,
    0x1822,0x1823,0x2024,0x1823,0x1823,0xaca9,0xff6d,0xff6e,0xff6d,0xff6d,0xff8e,0x1042,0x1803,0x0000,0x0000,0x0000,0x0000,0x0000,0x0000,0x0000,0x0000,0x0000,0x0000,0x0000,
    0x0000,0x0000,0x0000,0x0000,0x0000,0x0000,0x0000,0x0000,0x0000,0x0000,0x0000,0x2804,0x2884,0xff8e,0xffae,0xff8e,0xff8e,0xff8e,0xff8e,0xf76e,0xf74e,0xf76f,0xf76f,0xf74e,
    0x2003,0xec06,0xe448,0xff36,0xff15,0xfe92,0xfe92,0xff15,0xff13,0xf584,0xf5a5,0xf5a4,0xed84,0xf5a5,0xfe6c,0xfef4,0xff15,0xfeb3,0xfe72,0xfef5,0xf652,0xdc28,0xd387,0x1823,
    0xf76f,0xf76f,0xff70,0xf74e,0xff6e,0xff8e,0xff8e,0xff8e,0xff6e,0xff6e,0xff6e,0x1023,0x2804,0x0000,0x0000,0x0000,0x0000,0x0000,0x0000,0x0000,0x0000,0x0000,0x0000,0x0000,
    0x0000,0x0000,0x0000,0x0000,0x0000,0x0000,0x0000,0x0000,0x0000,0x0000,0x0000,0x2004,0x3084,0xffae,0xff8e,0xff8e,0xff8e,0xff8e,0xff8e,0xff8e,0xff8e,0xff8e,0xff8e,0xff8e,
    0x1002,0xebc6,0xec8a,0xff36,0xfef4,0xff15,0xff15,0xff15,0xff15,0xfef4,0xfef4,0xff36,0xff36,0xfef4,0xfef4,0xff16,0xff15,0xfef5,0xff15,0xfef5,0xf631,0xe427,0xdbc8,0x1022,
    0xff8d,0xff8e,0xff8e,0xff8e,0xff6e,0xff8e,0xff8e,0xff8e,0xff6e,0xff6e,0xff6e,0x0801,0x2004,0x0000,0x0000,0x0000,0x0000,0x0000,0x0000,0x0000,0x0000,0x0000,0x0000,0x0000,
    0x0000,0x0000,0x0000,0x0000,0x0000,0x0000,0x0000,0x0000,0x0000,0x0000,0x0000,0x2004,0x2863,0xfe48,0xff8d,0xff8e,0xff8e,0xff8e,0xff8e,0xff8e,0xff8e,0xff8e,0xff8e,0xff6e,
    0x2804,0xe385,0xd344,0xec68,0xec68,0xecca,0xecca,0xcb04,0xcb04,0xd324,0xcb04,0xc2e4,0xcb04,0xd324,0xd304,0xcb04,0xcb04,0xd386,0xecaa,0xe469,0xe427,0xc304,0xd304,0x2825,
    0xff6f,0xff8e,0xff8e,0xff8e,0xff8e,0xff8e,0xff8e,0xff8e,0xff6e,0xfecb,0xfe6a,0x1823,0x2003,0x0000,0x0000,0x0000,0x0000,0x0000,0x0000,0x0000,0x0000,0x0000,0x0000,0x0000,
    0x0000,0x0000,0x0000,0x0000,0x0000,0x0000,0x0000,0x0000,0x0000,0x0000,0x0000,0x3005,0x2004,0x3045,0xff8f,0xff8e,0xff8e,0xff8e,0xff8e,0xff8f,0xff8e,0xff8e,0xff8e,0xff8e,
    0xf770,0x2805,0x3842,0xc2e4,0xcb24,0xcb04,0xcb04,0x2024,0x1803,0x2003,0x2003,0x1803,0x1803,0x2003,0x2003,0x1803,0x2023,0xd304,0xcb04,0xcb04,0xc2e4,0x1002,0x1823,0xff8f,
    0xff8f,0xff8e,0xff8e,0xff8e,0xff8e,0xff8e,0xff8e,0xff8e,0xfe8a,0xfe69,0x1002,0x2804,0x3005,0x0000,0x0000,0x0000,0x0000,0x0000,0x0000,0x0000,0x0000,0x0000,0x0000,0x0000,
    0x0000,0x0000,0x0000,0x0000,0x0000,0x0000,0x0000,0x0000,0x0000,0x0000,0x0000,0x0000,0x1803,0x2845,0xfe69,0xff4b,0xff8e,0xff6e,0xfdc4,0xfdc4,0xfd82,0xff6d,0xff6e,0xff8e,
    0xff8f,0xcdcb,0x1802,0x1803,0x2805,0x2805,0x1803,0x2804,0x2063,0x1843,0x2043,0x2844,0x2844,0x2043,0x2043,0x2063,0x3065,0x2804,0x1803,0x2804,0x2004,0x1803,0xf72d,0xff8d,
    0xff8e,0xff6e,0xff6e,0xfda1,0xfda3,0xfde3,0xff6e,0xfe89,0xfe69,0xfe68,0x0001,0x1803,0x0000,0x0000,0x0000,0x0000,0x0000,0x0000,0x0000,0x0000,0x0000,0x0000,0x0000,0x0000,
    0x0000,0x0000,0x0000,0x0000,0x0000,0x0000,0x0000,0x0000,0x0000,0x0000,0x0000,0x0000,0x2805,0x1803,0x1002,0xfe68,0xfe89,0xfe27,0xfd22,0xfd82,0xfda3,0xfdc4,0xfde4,0xffaf,
    0xff8e,0xff8e,0xf770,0xf770,0xf790,0xf790,0xf770,0xffb0,0xff8e,0xff8e,0xff8e,0xff8e,0xff8e,0xff8e,0xffae,0xff8e,0xff8e,0xf790,0xf76f,0xf78f,0xf7b0,0xf7b0,0xff8e,0xff8d,
    0xfe46,0xfdc3,0xfde3,0xfdc3,0xfd81,0xfda2,0xf541,0xfe68,0xfe89,0x1824,0x2804,0x2004,0x0000,0x0000,0x0000,0x0000,0x0000,0x0000,0x0000,0x0000,0x0000,0x0000,0x0000,0x0000,
    0x0000,0x0000,0x0000,0x0000,0x0000,0x0000,0x0000,0x0000,0x0000,0x0000,0x0000,0x0000,0x0000,0x2805,0x2824,0x2083,0x2083,0x30a3,0xff8c,0xff8e,0xff8e,0xff8e,0xff6d,0xfdc4,
    0xff6d,0xff8e,0xff8f,0xff8e,0xff8e,0xff8e,0xff8e,0xff8e,0xffae,0xff8e,0xff8e,0xff8e,0xff8e,0xff8e,0xffae,0xff8e,0xff8d,0xff8e,0xff8e,0xff8e,0xff6d,0xff6d,0xff8f,0xff6e,
    0xfdc3,0xfe05,0xff8e,0xff8e,0xff8e,0xff8e,0x4963,0x1802,0x1022,0x2804,0x2806,0x0000,0x0000,0x0000,0x0000,0x0000,0x0000,0x0000,0x0000,0x0000,0x0000,0x0000,0x0000,0x0000,
    0x0000,0x0000,0x0000,0x0000,0x0000,0x0000,0x0000,0x0000,0x0000,0x0000,0x0000,0x0000,0x0000,0x0000,0x2004,0x2003,0x2003,0x8ba8,0xff8d,0xff8e,0xff8e,0xff8e,0xff8e,0xfd81,
    0xfd81,0xfe8b,0xfe69,0xfe89,0xfe89,0xfe89,0xfe8a,0xfe69,0xfe69,0xfe69,0xfe69,0xfe69,0xfe69,0xfe69,0xfe48,0xfe69,0xfe69,0xfe69,0xfe8a,0xfe69,0xfe69,0xfe89,0xfe8a,0xf520,
    0xfd40,0xff8e,0xff8e,0xff8e,0xff8e,0xff8e,0xbce9,0x2805,0x2003,0x2003,0x0000,0x0000,0x0000,0x0000,0x0000,0x0000,0x0000,0x0000,0x0000,0x0000,0x0000,0x0000,0x0000,0x0000,
    0x0000,0x0000,0x0000,0x0000,0x0000,0x0000,0x0000,0x0000,0x0000,0x0000,0x0000,0x0000,0x0000,0x0000,0x1803,0x2805,0x2804,0xfe49,0xfe89,0xff8e,0xff8e,0xff8e,0xff8e,0xff6e,
    0xfeab,0x2824,0x1803,0x2003,0x2004,0x2004,0x2003,0x2003,0x2004,0x2003,0x2003,0x2003,0x2003,0x2003,0x2003,0x2004,0x2004,0x2004,0x2003,0x2003,0x1803,0x2023,0x2023,0xbc68,
    0xff8e,0xff8e,0xff8e,0xff8e,0xff8e,0xff8e,0xfe48,0x1822,0x2004,0x0000,0x0000,0x0000,0x0000,0x0000,0x0000,0x0000,0x0000,0x0000,0x0000,0x0000,0x0000,0x0000,0x0000,0x0000,
    0x0000,0x0000,0x0000,0x0000,0x0000,0x0000,0x0000,0x0000,0x0000,0x0000,0x0000,0x0000,0x0000,0x0000,0x0000,0x2004,0x1803,0x1003,0xfe89,0xfe69,0xfe69,0xfe69,0xfe69,0xfe88,
    0xff2a,0x2004,0x2004,0x3008,0x3809,0x4009,0x4009,0x4009,0x4009,0x3808,0x4009,0x4009,0x3808,0x4009,0x3809,0x3809,0x3808,0x3808,0x4009,0x4009,0x3808,0x3006,0x2004,0x4123,
    0xff6d,0xff6d,0xff2d,0xff0c,0xfea9,0xfe89,0xbc68,0x2804,0x2805,0x0000,0x0000,0x0000,0x0000,0x0000,0x0000,0x0000,0x0000,0x0000,0x0000,0x0000,0x0000,0x0000,0x0000,0x0000,
    0x0000,0x0000,0x0000,0x0000,0x0000,0x0000,0x0000,0x0000,0x0000,0x0000,0x0000,0x0000,0x0000,0x0000,0x0000,0x0801,0x0801,0x2804,0x2003,0x1003,0x1803,0x1803,0x1002,0x1803,
    0x2004,0x1803,0x1804,0x0000,0x0000,0x0000,0x0000,0x0000,0x0000,0x0000,0x0000,0x0000,0x0000,0x0000,0x0000,0x0000,0x0000,0x0000,0x0000,0x0000,0x0000,0x500a,0x2003,0x2824,
    0x1803,0x1002,0x1804,0x1803,0x0802,0x1804,0x2824,0x2004,0x0000,0x0000,0x0000,0x0000,0x0000,0x0000,0x0000,0x0000,0x0000,0x0000,0x0000,0x0000,0x0000,0x0000,0x0000,0x0000,
    0x0000,0x0000,0x0000,0x0000,0x0000,0x0000,0x0000,0x0000,0x0000,0x0000,0x0000,0x0000,0x0000,0x0000,0x0000,0x0000,0x0000,0x2004,0x2805,0x2004,0x2003,0x2004,0x1803,0x2004,
    0x2804,0x0000,0x0000,0x0000,0x0000,0x0000,0x0000,0x0000,0x0000,0x0000,0x0000,0x0000,0x0000,0x0000,0x0000,0x0000,0x0000,0x0000,0x0000,0x0000,0x0000,0x0000,0x0000,0x2804,
    0x2805,0x2004,0x2004,0x1803,0x2004,0x2805,0x2805,0x0000,0x0000,0x0000,0x0000,0x0000,0x0000,0x0000,0x0000,0x0000,0x0000,0x0000,0x0000,0x0000,0x0000,0x0000,0x0000,0x0000,
    0x0000,0x0000,0x0000,0x0000,0x0000,0x0000,0x0000,0x0000,0x0000,0x0000,0x0000,0x0000,0x0000,0x0000,0x0000,0x0000,0x0000,0x0000,0x0000,0x0000,0x0000,0x0000,0x0000,0x0000,
    0x0000,0x0000,0x0000,0x0000,0x0000,0x0000,0x0000,0x0000,0x0000,0x0000,0x0000,0x0000,0x0000,0x0000,0x0000,0x0000,0x0000,0x0000,0x0000,0x0000,0x0000,0x0000,0x0000,0x0000,
    0x0000,0x0000,0x0000,0x0000,0x0000,0x0000,0x0000,0x0000,0x0000,0x0000,0x0000,0x0000,0x0000,0x0000,0x0000,0x0000,0x0000,0x0000,0x0000,0x0000,0x0000,0x0000,0x0000,0x0000,
    0x0000,0x0000,0x0000,0x0000,0x0000,0x0000,0x0000,0x0000,0x0000,0x0000,0x0000,0x0000,0x0000,0x0000,0x0000,0x0000,0x0000,0x0000,0x0000,0x0000,0x0000,0x0000,0x0000,0x0000,
    0x0000,0x0000,0x0000,0x0000,0x0000,0x0000,0x0000,0x0000,0x0000,0x0000,0x0000,0x0000,0x0000,0x0000,0x0000,0x0000,0x0000,0x0000,0x0000,0x0000,0x0000,0x0000,0x0000,0x0000,
    0x0000,0x0000,0x0000,0x0000,0x0000,0x0000,0x0000,0x0000,0x0000,0x0000,0x0000,0x0000,0x0000,0x0000,0x0000,0x0000,0x0000,0x0000,0x0000,0x0000,0x0000,0x0000,0x0000,0x0000,
    0x0000,0x0000,0x0000,0x0000,0x0000,0x0000,0x0000,0x0000,0x0000,0x0000,0x0000,0x0000,0x0000,0x0000,0x0000,0x0000,0x0000,0x0000,0x0000,0x0000,0x0000,0x0000,0x0000,0x0000,
    0x0000,0x0000,0x0000,0x0000,0x0000,0x0000,0x0000,0x0000,0x0000,0x0000,0x0000,0x0000,0x0000,0x0000,0x0000,0x0000,0x0000,0x0000,0x0000,0x0000,0x0000,0x0000,0x0000,0x0000,
    0x0000,0x0000,0x0000,0x0000,0x0000,0x0000,0x0000,0x0000,0x0000,0x0000,0x0000,0x0000,0x0000,0x0000,0x0000,0x0000,0x0000,0x0000,0x0000,0x0000,0x0000,0x0000,0x0000,0x0000,
  },
  /* cookie_bite */ {
    0x0000,0x0000,0x0000,0x0000,0x0000,0x0000,0x0000,0x0000,0x0000,0x0000,0x0000,0x0000,0x0000,0x0000,0x0000,0x0000,0x0000,0x0000,0x0000,0x0000,0x0000,0x0000,0x0000,0x0000,
    0x0000,0x0000,0x0000,0x0000,0x0000,0x0000,0x0000,0x0000,0x0000,0x0000,0x0000,0x0000,0x0000,0x0000,0x0000,0x0000,0x0000,0x0000,0x0000,0x0000,0x0000,0x0000,0x0000,0x0000,
    0x0000,0x0000,0x0000,0x0000,0x0000,0x0000,0x0000,0x0000,0x0000,0x0000,0x0000,0x0000,0x0000,0x0000,0x0000,0x0000,0x0000,0x0000,0x0000,0x0000,0x0000,0x0000,0x0000,0x0000,
    0x0000,0x0000,0x0000,0x0000,0x0000,0x0000,0x0000,0x0000,0x0000,0x0000,0x0000,0x0000,0x0000,0x0000,0x0000,0x0000,0x0000,0x0000,0x0000,0x0000,0x0000,0x0000,0x0000,0x0000,
    0x0000,0x0000,0x0000,0x0000,0x0000,0x0000,0x0000,0x0000,0x0000,0x0000,0x0000,0x0000,0x0000,0x0000,0x0000,0x0000,0x0000,0x0000,0x0000,0x0000,0x0000,0x0000,0x0000,0x0000,
    0x0000,0x0000,0x0000,0x0000,0x0000,0x0000,0x0000,0x0000,0x0000,0x0000,0x0000,0x0000,0x0000,0x0000,0x0000,0x0000,0x0000,0x0000,0x0000,0x0000,0x0000,0x0000,0x0000,0x0000,
    0x0000,0x0000,0x0000,0x0000,0x0000,0x0000,0x0000,0x0000,0x0000,0x0000,0x0000,0x0000,0x0000,0x0000,0x0000,0x0000,0x0000,0x0000,0x0000,0x0000,0x0000,0x0000,0x0000,0x0000,
    0x0000,0x0000,0x0000,0x0000,0x0000,0x0000,0x0000,0x0000,0x0000,0x0000,0x0000,0x0000,0x0000,0x0000,0x0000,0x0000,0x0000,0x0000,0x0000,0x0000,0x0000,0x0000,0x0000,0x0000,
    0x0000,0x0000,0x0000,0x0000,0x0000,0x0000,0x0000,0x0000,0x0000,0x0000,0x0000,0x0000,0x0000,0x0000,0x0000,0x0000,0x0000,0x0000,0x0000,0x0000,0x0000,0x0000,0x0000,0x0000,
    0x0000,0x0000,0x0000,0x0000,0x0000,0x0000,0x0000,0x0000,0x0000,0x0000,0x0000,0x0000,0x0000,0x0000,0x0000,0x0000,0x0000,0x0000,0x0000,0x0000,0x0000,0x0000,0x0000,0x0000,
    0x0000,0x0000,0x0000,0x0000,0x0000,0x0000,0x0000,0x0000,0x0000,0x0000,0x0000,0x0000,0x0000,0x0000,0x0000,0x0000,0x0000,0x0000,0x0000,0x0000,0x0000,0x0000,0x0000,0x0000,
    0x0000,0x0000,0x0000,0x0000,0x0000,0x0000,0x0000,0x0000,0x0000,0x0000,0x0000,0x0000,0x0000,0x0000,0x0000,0x0000,0x0000,0x0000,0x0000,0x0000,0x0000,0x0000,0x0000,0x0000,
    0x0000,0x0000,0x0000,0x0000,0x0000,0x0000,0x0000,0x0000,0x0000,0x0000,0x0000,0x0000,0x0000,0x0000,0x0000,0x0000,0x0000,0x0000,0x0000,0x0000,0x0000,0x0000,0x0000,0x0000,
    0x0000,0x0000,0x0000,0x0000,0x0000,0x0000,0x0000,0x0000,0x0000,0x0000,0x0000,0x0000,0x0000,0x0000,0x0000,0x0000,0x0000,0x0000,0x0000,0x0000,0x0000,0x0000,0x0000,0x0000,
    0x0000,0x0000,0x0000,0x0000,0x0000,0x0000,0x0000,0x0000,0x0000,0x0000,0x0000,0x0000,0x0000,0x0000,0x0000,0x0000,0x0000,0x0000,0x0000,0x0000,0x0000,0x0000,0x0000,0x0000,
    0x0000,0x0000,0x0000,0x0000,0x0000,0x0000,0x0000,0x0000,0x0000,0x0000,0x0000,0x0000,0x0000,0x0000,0x0000,0x0000,0x0000,0x0000,0x0000,0x0000,0x0000,0x0000,0x0000,0x0000,
    0x0000,0x0000,0x0000,0x0000,0x0000,0x0000,0x0000,0x0000,0x0000,0x0000,0x0000,0x0000,0x0000,0x0000,0x0000,0x0000,0x0000,0x0000,0x0000,0x0000,0x0000,0x0000,0x0000,0x0000,
    0x0000,0x0000,0x0000,0x0000,0x0000,0x0000,0x0000,0x0000,0x0000,0x0000,0x0000,0x0000,0x0000,0x0000,0x0000,0x0000,0x0000,0x0000,0x0000,0x0000,0x0000,0x0000,0x0000,0x0000,
    0x0000,0x0000,0x0000,0x0000,0x0000,0x0000,0x0000,0x0000,0x0000,0x0000,0x0000,0x0000,0x0000,0x0000,0x0000,0x0000,0x0000,0x0000,0x0000,0x0000,0x0000,0x0000,0x0000,0x0000,
    0x0000,0x0000,0x0000,0x0000,0x0000,0x0000,0x0000,0x0000,0x0000,0x0000,0x0000,0x0000,0x0000,0x0000,0x0000,0x0000,0x0000,0x0000,0x0000,0x0000,0x0000,0x0000,0x0000,0x0000,
    0x0000,0x0000,0x0000,0x0000,0x0000,0x0000,0x0000,0x0000,0x0000,0x0000,0x0000,0x0000,0x0000,0x0000,0x0000,0x0000,0x0000,0x0000,0x0000,0x0000,0x0000,0x0000,0x0000,0x0000,
    0x0000,0x0000,0x0000,0x0000,0x0000,0x0000,0x0000,0x0000,0x0000,0x0000,0x0000,0x0000,0x0000,0x0000,0x0000,0x0000,0x0000,0x0000,0x0000,0x0000,0x0000,0x0000,0x0000,0x0000,
    0x0000,0x0000,0x0000,0x0000,0x0000,0x0000,0x0000,0x0000,0x0000,0x0000,0x0000,0x0000,0x0000,0x0000,0x0000,0x0000,0x0000,0x0000,0x0000,0x0000,0x0000,0x0000,0x0000,0x0000,
    0x0000,0x0000,0x0000,0x0000,0x0000,0x0000,0x0000,0x0000,0x0000,0x0000,0x0000,0x0000,0x0000,0x0000,0x0000,0x0000,0x0000,0x0000,0x0000,0x0000,0x0000,0x0000,0x0000,0x0000,
    0x0000,0x0000,0x0000,0x0000,0x0000,0x0000,0x0000,0x0000,0x0000,0x0000,0x0000,0x0000,0x0000,0x0000,0x0000,0x0000,0x0000,0x0000,0x0000,0x0000,0x0000,0x0000,0x0000,0x0000,
    0x0000,0x0000,0x0000,0x0000,0x0000,0x0000,0x0000,0x0000,0x0000,0x0000,0x0000,0x0000,0x0000,0x0000,0x0000,0x0000,0x0000,0x0000,0x0000,0x0000,0x0000,0x0000,0x0000,0x0000,
    0x0000,0x0000,0x0000,0x0000,0x0000,0x0000,0x0000,0x0000,0x0000,0x0000,0x0000,0x0000,0x0000,0x0000,0x0000,0x0000,0x0000,0x0000,0x0000,0x0000,0x0000,0x0000,0x0000,0x0000,
    0x0000,0x0000,0x0000,0x0000,0x0000,0x0000,0x0000,0x0000,0x0000,0x0000,0x0000,0x0000,0x0000,0x0000,0x0000,0x0000,0x0000,0x0000,0x0000,0x0000,0x0000,0x0000,0x0000,0x0000,
    0x0000,0x0000,0x0000,0x0000,0x0000,0x0000,0x0000,0x0000,0x0000,0x0000,0x0000,0x0000,0x0000,0x0000,0x0000,0x0000,0x0000,0x0000,0x0000,0x0000,0x0000,0x0000,0x0000,0x0000,
    0x0000,0x0000,0x0000,0x0000,0x0000,0x0000,0x0000,0x0000,0x0000,0x0000,0x0000,0x0000,0x0000,0x0000,0x0000,0x0000,0x0000,0x0000,0x0000,0x0000,0x0000,0x0000,0x0000,0x0000,
    0x0000,0x0000,0x0000,0x0000,0x0000,0x0000,0x0000,0x0000,0x0000,0x0000,0x0000,0x0000,0x0000,0x0000,0x0000,0x0000,0x0000,0x0000,0x0000,0x0000,0x0000,0x0000,0x0000,0x0000,
    0x0000,0x0000,0x0000,0x0000,0x0000,0x0000,0x0000,0x0000,0x0000,0x0000,0x0000,0x0000,0x0000,0x0000,0x0000,0x0000,0x0000,0x0000,0x0000,0x0000,0x0000,0x0000,0x0000,0x0000,
    0x0000,0x0000,0x0000,0x0000,0x0000,0x0000,0x0000,0x0000,0x0000,0x0000,0x0000,0x0000,0x0000,0x0000,0x0000,0x0000,0x0000,0x0000,0x0000,0x0000,0x0000,0x0000,0x0000,0x0000,
    0x0000,0x0000,0x0000,0x0000,0x0000,0x0000,0x0000,0x0000,0x0000,0x0000,0x0000,0x0000,0x0000,0x0000,0x0000,0x0000,0x0000,0x0000,0x0000,0x0000,0x0000,0x0000,0x0000,0x0000,
    0x0000,0x0000,0x0000,0x0000,0x0000,0x0000,0x0000,0x0000,0x0000,0x0000,0x0000,0x0000,0x0000,0x0000,0x0000,0x0000,0x0000,0x0000,0x0000,0x0000,0x0000,0x0000,0x0000,0x0000,
    0x0000,0x0000,0x0000,0x0000,0x0000,0x0000,0x0000,0x0000,0x0000,0x0000,0x0000,0x0000,0x0000,0x0000,0x0000,0x0000,0x0000,0x0000,0x0000,0x0000,0x0000,0x0000,0x0000,0x0000,
    0x0000,0x0000,0x0000,0x0000,0x0000,0x0000,0x0000,0x0000,0x0000,0x0000,0x0000,0x0000,0x0000,0x0000,0x0000,0x0000,0x0000,0x0000,0x0000,0x0000,0x0000,0x0000,0x0000,0x0000,
    0x0000,0x0000,0x0000,0x0000,0x0000,0x0000,0x0000,0x0000,0x0000,0x0000,0x0000,0x0000,0x0000,0x0000,0x0000,0x0000,0x0000,0x0000,0x0000,0x0000,0x0000,0x0000,0x0000,0x0000,
    0x0000,0x0000,0x0000,0x0000,0x0000,0x0000,0x0000,0x0000,0x0000,0x0000,0x0000,0x0000,0x0000,0x0000,0x0000,0x0000,0x0000,0x0000,0x0000,0x0000,0x0000,0x0000,0x0000,0x0000,
    0x0000,0x0000,0x0000,0x0000,0x0000,0x0000,0x0000,0x0000,0x0000,0x0000,0x0000,0x0000,0x0000,0x0000,0x0000,0x0000,0x0000,0x0000,0x0000,0x0000,0x0000,0x0000,0x0000,0x0000,
    0x0000,0x0000,0x0000,0x0000,0x0000,0x0000,0x0000,0x0000,0x0000,0x0000,0x0000,0x0000,0x0000,0x0000,0x0000,0x0000,0x0000,0x0000,0x4007,0x2004,0x1803,0x2004,0x2003,0x2004,
    0x2003,0x2004,0x2804,0x2004,0x0000,0x0000,0x0000,0x0000,0x0000,0x0000,0x0000,0x0000,0x0000,0x0000,0x0000,0x0000,0x0000,0x0000,0x0000,0x0000,0x0000,0x0000,0x0000,0x0000,
    0x0000,0x0000,0x0000,0x0000,0x0000,0x0000,0x0000,0x0000,0x0000,0x0000,0x0000,0x0000,0x0000,0x0000,0x0000,0x0000,0x0000,0x0000,0x0000,0x0000,0x0000,0x0000,0x0000,0x0000,
    0x0000,0x0000,0x0000,0x0000,0x0000,0x0000,0x0000,0x0000,0x0000,0x0000,0x0000,0x0000,0x0000,0x0000,0x0000,0x0000,0x0000,0x2804,0x2003,0x2824,0x1002,0x1001,0x0801,0x1002,
    0x1802,0x0801,0x1803,0x2003,0x0000,0x0000,0x0000,0x0000,0x0000,0x0000,0x0000,0x0000,0x0000,0x0000,0x0000,0x0000,0x0000,0x0000,0x0000,0x0000,0x0000,0x0000,0x0000,0x0000,
    0x0000,0x0000,0x0000,0x0000,0x0000,0x0000,0x0000,0x0000,0x0000,0x0000,0x0000,0x0000,0x0000,0x0000,0x0000,0x0000,0x0000,0x0000,0x0000,0x0000,0x0000,0x0000,0x0000,0x0000,
    0x0000,0x0000,0x0000,0x0000,0x0000,0x0000,0x0000,0x0000,0x0000,0x0000,0x0000,0x0000,0x0000,0x0000,0x0000,0x702e,0x2003,0x2004,0x6eec,0x6eed,0x666b,0x666b,0x666b,0x666b,
    0x666b,0x5e4b,0x1823,0x2004,0x0000,0x0000,0x0000,0x0000,0x0000,0x0000,0x0000,0x0000,0x0000,0x0000,0x0000,0x0000,0x0000,0x0000,0x0000,0x0000,0x0000,0x0000,0x0000,0x0000,
    0x0000,0x0000,0x0000,0x0000,0x0000,0x0000,0x0000,0x0000,0x0000,0x0000,0x0000,0x0000,0x0000,0x0000,0x0000,0x0000,0x0000,0x0000,0x0000,0x0000,0x0000,0x0000,0x0000,0x0000,
    0x0000,0x0000,0x0000,0x0000,0x0000,0x0000,0x2023,0x2804,0x2804,0x2003,0x2023,0x0000,0x0000,0x0000,0x9033,0x2805,0x1002,0x5e6b,0x666b,0x666b,0x666b,0x666b,0x668b,0x666b,
    0x5e6b,0x664c,0x2023,0x1803,0x0000,0x0000,0x0000,0x0000,0x0000,0x0000,0x0000,0x0000,0x0000,0x0000,0x0000,0x0000,0x0000,0x0000,0x0000,0x0000,0x0000,0x0000,0x0000,0x0000,
    0x0000,0x0000,0x0000,0x0000,0x0000,0x0000,0x0000,0x0000,0x0000,0x0000,0x0000,0x0000,0x0000,0x0000,0x0000,0x0000,0x0000,0x0000,0x0000,0x0000,0x0000,0x0000,0x0000,0x0000,
    0x0000,0x0000,0x0000,0x0000,0x0000,0x2024,0x1803,0x1803,0x1803,0x2004,0x1803,0x2003,0x1803,0x3807,0x1803,0x2845,0x668c,0x666b,0x666b,0x666b,0x666b,0x35ca,0x666b,0x668b,
    0x666b,0x560a,0x1823,0x2004,0x0000,0x0000,0x0000,0x0000,0x0000,0x0000,0x0000,0x0000,0x0000,0x0000,0x0000,0x0000,0x0000,0x0000,0x0000,0x0000,0x0000,0x0000,0x0000,0x0000,
    0x0000,0x0000,0x0000,0x0000,0x0000,0x0000,0x0000,0x0000,0x0000,0x0000,0x0000,0x0000,0x0000,0x0000,0x0000,0x0000,0x0000,0x0000,0x0000,0x0000,0x0000,0x0000,0x0000,0x0000,
    0x0000,0x0000,0x0000,0x0000,0x0000,0x2805,0x2004,0x5dab,0x5e4b,0x666c,0x66ac,0x1823,0x1002,0x2804,0x0001,0x66cc,0x668c,0x666b,0x6e8c,0x35aa,0x35aa,0x666b,0x666b,0x5e6b,
    0x4e0a,0x2004,0x1803,0x500a,0x0000,0x0000,0x0000,0x0000,0x0000,0x0000,0x0000,0x0000,0x0000,0x0000,0x0000,0x0000,0x0000,0x0000,0x0000,0x0000,0x0000,0x0000,0x0000,0x0000,
    0x0000,0x0000,0x0000,0x0000,0x0000,0x0000,0x0000,0x0000,0x0000,0x0000,0x0000,0x0000,0x0000,0x0000,0x0000,0x0000,0x0000,0x0000,0x0000,0x0000,0x0000,0x0000,0x0000,0x0000,
    0x0000,0x0000,0x0000,0x0000,0x0000,0x2004,0x1803,0x5dcb,0x666b,0x666b,0x5e6b,0x666c,0x2004,0x2004,0x0822,0x5e4b,0x666b,0x5e4a,0x2d69,0x45ea,0x5e6b,0x666b,0x666b,0x4dc9,
    0x1863,0x2003,0x1803,0x0000,0x0000,0x0000,0x0000,0x0000,0x0000,0x0000,0x0000,0x0000,0x0000,0x0000,0x0000,0x0000,0x0000,0x0000,0x0000,0x0000,0x0000,0x0000,0x0000,0x0000,
    0x0000,0x0000,0x0000,0x0000,0x0000,0x0000,0x0000,0x0000,0x0000,0x0000,0x0000,0x0000,0x0000,0x0000,0x0000,0x0000,0x0000,0x0000,0x0000,0x0000,0x0000,0x0000,0x0000,0x0000,
    0x0000,0x0000,0x0000,0x0000,0x0000,0x3025,0x2004,0x65ec,0x666b,0x666b,0x666b,0x6e8c,0x5eec,0x1803,0x1022,0x666b,0x666b,0x2d8a,0x562b,0x5e6b,0x5e6b,0x568c,0x2ba7,0x2004,
    0x2004,0x2805,0x0000,0x0000,0x0000,0x0000,0x0000,0x0000,0x0000,0x0000,0x0000,0x0000,0x0000,0x0000,0x0000,0x0000,0x0000,0x0000,0x0000,0x0000,0x0000,0x0000,0x0000,0x0000,
    0x0000,0x0000,0x0000,0x0000,0x0000,0x0000,0x0000,0x0000,0x0000,0x0000,0x0000,0x0000,0x0000,0x0000,0x0000,0x0000,0x0000,0x0000,0x0000,0x0000,0x0000,0x0000,0x0000,0x0000,
    0x0000,0x0000,0x0000,0x0000,0x0000,0x2824,0x2003,0x1803,0x2804,0x2003,0x5e4b,0x5e6b,0x5e4b,0x2003,0x0001,0x6e6c,0x2dca,0x3e0a,0x45ca,0x2aa6,0x1804,0x1803,0x1803,0x2003,
    0x0000,0x0000,0x0000,0x0000,0x0000,0x0000,0x0000,0x0000,0x0000,0x0000,0x0000,0x0000,0x0000,0x0000,0x0000,0x0000,0x0000,0x0000,0x0000,0x0000,0x0000,0x0000,0x0000,0x0000,
    0x0000,0x0000,0x0000,0x0000,0x0000,0x0000,0x0000,0x0000,0x0000,0x0000,0x0000,0x0000,0x0000,0x0000,0x0000,0x0000,0x0000,0x0000,0x0000,0x0000,0x0000,0x0000,0x0000,0x0000,
    0x0000,0x0000,0x0000,0x2804,0x1802,0x1802,0x2003,0x2004,0x2004,0x1822,0x2da9,0x2d69,0x35a9,0x2003,0x1022,0x2da9,0x2d69,0x2dc9,0x2824,0x1803,0x2004,0x2804,0x2003,0x0000,
    0x0000,0x0000,0x0000,0x0000,0x0000,0x0000,0x0000,0x0000,0x0000,0x0000,0x0000,0x0000,0x0000,0x0000,0x0000,0x0000,0x0000,0x0000,0x0000,0x0000,0x0000,0x0000,0x0000,0x0000,
    0x0000,0x0000,0x0000,0x0000,0x0000,0x0000,0x0000,0x0000,0x0000,0x0000,0x0000,0x0000,0x0000,0x0000,0x0000,0x0000,0x0000,0x0000,0x0000,0x0000,0x0000,0x0000,0x0000,0x0000,
    0x0000,0x2003,0x2804,0x2804,0x1802,0xfe48,0xfe27,0xff4d,0xff8d,0xffae,0xffaf,0xff8d,0xff8e,0xff8f,0xff8e,0xff8e,0xff8e,0xff8e,0xff8f,0xff8d,0xfe27,0xfde4,0x1822,0x2004,
    0x2804,0x1802,0x0000,0x0000,0x0000,0x0000,0x0000,0x0000,0x0000,0x0000,0x0000,0x0000,0x0000,0x0000,0x0000,0x0000,0x0000,0x0000,0x0000,0x0000,0x0000,0x0000,0x0000,0x0000,
    0x0000,0x0000,0x0000,0x0000,0x0000,0x0000,0x0000,0x0000,0x0000,0x0000,0x0000,0x0000,0x0000,0x0000,0x0000,0x0000,0x0000,0x0000,0x0000,0x0000,0x0000,0x0000,0x2805,0x2003,
    0x1803,0x1803,0xffb0,0xff2e,0xff2f,0xff4e,0xff2d,0xff6e,0xff8e,0xff8e,0xff8e,0xff8e,0xff8e,0xff8e,0xff8e,0xff8e,0xff8e,0xff6e,0xff8e,0xff8e,0xff6d,0xff6d,0xffae,0xffcf,
    0x2023,0x2003,0x2003,0x2004,0x0000,0x0000,0x0000,0x0000,0x0000,0x0000,0x0000,0x0000,0x0000,0x0000,0x0000,0x0000,0x0000,0x0000,0x0000,0x0000,0x0000,0x0000,0x0000,0x0000,
    0x0000,0x0000,0x0000,0x0000,0x0000,0x0000,0x0000,0x0000,0x0000,0x0000,0x0000,0x0000,0x0000,0x0000,0x0000,0x0000,0x0000,0x0000,0x0000,0x0000,0x0801,0x2804,0x2804,0x2824,
    0xef0f,0xff6e,0xff8e,0xff6d,0xff6e,0xff8e,0xff8e,0xff8e,0xff8e,0xff8e,0xff8e,0xff8e,0xff8e,0xff8e,0xff8e,0xff8e,0xff8e,0xff8e,0xff8e,0xff8e,0xff8e,0xff6e,0xff8e,0xff8e,
    0xce2d,0xc60c,0x2003,0x2804,0x2824,0x0000,0x0000,0x0000,0x0000,0x0000,0x0000,0x0000,0x0000,0x0000,0x0000,0x0000,0x0000,0x0000,0x0000,0x0000,0x0000,0x0000,0x0000,0x0000,
    0x0000,0x0000,0x0000,0x0000,0x0000,0x0000,0x0000,0x0000,0x0000,0x0000,0x0000,0x0000,0x0000,0x0000,0x0000,0x0000,0x0000,0x0000,0x0000,0x2004,0x2003,0x1862,0xff2d,0xff6f,
    0xff8f,0xfffe,0xffff,0xffff,0xff6e,0xff8e,0xff8e,0xff8e,0xff8e,0xff8e,0xff8e,0xff8e,0xff8e,0xff8e,0xff8e,0xff8e,0xff8e,0xff8e,0xff8e,0xff8e,0xff8e,0xff8e,0xff8e,0xff8e,
    0xff8e,0xff8e,0x5207,0x49a5,0x1803,0x1803,0x0000,0x0000,0x0000,0x0000,0x0000,0x0000,0x0000,0x0000,0x0000,0x0000,0x0000,0x0000,0x0000,0x0000,0x0000,0x0000,0x0000,0x0000,
    0x0000,0x0000,0x0000,0x0000,0x0000,0x0000,0x0000,0x0000,0x0000,0x0000,0x0000,0x0000,0x0000,0x0000,0x0000,0x0000,0x0000,0x0000,0x2004,0x2805,0x30a4,0xff8d,0xff6d,0xff6e,
    0xffff,0xffff,0xff6b,0xff8e,0xff8e,0xff8e,0xff8e,0xff8e,0xff8e,0xff8e,0xff8e,0xff8e,0xff8e,0xff8e,0xff8e,0xff8e,0xff8e,0xff8e,0xff8e,0xff8e,0xff8e,0xff8e,0xff8e,0xff8e,
    0xff8e,0xff8e,0xff8e,0xff8e,0x1862,0x2805,0x2805,0x0000,0x0000,0x0000,0x0000,0x0000,0x0000,0x0000,0x0000,0x0000,0x0000,0x0000,0x0000,0x0000,0x0000,0x0000,0x0000,0x0000,
    0x0000,0x0000,0x0000,0x0000,0x0000,0x0000,0x0000,0x0000,0x0000,0x0000,0x0000,0x0000,0x0000,0x0000,0x0000,0x0000,0x0000,0x2003,0x1803,0x1022,0xff8e,0xff8e,0xff8c,0xffdb,
    0xffff,0xffff,0xff8e,0xff8e,0xff8e,0xff8e,0xff8e,0xff8e,0xff8e,0xff8e,0xff8e,0xff8e,0xff8e,0xff8e,0xff8e,0xff8e,0xff8e,0xff8e,0xff8e,0xff8e,0xff8e,0xff8e,0xff8e,0xff8e,
    0xff8e,0xff8e,0xff8e,0xff8e,0xff6f,0x2023,0x2003,0x2003,0x0000,0x0000,0x0000,0x0000,0x0000,0x0000,0x0000,0x0000,0x0000,0x0000,0x0000,0x0000,0x0000,0x0000,0x0000,0x0000,
    0x0000,0x0000,0x0000,0x0000,0x0000,0x0000,0x0000,0x0000,0x0000,0x0000,0x0000,0x0000,0x0000,0x0000,0x0000,0x0000,0x2805,0x2805,0x1823,0xff6d,0xff8e,0xffb2,0xffff,0xffff,
    0xff8e,0xff8e,0xff8e,0xff8e,0xff8e,0xff8e,0xff8e,0xff8e,0xff8e,0xff8e,0xff8e,0xff8e,0xff8e,0xff8e,0xff8e,0xff8e,0xff8e,0xff8e,0xff8e,0xff8e,0xff8e,0xff8e,0xff8e,0xff8e,
    0xff8e,0xff8e,0xff8e,0xff8e,0xff8e,0xff6e,0x1823,0x2804,0x0000,0x0000,0x0000,0x0000,0x0000,0x0000,0x0000,0x0000,0x0000,0x0000,0x0000,0x0000,0x0000,0x0000,0x0000,0x0000,
    0x0000,0x0000,0x0000,0x0000,0x0000,0x0000,0x0000,0x0000,0x0000,0x0000,0x0000,0x0000,0x0000,0x0000,0x0000,0x1803,0x2004,0x2043,0xff8f,0xff8e,0xff8e,0xff8e,0xff8f,0xff8f,
    0xff8e,0xff8e,0xff8e,0xff8e,0xff8e,0xff8e,0xff8e,0xff8e,0xff8e,0xff8e,0xff8e,0xff8e,0xff8e,0xff8e,0xff8e,0xff8e,0xff8e,0xff8e,0xff8e,0xff8e,0xff8e,0xff8e,0xff8e,0xff8e,
    0xff8e,0xff8e,0xff8e,0xff8e,0xff8e,0xff8e,0x7b88,0x2824,0x2804,0x1802,0x0000,0x0000,0x0000,0x0000,0x0000,0x0000,0x0000,0x0000,0x0000,0x0000,0x0000,0x0000,0x0000,0x0000,
    0x0000,0x0000,0x0000,0x0000,0x0000,0x0000,0x0000,0x0000,0x0000,0x0000,0x0000,0x0000,0x0000,0x0000,0x0000,0x2003,0x1802,0xff6f,0xff8e,0xff8e,0xff8e,0xff8e,0xff8e,0xff8e,
    0xff8e,0xff8e,0xff8e,0xff8e,0xff8e,0xff8e,0xff8e,0xff8e,0xff8e,0xff8e,0xff8e,0xff8e,0xff8e,0xff8e,0xff8e,0xff8e,0xff8e,0xff8e,0xff8e,0xff8e,0xff8e,0xff8e,0xff8e,0xff8e,
    0xff8e,0xff8e,0xff8e,0xff8e,0xff8e,0xff8e,0xff8e,0x9448,0x2003,0x1001,0x0000,0x0000,0x0000,0x0000,0x0000,0x0000,0x0000,0x0000,0x0000,0x0000,0x0000,0x0000,0x0000,0x0000,
    0x0000,0x0000,0x0000,0x0000,0x0000,0x0000,0x0000,0x0000,0x0000,0x0000,0x0000,0x0000,0x0000,0x0000,0x2804,0x0801,0xffaf,0xff8e,0xff8e,0xff8e,0xff8e,0xff8e,0xff8e,0xff8e,
    0xff8e,0xff8e,0xff8e,0xff8e,0xff8e,0xff8e,0xff8e,0xff8e,0xff8e,0xff8e,0xff8e,0xff8e,0xff8e,0xff8e,0xff8e,0xff8e,0xff8e,0xff8e,0xff8e,0xff8e,0xff8e,0xff8e,0xff8e,0xff8e,
    0xff8e,0xff8e,0xff8e,0xff8e,0xff8e,0xff8e,0xff8e,0x8be7,0x1001,0x2805,0x1803,0x0000,0x0000,0x0000,0x0000,0x0000,0x0000,0x0000,0x0000,0x0000,0x0000,0x0000,0x0000,0x0000,
    0x0000,0x0000,0x0000,0x0000,0x0000,0x0000,0x0000,0x0000,0x0000,0x0000,0x0000,0x0000,0x0000,0x0000,0x2805,0x1802,0xff8e,0xff8e,0xff8e,0xff8e,0xff8e,0xff8e,0xf74c,0x1843,
    0x1823,0x1823,0x1862,0xff8e,0xff8e,0xff8e,0xff8e,0xff8e,0xff8e,0xff8e,0xff8e,0xff8e,0xff8e,0xff8e,0xff8e,0xff8e,0xff8e,0xff8e,0xff8e,0xff8e,0xff8e,0xf74d,0x1823,0x1843,
    0x2043,0x1042,0xff6d,0xff8e,0xff8e,0xff8e,0xff8e,0xff8e,0xffcf,0x2804,0x1002,0x0000,0x0000,0x0000,0x0000,0x0000,0x0000,0x0000,0x0000,0x0000,0x0000,0x0000,0x0000,0x0000,
    0x0000,0x0000,0x0000,0x0000,0x0000,0x0000,0x0000,0x0000,0x0000,0x0000,0x0000,0x0000,0x0000,0x0000,0x2003,0x1002,0xff8f,0xff8e,0xff8e,0xff8e,0xff8e,0x41c5,0x2804,0x2003,
    0x2003,0x2004,0x1803,0x1822,0xf74d,0xff8e,0xff8e,0xff8e,0xff8e,0xff8e,0xff8e,0xff8e,0xff8e,0xff8e,0xff8e,0xff8e,0xff8e,0xff8e,0xff8e,0xff8e,0xfff0,0x1803,0x2804,0x2003,
    0x2804,0x1803,0x1021,0x7327,0xff8e,0xff8e,0xff8e,0xff8e,0xffcf,0x2023,0x1001,0x0000,0x0000,0x0000,0x0000,0x0000,0x0000,0x0000,0x0000,0x0000,0x0000,0x0000,0x0000,0x0000,
    0x0000,0x0000,0x0000,0x0000,0x0000,0x0000,0x0000,0x0000,0x0000,0x0000,0x0000,0x0000,0x0000,0x2805,0x6b26,0xff8e,0xff8e,0xff8e,0xff8e,0xff8e,0x62a6,0x1803,0x2804,0x1802,
    0xf78f,0xf76f,0x1062,0x1803,0x1842,0xf76f,0xff8e,0xff8e,0xff8e,0xff8e,0xff8e,0xff8e,0xff8e,0xff8e,0xff8e,0xff8e,0xff8e,0xff8e,0xff8e,0xffee,0x2024,0x2004,0x1803,0xff6e,
    0xff8f,0x2063,0x2003,0x1022,0xffef,0xff8e,0xff8e,0xffae,0xff8e,0xf770,0x1803,0x1803,0x0000,0x0000,0x0000,0x0000,0x0000,0x0000,0x0000,0x0000,0x0000,0x0000,0x0000,0x0000,
    0x0000,0x0000,0x0000,0x0000,0x0000,0x0000,0x0000,0x0000,0x0000,0x0000,0x0000,0x0000,0x0000,0x2004,0x6b46,0xff8e,0xff8e,0xff8e,0xff8e,0xff8e,0x5ae6,0x2023,0x1022,0xff8d,
    0xff8e,0xff8e,0xff8e,0x2823,0x2003,0xf74e,0xff8e,0xff8e,0xff8e,0xff8e,0xff8e,0xff8e,0xff8e,0xff8e,0xff8e,0xff8e,0xff8f,0xff8e,0xff8f,0x2844,0x2024,0x9c68,0xff8e,0xff8e,
    0xff8e,0xff8e,0x0002,0x2804,0xfff0,0xff8e,0xff8e,0xff8e,0xff8e,0xffb0,0x2804,0x1823,0x0000,0x0000,0x0000,0x0000,0x0000,0x0000,0x0000,0x0000,0x0000,0x0000,0x0000,0x0000,
    0x0000,0x0000,0x0000,0x0000,0x0000,0x0000,0x0000,0x0000,0x0000,0x0000,0x0000,0x0000,0x8831,0x2804,0x6b06,0xff8d,0xff8e,0xff8e,0xff8e,0xff8e,0xffcf,0xffaf,0xffaf,0xffae,
    0xff8e,0xff8e,0xff8e,0xffaf,0xff8d,0xff8f,0xff8f,0xfff0,0xff8f,0xffae,0xff8e,0xff8e,0xff8e,0xff8e,0xff8e,0xff8e,0xfff0,0xfff0,0xff8e,0x1002,0x0802,0xff8e,0xff8e,0xff8e,
    0xff8e,0xffaf,0xffb0,0xffce,0xffae,0xff8e,0xffaf,0xff8e,0xff8e,0xffae,0x2003,0x0801,0x0000,0x0000,0x0000,0x0000,0x0000,0x0000,0x0000,0x0000,0x0000,0x0000,0x0000,0x0000,
    0x0000,0x0000,0x0000,0x0000,0x0000,0x0000,0x0000,0x0000,0x0000,0x0000,0x0000,0x2005,0x2004,0xe70f,0xff8f,0xff8e,0xff8e,0xff8e,0xffce,0xfb74,0xfb94,0xfb74,0xfb94,0xff8f,
    0xff8e,0xff8e,0xff8e,0xff8e,0xff8e,0xff8e,0xff8d,0x2824,0x2843,0xf76d,0xff8e,0xffae,0xff8e,0xff8e,0xffae,0x93e7,0x2003,0x1002,0xffae,0xff8e,0xff8e,0xff8e,0xff8e,0xff8e,
    0xffae,0xfd92,0xfb94,0xfb74,0xfb94,0xfbb4,0xff8e,0xff8e,0xff8e,0xffae,0x1001,0x1803,0x1823,0x0000,0x0000,0x0000,0x0000,0x0000,0x0000,0x0000,0x0000,0x0000,0x0000,0x0000,
    0x0000,0x0000,0x0000,0x0000,0x0000,0x0000,0x0000,0x0000,0x0000,0x0000,0x0000,0x3808,0x2804,0xef4f,0xff8e,0xff8e,0xff8e,0xfcf1,0xfbb3,0xfbb3,0xfbb3,0xfbb3,0xfb93,0xfbb3,
    0xfcb2,0xff8e,0xff8e,0xff8e,0xff8e,0xff8e,0xff8f,0xf76f,0x2024,0x2003,0xffad,0xffae,0xffad,0xffad,0xff8d,0x2004,0x1001,0xef0f,0xff8e,0xff8e,0xff8e,0xff8e,0xff8e,0xff8e,
    0xfd0f,0xfbb3,0xfbb3,0xfbb3,0xfbd3,0xfbb3,0xfbb4,0xfd10,0xff8e,0xff8e,0xff8e,0x2024,0x2004,0x0000,0x0000,0x0000,0x0000,0x0000,0x0000,0x0000,0x0000,0x0000,0x0000,0x0000,
    0x0000,0x0000,0x0000,0x0000,0x0000,0x0000,0x0000,0x0000,0x0000,0x0000,0x0000,0x2805,0x2003,0xef2f,0xffae,0xff8e,0xff6e,0xfbb3,0xfbb3,0xfbb3,0xfbb3,0xfbb3,0xfbb3,0xfbb3,
    0xfb55,0xff8e,0xff8e,0xff8e,0xff8e,0xff8e,0xff8e,0xff8e,0x8387,0x1803,0x1802,0x2003,0x2804,0x2003,0x2003,0x2824,0xf74d,0xff8e,0xffae,0xff8e,0xff8e,0xff8e,0xff8e,0xff8f,
    0xfbb3,0xfbb3,0xfbb3,0xfbb3,0xfbb3,0xfbb3,0xfbb3,0xfbd2,0xff8e,0xff8e,0xffaf,0x2804,0x1002,0x0000,0x0000,0x0000,0x0000,0x0000,0x0000,0x0000,0x0000,0x0000,0x0000,0x0000,
    0x0000,0x0000,0x0000,0x0000,0x0000,0x0000,0x0000,0x0000,0x0000,0x0000,0x1803,0x1803,0x41a4,0xef4f,0xff8e,0xff8e,0xff8e,0xfb93,0xfbb3,0xfbb3,0xfbb3,0xfbb3,0xfbb3,0xfbb3,
    0xfb55,0xff8e,0xff8e,0xff8e,0xff8e,0xff8e,0xff8e,0xffad,0x2024,0x2825,0xf70d,0xff6d,0xff6f,0xff6e,0xc56b,0x2824,0x49a6,0xff8e,0xff8e,0xff8e,0xff8e,0xff8e,0xff8e,0xff8f,
    0xfbb3,0xfb93,0xfb93,0xfbb3,0xfbb3,0xfbb3,0xfbb3,0xfbb2,0xff8e,0xff8e,0xff8e,0x1803,0x1002,0x0000,0x0000,0x0000,0x0000,0x0000,0x0000,0x0000,0x0000,0x0000,0x0000,0x0000,
    0x0000,0x0000,0x0000,0x0000,0x0000,0x0000,0x0000,0x0000,0x0000,0x0000,0x2805,0x2804,0xff8f,0xff8e,0xff8e,0xff8e,0xff8e,0x0000,0xfbb3,0xfbb3,0xfbb3,0xfbb3,0xfbb3,0xfbb3,
    0x0000,0xff8e,0xff8e,0xff8e,0xff8e,0xff8e,0xff8f,0x1003,0x3943,0x7b47,0xff8f,0xff8e,0xff8e,0xff8e,0xff8e,0x9c69,0x2024,0xbd29,0xffae,0xff8e,0xff8e,0xff8e,0xff8e,0xff8e,
    0xf332,0xfbb3,0xfbb3,0xfbb3,0xfbb3,0xfbb3,0xfbb3,0xfb52,0xff8e,0xff8e,0xff6e,0x1002,0x2804,0x2005,0x0000,0x0000,0x0000,0x0000,0x0000,0x0000,0x0000,0x0000,0x0000,0x0000,
    0x0000,0x0000,0x0000,0x0000,0x0000,0x0000,0x0000,0x0000,0x0000,0x0000,0x2004,0x2003,0xff90,0xff8e,0xff8e,0xff8e,0xff8e,0xff8e,0xffcc,0xfbd3,0xfbd3,0xfbd3,0xfbf3,0xff6e,
    0xff8e,0xff8e,0xff8e,0xff8e,0xff8e,0xff8e,0xff8e,0xff6e,0xff8e,0xff8e,0xff8e,0xff8e,0xff8e,0xff8e,0xff8e,0xff8e,0xff6e,0xff8e,0xff8e,0xffae,0xff8e,0xff8e,0xff8e,0xff8e,
    0xff8e,0xfe4e,0xfbd3,0xfbd3,0xfbd3,0xfbd3,0xff6f,0xff8e,0xff8e,0xff8e,0xff8e,0xff8e,0x1803,0x2005,0x0000,0x0000,0x0000,0x0000,0x0000,0x0000,0x0000,0x0000,0x0000,0x0000,
    0x0000,0x0000,0x0000,0x0000,0x0000,0x0000,0x0000,0x0000,0x0000,0x0000,0x1823,0x2004,0xff8f,0xff8e,0xff8e,0xff8e,0xff8e,0xff8e,0xff6e,0xff8e,0xff8e,0xff8e,0xff8e,0xff8e,
    0xff8e,0xff8e,0xff8e,0xff8e,0xff8e,0xff8e,0xff8e,0xff8e,0xff8e,0xff8e,0xff8e,0xff8e,0xff8e,0xff8e,0xff8e,0xff8e,0xff8e,0xff8e,0xff8e,0xff8e,0xff8e,0xff8e,0xff8e,0xff8e,
    0xff8e,0xff8e,0xff8e,0xff8e,0xff8e,0xff8e,0xff8e,0xff8e,0xff8e,0xff8e,0xff8e,0xff8f,0x1002,0x2805,0x2805,0x0000,0x0000,0x0000,0x0000,0x0000,0x0000,0x0000,0x0000,0x0000,
    0x0000,0x0000,0x0000,0x0000,0x0000,0x0000,0x0000,0x0000,0x0000,0x3025,0x2003,0x1843,0xffb0,0xff8e,0xff8e,0xff8e,0xff8e,0xff8e,0xff8e,0xff8e,0xff6e,0xff8e,0xff8e,0xff6e,
    0xff8e,0xff8e,0xff8e,0xff8e,0xff8e,0xff8e,0xff8e,0xe6ed,0xc5cb,0xc5ab,0xbd8b,0xc5cb,0xc5eb,0xc5cb,0xce2c,0xce2d,0xff8e,0xff8e,0xffae,0xff8e,0xff8e,0xff8e,0xff8e,0xff8e,
    0xff8e,0xff8e,0xff8e,0xff8e,0xff8e,0xff8e,0xff8e,0xff8e,0xff8e,0xff8e,0xff8e,0xff8e,0xff8e,0x1022,0x1804,0x0000,0x0000,0x0000,0x0000,0x0000,0x0000,0x0000,0x0000,0x0000,
    0x0000,0x0000,0x0000,0x0000,0x0000,0x0000,0x0000,0x0000,0x0000,0x2805,0x2824,0xff8f,0xff8e,0xff8e,0xff8e,0xff8e,0xff8e,0xff8e,0xff8e,0xff8e,0xff8e,0xfeab,0xfe48,0xff8e,
    0xff8e,0xff8e,0xff8e,0xff8e,0xff6e,0x1863,0x2864,0x1823,0x1001,0x1801,0x3043,0x2823,0x2823,0x1822,0x1803,0x1821,0xffae,0xffae,0xff8e,0xff8e,0xff8e,0xff8e,0xff8e,0xff8e,
    0xff8e,0xff4c,0xfe69,0xff8e,0xff8e,0xff8e,0xff8e,0xff8e,0xff8e,0xff8e,0xff8e,0xff8e,0xff8f,0x2023,0x2003,0x0000,0x0000,0x0000,0x0000,0x0000,0x0000,0x0000,0x0000,0x0000,
    0x0000,0x0000,0x0000,0x0000,0x0000,0x0000,0x0000,0x0000,0x2023,0x1802,0x1862,0xff8f,0xff8e,0xff8e,0xff8e,0xff8e,0xff8e,0xff8e,0xff8e,0xff8e,0xff8f,0xfe87,0xfe05,0xfe87,
    0xff8e,0xff8e,0xff8e,0xffcf,0x1003,0x1002,0xcc8b,0xcc4a,0xf56c,0xed4b,0xecea,0xed0b,0xfdce,0xf6b3,0x1803,0xd62e,0xffaf,0xffae,0xff8e,0xff8e,0xffae,0xff8e,0xff8e,0xff8e,
    0xfec9,0xfdc3,0xfe05,0xff8e,0xff8e,0xff8e,0xff8e,0xff8e,0xff8e,0xff8e,0xff8e,0xff8e,0xff8e,0x2023,0x2824,0x0000,0x0000,0x0000,0x0000,0x0000,0x0000,0x0000,0x0000,0x0000,
    0x0000,0x0000,0x0000,0x0000,0x0000,0x0000,0x0000,0x0000,0x2804,0x2844,0xff8e,0xff8e,0xff8e,0xff8e,0xff8e,0xff8e,0xff8e,0xff8e,0xff8e,0xff8e,0xff8e,0xffb0,0xf541,0x0802,
    0xf72f,0xff8d,0x9c29,0x0802,0x2804,0xbbca,0xf56c,0xf54b,0xf54c,0xed2c,0x48a1,0x50c1,0xf5ee,0xfed3,0xfe94,0x2825,0xff8f,0xff8d,0xff6d,0xf770,0xffae,0xffad,0xf74f,0xef2e,
    0x1842,0xf521,0xff6d,0xff8e,0xff8e,0xff8e,0xff8e,0xff8e,0xff8e,0xff8e,0xff8e,0xff8e,0xff8e,0xff90,0x2844,0x2003,0x0000,0x0000,0x0000,0x0000,0x0000,0x0000,0x0000,0x0000,
    0x0000,0x0000,0x0000,0x0000,0x0000,0x0000,0x0000,0x0000,0x2004,0x2043,0xff8e,0xff8e,0xff8e,0xff8e,0xff8e,0xff8e,0xff8e,0xff8e,0xff8e,0xff8e,0xff8e,0xff8e,0xf74e,0x0802,
    0x2825,0xffaf,0x9429,0x2843,0x71e5,0xf58d,0xf56c,0xf52b,0xf54b,0x4881,0x58c1,0x48a1,0x40a1,0xff36,0xff76,0x9bec,0x1822,0x1843,0x2804,0x2824,0xef0e,0xe6ce,0x2023,0x2824,
    0x1802,0xff8e,0xff8e,0xff8e,0xff8e,0xff8e,0xff8e,0xff8e,0xff8e,0xff8e,0xff8e,0xff8e,0xff8e,0xff8e,0x2043,0x2804,0x0000,0x0000,0x0000,0x0000,0x0000,0x0000,0x0000,0x0000,
    0x0000,0x0000,0x0000,0x0000,0x0000,0x0000,0x0000,0x0000,0x2003,0x1823,0xff8e,0xff8e,0xff8e,0xff8e,0xff8e,0xff8e,0xff8e,0xff8e,0xff8e,0xff8e,0xff8e,0xff8e,0xff8e,0xff8f,
    0xffef,0x1022,0x2004,0x6985,0xed4b,0xf56c,0xed2c,0xf52b,0xf54c,0xf54b,0x48a0,0x4080,0xf52b,0xf509,0xff14,0xfef3,0xfef4,0xff13,0xf6b2,0x2023,0x1803,0x1803,0x1862,0xffef,
    0xff8d,0xff8e,0xff8e,0xff8e,0xff8e,0xff8e,0xff8e,0xff8e,0xff8e,0xff8e,0xff8e,0xff8e,0xff8e,0xff8e,0x2844,0x1803,0x0000,0x0000,0x0000,0x0000,0x0000,0x0000,0x0000,0x0000,
    0x0000,0x0000,0x0000,0x0000,0x0000,0x0000,0x0000,0x0000,0x2804,0x2844,0xff8f,0xff8e,0xff8e,0xff8e,0xff8e,0xff8e,0xff8e,0xff8e,0xff8e,0xff8e,0xff8e,0xff8e,0xff8e,0xff8e,
    0xff8e,0x93a7,0x2863,0x2044,0xed0b,0x6143,0x58e2,0xd448,0xf54b,0xf56c,0xf54b,0xf54b,0xf56b,0xf54b,0xf52b,0xf58d,0xff57,0xff34,0xf5ae,0xed2c,0x2824,0x2002,0xff8d,0xff8d,
    0xff8e,0xff8e,0xff8e,0xff8e,0xff8e,0xff8e,0xff8e,0xff8e,0xff8e,0xff8e,0xff8e,0xff8e,0xff8e,0xff6e,0x2043,0x2804,0x0000,0x0000,0x0000,0x0000,0x0000,0x0000,0x0000,0x0000,
    0x0000,0x0000,0x0000,0x0000,0x0000,0x0000,0x0000,0x0000,0x1803,0x1803,0x2063,0xff6f,0xff8e,0xff8e,0xff8f,0xff8e,0xff8e,0xff8e,0xff8e,0xff8e,0xff8e,0xff8e,0xff8e,0xff8e,
    0xff8e,0xff8e,0x5ae5,0x1803,0xdca9,0x58e1,0x58e2,0x58e2,0xfded,0xf54b,0xf54b,0xf56c,0xf54b,0xf54b,0xf54b,0xf54b,0xed2b,0xf52c,0x50e2,0x50c1,0x1803,0x1801,0xff8e,0xff8e,
    0xff8e,0xff8e,0xff8e,0xff8e,0xff8e,0xff8e,0xff8e,0xff8e,0xff8e,0xff8e,0xff8e,0xff8e,0xff8f,0x2063,0x1803,0x1803,0x0000,0x0000,0x0000,0x0000,0x0000,0x0000,0x0000,0x0000,
    0x0000,0x0000,0x0000,0x0000,0x0000,0x0000,0x0000,0x0000,0x0000,0x3005,0x2805,0xf78f,0xff8f,0xff6d,0xfe69,0xfe48,0xff0d,0xff8e,0xff8e,0xff8e,0xff8e,0xff8e,0xff8e,0xff8e,
    0xff8e,0xff6e,0x6b06,0x2004,0xf52b,0x50e1,0x4081,0x92a6,0xf56c,0xf54b,0xf54b,0xf54b,0xf56c,0xf54b,0xf54b,0xf54b,0xf54b,0xed2b,0x58c1,0x4881,0x2024,0x2023,0xff8e,0xff8e,
    0xff8e,0xff8e,0xff8e,0xff8e,0xff8e,0xff8e,0xff8e,0xff4d,0xfe49,0xfe69,0xf6ab,0xee69,0xf66b,0x2824,0x2805,0x0000,0x0000,0x0000,0x0000,0x0000,0x0000,0x0000,0x0000,0x0000,
    0x0000,0x0000,0x0000,0x0000,0x0000,0x0000,0x0000,0x0000,0x0000,0x0000,0x2003,0x2003,0x2004,0x2023,0xf583,0xfe48,0xfe49,0xfec9,0xff8e,0xff8e,0xff8e,0xff8e,0xff8e,0xff8e,
    0xff8e,0xbcca,0x1003,0x1002,0xed0b,0xed4b,0xed6c,0xf52b,0xed2b,0xed4b,0x79e4,0x71a2,0xfd8c,0xf54b,0xf52b,0xf54b,0xf54b,0xf56c,0xf54c,0xed2a,0x1823,0x2825,0x3065,0xff8e,
    0xff8e,0xff8e,0xff8e,0xff8e,0xff8e,0xff8d,0xfe89,0xfe49,0xfe27,0xfde5,0x1003,0x2004,0x1803,0x1803,0x0000,0x0000,0x0000,0x0000,0x0000,0x0000,0x0000,0x0000,0x0000,0x0000,
    0x0000,0x0000,0x0000,0x0000,0x0000,0x0000,0x0000,0x0000,0x0000,0x0000,0x0000,0x2805,0x1823,0x1843,0xfe89,0xff8e,0xfee8,0xfd61,0xb323,0xffaf,0xff8e,0xff8e,0xff8e,0xff6d,
    0x1002,0x2825,0x3062,0xed0a,0xed2b,0xed4b,0xdc07,0xf54b,0xf54c,0x6123,0x58e2,0x50e1,0x50e2,0xf52b,0xf54b,0xf54b,0xf54b,0xf52b,0xf52b,0xf56b,0xfe2d,0x1021,0x2003,0x1824,
    0xff8e,0xff8d,0xff8e,0xff8e,0xffae,0x2801,0xece0,0xfea9,0xfeaa,0xfe68,0x0001,0x2004,0x2005,0x0000,0x0000,0x0000,0x0000,0x0000,0x0000,0x0000,0x0000,0x0000,0x0000,0x0000,
    0x0000,0x0000,0x0000,0x0000,0x0000,0x0000,0x0000,0x0000,0x0000,0x0000,0x0000,0x2805,0x3865,0xff8e,0xffae,0xffae,0xffae,0xffaf,0x7ae6,0x1803,0x1823,0x2023,0x2824,0x1822,
    0x1002,0x8226,0xf52a,0xf54b,0xf54b,0xf56c,0xf56b,0xf54b,0xf52a,0x48c2,0x50c1,0x58c1,0x48a1,0xf50a,0xf54b,0xf54b,0xed0a,0x50c1,0x4861,0xed2a,0xed2a,0xf50a,0x81a4,0x2003,
    0x2024,0x1823,0x1823,0x2024,0x2825,0xa44a,0xff6d,0xff6d,0xff8e,0xff8d,0xff6e,0x2044,0x1803,0x0000,0x0000,0x0000,0x0000,0x0000,0x0000,0x0000,0x0000,0x0000,0x0000,0x0000,
    0x0000,0x0000,0x0000,0x0000,0x0000,0x0000,0x0000,0x0000,0x0000,0x0000,0x0000,0x2804,0x2844,0xff8e,0xffae,0xffae,0xffae,0xffae,0xffae,0xf76e,0xf78f,0xf76f,0xf790,0xf78f,
    0x3065,0x9286,0xf58c,0xf54b,0xd3c7,0xf58c,0xed4b,0xf54b,0xf54b,0xf54b,0x3040,0x3020,0xfdad,0xed2b,0xf54b,0xf52a,0x3842,0x3842,0x2822,0x50a2,0xed2a,0xec89,0x81a4,0x1822,
    0xf76e,0xff90,0xf76f,0xf74e,0xf76e,0xff8f,0xff8e,0xff8e,0xff8e,0xff8e,0xff6d,0x2844,0x2805,0x0000,0x0000,0x0000,0x0000,0x0000,0x0000,0x0000,0x0000,0x0000,0x0000,0x0000,
    0x0000,0x0000,0x0000,0x0000,0x0000,0x0000,0x0000,0x0000,0x0000,0x0000,0x0000,0x1803,0x2844,0xff8f,0xffae,0xffae,0xffae,0xffae,0xffae,0xffae,0xffae,0xffae,0xffae,0xffae,
    0xbd4c,0x2825,0xe428,0xf54b,0xf56b,0xf54b,0xf54b,0xfd8c,0xfd4b,0xf54b,0xf54b,0xed2b,0xf54b,0xed2b,0xed4b,0xed2a,0xf54a,0x2821,0x2001,0xf52a,0xe488,0xec47,0x2804,0x3065,
    0xff8d,0xff8e,0xff8e,0xff8e,0xff8e,0xff8e,0xff8e,0xff8e,0xff8e,0xff8e,0xff0b,0x2023,0x2004,0x0000,0x0000,0x0000,0x0000,0x0000,0x0000,0x0000,0x0000,0x0000,0x0000,0x0000,
    0x0000,0x0000,0x0000,0x0000,0x0000,0x0000,0x0000,0x0000,0x0000,0x0000,0x0000,0x2805,0x2844,0xfe89,0xffae,0xffae,0xffae,0xffae,0xffae,0xffaf,0xffaf,0xffae,0xff8e,0xffae,
    0xffaf,0x2083,0x1803,0x9a47,0xe447,0xf54b,0xf54c,0x50e2,0x58e2,0x48c2,0xf52b,0xed4b,0xf54b,0xf52a,0xed2a,0xf54b,0xf54b,0xf54b,0xe447,0xe407,0x8a06,0x1803,0x2063,0xff8f,
    0xff8e,0xff8e,0xff8e,0xff8e,0xff8e,0xff8e,0xff8e,0xff8e,0xff8e,0xff6d,0xfe8b,0x3044,0x2004,0x0000,0x0000,0x0000,0x0000,0x0000,0x0000,0x0000,0x0000,0x0000,0x0000,0x0000,
    0x0000,0x0000,0x0000,0x0000,0x0000,0x0000,0x0000,0x0000,0x0000,0x0000,0x0000,0x2804,0x2805,0x3865,0xffaf,0xffae,0xffae,0xffaf,0xffae,0xffae,0xffae,0xffae,0xffae,0xffae,
    0xffae,0xffad,0xffee,0x2004,0x1002,0xdbc6,0xecea,0x4881,0x3861,0x3881,0xed0a,0xf56b,0xed4b,0xf54b,0xecca,0xdc07,0xdbc6,0xdc07,0xdbe7,0x2043,0x2825,0xffef,0xff8d,0xff8e,
    0xff8e,0xff8e,0xff8e,0xff8e,0xff8e,0xff8e,0xff8e,0xff8e,0xfe89,0xfe69,0x1843,0x2804,0x2805,0x0000,0x0000,0x0000,0x0000,0x0000,0x0000,0x0000,0x0000,0x0000,0x0000,0x0000,
    0x0000,0x0000,0x0000,0x0000,0x0000,0x0000,0x0000,0x0000,0x0000,0x0000,0x0000,0x0000,0x2805,0x2024,0xfe47,0xff8d,0xffae,0xffaf,0xfd21,0xfda3,0xfda3,0xff8d,0xffaf,0xffaf,
    0xffae,0xff8e,0xffaf,0xff6e,0x1823,0x2805,0xdc07,0xcb85,0xc325,0xec88,0xdbe6,0xdbe6,0xdbc6,0xdbe6,0xdc07,0xe427,0xe3c6,0xf446,0x2824,0x2825,0xf791,0xff8f,0xff8e,0xff8e,
    0xffae,0xff8e,0xff8e,0xfd82,0xfda2,0xfdc3,0xfeca,0xfe89,0xfe69,0xfe68,0x1022,0x1803,0x0000,0x0000,0x0000,0x0000,0x0000,0x0000,0x0000,0x0000,0x0000,0x0000,0x0000,0x0000,
    0x0000,0x0000,0x0000,0x0000,0x0000,0x0000,0x0000,0x0000,0x0000,0x0000,0x0000,0x0000,0x2004,0x1803,0x1023,0xfe69,0xfe68,0xfe06,0xf4c0,0xfd82,0xfda3,0xfdc4,0xfda3,0xffaf,
    0xffae,0xff8f,0xffae,0xffae,0xff8f,0x2884,0x1843,0x2023,0x2003,0x2824,0x2023,0x1803,0x2023,0x2023,0x2823,0x3005,0x2043,0x1823,0xffae,0xff8d,0xff8e,0xff8e,0xffae,0xff8f,
    0xff8e,0xfda1,0xfda2,0xfda2,0xfda2,0xfda2,0xfd61,0xfe69,0xfe69,0x2885,0x1803,0x2004,0x0000,0x0000,0x0000,0x0000,0x0000,0x0000,0x0000,0x0000,0x0000,0x0000,0x0000,0x0000,
    0x0000,0x0000,0x0000,0x0000,0x0000,0x0000,0x0000,0x0000,0x0000,0x0000,0x0000,0x0000,0x0000,0x480a,0x2825,0x2083,0x1882,0x4103,0xff6d,0xff8e,0xff8e,0xff8e,0xffae,0xfd83,
    0xff8e,0xffaf,0xff8e,0xff8e,0xff8e,0xff8d,0xff8d,0x2064,0x2844,0x2043,0x2043,0x3045,0x3044,0x2043,0x2043,0x38a4,0xffae,0xff8d,0xff6d,0xff8d,0xff8e,0xff8d,0xff8f,0xff8f,
    0xfde5,0xff2b,0xff8e,0xff8e,0xff8e,0xff8d,0x38e4,0x28a3,0x1883,0x2805,0x1823,0x0000,0x0000,0x0000,0x0000,0x0000,0x0000,0x0000,0x0000,0x0000,0x0000,0x0000,0x0000,0x0000,
    0x0000,0x0000,0x0000,0x0000,0x0000,0x0000,0x0000,0x0000,0x0000,0x0000,0x0000,0x0000,0x0000,0x0000,0x2004,0x2004,0x2003,0x8b87,0xff8e,0xff8e,0xff8e,0xff8e,0xff8e,0xfeea,
    0xfd62,0xfe06,0xfe48,0xfe6a,0xfe6a,0xfe69,0xfe89,0xfe68,0xfe89,0xfe89,0xfe89,0xfe8a,0xfe89,0xfe68,0xfe69,0xfe8a,0xfe69,0xfe69,0xfe6a,0xfe49,0xfe48,0xfe49,0xf500,0xfd82,
    0xff8f,0xff8e,0xff8e,0xff8e,0xff8e,0xff8e,0x8366,0x2004,0x2003,0x2004,0x0000,0x0000,0x0000,0x0000,0x0000,0x0000,0x0000,0x0000,0x0000,0x0000,0x0000,0x0000,0x0000,0x0000,
    0x0000,0x0000,0x0000,0x0000,0x0000,0x0000,0x0000,0x0000,0x0000,0x0000,0x0000,0x0000,0x0000,0x0000,0x2003,0x1803,0x1803,0xff0b,0xfeab,0xff8e,0xff8e,0xff8e,0xff8e,0xff6e,
    0xfeab,0x2023,0x1803,0x2804,0x2003,0x2023,0x2004,0x2004,0x2004,0x2004,0x2004,0x2003,0x2023,0x2004,0x2004,0x1803,0x1823,0x1823,0x2004,0x2004,0x2003,0x2004,0x1823,0xf6ca,
    0xff8e,0xff8e,0xff8e,0xff8e,0xff8d,0xff8d,0xfeea,0x2804,0x2003,0x0000,0x0000,0x0000,0x0000,0x0000,0x0000,0x0000,0x0000,0x0000,0x0000,0x0000,0x0000,0x0000,0x0000,0x0000,
    0x0000,0x0000,0x0000,0x0000,0x0000,0x0000,0x0000,0x0000,0x0000,0x0000,0x0000,0x0000,0x0000,0x0000,0x0000,0x2003,0x2804,0x2003,0xfeaa,0xfe89,0xfe89,0xfe89,0xfe89,0xfe89,
    0xff6a,0x2004,0x2825,0x3808,0x3007,0x400a,0x4009,0x3808,0x3808,0x3808,0x3808,0x3808,0x3808,0x4009,0x3808,0x3007,0x3007,0x3808,0x3808,0x3007,0x4009,0x2805,0x2804,0xff0c,
    0xff8d,0xff8d,0xff4d,0xff2c,0xfe89,0xfe89,0x2043,0x2004,0x2804,0x0000,0x0000,0x0000,0x0000,0x0000,0x0000,0x0000,0x0000,0x0000,0x0000,0x0000,0x0000,0x0000,0x0000,0x0000,
    0x0000,0x0000,0x0000,0x0000,0x0000,0x0000,0x0000,0x0000,0x0000,0x0000,0x0000,0x0000,0x0000,0x0000,0x0000,0x1003,0x1002,0x1803,0x1002,0x1803,0x2004,0x1803,0x1003,0x1803,
    0x1802,0x2003,0x2825,0x0000,0x0000,0x0000,0x0000,0x0000,0x0000,0x0000,0x0000,0x0000,0x0000,0x0000,0x0000,0x0000,0x0000,0x0000,0x0000,0x0000,0x0000,0x1803,0x1803,0x1803,
    0x1803,0x0802,0x1003,0x1804,0x0802,0x1003,0x2804,0x1803,0x2805,0x0000,0x0000,0x0000,0x0000,0x0000,0x0000,0x0000,0x0000,0x0000,0x0000,0x0000,0x0000,0x0000,0x0000,0x0000,
    0x0000,0x0000,0x0000,0x0000,0x0000,0x0000,0x0000,0x0000,0x0000,0x0000,0x0000,0x0000,0x0000,0x0000,0x0000,0x0000,0x0000,0x2003,0x2804,0x2805,0x2004,0x2003,0x2004,0x2805,
    0x2004,0x0000,0x0000,0x0000,0x0000,0x0000,0x0000,0x0000,0x0000,0x0000,0x0000,0x0000,0x0000,0x0000,0x0000,0x0000,0x0000,0x0000,0x0000,0x0000,0x0000,0x0000,0x4008,0x2004,
    0x2805,0x2004,0x1803,0x2004,0x2004,0x2004,0x2805,0x0000,0x0000,0x0000,0x0000,0x0000,0x0000,0x0000,0x0000,0x0000,0x0000,0x0000,0x0000,0x0000,0x0000,0x0000,0x0000,0x0000,
    0x0000,0x0000,0x0000,0x0000,0x0000,0x0000,0x0000,0x0000,0x0000,0x0000,0x0000,0x0000,0x0000,0x0000,0x0000,0x0000,0x0000,0x0000,0x0000,0x0000,0x0000,0x0000,0x0000,0x0000,
    0x0000,0x0000,0x0000,0x0000,0x0000,0x0000,0x0000,0x0000,0x0000,0x0000,0x0000,0x0000,0x0000,0x0000,0x0000,0x0000,0x0000,0x0000,0x0000,0x0000,0x0000,0x0000,0x0000,0x0000,
    0x0000,0x0000,0x0000,0x0000,0x0000,0x0000,0x0000,0x0000,0x0000,0x0000,0x0000,0x0000,0x0000,0x0000,0x0000,0x0000,0x0000,0x0000,0x0000,0x0000,0x0000,0x0000,0x0000,0x0000,
    0x0000,0x0000,0x0000,0x0000,0x0000,0x0000,0x0000,0x0000,0x0000,0x0000,0x0000,0x0000,0x0000,0x0000,0x0000,0x0000,0x0000,0x0000,0x0000,0x0000,0x0000,0x0000,0x0000,0x0000,
    0x0000,0x0000,0x0000,0x0000,0x0000,0x0000,0x0000,0x0000,0x0000,0x0000,0x0000,0x0000,0x0000,0x0000,0x0000,0x0000,0x0000,0x0000,0x0000,0x0000,0x0000,0x0000,0x0000,0x0000,
    0x0000,0x0000,0x0000,0x0000,0x0000,0x0000,0x0000,0x0000,0x0000,0x0000,0x0000,0x0000,0x0000,0x0000,0x0000,0x0000,0x0000,0x0000,0x0000,0x0000,0x0000,0x0000,0x0000,0x0000,
    0x0000,0x0000,0x0000,0x0000,0x0000,0x0000,0x0000,0x0000,0x0000,0x0000,0x0000,0x0000,0x0000,0x0000,0x0000,0x0000,0x0000,0x0000,0x0000,0x0000,0x0000,0x0000,0x0000,0x0000,
    0x0000,0x0000,0x0000,0x0000,0x0000,0x0000,0x0000,0x0000,0x0000,0x0000,0x0000,0x0000,0x0000,0x0000,0x0000,0x0000,0x0000,0x0000,0x0000,0x0000,0x0000,0x0000,0x0000,0x0000,
    0x0000,0x0000,0x0000,0x0000,0x0000,0x0000,0x0000,0x0000,0x0000,0x0000,0x0000,0x0000,0x0000,0x0000,0x0000,0x0000,0x0000,0x0000,0x0000,0x0000,0x0000,0x0000,0x0000,0x0000,
  },
  /* sleep */ {
    0x0000,0x0000,0x0000,0x0000,0x0000,0x0000,0x0000,0x0000,0x0000,0x0000,0x0000,0x0000,0x0000,0x0000,0x0000,0x0000,0x0000,0x0000,0x0000,0x0000,0x0000,0x0000,0x0000,0x0000,
    0x0000,0x0000,0x0000,0x0000,0x0000,0x0000,0x0000,0x0000,0x0000,0x0000,0x0000,0x0000,0x0000,0x0000,0x0000,0x0000,0x0000,0x0000,0x0000,0x0000,0x0000,0x0000,0x0000,0x0000,
    0x0000,0x0000,0x0000,0x0000,0x0000,0x0000,0x0000,0x0000,0x0000,0x0000,0x0000,0x0000,0x0000,0x0000,0x0000,0x0000,0x0000,0x0000,0x0000,0x0000,0x0000,0x0000,0x0000,0x0000,
    0x0000,0x0000,0x0000,0x0000,0x0000,0x0000,0x0000,0x0000,0x0000,0x0000,0x0000,0x0000,0x0000,0x0000,0x0000,0x0000,0x0000,0x0000,0x0000,0x0000,0x0000,0x0000,0x0000,0x0000,
    0x0000,0x0000,0x0000,0x0000,0x0000,0x0000,0x0000,0x0000,0x0000,0x0000,0x0000,0x0000,0x0000,0x0000,0x0000,0x0000,0x0000,0x0000,0x0000,0x0000,0x0000,0x0000,0x0000,0x0000,
    0x0000,0x0000,0x0000,0x0000,0x0000,0x0000,0x0000,0x0000,0x0000,0x0000,0x0000,0x0000,0x0000,0x0000,0x0000,0x0000,0x0000,0x0000,0x0000,0x0000,0x0000,0x0000,0x0000,0x0000,
    0x0000,0x0000,0x0000,0x0000,0x0000,0x0000,0x0000,0x0000,0x0000,0x0000,0x0000,0x0000,0x0000,0x0000,0x0000,0x0000,0x0000,0x0000,0x0000,0x0000,0x0000,0x0000,0x0000,0x0000,
    0x0000,0x0000,0x0000,0x0000,0x0000,0x0000,0x0000,0x0000,0x0000,0x0000,0x0000,0x0000,0x0000,0x0000,0x0000,0x0000,0x0000,0x0000,0x0000,0x0000,0x0000,0x0000,0x0000,0x0000,
    0x0000,0x0000,0x0000,0x0000,0x0000,0x0000,0x0000,0x0000,0x0000,0x0000,0x0000,0x0000,0x0000,0x0000,0x0000,0x0000,0x0000,0x0000,0x0000,0x0000,0x0000,0x0000,0x0000,0x0000,
    0x0000,0x0000,0x0000,0x0000,0x0000,0x0000,0x0000,0x0000,0x0000,0x0000,0x0000,0x0000,0x0000,0x0000,0x0000,0x0000,0x0000,0x0000,0x0000,0x0000,0x0000,0x0000,0x0000,0x0000,
    0x0000,0x0000,0x0000,0x0000,0x0000,0x0000,0x0000,0x0000,0x0000,0x0000,0x0000,0x0000,0x0000,0x0000,0x0000,0x0000,0x0000,0x0000,0x0000,0x0000,0x0000,0x0000,0x0000,0x0000,
    0x0000,0x0000,0x0000,0x0000,0x0000,0x0000,0x0000,0x0000,0x0000,0x0000,0x0000,0x0000,0x0000,0x0000,0x0000,0x0000,0x0000,0x0000,0x0000,0x0000,0x0000,0x0000,0x0000,0x0000,
    0x0000,0x0000,0x0000,0x0000,0x0000,0x0000,0x0000,0x0000,0x0000,0x0000,0x0000,0x0000,0x0000,0x0000,0x0000,0x0000,0x0000,0x0000,0x0000,0x0000,0x0000,0x0000,0x0000,0x0000,
    0x0000,0x0000,0x0000,0x0000,0x0000,0x0000,0x0000,0x0000,0x0000,0x0000,0x0000,0x0000,0x0000,0x0000,0x0000,0x0000,0x0000,0x0000,0x0000,0x0000,0x0000,0x0000,0x0000,0x0000,
    0x0000,0x0000,0x0000,0x0000,0x0000,0x0000,0x0000,0x0000,0x0000,0x0000,0x0000,0x0000,0x0000,0x0000,0x0000,0x0000,0x0000,0x0000,0x0000,0x0000,0x0000,0x0000,0x0000,0x0000,
    0x0000,0x0000,0x0000,0x0000,0x0000,0x0000,0x0000,0x0000,0x0000,0x0000,0x0000,0x0000,0x0000,0x0000,0x0000,0x0000,0x0000,0x0000,0x0000,0x0000,0x0000,0x0000,0x0000,0x0000,
    0x0000,0x0000,0x0000,0x0000,0x0000,0x0000,0x0000,0x0000,0x0000,0x0000,0x0000,0x0000,0x0000,0x0000,0x0000,0x0000,0x0000,0x0000,0x0000,0x0000,0x0000,0x0000,0x0000,0x0000,
    0x0000,0x0000,0x0000,0x0000,0x0000,0x0000,0x0000,0x0000,0x0000,0x0000,0x0000,0x0000,0x0000,0x0000,0x0000,0x0000,0x0000,0x0000,0x0000,0x0000,0x0000,0x0000,0x0000,0x0000,
    0x0000,0x0000,0x0000,0x0000,0x0000,0x0000,0x0000,0x0000,0x0000,0x0000,0x0000,0x0000,0x0000,0x0000,0x0000,0x0000,0x0000,0x0000,0x0000,0x0000,0x0000,0x0000,0x0000,0x0000,
    0x0000,0x0000,0x0000,0x0000,0x0000,0x0000,0x0000,0x0000,0x0000,0x0000,0x0000,0x0000,0x0000,0x0000,0x0000,0x0000,0x0000,0x0000,0x0000,0x0000,0x0000,0x0000,0x0000,0x0000,
    0x0000,0x0000,0x0000,0x0000,0x0000,0x0000,0x0000,0x0000,0x0000,0x0000,0x0000,0x0000,0x0000,0x0000,0x0000,0x0000,0x0000,0x0000,0x0000,0x0000,0x0000,0x0000,0x0000,0x0000,
    0x0000,0x0000,0x0000,0x0000,0x0000,0x0000,0x0000,0x0000,0x0000,0x0000,0x0000,0x0000,0x0000,0x0000,0x0000,0x0000,0x0000,0x0000,0x0000,0x0000,0x0000,0x0000,0x0000,0x0000,
    0x0000,0x0000,0x0000,0x0000,0x0000,0x0000,0x0000,0x0000,0x0000,0x0000,0x0000,0x0000,0x0000,0x0000,0x0000,0x0000,0x0000,0x0000,0x0000,0x0000,0x0000,0x0000,0x0000,0x0000,
    0x0000,0x0000,0x0000,0x0000,0x0000,0x0000,0x0000,0x0000,0x0000,0x0000,0x0000,0x0000,0x0000,0x0000,0x0000,0x0000,0x0000,0x0000,0x0000,0x0000,0x0000,0x0000,0x0000,0x0000,
    0x0000,0x0000,0x0000,0x0000,0x0000,0x0000,0x0000,0x0000,0x0000,0x0000,0x0000,0x0000,0x0000,0x0000,0x0000,0x0000,0x0000,0x0000,0x0000,0x0000,0x0000,0x0000,0x0000,0x0000,
    0x0000,0x0000,0x0000,0x0000,0x0000,0x0000,0x0000,0x0000,0x0000,0x0000,0x0000,0x0000,0x0000,0x0000,0x0000,0x0000,0x0000,0x0000,0x0000,0x0000,0x0000,0x0000,0x0000,0x0000,
    0x0000,0x0000,0x0000,0x0000,0x0000,0x0000,0x0000,0x0000,0x0000,0x0000,0x0000,0x0000,0x0000,0x0000,0x0000,0x0000,0x0000,0x0000,0x0000,0x0000,0x0000,0x0000,0x0000,0x0000,
    0x0000,0x0000,0x0000,0x0000,0x0000,0x0000,0x0000,0x0000,0x0000,0x0000,0x0000,0x0000,0x0000,0x0000,0x0000,0x0000,0x0000,0x0000,0x0000,0x0000,0x0000,0x0000,0x0000,0x0000,
    0x0000,0x0000,0x0000,0x0000,0x0000,0x0000,0x0000,0x0000,0x0000,0x0000,0x0000,0x0000,0x0000,0x0000,0x0000,0x0000,0x0000,0x0000,0x0000,0x0000,0x0000,0x0000,0x0000,0x0000,
    0x0000,0x0000,0x0000,0x0000,0x0000,0x0000,0x0000,0x0000,0x0000,0x0000,0x0000,0x0000,0x0000,0x0000,0x0000,0x0000,0x0000,0x0000,0x0000,0x0000,0x0000,0x0000,0x0000,0x0000,
    0x0000,0x0000,0x0000,0x0000,0x0000,0x0000,0x0000,0x0000,0x0000,0x0000,0x0000,0x0000,0x0000,0x0000,0x0000,0x0000,0x0000,0x0000,0x0000,0x0000,0x0000,0x0000,0x0000,0x0000,
    0x0000,0x0000,0x0000,0x0000,0x0000,0x0000,0x0000,0x0000,0x0000,0x0000,0x0000,0x0000,0x0000,0x0000,0x0000,0x0000,0x0000,0x2806,0x2806,0x2806,0x2806,0x2826,0x3027,0x1804,
    0x0000,0x0000,0x0000,0x0000,0x0000,0x0000,0x0000,0x0000,0x0000,0x0000,0x0000,0x0000,0x0000,0x0000,0x0000,0x0000,0x0000,0x0000,0x0000,0x0000,0x0000,0x0000,0x0000,0x0000,
    0x0000,0x0000,0x0000,0x0000,0x0000,0x0000,0x0000,0x0000,0x0000,0x0000,0x0000,0x0000,0x0000,0x0000,0x0000,0x0000,0x0000,0x0000,0x0000,0x0000,0x0000,0x0000,0x0000,0x0000,
    0x0000,0x0000,0x0000,0x0000,0x0000,0x0000,0x0000,0x0000,0x0000,0x0000,0x0000,0x0000,0x0000,0x0000,0x0000,0x2826,0x2025,0x3aa6,0x3286,0x32c6,0x3ae7,0x3286,0x2025,0x1804,
    0x0000,0x0000,0x0000,0x0000,0x0000,0x0000,0x0000,0x0000,0x0000,0x0000,0x0000,0x0000,0x0000,0x0000,0x0000,0x0000,0x0000,0x0000,0x0000,0x0000,0x0000,0x0000,0x0000,0x0000,
    0x0000,0x0000,0x0000,0x0000,0x0000,0x0000,0x0000,0x0000,0x0000,0x0000,0x0000,0x0000,0x0000,0x0000,0x0000,0x0000,0x0000,0x0000,0x0000,0x0000,0x0000,0x0000,0x0000,0x0000,
    0x0000,0x0000,0x0000,0x0000,0x0000,0x0000,0x0000,0x0000,0x0000,0x0000,0x0000,0x0000,0x0000,0x0000,0x9031,0x2004,0x2886,0x662b,0x662b,0x662b,0x660b,0x662b,0x2004,0x2004,
    0x0000,0x0000,0x0000,0x0000,0x0000,0x0000,0x0000,0x0000,0x0000,0x0000,0x0000,0x0000,0x0000,0x0000,0x0000,0x0000,0x0000,0x0000,0x0000,0x0000,0x0000,0x0000,0x0000,0x0000,
    0x0000,0x0000,0x0000,0x0000,0x0000,0x0000,0x0000,0x0000,0x0000,0x0000,0x0000,0x0000,0x0000,0x0000,0x0000,0x0000,0x0000,0x0000,0x0000,0x0000,0x0000,0x0000,0x0000,0x0000,
    0x0000,0x0000,0x0000,0x0000,0x0000,0x0000,0x0000,0x0000,0x0000,0x0000,0x0000,0x0000,0x0000,0x3027,0x2846,0x662b,0x662b,0x664b,0x662b,0x662b,0x662b,0x662b,0x2825,0x1003,
    0x0000,0x0000,0x0000,0x0000,0x0000,0x0000,0x0000,0x0000,0x0000,0x0000,0x0000,0x0000,0x0000,0x0000,0x0000,0x0000,0x0000,0x0000,0x0000,0x0000,0x0000,0x0000,0x0000,0x0000,
    0x0000,0x0000,0x0000,0x0000,0x0000,0x0000,0x0000,0x0000,0x0000,0x0000,0x0000,0x0000,0x0000,0x0000,0x0000,0x0000,0x0000,0x0000,0x0000,0x0000,0x0000,0x0000,0x0000,0x0000,
    0x0000,0x0000,0x0000,0x0000,0x0000,0x0000,0x0000,0x0000,0x0000,0x0000,0x0000,0x0000,0x3006,0x2044,0x666b,0x664b,0x662b,0x356a,0x3dab,0x662b,0x664b,0x5e0b,0x2825,0x1804,
    0x0000,0x0000,0x0000,0x0000,0x0000,0x0000,0x0000,0x0000,0x0000,0x0000,0x0000,0x0000,0x0000,0x0000,0x0000,0x0000,0x0000,0x0000,0x0000,0x0000,0x0000,0x0000,0x0000,0x0000,
    0x0000,0x0000,0x0000,0x0000,0x0000,0x0000,0x0000,0x0000,0x0000,0x0000,0x0000,0x0000,0x0000,0x0000,0x0000,0x0000,0x0000,0x0000,0x0000,0x0000,0x0000,0x0000,0x0000,0x0000,
    0x0000,0x0000,0x0000,0x0000,0x0000,0x0000,0x2805,0x3006,0x2805,0x1803,0x0000,0x0000,0x2805,0x3046,0x5e2b,0x662b,0x45cb,0x45aa,0x662b,0x664b,0x5e2b,0x2806,0x1804,0x0000,
    0x0000,0x0000,0x0000,0x0000,0x0000,0x0000,0x0000,0x0000,0x0000,0x0000,0x0000,0x0000,0x0000,0x0000,0x0000,0x0000,0x0000,0x0000,0x0000,0x0000,0x0000,0x0000,0x0000,0x0000,
    0x0000,0x0000,0x0000,0x0000,0x0000,0x0000,0x0000,0x0000,0x0000,0x0000,0x0000,0x0000,0x0000,0x0000,0x0000,0x0000,0x0000,0x0000,0x0000,0x0000,0x0000,0x0000,0x0000,0x0000,
    0x0000,0x0000,0x0000,0x0000,0x0000,0x0000,0x2024,0x666c,0x5e2b,0x5509,0x2825,0x2025,0x2826,0x6e8b,0x664b,0x354a,0x5e2b,0x664b,0x5e2b,0x5e2b,0x2846,0x3007,0x2025,0x0000,
    0x0000,0x0000,0x0000,0x0000,0x0000,0x0000,0x0000,0x0000,0x0000,0x0000,0x0000,0x0000,0x0000,0x0000,0x0000,0x0000,0x0000,0x0000,0x0000,0x0000,0x0000,0x0000,0x0000,0x0000,
    0x0000,0x0000,0x0000,0x0000,0x0000,0x0000,0x0000,0x0000,0x0000,0x0000,0x0000,0x0000,0x0000,0x0000,0x0000,0x0000,0x0000,0x0000,0x0000,0x0000,0x0000,0x0000,0x0000,0x0000,
    0x0000,0x0000,0x0000,0x0000,0x0000,0x0000,0x3026,0x662b,0x662b,0x664b,0x656a,0x2805,0x2826,0x664b,0x6e4b,0x45ab,0x5e2b,0x662b,0x5e4b,0x3d2a,0x2805,0x3025,0x0000,0x0000,
    0x0000,0x0000,0x0000,0x0000,0x0000,0x0000,0x0000,0x0000,0x0000,0x0000,0x0000,0x0000,0x0000,0x0000,0x0000,0x0000,0x0000,0x0000,0x0000,0x0000,0x0000,0x0000,0x0000,0x0000,
    0x0000,0x0000,0x0000,0x0000,0x0000,0x0000,0x0000,0x0000,0x0000,0x0000,0x0000,0x0000,0x0000,0x0000,0x0000,0x0000,0x0000,0x0000,0x0000,0x0000,0x0000,0x0000,0x0000,0x0000,
    0x0000,0x0000,0x0000,0x0000,0x0000,0x0000,0x2025,0x3d2b,0x5e2b,0x5e0b,0x5e2b,0x3026,0x2826,0x5e2a,0x3d4a,0x45cb,0x664b,0x356b,0x452b,0x2826,0x4028,0x0000,0x0000,0x0000,
    0x0000,0x0000,0x0000,0x0000,0x0000,0x0000,0x0000,0x0000,0x0000,0x0000,0x0000,0x0000,0x0000,0x0000,0x0000,0x0000,0x0000,0x0000,0x0000,0x0000,0x0000,0x0000,0x0000,0x0000,
    0x0000,0x0000,0x0000,0x0000,0x0000,0x0000,0x0000,0x0000,0x0000,0x0000,0x0000,0x0000,0x0000,0x0000,0x0000,0x0000,0x0000,0x0000,0x0000,0x0000,0x0000,0x0000,0x0000,0x0000,
    0x0000,0x0000,0x0000,0x0000,0x3046,0x3027,0x2005,0x3026,0x3046,0x3daa,0x662b,0x2825,0x2024,0x5e4a,0x3d4a,0x20a5,0x3047,0x2025,0x2805,0x3006,0x2825,0x0000,0x0000,0x0000,
    0x0000,0x0000,0x0000,0x0000,0x0000,0x0000,0x0000,0x0000,0x0000,0x0000,0x0000,0x0000,0x0000,0x0000,0x0000,0x0000,0x0000,0x0000,0x0000,0x0000,0x0000,0x0000,0x0000,0x0000,
    0x0000,0x0000,0x0000,0x0000,0x0000,0x0000,0x0000,0x0000,0x0000,0x0000,0x0000,0x0000,0x0000,0x0000,0x0000,0x0000,0x0000,0x0000,0x0000,0x0000,0x0000,0x0000,0x0000,0x0000,
    0x2825,0x3027,0x3027,0x2805,0x2825,0x2826,0x5963,0x6185,0x6ac8,0x8e6c,0x9eab,0x6a68,0x6287,0x96ac,0x8e4c,0x6b89,0x72c6,0x7aa6,0x61e4,0x2806,0x2805,0x0000,0x0000,0x0000,
    0x0000,0x0000,0x0000,0x0000,0x0000,0x0000,0x0000,0x0000,0x0000,0x0000,0x0000,0x0000,0x0000,0x0000,0x0000,0x0000,0x0000,0x0000,0x0000,0x0000,0x0000,0x0000,0x0000,0x0000,
    0x0000,0x0000,0x0000,0x0000,0x0000,0x0000,0x0000,0x0000,0x0000,0x0000,0x0000,0x0000,0x0000,0x0000,0x0000,0x0000,0x2805,0x3006,0x2826,0x2806,0x2806,0x2806,0x3847,0xffff,
    0xffdf,0x2825,0x3026,0x38a3,0x61e5,0x5144,0xfeca,0xff6f,0xff6f,0xff6f,0xff6f,0xff6f,0xff6f,0xff6f,0xff6f,0xff6f,0xff4f,0xff4e,0xff2c,0x59e7,0x51a7,0x2825,0x2825,0x2825,
    0x8391,0x3027,0x2825,0x3026,0x2806,0x3026,0x2826,0x3006,0x0000,0x0000,0x0000,0x0000,0x0000,0x0000,0x0000,0x0000,0x0000,0x0000,0x0000,0x0000,0x0000,0x0000,0x0000,0x0000,
    0x0000,0x0000,0x0000,0x0000,0x0000,0x0000,0x0000,0x0000,0x0000,0x0000,0x0000,0x0000,0x0000,0x3828,0x3026,0x2024,0xef1e,0xeefe,0xef1e,0xef1e,0xef5e,0xef5e,0xeefe,0xeede,
    0x3047,0x2825,0x40e4,0xff4e,0xff6f,0xff6f,0xff6f,0xff6f,0xff6f,0xff6f,0xff6f,0xff6f,0xff6f,0xff6f,0xff6f,0xff6f,0xff6f,0xff6f,0xff6f,0xff6f,0xff6e,0xf72f,0x2825,0x3027,
    0x3067,0xeebe,0xeefe,0xeede,0xef1e,0xeebe,0xeefe,0xef3e,0x2826,0x2005,0x2807,0x0000,0x0000,0x0000,0x0000,0x0000,0x0000,0x0000,0x0000,0x0000,0x0000,0x0000,0x0000,0x0000,
    0x0000,0x0000,0x0000,0x0000,0x0000,0x0000,0x0000,0x0000,0x0000,0x0000,0x0000,0x0000,0x2825,0x2845,0xef3e,0xef3e,0xf71f,0xf71f,0xf71f,0xf71f,0xef1f,0xde1f,0x3027,0x2825,
    0x2845,0xff2e,0xff4f,0xff6f,0xff6f,0xff6f,0xff6f,0xff6f,0xff6f,0xff6f,0xff6f,0xff6f,0xff6f,0xff6f,0xff6f,0xff6f,0xff6f,0xff6f,0xff6f,0xff6f,0xff6f,0xff6f,0xff6f,0xf74e,
    0x2024,0x3026,0xeedf,0xf71f,0xf71f,0xf73f,0xf73f,0xf71f,0xf77f,0xe6dc,0x2025,0x2825,0x0000,0x0000,0x0000,0x0000,0x0000,0x0000,0x0000,0x0000,0x0000,0x0000,0x0000,0x0000,
    0x0000,0x0000,0x0000,0x0000,0x0000,0x0000,0x0000,0x0000,0x0000,0x0000,0x0000,0x0000,0x3027,0xffbf,0xf71f,0xf71f,0xf71f,0xf71f,0xf71f,0xef1f,0xe65d,0x2024,0x3026,0xb3c9,
    0xf6ed,0xff96,0xffff,0xfffe,0xff6f,0xff6f,0xff6f,0xff6f,0xff6f,0xff6f,0xff6f,0xff6f,0xff6f,0xff6f,0xff6f,0xff6f,0xff6f,0xff6f,0xff6f,0xff6f,0xff6f,0xff6f,0xff6e,0xff6e,
    0xffd0,0x2826,0x2025,0xe67f,0xe67f,0xf73f,0xf71f,0xf71f,0xf71f,0xf71f,0xffdf,0x3027,0x0000,0x0000,0x0000,0x0000,0x0000,0x0000,0x0000,0x0000,0x0000,0x0000,0x0000,0x0000,
    0x0000,0x0000,0x0000,0x0000,0x0000,0x0000,0x0000,0x0000,0x0000,0x0000,0x0000,0x2805,0xf77f,0xf73f,0xf71f,0xf73f,0xf71f,0xf71f,0xf6ff,0xcd7e,0xb4ba,0x3026,0x9366,0xff0d,
    0xfffe,0xffff,0xff6f,0xff6f,0xff6f,0xff6f,0xff6f,0xff6f,0xff6f,0xff6f,0xff6f,0xff6f,0xff6f,0xff6f,0xff6f,0xff6f,0xff6f,0xff6f,0xff6f,0xff6f,0xff6f,0xff6f,0xff6f,0xff6e,
    0xff4e,0xf74e,0x2806,0xddfe,0xd5df,0xf71f,0xf71f,0xf71f,0xf71f,0xf71f,0xf75f,0xf75f,0x2025,0x0000,0x0000,0x0000,0x0000,0x0000,0x0000,0x0000,0x0000,0x0000,0x0000,0x0000,
    0x0000,0x0000,0x0000,0x0000,0x0000,0x0000,0x0000,0x0000,0x0000,0x0000,0x0000,0x3026,0xeeff,0xf71f,0xf73f,0xf71f,0xf71f,0xf73f,0xd5ff,0x2826,0x2025,0x50e4,0xfe27,0xff4e,
    0xffff,0xff6f,0xff6f,0xff6f,0xff6f,0xff6f,0xff6f,0xff6f,0xff6f,0xff6f,0xff6f,0xff6f,0xff6f,0xff6f,0xff6f,0xff6f,0xff6f,0xff6f,0xff6f,0xff6f,0xff6f,0xff6f,0xff6f,0xff6e,
    0xff6e,0xff6e,0x2084,0x2825,0x2805,0xd5bf,0xf73f,0xf71f,0xf71f,0xf71f,0xf71f,0xffbf,0x3027,0x0000,0x0000,0x0000,0x0000,0x0000,0x0000,0x0000,0x0000,0x0000,0x0000,0x0000,
    0x0000,0x0000,0x0000,0x0000,0x0000,0x0000,0x0000,0x0000,0x0000,0x0000,0x0000,0x3026,0xf75f,0xf73f,0xf71f,0xf71f,0xf71f,0xf71f,0xd5df,0x2806,0x2825,0x7225,0xff6f,0xff70,
    0xff6f,0xff6f,0xff6f,0xff6f,0xff6f,0xff6f,0xff6f,0xff6f,0xff6f,0xff6f,0xff6f,0xff6f,0xff6f,0xff6f,0xff6f,0xff6f,0xff6f,0xff6f,0xff6f,0xff6f,0xff6f,0xff6f,0xff6f,0xff6e,
    0xff6f,0xff6e,0x1884,0x2025,0x3026,0xd5df,0xd5df,0xf71f,0xf71f,0xf71f,0xf71f,0xffdf,0x2825,0x0000,0x0000,0x0000,0x0000,0x0000,0x0000,0x0000,0x0000,0x0000,0x0000,0x0000,
    0x0000,0x0000,0x0000,0x0000,0x0000,0x0000,0x0000,0x0000,0x0000,0x0000,0x2805,0xeedf,0xf73f,0xf73f,0xf73f,0xf71f,0xf73f,0xf71f,0xcd5e,0x2024,0xff4f,0xff4d,0xff6f,0xff6f,
    0xff6e,0xff6f,0xff6f,0xff6f,0xff6f,0xff6f,0xff6f,0xff6f,0xff6f,0xff6f,0xff6f,0xff6f,0xff6f,0xff6f,0xff6f,0xff6f,0xff6f,0xff6f,0xff6f,0xff6f,0xff6f,0xff6f,0xff6f,0xff6f,
    0xff6e,0xff6e,0xff4e,0x6aa7,0x2805,0xc53f,0xeeff,0xf71f,0xf71f,0xf71f,0xf71f,0xf71f,0x7310,0x2826,0x0000,0x0000,0x0000,0x0000,0x0000,0x0000,0x0000,0x0000,0x0000,0x0000,
    0x0000,0x0000,0x0000,0x0000,0x0000,0x0000,0x0000,0x0000,0x0000,0x0000,0x3006,0xeebf,0xf71f,0xf73f,0xf73f,0xf71f,0xeeff,0xde1f,0x3047,0x3026,0xff6e,0xff6e,0xff6f,0xff6f,
    0xff6f,0xff6f,0xff6f,0xff6f,0xff6f,0xff6f,0xff6f,0xff6f,0xff6f,0xff6f,0xff6f,0xff6f,0xff6f,0xff6f,0xff6f,0xff6f,0xff6f,0xff6f,0xff6f,0xff6f,0xff6f,0xff6f,0xff8f,0xff6f,
    0xff6f,0xff6f,0xff6f,0x7b28,0x2024,0x3026,0xd5df,0xef1f,0xf71f,0xf73f,0xf71f,0xf71f,0x8371,0x2826,0x0000,0x0000,0x0000,0x0000,0x0000,0x0000,0x0000,0x0000,0x0000,0x0000,
    0x0000,0x0000,0x0000,0x0000,0x0000,0x0000,0x0000,0x0000,0x0000,0x2026,0x59cc,0xf73f,0xf71f,0xf71f,0xf73f,0xeebf,0xd5df,0xd5bf,0x2825,0xff4a,0xff6e,0xff6f,0xff6e,0xff6f,
    0xff6f,0xf70f,0x1003,0xff6f,0xff6f,0xff6f,0x2825,0xff4f,0xff6f,0xff6f,0xff6f,0xff6f,0xff6f,0xff6f,0xff6f,0xff6f,0xce0c,0x1804,0xff6f,0xff6e,0xff6f,0x2845,0xff6f,0xff6f,
    0xff6f,0xff6e,0xff6e,0xff6e,0x936a,0x2825,0xd5df,0xd5df,0xddff,0xf71f,0xef1f,0xf73f,0x6aae,0x2806,0x2806,0x0000,0x0000,0x0000,0x0000,0x0000,0x0000,0x0000,0x0000,0x0000,
    0x0000,0x0000,0x0000,0x0000,0x0000,0x0000,0x0000,0x0000,0x0000,0x3026,0xf71f,0xf73f,0xf73f,0xf73f,0xf71f,0xe6bf,0xcd7f,0xac3d,0x2826,0xfff1,0xff6e,0xff6f,0xff6e,0xff6f,
    0xff6f,0xf751,0x2825,0x2005,0x2806,0x2005,0x2825,0xff50,0xff6f,0xff6f,0xff6f,0xff6f,0xff6f,0xff6f,0xff6f,0xff6f,0xd62e,0x2005,0x2826,0x2826,0x2025,0x2845,0xff70,0xff6f,
    0xff6e,0xff6e,0xff6f,0xff6e,0x8b69,0x2825,0x8b3b,0xcd7f,0xd59f,0xf71f,0xf71f,0xf73f,0xef1f,0x51eb,0x2806,0x0000,0x0000,0x0000,0x0000,0x0000,0x0000,0x0000,0x0000,0x0000,
    0x0000,0x0000,0x0000,0x0000,0x0000,0x0000,0x0000,0x0000,0x0000,0x2826,0xf71f,0xf73f,0xf73f,0xf73f,0xf73f,0xf71f,0xde3f,0x2825,0x2024,0xff6d,0xff6e,0xff6e,0xfd32,0xfc93,
    0xfc93,0xff4e,0xef0e,0x3026,0x2825,0x2825,0xf72f,0xff8f,0xff6f,0xff6f,0xff6f,0xff6f,0xff6f,0xff6f,0xff8f,0xff6f,0xff6f,0xdeae,0x3026,0x2825,0x2825,0xf6ef,0xff6e,0xfc94,
    0xfc73,0xffaf,0xff6f,0xff6e,0xfeea,0x1824,0x2025,0xde3f,0xef1f,0xf71f,0xf73f,0xf71f,0xf71f,0x41ca,0x2005,0x0000,0x0000,0x0000,0x0000,0x0000,0x0000,0x0000,0x0000,0x0000,
    0x0000,0x0000,0x0000,0x0000,0x0000,0x0000,0x0000,0x0000,0x0000,0x3026,0xf6ff,0xf73f,0xf71f,0xf71f,0xe6bf,0xd5ff,0xd5ff,0x2825,0xf70e,0xff6e,0xff6e,0xff6e,0xfc93,0xfc73,
    0xfc73,0xfc74,0xff6f,0xff6f,0xff6f,0xff6e,0xff6f,0xff6f,0xff6f,0xff8f,0xff8f,0xff8f,0xff8f,0xff8f,0xff6f,0xff8f,0xff6f,0xff6f,0xff6e,0xff6f,0xff6e,0xff8e,0xfc74,0xfc74,
    0xfc93,0xfc74,0xffaf,0xff6e,0xff6e,0xde4d,0x3006,0xd5df,0xd5ff,0xeeff,0xf71f,0xf73f,0xf73f,0x28a7,0x2805,0x0000,0x0000,0x0000,0x0000,0x0000,0x0000,0x0000,0x0000,0x0000,
    0x0000,0x0000,0x0000,0x0000,0x0000,0x0000,0x0000,0x0000,0x500a,0x2025,0xf71f,0xf71f,0xf73f,0xde3f,0xde1f,0xd5df,0xbd1e,0x2826,0xf72d,0xff6e,0xff6f,0xfc73,0xfc73,0xfc73,
    0xfc93,0xfc94,0xfdcf,0xff6f,0xff6f,0xff6f,0xff6f,0xff6e,0x28e5,0x28e4,0x28e4,0x28e4,0x28c4,0x28e4,0x3125,0x83a9,0xff8f,0xff6f,0xff6f,0xff6f,0xff6f,0xfc53,0xfc73,0xfc94,
    0xfc73,0xfc73,0xfc93,0xff6e,0xff6e,0xe6ce,0x2024,0xcd9f,0xd5ff,0xde7f,0xde7f,0xf71f,0xef1f,0x3046,0x3827,0x680f,0x0000,0x0000,0x0000,0x0000,0x0000,0x0000,0x0000,0x0000,
    0x0000,0x0000,0x0000,0x0000,0x0000,0x0000,0x0000,0x0000,0x3027,0xa437,0xf73f,0xf73f,0xd5ff,0xde1f,0xd5fe,0xbd1e,0xb47e,0x2025,0xef0f,0xf72f,0xf70f,0xf3d2,0xfbf1,0xfc52,
    0xfc94,0xfc53,0xfd53,0xff6f,0xff6e,0x2006,0x2006,0x1004,0x3027,0x2825,0x3026,0x2825,0x2825,0x2825,0x3026,0x1804,0x1805,0x1005,0x1006,0xff4e,0xff6f,0xfc54,0xfc52,0xfc53,
    0xfc12,0xfbd0,0xf412,0xf72f,0xf6ec,0xdd45,0x2825,0xc55e,0xcd7e,0xd5df,0xd5df,0xf73f,0xf73f,0xd5df,0x1804,0x3007,0x0000,0x0000,0x0000,0x0000,0x0000,0x0000,0x0000,0x0000,
    0x0000,0x0000,0x0000,0x0000,0x0000,0x0000,0x0000,0x0000,0x2825,0x9c16,0xde1f,0xde3f,0xcdbe,0xde3f,0x496d,0x3027,0x2825,0x2826,0x2025,0x2025,0x2826,0xff68,0xffaf,0xff6f,
    0xff4e,0xfea9,0x3026,0x2826,0x2825,0x2845,0x3847,0x2865,0xcdd9,0xff9f,0xff9f,0xff7f,0xff7f,0xff9f,0xff7f,0x1002,0x3046,0x2845,0x2845,0x2825,0x2806,0x2024,0xffb0,0xff6e,
    0xff6f,0xff8f,0xe5e4,0x3046,0x2825,0x2825,0x2825,0x3026,0x2826,0xde5f,0xcd9e,0xd61f,0xd5df,0xd5df,0x1803,0x3807,0x0000,0x0000,0x0000,0x0000,0x0000,0x0000,0x0000,0x0000,
    0x0000,0x0000,0x0000,0x0000,0x0000,0x0000,0x0000,0x0000,0x3026,0x93d5,0xc57e,0xa49d,0x2825,0x3026,0x6a8d,0xff9f,0xf79f,0xffdf,0xff7f,0xf75e,0x2825,0xfee7,0xff6f,0xff6f,
    0xff6e,0xff6f,0x1823,0x2004,0xf75e,0xff5f,0xff9f,0xff9f,0xff7f,0xff9f,0xff9f,0xff9f,0xff9f,0xff9f,0xff9f,0xff9f,0xff7f,0xff9f,0xff3f,0xf79e,0x3027,0xfea4,0xff8f,0xff6f,
    0xff6f,0xff6e,0xcc83,0x2825,0xffbf,0xf75f,0xffbf,0xf75f,0xff7f,0x2024,0x3027,0x2826,0xb4de,0xb4de,0x2825,0x480a,0x0000,0x0000,0x0000,0x0000,0x0000,0x0000,0x0000,0x0000,
    0x0000,0x0000,0x0000,0x0000,0x0000,0x0000,0x0000,0x0000,0x3026,0x2025,0x3026,0x3847,0xffbf,0xff5f,0xffbf,0xff9f,0xff9f,0xff9f,0xff7f,0xff9f,0x2886,0x3846,0xd64d,0xd66d,
    0xde8c,0xcc06,0x2825,0x49c9,0xff9f,0xff7f,0xff9f,0xff9f,0xff9f,0xff9f,0xff7f,0xff9f,0xff9f,0xff9f,0xff7f,0xff9f,0xff9f,0xff9f,0xff7f,0xff9f,0x59ca,0x3047,0xd502,0xe6cd,
    0xe6cf,0xede5,0x3847,0x30c6,0xf75f,0xff9f,0xff9f,0xff7f,0xff9f,0xff7f,0xff9f,0xffff,0x2826,0x598e,0x2825,0x3808,0x0000,0x0000,0x0000,0x0000,0x0000,0x0000,0x0000,0x0000,
    0x0000,0x0000,0x0000,0x0000,0x0000,0x0000,0x0000,0x0000,0x3026,0x2025,0xeedd,0xff9f,0xff9f,0xff7f,0xff9f,0xff9f,0xff9f,0xff7f,0xff7f,0xff9f,0xffbf,0xde5b,0x2005,0x2825,
    0x3026,0x1843,0xf75e,0xff9f,0xff9f,0xff9f,0xff7f,0xff9f,0xff9f,0xff7f,0xff7f,0xff9f,0xff9f,0xff9f,0xff9f,0xff9f,0xff9f,0xff7f,0xff9f,0xff9f,0xff7f,0xf75e,0x2024,0x3026,
    0x2825,0x2024,0xf77e,0xffbf,0xff7f,0xff7f,0xff9f,0xff9f,0xff9f,0xff9f,0xff7f,0xff7f,0xffbf,0x3087,0x2825,0x3026,0x0000,0x0000,0x0000,0x0000,0x0000,0x0000,0x0000,0x0000,
    0x0000,0x0000,0x0000,0x0000,0x0000,0x0000,0x0000,0x0000,0x2826,0x9c12,0xff7f,0xff7f,0xff9f,0xff9f,0xff9f,0xff7f,0xff9f,0xff9f,0xff9f,0xff9f,0xff7f,0xff7f,0xff9f,0xff9f,
    0xffbf,0xff9f,0xff9f,0xff7f,0xff5f,0xffbf,0xff5f,0xcdbf,0xcd5f,0xcd5f,0xcdbf,0xcdbf,0xc57f,0xde3f,0xe69f,0xe67f,0xff7f,0xff7f,0xffbf,0xff5f,0xff7f,0xff9f,0xff7f,0xff7f,
    0xffbf,0xff9f,0xff5f,0xff9f,0xff9f,0xff7f,0xff9f,0xff9f,0xff9f,0xff9f,0xff9f,0xff9f,0xff7f,0xd61a,0x1803,0x3027,0x0000,0x0000,0x0000,0x0000,0x0000,0x0000,0x0000,0x0000,
    0x0000,0x0000,0x0000,0x0000,0x0000,0x0000,0x0000,0x784f,0x2005,0x9c34,0xff9f,0xff9f,0xff7f,0xffbf,0xcdfe,0xbefd,0xcdfe,0xa6bb,0x9e3c,0xae9d,0xae9d,0xbe9e,0xbebd,0xacfe,
    0xacfe,0xbd3e,0xc59f,0xc53e,0x9c1e,0xb49e,0xac5e,0xac5e,0xa43e,0xb47e,0xac7e,0x9c1e,0x7abd,0x8efa,0x96fa,0x96fa,0x863b,0x8efa,0x867b,0x85db,0xbe7d,0xcedd,0xc6fd,0xcefd,
    0xc6bd,0xf5dd,0xfe1c,0xfdfc,0xfe3c,0xfe5c,0xe55d,0xeeff,0xff7f,0xff9f,0xff9f,0xff9f,0xff9f,0xff9f,0x1003,0x2825,0x686c,0x0000,0x0000,0x0000,0x0000,0x0000,0x0000,0x0000,
    0x0000,0x0000,0x0000,0x0000,0x0000,0x0000,0x0000,0x3028,0x2004,0xa474,0xff9f,0xff7f,0xe67f,0x7dbb,0x8eda,0x8eda,0x8eda,0x96fa,0x96fa,0x8efa,0x96fa,0x96fa,0x96fa,0x731d,
    0xac7e,0xac5e,0xac3e,0xac7e,0xffbf,0xffdf,0xac7e,0xa43e,0xac7e,0xa47d,0xcd3c,0xa43e,0x8b5e,0x8efa,0xaf79,0x9f3a,0x8efa,0x8efa,0xaf59,0x8efa,0x96fa,0x8eda,0x8eda,0x8eda,
    0x971a,0xfc36,0xfcf6,0xfd16,0xfd76,0xfd16,0xf476,0xfcf6,0xfd17,0xfc77,0xb45d,0xff5f,0xff7f,0xff7f,0xf7be,0x2866,0x2825,0x0000,0x0000,0x0000,0x0000,0x0000,0x0000,0x0000,
    0x0000,0x0000,0x0000,0x0000,0x0000,0x0000,0x0000,0x3047,0x1803,0xff9f,0xff7f,0xff7f,0x75fb,0x8efa,0x8efa,0xaf5a,0x8efa,0x8efa,0x8efa,0xa75a,0xaf5a,0x96fa,0x96fa,0x835d,
    0xa43e,0xcd5d,0xac5e,0xac7e,0xff9f,0xffbf,0xffff,0xac7e,0xac5e,0xa41d,0xa41e,0xa43e,0xac5e,0x8efa,0x8efa,0x96f9,0x8efa,0x8efa,0x971a,0xa779,0x8eda,0x8efa,0x9f3a,0xaf59,
    0x8efa,0xfcf6,0xfd16,0xff7c,0xff3b,0xfcf6,0xfcf6,0xfd36,0xfd16,0xff1a,0xfc54,0xd5ff,0xff9f,0xff9f,0xff9f,0x3867,0x2825,0x0000,0x0000,0x0000,0x0000,0x0000,0x0000,0x0000,
    0x0000,0x0000,0x0000,0x0000,0x0000,0x0000,0x0000,0x3026,0x1803,0xff7f,0xff9f,0xff9f,0x95bc,0x8efa,0x971a,0x8eda,0x8efa,0x96fa,0x8efa,0xaf59,0x96fa,0x96fa,0x96fa,0x835e,
    0xa43e,0xa43e,0xac3e,0xb49e,0xffdf,0xffbf,0xffff,0xa41e,0xa43e,0xa45e,0xa43e,0xac5e,0x8bbd,0x8efa,0x8efa,0x96fa,0xa759,0x8efa,0x96fa,0xaf5a,0xa77a,0x8efa,0x96fa,0x8efa,
    0x8efa,0xfd16,0xfd37,0xfd57,0xff5b,0xfcf6,0xfcf6,0xfd37,0xfd16,0xfefa,0xfcb5,0xf3f7,0xffbf,0xff9f,0xff9f,0x3067,0x2005,0x2826,0x0000,0x0000,0x0000,0x0000,0x0000,0x0000,
    0x0000,0x0000,0x0000,0x0000,0x0000,0x0000,0x3006,0x2024,0xffbf,0xff7f,0xff7f,0xff9f,0x8f1a,0x8efa,0xa73a,0x8efa,0x8efa,0x971a,0x96fa,0x96fa,0x9f19,0x96fa,0x86bb,0x8b7e,
    0xac5e,0xeedf,0xffdf,0xffbf,0xfe28,0xfe48,0xffbf,0xffbf,0xffbf,0xa45e,0xa45e,0xac5e,0xac9e,0x8efa,0x96fa,0x9f1a,0x8efa,0x8efa,0x971a,0x8efa,0x8efa,0x8efa,0xa75a,0x8eda,
    0x8efa,0xc539,0xfd37,0xfcf6,0xfd16,0xfd16,0xfd37,0xff3b,0xfcd6,0xfcf6,0xfcf6,0xfcd7,0xff9f,0xff7f,0xff9f,0xff9f,0x2845,0x2005,0x0000,0x0000,0x0000,0x0000,0x0000,0x0000,
    0x0000,0x0000,0x0000,0x0000,0x0000,0x0000,0x2806,0x2845,0xff7f,0xff9f,0xff7f,0xce3e,0x8efa,0x8efa,0x8efa,0x8efa,0x9f3a,0x9f1a,0x8efa,0x8efa,0xaf59,0x8eda,0x7e1a,0xa49e,
    0xac5e,0xe69f,0xffbf,0xffbf,0xfd21,0xfe49,0xffff,0xffbf,0xffbf,0xa45e,0xac5e,0xac5e,0x9bde,0x8efa,0x971a,0xaf7a,0x96fa,0x971a,0xaf7a,0x96fa,0x8efa,0x8efa,0xaf5a,0x96fa,
    0x8efa,0x8d5b,0xfd16,0xfd16,0xfd16,0xfd16,0xff3b,0xff3a,0xff3b,0xfd16,0xfd16,0xfc96,0xf77f,0xff9f,0xff9f,0xff7f,0x2846,0x2004,0x0000,0x0000,0x0000,0x0000,0x0000,0x0000,
    0x0000,0x0000,0x0000,0x0000,0x0000,0x0000,0x2806,0x1823,0xff7f,0xff9f,0xffbf,0x7d7c,0x96fa,0x96fa,0x8efa,0x96fa,0x8efa,0x8efa,0x96fa,0x8efa,0x96fa,0x8efa,0x7add,0xac5e,
    0xac3e,0xac5e,0xa45e,0xac7e,0xffdf,0xffbf,0xffff,0xa43e,0xac7e,0xac5e,0xac5e,0xac9e,0x8c5d,0x8efa,0x8efa,0x8efa,0x8efa,0x8efa,0x8efa,0x9719,0x8efa,0x8efa,0x8efa,0x8efa,
    0x8efa,0x761a,0xfcf6,0xfd16,0xfd36,0xfd16,0xfd36,0xfd76,0xfcf6,0xfd16,0xfcf6,0xfd16,0xeebf,0xff9f,0xff9f,0xff7f,0x2024,0x2005,0x0000,0x0000,0x0000,0x0000,0x0000,0x0000,
    0x0000,0x0000,0x0000,0x0000,0x0000,0x2003,0x3026,0x2845,0xff9f,0xff7f,0xff9f,0x8f19,0x9f39,0x9f39,0xaf7a,0x8efa,0x96fa,0x8efa,0x8efa,0x8eda,0x8efa,0x8efa,0x835d,0xa41e,
    0xddfc,0xac7e,0xa43e,0xac7e,0xffbf,0xffbf,0xffff,0xac7e,0xac7e,0xcd7d,0xac9e,0xac7e,0x93be,0x8efa,0xaf7a,0x8efa,0x8efa,0x8efa,0xa75a,0x8efa,0x8efa,0x8efa,0x8efa,0x8efa,
    0x8efa,0x7e7b,0xfcf6,0xfcf6,0xff5b,0xfe99,0xfd16,0xfd16,0xfd16,0xfcd6,0xff1a,0xfd77,0xfbf7,0xff7f,0xff9f,0xffbf,0x2846,0x3027,0x3807,0x0000,0x0000,0x0000,0x0000,0x0000,
    0x0000,0x0000,0x0000,0x0000,0x0000,0x1824,0x2846,0xff9f,0xff9f,0xff7f,0xffbf,0x971a,0x8efa,0x8efa,0xaf7a,0x96fa,0x971a,0x971a,0xa759,0x8eda,0x96fa,0x8efa,0xa43e,0xac5e,
    0xdddc,0xac5e,0xac5e,0xac5e,0xff9f,0xff9f,0xb4df,0xac7e,0xac5e,0xb49e,0xac9e,0xa43e,0x731d,0x8f1a,0x8f1a,0x8efa,0x8efa,0x8efa,0xa779,0x8efa,0x8efa,0xaf59,0x8efa,0x8efa,
    0x8ef9,0x7dda,0xfd37,0xfd16,0xfdd7,0xfd57,0xfd17,0xfd36,0xfd16,0xfcd6,0xff1b,0xfd57,0xf3b6,0xff9f,0xff9f,0xff7f,0xff9f,0x2826,0x2005,0x0000,0x0000,0x0000,0x0000,0x0000,
    0x0000,0x0000,0x0000,0x0000,0x0000,0x2845,0x2025,0xff7f,0xff9f,0xff9f,0xffbf,0x96fa,0x8efa,0x8efa,0x971a,0x971a,0x96db,0x96fb,0x971a,0x96da,0x9eba,0x96fb,0x72bd,0xa45e,
    0xac5e,0xa43e,0xac5e,0xac9e,0xb49e,0xac7e,0xac5e,0xac9e,0xac7e,0xac7e,0xac5e,0xa43e,0x833e,0x971a,0x96fa,0x8efa,0x8eda,0x8efa,0x8efa,0x8efa,0x8efa,0x971a,0x8efa,0x8efa,
    0x9719,0x96fa,0xfb95,0xfcf6,0xfd36,0xfcd6,0xfd16,0xfd17,0xfd17,0xfd17,0xfd17,0xfcf7,0xfcd6,0xff9f,0xff9f,0xff9f,0xff9f,0x2825,0x3026,0x0000,0x0000,0x0000,0x0000,0x0000,
    0x0000,0x0000,0x0000,0x0000,0x0000,0x2826,0x1003,0xff7f,0xff7f,0xff9f,0xd5be,0x6d9b,0x75bb,0x8cfb,0xfc37,0xfbf7,0xfcf6,0xfcf6,0xfcf6,0xfd57,0xfcf6,0xebf8,0x765a,0x7e79,
    0x8efa,0x96fa,0x8efa,0x971a,0x971a,0x971a,0x8efa,0x867a,0x9719,0x7e7a,0x7659,0x7e9a,0x6e39,0x8b7d,0x8b7d,0x8b5e,0xac7e,0x9c5d,0xac7e,0x835d,0x8b5e,0xacfd,0xb4be,0x9bfe,
    0x943d,0x835d,0x833c,0x841c,0x857b,0x8efa,0x8ef9,0x8d5b,0x8e99,0x8ddb,0x7dba,0xfbd6,0xfbd6,0xe61f,0xff7f,0xff9f,0xff7f,0x1803,0x3027,0x0000,0x0000,0x0000,0x0000,0x0000,
    0x0000,0x0000,0x0000,0x0000,0x0000,0x2806,0xf79f,0xff9f,0xff9f,0xff7f,0xe4fd,0xfcf7,0xf4d6,0xfd16,0xfcf6,0xfcf6,0xfd36,0xfd16,0xfd16,0xfd36,0xfd36,0xb599,0x8efa,0x8efa,
    0x8efa,0x96fa,0x96fa,0xa75a,0x8efa,0x96fa,0x96fa,0x8efa,0x971a,0xa759,0x9f39,0x96fa,0x6e3a,0xa41e,0xac7e,0xb4bf,0xac7e,0xac7e,0xac5e,0xac9e,0xac7e,0xac9e,0xac7e,0xac7e,
    0xac5e,0xa43e,0xac9e,0x8cfd,0x8efa,0x8efa,0x8efa,0x8efa,0x9f59,0x8efa,0x8efa,0x8eda,0x6dfa,0x94fc,0xff9f,0xff7f,0xff9f,0xff9f,0x2005,0x0000,0x0000,0x0000,0x0000,0x0000,
    0x0000,0x0000,0x0000,0x0000,0x0000,0x2825,0xf79e,0xff9f,0xff7f,0xff7f,0xfc16,0xfd16,0xfdf8,0xfd16,0xfcf6,0xfd16,0xfcf6,0xfd37,0xff3a,0xfcf6,0xfd36,0x8d7b,0x8efa,0x8efa,
    0x8efa,0x8efa,0x96fa,0x8efa,0xb77a,0x8efa,0x8efa,0x8efa,0x8efa,0xa759,0x96fa,0x8efa,0x6e1a,0xac7e,0xac5e,0xd5dc,0xac7e,0xac7e,0xac7e,0xb47e,0xffdf,0xffdf,0xac5e,0xac5e,
    0xac7e,0xb4be,0xac5e,0x72fd,0x8efa,0x971a,0x8eda,0x8efa,0x8efa,0x9f1a,0x8efa,0x8efa,0x8efa,0x7dbb,0xff7f,0xff7f,0xff9f,0xff9f,0x2826,0x0000,0x0000,0x0000,0x0000,0x0000,
    0x0000,0x0000,0x0000,0x0000,0x2826,0x2825,0xff9f,0xff7f,0xff9f,0xffbf,0xf538,0xfefa,0xff3a,0xfd57,0xfd16,0xfd16,0xfd16,0xff3a,0xff5b,0xfd36,0xfd16,0x955b,0x8efa,0x8efa,
    0x8efa,0x8efa,0x8efa,0x8efa,0xaf59,0xaf5a,0x8efa,0x8efa,0x8efa,0xaf59,0x96fa,0x8eda,0x6e3a,0xac9e,0xcd7d,0xac3e,0xac5e,0xac7e,0xac9e,0xe6bf,0xffbf,0xffbf,0xac7e,0xac5e,
    0xac7e,0xe5fd,0xac3e,0x7b9d,0x8efa,0xaf5a,0xaf59,0x8efa,0x8efa,0x8efa,0xa759,0xaf79,0xaf79,0x863b,0xff7f,0xff9f,0xff9f,0xf7be,0x3026,0x2025,0x0000,0x0000,0x0000,0x0000,
    0x0000,0x0000,0x0000,0x0000,0x2806,0xf77e,0xff9f,0xff7f,0xff9f,0xff5e,0xfcd6,0xfcf6,0xff3a,0xfd16,0xfd16,0xfd16,0xfcf6,0xfcd5,0xff9c,0xfd37,0xfd16,0xa679,0x96fa,0x96fa,
    0x8efa,0x8efa,0x8efa,0x8efa,0x8efa,0x971a,0x8efa,0x8efa,0x8efa,0x8efa,0x8efa,0x8efa,0x761b,0xac3e,0xac5e,0xac5e,0xac5e,0xac7e,0xb49e,0xde7e,0xffbf,0xff9f,0xac5e,0xac7e,
    0xac7e,0xac5e,0xac5e,0x8c5e,0x96fa,0x8eda,0xaf79,0x8efa,0x8efa,0x8efa,0x8efa,0x8eda,0x8efa,0x7e1a,0xffbf,0xff9f,0xff9f,0xff7f,0xef3d,0x2806,0x0000,0x0000,0x0000,0x0000,
    0x0000,0x0000,0x0000,0x0000,0x3027,0xffbf,0xff7f,0xff7f,0xff9f,0xfefd,0xfcf6,0xfcf6,0xfcf6,0xfd37,0xffbc,0xfcf7,0xfd16,0xfd16,0xfd16,0xfd37,0xf517,0x96da,0x8efa,0x8efa,
    0x8efa,0x96f9,0xa75a,0x8efa,0x8efa,0xa75a,0x8efa,0x8efa,0x9719,0x8efa,0x8efa,0xa739,0x86da,0xac5e,0xac5e,0xac5e,0xa41e,0xffdf,0xffbf,0xffff,0xfe69,0xfdc4,0xffbf,0xffbf,
    0xf7bf,0xa43e,0xac5e,0xacde,0x8efa,0x8efa,0x8efa,0x8efa,0xaf7a,0x8efa,0x8efa,0x8efa,0x8efa,0x8efa,0x855b,0xff7f,0xff9f,0xff9f,0xf77e,0x3026,0x0000,0x0000,0x0000,0x0000,
    0x0000,0x0000,0x0000,0x0000,0x2826,0xf79e,0xff7f,0xff9f,0xff9f,0xedbd,0xfcf6,0xfd16,0xfd16,0xff1a,0xff1a,0xff1a,0xfd36,0xfd36,0xfd16,0xfd36,0xe598,0x8efa,0x8efa,0xaf7a,
    0x8efa,0x8efa,0xaf7a,0xaf59,0x8efa,0x8efa,0x8efa,0x8efa,0x971a,0x96fa,0x8efa,0x9f39,0x86d9,0xac3e,0xac5e,0xac5e,0xac5e,0xffbf,0xffbf,0xffbf,0xfe6a,0xfd03,0xffbf,0xffdf,
    0xffbf,0xac5e,0xac5e,0xa4de,0x8efa,0x8efa,0x8efa,0xa75a,0xaf5a,0xaf5a,0x96fa,0x8efa,0x971a,0x96fa,0x8ddb,0xff9f,0xff7f,0xff7f,0xf7be,0x2825,0x0000,0x0000,0x0000,0x0000,
    0x0000,0x0000,0x0000,0x3006,0x3066,0xef3d,0xff7f,0xff9f,0xff9f,0xedfd,0xfcf6,0xfcd6,0xfcd6,0xfcf6,0xff7b,0xfd77,0xfd16,0xfcf6,0xfd36,0xfd16,0xed77,0x8efa,0x8efa,0x8efa,
    0x96fa,0x8efa,0x96fa,0x8eda,0xaf59,0x8efa,0x8efa,0x96fa,0x9f39,0x96fa,0x96fa,0x8efa,0x867a,0x8b7d,0xac3e,0xac3e,0xa43e,0xbd1f,0xc57f,0xde9f,0xffdf,0xffdf,0xbd5e,0xb4fe,
    0xac7f,0xac3e,0xac5e,0x835c,0x96da,0x8efa,0x8efa,0x8efa,0x9f39,0x8efa,0xa739,0x8efa,0x8efa,0x8ed9,0x85da,0xff9f,0xff9f,0xff7f,0xef1d,0x3868,0x3007,0x0000,0x0000,0x0000,
    0x0000,0x0000,0x0000,0x2806,0xffdf,0xff7f,0xff9f,0xff9f,0xff7f,0xfd36,0xfd16,0xff7b,0xfeb8,0xfd16,0xfd36,0xfd16,0xfd16,0xfdd7,0xfd37,0xfd37,0xdcd8,0x8efa,0x96fa,0xaf7a,
    0x96fa,0x96fa,0x96fa,0x96fa,0xa75a,0x8eda,0x96fa,0x96fa,0x96fa,0xaf79,0xa75a,0x8efa,0x8eda,0xac9e,0xa3fe,0xddfc,0xa43e,0xac7e,0xac7e,0xe6df,0xffbf,0xffbf,0xac5e,0xa45e,
    0xa43e,0xd57d,0xac5e,0xa47e,0x9ebb,0x8efa,0xaf79,0x8efa,0x96fa,0x8efa,0x8efa,0xaf79,0xb77a,0x8ef9,0x86f9,0xff7f,0xff7f,0xff9f,0xff9f,0xeefd,0x3027,0x0000,0x0000,0x0000,
    0x0000,0x0000,0x0000,0x2805,0xf73f,0xff9f,0xff9f,0xff7f,0xff7f,0xf3f5,0xfd16,0xff1a,0xfd16,0xfd16,0xfd36,0xfd36,0xfd16,0xfd56,0xfd37,0xfd16,0xbcf9,0x8efa,0x96fa,0x96fa,
    0x96fa,0x971a,0x8efa,0x96da,0x8efa,0x8efa,0x96fb,0x96fa,0x96fa,0xa75a,0x8efa,0x8efa,0x96fa,0xa45e,0xac5e,0xb47e,0xac5e,0xac5e,0xac5e,0xbd3e,0xffbf,0xffdf,0xac7e,0xa43e,
    0xac5e,0xb4fe,0xac5e,0xa45e,0x967b,0x971a,0xaf79,0x8efa,0x8efa,0x8efa,0x96fa,0xa75a,0xaf7a,0x8efa,0x8ddc,0xff7f,0xff9f,0xff9f,0xff7f,0xd5fc,0x2806,0x0000,0x0000,0x0000,
    0x0000,0x0000,0x0000,0x2005,0xeebf,0xff5f,0xff9f,0xff9f,0xff7f,0xf67d,0xfcf7,0xfd17,0xfd16,0xfd16,0xfd16,0xfd16,0xfd37,0xfd16,0xfcf6,0xf3f5,0x861b,0x7e7a,0x867b,0x8eda,
    0x7dfb,0x7dbb,0x75bb,0x7d3b,0x7e3a,0x9d9c,0x85fb,0x85bb,0x7e9a,0x8d7c,0x85fb,0x861b,0x75bb,0x7add,0x835d,0x7adc,0x835d,0x835d,0xac7e,0xac9e,0xb49e,0xac7e,0xac3e,0xac5e,
    0xac7e,0xac7e,0xac5e,0xa45e,0x963b,0x8efa,0x8efa,0x8efa,0x8efa,0x8efa,0x8efa,0x8efa,0x8efa,0x6dfa,0xe5ff,0xff7f,0xff9f,0xff9f,0xf73f,0xd5dd,0x2805,0x0000,0x0000,0x0000,
    0x0000,0x0000,0x0000,0x2806,0xe67f,0xffbf,0xff7f,0xff7f,0xff9f,0xff7f,0xec59,0x0000,0xfbf6,0xfcf6,0xfcd6,0xfc35,0x0000,0xfc35,0x0000,0x0000,0x52fc,0x6d9a,0x5d59,0xd57f,
    0xeeff,0xeebf,0xff9f,0xff7f,0xff7f,0xff9f,0xff7f,0xff7f,0xff9f,0xff9f,0xff9f,0xff7f,0xff7f,0xf71f,0xf73f,0xe67f,0xe67f,0xde1f,0x8b7d,0x8b7d,0x831d,0xa41d,0x7afd,0xac5e,
    0x8b7d,0x835d,0xa43e,0x8bbe,0x855b,0x75db,0x8eda,0x7dbb,0x867a,0x8efa,0x96fa,0x7ddb,0x7ddb,0xff5f,0xff7f,0xff9f,0xff7f,0xff7f,0xff7f,0xcdbc,0x3027,0x0000,0x0000,0x0000,
    0x0000,0x0000,0x0000,0x3027,0xde5f,0xd61f,0xcdbf,0xff7f,0xff9f,0xff9f,0xff9f,0xff7f,0xff7f,0xff9f,0xff7f,0xff9f,0xff9f,0xff9f,0xff9f,0xff9f,0xff9f,0xff7f,0xff9f,0xff7f,
    0xff9f,0xff9f,0xff7f,0xff9f,0xff9f,0xff7f,0xff9f,0xff9f,0xff7f,0xff9f,0xff9f,0xff9f,0xff9f,0xff9f,0xff7f,0xff9f,0xff7f,0xff9f,0xff7f,0xff9f,0xff9f,0xff9f,0xff7f,0xff9f,
    0xffbf,0xff7f,0xff7f,0xff9f,0xff7f,0xff9f,0xff9f,0xff9f,0xff9f,0xff7f,0xff9f,0xff7f,0xff7f,0xff9f,0xff9f,0xff7f,0xff5f,0xd5df,0xd5bf,0xcddd,0x2806,0x0000,0x0000,0x0000,
    0x0000,0x0000,0x0000,0x3847,0x3026,0xd61f,0xd5bf,0xd5ff,0xcd7f,0xff7f,0xff7f,0xff9f,0xff9f,0xff7f,0xff9f,0xff7f,0xd5ff,0xeeff,0xff9f,0xd5ff,0xd59f,0xff7f,0xd5df,0xffdf,
    0xff7f,0xd5bf,0xcd7f,0xff9f,0xde3f,0xd5bf,0xff7f,0xd5df,0xd5bf,0xff7f,0xcd9f,0xffff,0xff9f,0xcd9f,0xff7f,0xcdbf,0xff9f,0xffbf,0xd5ff,0xff9f,0xde1f,0xcd9f,0xff7f,0xde1f,
    0xd5df,0xff7f,0xd5bf,0xffbf,0xffbf,0xd5ff,0xff9f,0xff5f,0xff9f,0xff9f,0xff7f,0xff9f,0xff9f,0xff9f,0xcd7e,0xcdbf,0xd5ff,0xd5df,0xc55b,0x3026,0x3027,0x0000,0x0000,0x0000,
    0x0000,0x0000,0x0000,0x0000,0x2825,0xdedf,0xde1f,0xd5df,0xd5bf,0xee9f,0xe65f,0xffbf,0xff9f,0xd5bf,0xff5f,0xe69f,0xcdbf,0xd5ff,0xd5bf,0xd5df,0xd5bf,0xd5bf,0xd5ff,0xd5ff,
    0xd5bf,0xd5df,0xd5ff,0xd5bf,0xd5df,0xd5ff,0xd5bf,0xd5df,0xd5ff,0xd5bf,0xd5ff,0xd5df,0xcd9f,0xd5bf,0xcd9f,0xd5ff,0xd5df,0xd5bf,0xd5ff,0xd5df,0xd59f,0xd5bf,0xd5ff,0xddff,
    0xd5bf,0xcd9f,0xd5ff,0xd5ff,0xd5df,0xd5ff,0xff5f,0xd5bf,0xd61f,0xff7f,0xff7f,0xff9f,0xffdf,0xff9f,0xcd7f,0xd5bf,0xd5df,0xde1f,0xc5bb,0x2825,0x0000,0x0000,0x0000,0x0000,
    0x0000,0x0000,0x0000,0x0000,0x580c,0x3027,0x598d,0x514c,0x492d,0xd5ff,0xd5ff,0xd5df,0xcd7f,0xd5bf,0xd5de,0xd5df,0x59cd,0x59ad,0x59ad,0x518c,0x59ad,0x598c,0x516c,0x516c,
    0x518c,0x59cd,0x59ad,0x518c,0x59ad,0x620e,0x59ee,0x620e,0x59cd,0x620e,0x59ad,0x59ad,0x59cd,0x61ce,0x620e,0x59ad,0x59cd,0x516c,0x518c,0x516c,0x514b,0x516c,0x492b,0x492b,
    0x494b,0x516c,0x518c,0x518c,0x516c,0x518c,0xde3f,0xe67f,0xd5df,0xddff,0xd5bf,0xe67f,0xcd9f,0xd5df,0xd5df,0x7ad2,0x7ad2,0x8332,0x3827,0x402b,0x0000,0x0000,0x0000,0x0000,
    0x0000,0x0000,0x0000,0x0000,0x0000,0x0000,0x2826,0x2825,0x3827,0xd5df,0xde1f,0xcd9f,0xddff,0xd5df,0x51cc,0x2025,0x3026,0x2826,0x3026,0x3027,0x3026,0x2826,0x2826,0x2826,
    0x3026,0x2826,0x2825,0x3026,0x2826,0x2826,0x2826,0x2826,0x2826,0x2825,0x2825,0x2826,0x3026,0x3026,0x2825,0x2826,0x2826,0x2826,0x2826,0x2826,0x2826,0x2826,0x2825,0x2826,
    0x2826,0x3026,0x2826,0x2825,0x2825,0x3026,0x3026,0x3027,0x2045,0xd61f,0xcd9f,0xd5ff,0xcd9f,0xd5ff,0xd5df,0x3027,0x2005,0x2825,0x0000,0x0000,0x0000,0x0000,0x0000,0x0000,
    0x0000,0x0000,0x0000,0x0000,0x0000,0x0000,0x0000,0x0000,0x3047,0x3026,0x2805,0x2805,0x3026,0x3027,0x2825,0x2045,0x2846,0x0000,0x0000,0x0000,0x0000,0x0000,0x0000,0x0000,
    0x0000,0x0000,0x0000,0x0000,0x0000,0x0000,0x0000,0x0000,0x0000,0x0000,0x0000,0x0000,0x0000,0x0000,0x0000,0x0000,0x0000,0x0000,0x0000,0x0000,0x0000,0x0000,0x0000,0x0000,
    0x0000,0x0000,0x0000,0x0000,0x0000,0x0000,0x0000,0x2845,0x2045,0x3827,0x3026,0x2805,0x3026,0x3026,0x2805,0x3026,0x0000,0x0000,0x0000,0x0000,0x0000,0x0000,0x0000,0x0000,
    0x0000,0x0000,0x0000,0x0000,0x0000,0x0000,0x0000,0x0000,0x0000,0x0000,0x0000,0x0000,0x0000,0x0000,0x0000,0x0000,0x0000,0x0000,0x0000,0x0000,0x0000,0x0000,0x0000,0x0000,
    0x0000,0x0000,0x0000,0x0000,0x0000,0x0000,0x0000,0x0000,0x0000,0x0000,0x0000,0x0000,0x0000,0x0000,0x0000,0x0000,0x0000,0x0000,0x0000,0x0000,0x0000,0x0000,0x0000,0x0000,
    0x0000,0x0000,0x0000,0x0000,0x0000,0x0000,0x0000,0x0000,0x0000,0x0000,0x0000,0x0000,0x0000,0x0000,0x0000,0x0000,0x0000,0x0000,0x0000,0x0000,0x0000,0x0000,0x0000,0x0000,
    0x0000,0x0000,0x0000,0x0000,0x0000,0x0000,0x0000,0x0000,0x0000,0x0000,0x0000,0x0000,0x0000,0x0000,0x0000,0x0000,0x0000,0x0000,0x0000,0x0000,0x0000,0x0000,0x0000,0x0000,
    0x0000,0x0000,0x0000,0x0000,0x0000,0x0000,0x0000,0x0000,0x0000,0x0000,0x0000,0x0000,0x0000,0x0000,0x0000,0x0000,0x0000,0x0000,0x0000,0x0000,0x0000,0x0000,0x0000,0x0000,
    0x0000,0x0000,0x0000,0x0000,0x0000,0x0000,0x0000,0x0000,0x0000,0x0000,0x0000,0x0000,0x0000,0x0000,0x0000,0x0000,0x0000,0x0000,0x0000,0x0000,0x0000,0x0000,0x0000,0x0000,
    0x0000,0x0000,0x0000,0x0000,0x0000,0x0000,0x0000,0x0000,0x0000,0x0000,0x0000,0x0000,0x0000,0x0000,0x0000,0x0000,0x0000,0x0000,0x0000,0x0000,0x0000,0x0000,0x0000,0x0000,
    0x0000,0x0000,0x0000,0x0000,0x0000,0x0000,0x0000,0x0000,0x0000,0x0000,0x0000,0x0000,0x0000,0x0000,0x0000,0x0000,0x0000,0x0000,0x0000,0x0000,0x0000,0x0000,0x0000,0x0000,
    0x0000,0x0000,0x0000,0x0000,0x0000,0x0000,0x0000,0x0000,0x0000,0x0000,0x0000,0x0000,0x0000,0x0000,0x0000,0x0000,0x0000,0x0000,0x0000,0x0000,0x0000,0x0000,0x0000,0x0000,
  },
  /* sleep_breathe */ {
    0x0000,0x0000,0x0000,0x0000,0x0000,0x0000,0x0000,0x0000,0x0000,0x0000,0x0000,0x0000,0x0000,0x0000,0x0000,0x0000,0x0000,0x0000,0x0000,0x0000,0x0000,0x0000,0x0000,0x0000,
    0x0000,0x0000,0x0000,0x0000,0x0000,0x0000,0x0000,0x0000,0x0000,0x0000,0x0000,0x0000,0x0000,0x0000,0x0000,0x0000,0x0000,0x0000,0x0000,0x0000,0x0000,0x0000,0x0000,0x0000,
    0x0000,0x0000,0x0000,0x0000,0x0000,0x0000,0x0000,0x0000,0x0000,0x0000,0x0000,0x0000,0x0000,0x0000,0x0000,0x0000,0x0000,0x0000,0x0000,0x0000,0x0000,0x0000,0x0000,0x0000,
    0x0000,0x0000,0x0000,0x0000,0x0000,0x0000,0x0000,0x0000,0x0000,0x0000,0x0000,0x0000,0x0000,0x0000,0x0000,0x0000,0x0000,0x0000,0x0000,0x0000,0x0000,0x0000,0x0000,0x0000,
    0x0000,0x0000,0x0000,0x0000,0x0000,0x0000,0x0000,0x0000,0x0000,0x0000,0x0000,0x0000,0x0000,0x0000,0x0000,0x0000,0x0000,0x0000,0x0000,0x0000,0x0000,0x0000,0x0000,0x0000,
    0x0000,0x0000,0x0000,0x0000,0x0000,0x0000,0x0000,0x0000,0x0000,0x0000,0x0000,0x0000,0x0000,0x0000,0x0000,0x0000,0x0000,0x0000,0x0000,0x0000,0x0000,0x0000,0x0000,0x0000,
    0x0000,0x0000,0x0000,0x0000,0x0000,0x0000,0x0000,0x0000,0x0000,0x0000,0x0000,0x0000,0x0000,0x0000,0x0000,0x0000,0x0000,0x0000,0x0000,0x0000,0x0000,0x0000,0x0000,0x0000,
    0x0000,0x0000,0x0000,0x0000,0x0000,0x0000,0x0000,0x0000,0x0000,0x0000,0x0000,0x0000,0x0000,0x0000,0x0000,0x0000,0x0000,0x0000,0x0000,0x0000,0x0000,0x0000,0x0000,0x0000,
    0x0000,0x0000,0x0000,0x0000,0x0000,0x0000,0x0000,0x0000,0x0000,0x0000,0x0000,0x0000,0x0000,0x0000,0x0000,0x0000,0x0000,0x0000,0x0000,0x0000,0x0000,0x0000,0x0000,0x0000,
    0x0000,0x0000,0x0000,0x0000,0x0000,0x0000,0x0000,0x0000,0x0000,0x0000,0x0000,0x0000,0x0000,0x0000,0x0000,0x0000,0x0000,0x0000,0x0000,0x0000,0x0000,0x0000,0x0000,0x0000,
    0x0000,0x0000,0x0000,0x0000,0x0000,0x0000,0x0000,0x0000,0x0000,0x0000,0x0000,0x0000,0x0000,0x0000,0x0000,0x0000,0x0000,0x0000,0x0000,0x0000,0x0000,0x0000,0x0000,0x0000,
    0x0000,0x0000,0x0000,0x0000,0x0000,0x0000,0x0000,0x0000,0x0000,0x0000,0x0000,0x0000,0x0000,0x0000,0x0000,0x0000,0x0000,0x0000,0x0000,0x0000,0x0000,0x0000,0x0000,0x0000,
    0x0000,0x0000,0x0000,0x0000,0x0000,0x0000,0x0000,0x0000,0x0000,0x0000,0x0000,0x0000,0x0000,0x0000,0x0000,0x0000,0x0000,0x0000,0x0000,0x0000,0x0000,0x0000,0x0000,0x0000,
    0x0000,0x0000,0x0000,0x0000,0x0000,0x0000,0x0000,0x0000,0x0000,0x0000,0x0000,0x0000,0x0000,0x0000,0x0000,0x0000,0x0000,0x0000,0x0000,0x0000,0x0000,0x0000,0x0000,0x0000,
    0x0000,0x0000,0x0000,0x0000,0x0000,0x0000,0x0000,0x0000,0x0000,0x0000,0x0000,0x0000,0x0000,0x0000,0x0000,0x0000,0x0000,0x0000,0x0000,0x0000,0x0000,0x0000,0x0000,0x0000,
    0x0000,0x0000,0x0000,0x0000,0x0000,0x0000,0x0000,0x0000,0x0000,0x0000,0x0000,0x0000,0x0000,0x0000,0x0000,0x0000,0x0000,0x0000,0x0000,0x0000,0x0000,0x0000,0x0000,0x0000,
    0x0000,0x0000,0x0000,0x0000,0x0000,0x0000,0x0000,0x0000,0x0000,0x0000,0x0000,0x0000,0x0000,0x0000,0x0000,0x0000,0x0000,0x0000,0x0000,0x0000,0x0000,0x0000,0x0000,0x0000,
    0x0000,0x0000,0x0000,0x0000,0x0000,0x0000,0x0000,0x0000,0x0000,0x0000,0x0000,0x0000,0x0000,0x0000,0x0000,0x0000,0x0000,0x0000,0x0000,0x0000,0x0000,0x0000,0x0000,0x0000,
    0x0000,0x0000,0x0000,0x0000,0x0000,0x0000,0x0000,0x0000,0x0000,0x0000,0x0000,0x0000,0x0000,0x0000,0x0000,0x0000,0x0000,0x0000,0x0000,0x0000,0x0000,0x0000,0x0000,0x0000,
    0x0000,0x0000,0x0000,0x0000,0x0000,0x0000,0x0000,0x0000,0x0000,0x0000,0x0000,0x0000,0x0000,0x0000,0x0000,0x0000,0x0000,0x0000,0x0000,0x0000,0x0000,0x0000,0x0000,0x0000,
    0x0000,0x0000,0x0000,0x0000,0x0000,0x0000,0x0000,0x0000,0x0000,0x0000,0x0000,0x0000,0x0000,0x0000,0x0000,0x0000,0x0000,0x0000,0x0000,0x0000,0x0000,0x0000,0x0000,0x0000,
    0x0000,0x0000,0x0000,0x0000,0x0000,0x0000,0x0000,0x0000,0x0000,0x0000,0x0000,0x0000,0x0000,0x0000,0x0000,0x0000,0x0000,0x0000,0x0000,0x0000,0x0000,0x0000,0x0000,0x0000,
    0x0000,0x0000,0x0000,0x0000,0x0000,0x0000,0x0000,0x0000,0x0000,0x0000,0x0000,0x0000,0x0000,0x0000,0x0000,0x0000,0x0000,0x0000,0x0000,0x0000,0x0000,0x0000,0x0000,0x0000,
    0x0000,0x0000,0x0000,0x0000,0x0000,0x0000,0x0000,0x0000,0x0000,0x0000,0x0000,0x0000,0x0000,0x0000,0x0000,0x0000,0x0000,0x0000,0x0000,0x0000,0x0000,0x0000,0x0000,0x0000,
    0x0000,0x0000,0x0000,0x0000,0x0000,0x0000,0x0000,0x0000,0x0000,0x0000,0x0000,0x0000,0x0000,0x0000,0x0000,0x0000,0x0000,0x0000,0x0000,0x0000,0x0000,0x0000,0x0000,0x0000,
    0x0000,0x0000,0x0000,0x0000,0x0000,0x0000,0x0000,0x0000,0x0000,0x0000,0x0000,0x0000,0x0000,0x0000,0x0000,0x0000,0x0000,0x0000,0x0000,0x0000,0x0000,0x0000,0x0000,0x0000,
    0x0000,0x0000,0x0000,0x0000,0x0000,0x0000,0x0000,0x0000,0x0000,0x0000,0x0000,0x0000,0x0000,0x0000,0x0000,0x0000,0x0000,0x0000,0x0000,0x0000,0x0000,0x0000,0x0000,0x0000,
    0x0000,0x0000,0x0000,0x0000,0x0000,0x0000,0x0000,0x0000,0x0000,0x0000,0x0000,0x0000,0x0000,0x0000,0x0000,0x0000,0x0000,0x0000,0x0000,0x0000,0x0000,0x0000,0x0000,0x0000,
    0x0000,0x0000,0x0000,0x0000,0x0000,0x0000,0x0000,0x0000,0x0000,0x0000,0x0000,0x0000,0x0000,0x0000,0x0000,0x0000,0x0000,0x0000,0x0000,0x0000,0x0000,0x0000,0x0000,0x0000,
    0x0000,0x0000,0x0000,0x0000,0x0000,0x0000,0x0000,0x0000,0x0000,0x0000,0x0000,0x0000,0x0000,0x0000,0x0000,0x0000,0x0000,0x0000,0x0000,0x0000,0x0000,0x0000,0x0000,0x0000,
    0x0000,0x0000,0x0000,0x0000,0x0000,0x0000,0x0000,0x0000,0x0000,0x0000,0x0000,0x0000,0x0000,0x0000,0x0000,0x0000,0x0000,0x0000,0x0000,0x0000,0x0000,0x0000,0x0000,0x0000,
    0x0000,0x0000,0x0000,0x0000,0x0000,0x0000,0x0000,0x0000,0x0000,0x0000,0x0000,0x0000,0x0000,0x0000,0x0000,0x0000,0x0000,0x2805,0x3026,0x2806,0x2806,0x2806,0x3027,0x1804,
    0x0000,0x0000,0x0000,0x0000,0x0000,0x0000,0x0000,0x0000,0x0000,0x0000,0x0000,0x0000,0x0000,0x0000,0x0000,0x0000,0x0000,0x0000,0x0000,0x0000,0x0000,0x0000,0x0000,0x0000,
    0x0000,0x0000,0x0000,0x0000,0x0000,0x0000,0x0000,0x0000,0x0000,0x0000,0x0000,0x0000,0x0000,0x0000,0x0000,0x0000,0x0000,0x0000,0x0000,0x0000,0x0000,0x0000,0x0000,0x0000,
    0x0000,0x0000,0x0000,0x0000,0x0000,0x0000,0x0000,0x0000,0x0000,0x0000,0x0000,0x0000,0x0000,0x0000,0x0000,0x2825,0x2025,0x3266,0x3286,0x3286,0x3ac6,0x3286,0x2025,0x1804,
    0x0000,0x0000,0x0000,0x0000,0x0000,0x0000,0x0000,0x0000,0x0000,0x0000,0x0000,0x0000,0x0000,0x0000,0x0000,0x0000,0x0000,0x0000,0x0000,0x0000,0x0000,0x0000,0x0000,0x0000,
    0x0000,0x0000,0x0000,0x0000,0x0000,0x0000,0x0000,0x0000,0x0000,0x0000,0x0000,0x0000,0x0000,0x0000,0x0000,0x0000,0x0000,0x0000,0x0000,0x0000,0x0000,0x0000,0x0000,0x0000,
    0x0000,0x0000,0x0000,0x0000,0x0000,0x0000,0x0000,0x0000,0x0000,0x0000,0x0000,0x0000,0x0000,0x0000,0x0000,0x2804,0x2064,0x664b,0x662b,0x662b,0x660b,0x660b,0x1824,0x2004,
    0x0000,0x0000,0x0000,0x0000,0x0000,0x0000,0x0000,0x0000,0x0000,0x0000,0x0000,0x0000,0x0000,0x0000,0x0000,0x0000,0x0000,0x0000,0x0000,0x0000,0x0000,0x0000,0x0000,0x0000,
    0x0000,0x0000,0x0000,0x0000,0x0000,0x0000,0x0000,0x0000,0x0000,0x0000,0x0000,0x0000,0x0000,0x0000,0x0000,0x0000,0x0000,0x0000,0x0000,0x0000,0x0000,0x0000,0x0000,0x0000,
    0x0000,0x0000,0x0000,0x0000,0x0000,0x0000,0x0000,0x0000,0x0000,0x0000,0x0000,0x0000,0x0000,0x3007,0x2845,0x5e0a,0x662a,0x662b,0x662b,0x662b,0x662b,0x662b,0x2025,0x1803,
    0x0000,0x0000,0x0000,0x0000,0x0000,0x0000,0x0000,0x0000,0x0000,0x0000,0x0000,0x0000,0x0000,0x0000,0x0000,0x0000,0x0000,0x0000,0x0000,0x0000,0x0000,0x0000,0x0000,0x0000,
    0x0000,0x0000,0x0000,0x0000,0x0000,0x0000,0x0000,0x0000,0x0000,0x0000,0x0000,0x0000,0x0000,0x0000,0x0000,0x0000,0x0000,0x0000,0x0000,0x0000,0x0000,0x0000,0x0000,0x0000,
    0x0000,0x0000,0x0000,0x0000,0x0000,0x0000,0x0000,0x0000,0x0000,0x0000,0x0000,0x0000,0x3006,0x2004,0x664b,0x664b,0x662b,0x5e0b,0x3dab,0x662b,0x664b,0x5e2b,0x2025,0x1804,
    0x0000,0x0000,0x0000,0x0000,0x0000,0x0000,0x0000,0x0000,0x0000,0x0000,0x0000,0x0000,0x0000,0x0000,0x0000,0x0000,0x0000,0x0000,0x0000,0x0000,0x0000,0x0000,0x0000,0x0000,
    0x0000,0x0000,0x0000,0x0000,0x0000,0x0000,0x0000,0x0000,0x0000,0x0000,0x0000,0x0000,0x0000,0x0000,0x0000,0x0000,0x0000,0x0000,0x0000,0x0000,0x0000,0x0000,0x0000,0x0000,
    0x0000,0x0000,0x0000,0x0000,0x0000,0x0000,0x2805,0x3006,0x2805,0x2825,0x0000,0x0000,0x2825,0x2805,0x5e4a,0x662b,0x5e2a,0x352a,0x664b,0x664b,0x5e2b,0x2826,0x1003,0x0000,
    0x0000,0x0000,0x0000,0x0000,0x0000,0x0000,0x0000,0x0000,0x0000,0x0000,0x0000,0x0000,0x0000,0x0000,0x0000,0x0000,0x0000,0x0000,0x0000,0x0000,0x0000,0x0000,0x0000,0x0000,
    0x0000,0x0000,0x0000,0x0000,0x0000,0x0000,0x0000,0x0000,0x0000,0x0000,0x0000,0x0000,0x0000,0x0000,0x0000,0x0000,0x0000,0x0000,0x0000,0x0000,0x0000,0x0000,0x0000,0x0000,
    0x0000,0x0000,0x0000,0x0000,0x0000,0x0000,0x2024,0x666c,0x5e4b,0x6f2b,0x2826,0x2005,0x2825,0x664b,0x664b,0x356a,0x662b,0x662b,0x5e2b,0x3d8a,0x2846,0x3026,0x1003,0x0000,
    0x0000,0x0000,0x0000,0x0000,0x0000,0x0000,0x0000,0x0000,0x0000,0x0000,0x0000,0x0000,0x0000,0x0000,0x0000,0x0000,0x0000,0x0000,0x0000,0x0000,0x0000,0x0000,0x0000,0x0000,
    0x0000,0x0000,0x0000,0x0000,0x0000,0x0000,0x0000,0x0000,0x0000,0x0000,0x0000,0x0000,0x0000,0x0000,0x0000,0x0000,0x0000,0x0000,0x0000,0x0000,0x0000,0x0000,0x0000,0x0000,
    0x0000,0x0000,0x0000,0x0000,0x0000,0x0000,0x3026,0x662b,0x662b,0x664b,0x664a,0x2806,0x2826,0x664b,0x664b,0x3d6a,0x662b,0x5e2b,0x5e4b,0x3d4a,0x2826,0x2025,0x0000,0x0000,
    0x0000,0x0000,0x0000,0x0000,0x0000,0x0000,0x0000,0x0000,0x0000,0x0000,0x0000,0x0000,0x0000,0x0000,0x0000,0x0000,0x0000,0x0000,0x0000,0x0000,0x0000,0x0000,0x0000,0x0000,
    0x0000,0x0000,0x0000,0x0000,0x0000,0x0000,0x0000,0x0000,0x0000,0x0000,0x0000,0x0000,0x0000,0x0000,0x0000,0x0000,0x0000,0x0000,0x0000,0x0000,0x0000,0x0000,0x0000,0x0000,
    0x0000,0x0000,0x0000,0x0000,0x0000,0x0000,0x2025,0x454a,0x5e2b,0x5e0b,0x668c,0x2806,0x2825,0x5e2a,0x55ea,0x4deb,0x662b,0x354a,0x3389,0x2005,0x502b,0x0000,0x0000,0x0000,
    0x0000,0x0000,0x0000,0x0000,0x0000,0x0000,0x0000,0x0000,0x0000,0x0000,0x0000,0x0000,0x0000,0x0000,0x0000,0x0000,0x0000,0x0000,0x0000,0x0000,0x0000,0x0000,0x0000,0x0000,
    0x0000,0x0000,0x0000,0x0000,0x0000,0x0000,0x0000,0x0000,0x0000,0x0000,0x0000,0x0000,0x0000,0x0000,0x0000,0x0000,0x0000,0x0000,0x0000,0x0000,0x0000,0x0000,0x0000,0x0000,
    0x0000,0x0000,0x0000,0x0000,0x3047,0x3827,0x2825,0x2845,0x3066,0x352a,0x664b,0x2024,0x2024,0x664b,0x3d4a,0x2146,0x3047,0x2825,0x2826,0x2806,0x0000,0x0000,0x0000,0x0000,
    0x0000,0x0000,0x0000,0x0000,0x0000,0x0000,0x0000,0x0000,0x0000,0x0000,0x0000,0x0000,0x0000,0x0000,0x0000,0x0000,0x0000,0x0000,0x0000,0x0000,0x0000,0x0000,0x0000,0x0000,
    0x0000,0x0000,0x0000,0x0000,0x0000,0x0000,0x0000,0x0000,0x0000,0x0000,0x0000,0x0000,0x0000,0x0000,0x0000,0x0000,0x0000,0x0000,0x0000,0x0000,0x0000,0x0000,0x0000,0x0000,
    0x2825,0x3027,0x3027,0x2806,0x2826,0x2825,0x48c3,0x5186,0x5a47,0x7e4c,0x8e8b,0x6aa9,0x6ac7,0x9ecd,0x864c,0x5ba8,0x5a45,0x69e4,0x61a4,0x2826,0x2805,0x3027,0x0000,0x0000,
    0x0000,0x0000,0x0000,0x0000,0x0000,0x0000,0x0000,0x0000,0x0000,0x0000,0x0000,0x0000,0x0000,0x0000,0x0000,0x0000,0x0000,0x0000,0x0000,0x0000,0x0000,0x0000,0x0000,0x0000,
    0x0000,0x0000,0x0000,0x0000,0x0000,0x0000,0x0000,0x0000,0x0000,0x0000,0x0000,0x0000,0x0000,0x0000,0x0000,0x0000,0x2805,0x3006,0x3006,0x2826,0x3026,0x2826,0x3026,0xde5c,
    0xffff,0x2825,0x2825,0x2825,0x71e5,0x6a48,0xfea9,0xff2e,0xff6e,0xff6e,0xff6e,0xff6e,0xff6f,0xff6e,0xff6e,0xff6e,0xff6f,0xff2d,0xc508,0x6227,0x59e7,0x3006,0x2805,0x2825,
    0x8b91,0x3026,0x2826,0x3026,0x3026,0x3026,0x3006,0x3027,0x0000,0x0000,0x0000,0x0000,0x0000,0x0000,0x0000,0x0000,0x0000,0x0000,0x0000,0x0000,0x0000,0x0000,0x0000,0x0000,
    0x0000,0x0000,0x0000,0x0000,0x0000,0x0000,0x0000,0x0000,0x0000,0x0000,0x0000,0x0000,0x0000,0x3828,0x3827,0x2025,0xef1e,0xeede,0xef1e,0xef1e,0xef3e,0xef5e,0xeefe,0xe6dd,
    0x3046,0x2826,0xd58a,0xff4e,0xff6e,0xff6f,0xff6f,0xff6e,0xff6f,0xff6f,0xff6f,0xff6f,0xff6f,0xff6f,0xff6f,0xff6f,0xff6f,0xff6f,0xff6f,0xff6f,0xff6e,0xf730,0x2024,0x3026,
    0x3046,0xeede,0xeebe,0xef5e,0xef3e,0xeede,0xef1e,0xef5e,0x2826,0x3027,0x3027,0x0000,0x0000,0x0000,0x0000,0x0000,0x0000,0x0000,0x0000,0x0000,0x0000,0x0000,0x0000,0x0000,
    0x0000,0x0000,0x0000,0x0000,0x0000,0x0000,0x0000,0x0000,0x0000,0x0000,0x0000,0x0000,0x2826,0x0801,0xef3e,0xef1e,0xf73f,0xf71f,0xf71f,0xf71f,0xeeff,0xd5be,0x3867,0x2825,
    0x9be5,0xff50,0xff4f,0xff6f,0xff6f,0xff6e,0xff6f,0xff6f,0xff6f,0xff6f,0xff6f,0xff6f,0xff6f,0xff6f,0xff6f,0xff6f,0xff6f,0xff6f,0xff6f,0xff6f,0xff6f,0xff6f,0xff50,0xffcf,
    0x2004,0x3046,0xeebf,0xf71f,0xf71f,0xf73f,0xf73f,0xf73f,0xef3e,0xe6bc,0x2025,0x2825,0x0000,0x0000,0x0000,0x0000,0x0000,0x0000,0x0000,0x0000,0x0000,0x0000,0x0000,0x0000,
    0x0000,0x0000,0x0000,0x0000,0x0000,0x0000,0x0000,0x0000,0x0000,0x0000,0x0000,0x0000,0x3027,0xffff,0xf71f,0xf71f,0xf71f,0xf71f,0xf71f,0xeeff,0xddfe,0x2025,0x3026,0xff90,
    0xff6e,0xfffd,0xffff,0xff8f,0xff6f,0xff6f,0xff6f,0xff6f,0xff6f,0xff6f,0xff6f,0xff6f,0xff6f,0xff6f,0xff6f,0xff6f,0xff6f,0xff6f,0xff6f,0xff6f,0xff6f,0xff6f,0xff6f,0xff6e,
    0xffb0,0x3026,0x2805,0xe67f,0xeeff,0xf73f,0xf71f,0xf71f,0xf73f,0xef1f,0xf77f,0x3027,0x0000,0x0000,0x0000,0x0000,0x0000,0x0000,0x0000,0x0000,0x0000,0x0000,0x0000,0x0000,
    0x0000,0x0000,0x0000,0x0000,0x0000,0x0000,0x0000,0x0000,0x0000,0x0000,0x0000,0x2805,0xf75e,0xf73f,0xf71f,0xf71f,0xf71f,0xf71f,0xe69f,0xddff,0xd5fd,0x3006,0xee29,0xff4e,
    0xffdc,0xffff,0xff6f,0xff8f,0xff6f,0xff6f,0xff6f,0xff6f,0xff6f,0xff6f,0xff6f,0xff6f,0xff6f,0xff6f,0xff6f,0xff6f,0xff6f,0xff6f,0xff6f,0xff6f,0xff6f,0xff6e,0xff6f,0xff6f,
    0xff6f,0xff6d,0x2806,0xde3f,0xde5f,0xf6ff,0xf71f,0xf73f,0xf71f,0xf71f,0xf75f,0xf7be,0x2005,0x0000,0x0000,0x0000,0x0000,0x0000,0x0000,0x0000,0x0000,0x0000,0x0000,0x0000,
    0x0000,0x0000,0x0000,0x0000,0x0000,0x0000,0x0000,0x0000,0x0000,0x0000,0x0000,0x3007,0xf73f,0xf71f,0xf71f,0xf71f,0xf71f,0xf73f,0xd5bf,0x2806,0x2825,0xe4a3,0xfe67,0xff6e,
    0xfffe,0xffdb,0xff6f,0xff6f,0xff6f,0xff6f,0xff6f,0xff6f,0xff8f,0xff6f,0xff6f,0xff6f,0xff6f,0xff6f,0xff6f,0xff6f,0xff6f,0xff6f,0xff6f,0xff6f,0xff6f,0xff6f,0xff6f,0xff6e,
    0xff6e,0xff6e,0x1844,0x2025,0x1803,0xcd9f,0xf71f,0xf71f,0xf71f,0xf71f,0xf71f,0xff7f,0x3026,0x0000,0x0000,0x0000,0x0000,0x0000,0x0000,0x0000,0x0000,0x0000,0x0000,0x0000,
    0x0000,0x0000,0x0000,0x0000,0x0000,0x0000,0x0000,0x0000,0x0000,0x0000,0x0000,0x2825,0xf75f,0xf71f,0xf71f,0xf71f,0xf71f,0xde3f,0xd5bf,0x3027,0x2845,0xff2a,0xff6e,0xff6f,
    0xff6d,0xff6e,0xff6e,0xff6f,0xff6f,0xff6f,0xff6f,0xff6f,0xff6f,0xff6f,0xff6f,0xff6f,0xff6f,0xff6f,0xff6f,0xff6f,0xff6f,0xff6f,0xff6f,0xff6f,0xff6f,0xff6f,0xff6f,0xff6f,
    0xff6f,0xff6f,0x1844,0x2825,0x2004,0xd5df,0xddff,0xf71f,0xf71f,0xf71f,0xf71f,0xffdf,0x2825,0x0000,0x0000,0x0000,0x0000,0x0000,0x0000,0x0000,0x0000,0x0000,0x0000,0x0000,
    0x0000,0x0000,0x0000,0x0000,0x0000,0x0000,0x0000,0x0000,0x0000,0x0000,0x2806,0xe6be,0xf73f,0xf73f,0xf71f,0xf71f,0xf71f,0xf73f,0xcd7f,0x2024,0xff8e,0xff4d,0xff6e,0xff6e,
    0xff6e,0xff6e,0xff6e,0xff6f,0xff6f,0xff6f,0xff6f,0xff6f,0xff6f,0xff6f,0xff6f,0xff6f,0xff6f,0xff6f,0xff6f,0xff6f,0xff6f,0xff6f,0xff6f,0xff6f,0xff6f,0xff6f,0xff6f,0xff6f,
    0xff6f,0xff6e,0xff4e,0x51c6,0x2004,0xcd7f,0xe69f,0xf71f,0xf71f,0xf71f,0xf73f,0xf73f,0x8391,0x2005,0x0000,0x0000,0x0000,0x0000,0x0000,0x0000,0x0000,0x0000,0x0000,0x0000,
    0x0000,0x0000,0x0000,0x0000,0x0000,0x0000,0x0000,0x0000,0x0000,0x0000,0x3026,0xeefe,0xf71f,0xf73f,0xf73f,0xf71f,0xf6ff,0xde1e,0x3047,0x3047,0xffaf,0xff6e,0xff6e,0xff6e,
    0xff6e,0xffb0,0x1826,0xff8e,0xff6f,0xff6f,0x3066,0xf74f,0xff6f,0xff6f,0xff6f,0xff6f,0xff6f,0xff6f,0xff6f,0xff6f,0xb4ea,0x8baa,0xff6f,0xff6e,0xff70,0x3046,0xff4f,0xff6e,
    0xff6e,0xff6e,0xff6f,0x5206,0x2826,0x3047,0xd5df,0xef1f,0xf71f,0xf71f,0xf73f,0xf71f,0x8bb2,0x2826,0x0000,0x0000,0x0000,0x0000,0x0000,0x0000,0x0000,0x0000,0x0000,0x0000,
    0x0000,0x0000,0x0000,0x0000,0x0000,0x0000,0x0000,0x0000,0x0000,0x2026,0x624d,0xf75f,0xf73f,0xf71f,0xf71f,0xe67f,0xcd9f,0xd5bf,0x2825,0xffce,0xff6e,0xff6e,0xff6e,0xff6e,
    0xff6e,0xffd1,0x2025,0x2825,0x2825,0x2024,0x2024,0xf750,0xff6f,0xff6f,0xff6f,0xff6f,0xff6f,0xff6f,0xff6f,0xff6f,0xac8b,0x2024,0x3046,0x2025,0x2005,0x2825,0xff50,0xff4e,
    0xff6e,0xff6e,0xff6e,0xff6e,0x6a07,0x2024,0xd5df,0xd5ff,0xddff,0xf71f,0xf71f,0xf73f,0x8371,0x3026,0x2806,0x0000,0x0000,0x0000,0x0000,0x0000,0x0000,0x0000,0x0000,0x0000,
    0x0000,0x0000,0x0000,0x0000,0x0000,0x0000,0x0000,0x0000,0x0000,0x3027,0xe6bd,0xf71f,0xf73f,0xf73f,0xf71f,0xde5f,0xc53e,0xa3fd,0x2825,0xfff2,0xff6e,0xff6f,0xfc74,0xfc73,
    0xfc53,0xff4f,0xff4f,0x3046,0x2844,0x3045,0xff6f,0xff6f,0xff6f,0xff6f,0xff6f,0xff6f,0xff6f,0xff8f,0xff6f,0xff6f,0xff6e,0x1842,0x3046,0x2844,0x3846,0xff6d,0xff70,0xfc73,
    0xfc73,0xfe32,0xff6e,0xff6e,0x59e7,0x2826,0x935b,0xd5bf,0xd5bf,0xf71f,0xf71f,0xf73f,0xf73f,0x49aa,0x2806,0x0000,0x0000,0x0000,0x0000,0x0000,0x0000,0x0000,0x0000,0x0000,
    0x0000,0x0000,0x0000,0x0000,0x0000,0x0000,0x0000,0x0000,0x0000,0x2826,0xeefe,0xf71f,0xf73f,0xf73f,0xf71f,0xf71f,0xde5f,0x3026,0x2825,0xff8e,0xff6e,0xfc94,0xfc73,0xfc53,
    0xfc53,0xfc73,0xff6f,0xff6e,0xff6f,0xff6e,0xff6f,0xff6f,0xff4f,0xff6f,0xff6f,0xff6f,0xff6f,0xff6f,0xff6f,0xff4f,0xff6f,0xff6f,0xff6e,0xff8f,0xff8f,0xfed0,0xfc53,0xfc53,
    0xfc73,0xfc93,0xff8f,0xff4e,0xfeeb,0x2024,0x2826,0xde3f,0xf71f,0xf71f,0xf73f,0xf71f,0xf73f,0x49ca,0x2005,0x0000,0x0000,0x0000,0x0000,0x0000,0x0000,0x0000,0x0000,0x0000,
    0x0000,0x0000,0x0000,0x0000,0x0000,0x0000,0x0000,0x0000,0x0000,0x3026,0xeefe,0xf73f,0xf71f,0xf71f,0xde1f,0xd5df,0xd5bf,0x2825,0xff4e,0xff6e,0xff6f,0xfc73,0xfc73,0xfc73,
    0xfc73,0xfc53,0xfcb2,0xff6e,0xff6f,0xff6e,0xf750,0xff6f,0x2825,0x2826,0x2826,0x3026,0x2825,0x2825,0x3026,0x3026,0xf730,0xf74f,0xff6e,0xff8f,0xff6f,0xfc53,0xfc53,0xfc73,
    0xfc73,0xfc93,0xfc93,0xff4e,0xff6e,0xee8e,0x2025,0xd5ff,0xd5ff,0xf71f,0xf71f,0xf73f,0xf73f,0x3908,0x2825,0x0000,0x0000,0x0000,0x0000,0x0000,0x0000,0x0000,0x0000,0x0000,
    0x0000,0x0000,0x0000,0x0000,0x0000,0x0000,0x0000,0x0000,0x4809,0x1803,0xeede,0xf73f,0xd5fe,0xd5ff,0xd5df,0xcdbe,0xcdbe,0x2826,0xf70b,0xff4d,0xff4f,0xf38c,0xfdaa,0xff30,
    0xff2d,0xfc4f,0xf431,0xff4f,0xf6ec,0x2825,0x3026,0x3066,0xf75e,0xf79e,0xf79e,0xf77e,0xf77e,0xf77e,0xf77e,0xf79e,0x2025,0x3027,0x2024,0xf74e,0xff50,0xfb91,0xfdae,0xff0f,
    0xfcf2,0xfb8b,0xfcd5,0xff4f,0xff2e,0xe66c,0x2826,0xc51e,0xcd7e,0xde5f,0xde5f,0xf73f,0xef1f,0x38e8,0x3827,0x602e,0x0000,0x0000,0x0000,0x0000,0x0000,0x0000,0x0000,0x0000,
    0x0000,0x0000,0x0000,0x0000,0x0000,0x0000,0x0000,0x0000,0x2826,0xb4b8,0xeebf,0xf71f,0xd5df,0xd59e,0xd59e,0xc55e,0x2825,0x3026,0x2805,0x2825,0x2825,0xffec,0xff6e,0xff4e,
    0xff4e,0xff0a,0x2004,0x3027,0x2044,0xf73e,0xf75e,0xf75e,0xff9f,0xff7f,0xff9f,0xff9f,0xff9f,0xff9f,0xff9f,0xff9f,0xf75e,0xf73e,0xf79e,0x2805,0x3027,0xc52a,0xff6e,0xff4f,
    0xff4e,0xff6e,0x2045,0x2825,0x2825,0x3006,0x2805,0x2005,0xcd9e,0xc53e,0xd5df,0xf71f,0xe67f,0xcdbf,0x2004,0x2805,0x0000,0x0000,0x0000,0x0000,0x0000,0x0000,0x0000,0x0000,
    0x0000,0x0000,0x0000,0x0000,0x0000,0x0000,0x0000,0x0000,0x2825,0xb4d8,0xde5f,0xde5f,0xc55e,0x2025,0x3027,0x2025,0xf75e,0xf79e,0xf79e,0xf79e,0x93d2,0x3026,0xc56a,0xbd6c,
    0xbd4a,0x2806,0x1003,0xff7f,0xff9f,0xff9f,0xff7f,0xff7f,0xff9f,0xff9f,0xff7f,0xff9f,0xff9f,0xff9f,0xff9f,0xff7f,0xff7f,0xff9f,0xff9f,0xff7f,0xff7f,0x2825,0xf750,0xf74f,
    0xff6f,0xede9,0x2826,0xf79e,0xf79e,0xf73e,0xf73e,0x51cc,0x3027,0x2825,0xcd9f,0xcd7f,0xd5bf,0xd5df,0x2004,0x2004,0x0000,0x0000,0x0000,0x0000,0x0000,0x0000,0x0000,0x0000,
    0x0000,0x0000,0x0000,0x0000,0x0000,0x0000,0x0000,0x0000,0x2826,0xa457,0xb4bd,0x8338,0x3026,0xf79f,0xffbf,0xff7f,0xff9f,0xff7f,0xff9f,0xff7f,0xffdf,0xcdb9,0x2024,0x3026,
    0x2826,0x1843,0xff9f,0xff9f,0xff9f,0xff7f,0xff9f,0xff9f,0xff9f,0xff7f,0xff7f,0xff7f,0xff9f,0xff9f,0xff7f,0xff7f,0xff9f,0xff7f,0xff7f,0xff9f,0xff7f,0xff7f,0x1863,0x3026,
    0x2825,0x2825,0xf7be,0xff5f,0xff9f,0xff9f,0xff9f,0xff9f,0xff7f,0x2886,0x2826,0x2025,0xb4de,0xbcfe,0x2825,0x3006,0x0000,0x0000,0x0000,0x0000,0x0000,0x0000,0x0000,0x0000,
    0x0000,0x0000,0x0000,0x0000,0x0000,0x0000,0x0000,0x0000,0x3046,0x2825,0x3026,0x3046,0xff9f,0xff9f,0xff9f,0xff7f,0xff7f,0xff9f,0xff9f,0xff9f,0xff9f,0xff9f,0xff7f,0xff9f,
    0xffbf,0xff9f,0xff7f,0xff9f,0xff9f,0xff9f,0xeeff,0xee9f,0x835d,0x8b7d,0x8b9d,0x8b7d,0xa3fd,0xc69d,0xce9e,0xe67f,0xe6bf,0xff7f,0xff7f,0xff9f,0xff7f,0xff9f,0xff7f,0xff9f,
    0xff9f,0xff7f,0xff9f,0xff9f,0xff9f,0xff9f,0xff9f,0xff9f,0xff9f,0xff9f,0xff7f,0xf79e,0x3026,0x3869,0x2004,0x2805,0x0000,0x0000,0x0000,0x0000,0x0000,0x0000,0x0000,0x0000,
    0x0000,0x0000,0x0000,0x0000,0x0000,0x0000,0x0000,0x0000,0x3026,0x2825,0xd65a,0xff7f,0xff9f,0xff7f,0xff7f,0xff9f,0xff7f,0xff9f,0xff7f,0xff9f,0xff9f,0xff7f,0xffbf,0xff7f,
    0xe67f,0xeedf,0xde1f,0xddff,0x837d,0xb49e,0xac5e,0xac7e,0xac5e,0xac7e,0xac7e,0xac7e,0x7afe,0x8efa,0x96fa,0x96fa,0x85bb,0x8efa,0x861b,0x84fd,0xeedf,0xff9f,0xff9f,0xff7f,
    0xff7f,0xff9f,0xff9f,0xff9f,0xff7f,0xff9f,0xff9f,0xff9f,0xff9f,0xff9f,0xff9f,0xff9f,0xffbf,0x0801,0x2825,0x2004,0x0000,0x0000,0x0000,0x0000,0x0000,0x0000,0x0000,0x0000,
    0x0000,0x0000,0x0000,0x0000,0x0000,0x0000,0x0000,0x0000,0x3026,0xacb5,0xff9f,0xff7f,0xff9f,0xff9f,0xffbf,0xff9f,0xff7f,0xd61f,0x94fd,0x7e3b,0x861b,0x861b,0x85fb,0x75da,
    0x833d,0x833d,0xa41e,0xac5e,0xb49e,0xbd1e,0xac9e,0xac5e,0xac7e,0xb49e,0xdddc,0xac5e,0x82fe,0x8efa,0x8efa,0xaf7a,0x8efa,0x8efa,0x8efa,0x8eba,0x865a,0xacdd,0xe67f,0xe67f,
    0xeedf,0xf73f,0xeedf,0xf73f,0xffbf,0xffbf,0xff9f,0xff9f,0xff9f,0xff9f,0xff9f,0xff9f,0xff7f,0xffbf,0x1002,0x3027,0x0000,0x0000,0x0000,0x0000,0x0000,0x0000,0x0000,0x0000,
    0x0000,0x0000,0x0000,0x0000,0x0000,0x0000,0x0000,0x704d,0x2826,0xacb6,0xff9f,0xff9f,0xff7f,0xe69f,0x8d5c,0x965b,0x8ef9,0x8efa,0x8efa,0x8efa,0xaf79,0x8efa,0x8efa,0x83fd,
    0xa45e,0xac7e,0xac5e,0xa41e,0xffbf,0xffbf,0xffff,0xac5e,0xac5e,0xb47d,0xa43e,0xac3f,0xac5e,0x8efa,0x8eda,0xa73a,0x8efa,0x8efa,0xa77a,0x8efa,0x8efa,0x8efa,0x96fa,0x96fa,
    0x8e9b,0xfbd7,0xfcd7,0xfcf7,0xfd17,0xfd37,0xec18,0xf55a,0xfd9a,0xe65f,0xeeff,0xff7f,0xff9f,0xff9f,0x1003,0x2005,0x684c,0x0000,0x0000,0x0000,0x0000,0x0000,0x0000,0x0000,
    0x0000,0x0000,0x0000,0x0000,0x0000,0x0000,0x0000,0x3027,0x2004,0xcdb9,0xff9f,0xff9f,0xde5f,0x7e3a,0x8efa,0xaf79,0x8efa,0x8efa,0x8efa,0xaf59,0x971a,0x8efa,0x8efa,0x835d,
    0xb4be,0xac5e,0xac3e,0xa43e,0xffbf,0xff9f,0xffff,0xa45e,0xac5e,0xac5e,0xac5e,0xac5e,0x9bde,0x8efa,0x8efa,0x8efa,0x9f1a,0x8efa,0x8efa,0xa77a,0x8eda,0x8efa,0x8eda,0xaf5a,
    0x8eda,0xfcf6,0xfd37,0xfd98,0xfe59,0xfcf6,0xfcf6,0xfd16,0xfd16,0xfd37,0xfc15,0xf75f,0xff7f,0xff9f,0xf77e,0x2865,0x2825,0x0000,0x0000,0x0000,0x0000,0x0000,0x0000,0x0000,
    0x0000,0x0000,0x0000,0x0000,0x0000,0x0000,0x0000,0x3047,0x1002,0xff9f,0xff9f,0xff9f,0x7dfb,0x8efa,0x8eda,0xa77a,0x8efa,0x96fa,0x8efa,0x9719,0x8efa,0x8efa,0x8efa,0x93fe,
    0xac5e,0xa41e,0xff9f,0xffbf,0xeefe,0xfe08,0xee9e,0xff9f,0xffdf,0xac3e,0xac7e,0xac7e,0x951d,0x8efa,0x8efa,0x8efa,0x8efa,0x8efa,0x86da,0x9f39,0xa759,0x8efa,0x8eda,0x8eda,
    0x96da,0xfd37,0xfd36,0xfdd7,0xfe99,0xfcd6,0xfd16,0xfd36,0xfcf6,0xfefa,0xfcf6,0xe61f,0xff9f,0xff9f,0xff7f,0x2866,0x2024,0x0000,0x0000,0x0000,0x0000,0x0000,0x0000,0x0000,
    0x0000,0x0000,0x0000,0x0000,0x0000,0x0000,0x0000,0x2825,0x1002,0xff9f,0xff9f,0xff9f,0x8d9c,0x8efa,0xa759,0x8efa,0x8eda,0xaf5a,0x8efa,0x8efa,0xa779,0x8efa,0x8efa,0xa45e,
    0xac5e,0xeedf,0xffbf,0xff9f,0xfe47,0xfe69,0xffdf,0xffbf,0xffbf,0xac7e,0xac7e,0xac9e,0x8b3e,0x8efa,0xa75a,0xa759,0x8efa,0xaf79,0xa75a,0x8efa,0x8efa,0x96f9,0xa759,0x8ed9,
    0x8eda,0xec57,0xfd16,0xfcd6,0xfcf6,0xfd16,0xfcf6,0xfe79,0xfcf6,0xfcb6,0xfcf6,0xebfa,0xff9f,0xff7f,0xff9f,0x3887,0x3006,0x2826,0x0000,0x0000,0x0000,0x0000,0x0000,0x0000,
    0x0000,0x0000,0x0000,0x0000,0x0000,0x0000,0x3026,0x2064,0xffbf,0xff9f,0xff7f,0xff7f,0x96fa,0x8efa,0x8efa,0x8efa,0xaf5a,0xa759,0x8efa,0x8efa,0x8efa,0x8efa,0x75fa,0xa47e,
    0xac7e,0xac7e,0xff9f,0xffbf,0xffdf,0xffde,0xeebf,0xffbf,0xffbf,0xac3e,0xac5e,0xac7e,0xac5e,0x8efa,0x8efa,0x8efa,0x8efa,0x8ed9,0xaf79,0x8eda,0x8eda,0x8efa,0x8ef9,0x8efa,
    0x8efa,0x0000,0xfd16,0xfd16,0xfd16,0xfd16,0xff1a,0xff3a,0xfef9,0xfd16,0xfd16,0xfc77,0xff7f,0xff7f,0xff9f,0xff9f,0x2805,0x2005,0x0000,0x0000,0x0000,0x0000,0x0000,0x0000,
    0x0000,0x0000,0x0000,0x0000,0x0000,0x0000,0x3026,0x2866,0xff7f,0xff9f,0xff9f,0x8d7c,0x8efa,0x8efa,0x8efa,0x8efa,0x8efa,0x8efa,0x96fa,0x8efa,0x8efa,0x8efa,0x8b5d,0xac5e,
    0xac3e,0xac5e,0xac5e,0xac9e,0xffdf,0xffbf,0xffbf,0xac5e,0xac7e,0xac3e,0xac7e,0xac7e,0x8b5e,0x8efa,0x8efa,0x96da,0x8efa,0x8efa,0x8efa,0xaf79,0x8efa,0x8efa,0x8efa,0x8efa,
    0x96f9,0x8d3b,0xfcf6,0xfd36,0xfd16,0xfd16,0xfd37,0xff1a,0xfcf6,0xfd16,0xfcf6,0xfc36,0xff7f,0xff9f,0xff9f,0xff9f,0x3026,0x2005,0x0000,0x0000,0x0000,0x0000,0x0000,0x0000,
    0x0000,0x0000,0x0000,0x0000,0x0000,0x0000,0x2826,0x1844,0xff7f,0xff9f,0xff9f,0x85fc,0x8efa,0xa77a,0x86fa,0xa77a,0x8efa,0x8efa,0x8efa,0x96fa,0x8efa,0x8efa,0x835d,0xa45e,
    0xd59d,0xb47f,0xac7e,0xac5e,0xffbf,0xffbf,0xffff,0xac5e,0xac5e,0xddfc,0xddfd,0xa43e,0x8b5e,0x8efa,0x9f1a,0xa759,0x8efa,0x8efa,0xaf9a,0x8eda,0x8efa,0xa75a,0x8efa,0x8eda,
    0x8efa,0x763b,0xfd36,0xfd16,0xff3a,0xfd57,0xfd16,0xfcf6,0xfd36,0xfcf6,0xff19,0xfd37,0xe65f,0xff9f,0xff9f,0xff9f,0x2005,0x2005,0x0000,0x0000,0x0000,0x0000,0x0000,0x0000,
    0x0000,0x0000,0x0000,0x0000,0x0000,0x3005,0x3026,0x3066,0xff9f,0xff7f,0xff5f,0x967a,0x8efa,0x8efa,0xa759,0x8efa,0x8efa,0x8eda,0xaf7a,0x8efa,0x8efa,0x8efa,0x82fe,0xac9e,
    0xac3e,0xac5e,0xac9e,0xac5e,0xb49e,0xac5e,0xac7e,0xac5e,0xac5e,0xac7e,0xac5e,0xa43e,0x8b5e,0x96fa,0x96fa,0x8ed9,0x8eda,0x8efa,0x8efa,0x8efa,0x8efa,0x8efa,0x8efa,0x96fa,
    0x8ef9,0x8dbb,0xfd57,0xfd36,0xff1a,0xfd16,0xfd16,0xfd16,0xfd16,0xfed9,0xff3a,0xfdb8,0xfc17,0xff9f,0xff9f,0xff9f,0x3027,0x3027,0x3006,0x0000,0x0000,0x0000,0x0000,0x0000,
    0x0000,0x0000,0x0000,0x0000,0x0000,0x2025,0x3066,0xff9f,0xff9f,0xff7f,0xff9f,0x8f1a,0x8efa,0x8efa,0x8efa,0x8efa,0x7d7b,0x8eba,0x8e99,0x759a,0x75bb,0x7dfb,0x727c,0x7b1d,
    0x9bfd,0x82fd,0x831d,0xac9e,0x93dd,0x83bd,0xa45e,0x8b7e,0xac9e,0x833d,0x7b3d,0x839d,0x7b1d,0x971a,0x8efa,0x8eda,0x7e3c,0x96fa,0x8eda,0x8eda,0x8efa,0x8efa,0x8efa,0x8efa,
    0x8ef9,0x8699,0xfbf5,0xfd36,0xfcf6,0xfcf6,0xfd16,0xfcf6,0xfcf6,0xfd37,0xfd77,0xfd17,0xfc36,0xff9f,0xff9f,0xff7f,0xff9f,0x2806,0x2005,0x0000,0x0000,0x0000,0x0000,0x0000,
    0x0000,0x0000,0x0000,0x0000,0x0000,0x3027,0x2025,0xff7f,0xff9f,0xff9f,0xc5fe,0x75fa,0x7e5a,0x7e3b,0xcd99,0xb539,0xbd59,0xe458,0xd577,0xfcd6,0xfc96,0xeb98,0x6e1a,0x8efa,
    0x8efa,0x8efa,0x8efa,0x8efa,0x8f1a,0x8efa,0x8efa,0x8efa,0x8f1a,0x8efa,0x8efa,0x8efa,0x6e1a,0xa43e,0xb47f,0xac5e,0xac9e,0xa4be,0xac3e,0x83fc,0x849c,0x9d5c,0x84dc,0x9d9c,
    0x84fc,0x7d3b,0xd3d8,0xcc38,0xd479,0xd577,0xdbf7,0xe497,0xdd77,0xdd38,0xdd37,0xfcb7,0xfbf6,0xff9f,0xff9f,0xff9f,0xff7f,0x2005,0x3007,0x0000,0x0000,0x0000,0x0000,0x0000,
    0x0000,0x0000,0x0000,0x0000,0x0000,0x3027,0x1002,0xff9f,0xff9f,0xff9f,0xf458,0xfbd5,0xfcf6,0xfc56,0xfcf6,0xfcf6,0xfd16,0xfcf6,0xfd16,0xfd16,0xfd16,0x9659,0x8eda,0x8efa,
    0x8eda,0x8efa,0x8efa,0xa759,0x8efa,0x96fa,0x96fa,0x8efa,0x8efa,0xa75a,0xa759,0x8efa,0x761a,0xac3e,0xac5e,0xc55d,0xac5e,0xac5e,0xac5e,0xac5e,0xac5e,0xa43e,0xac7e,0xac7e,
    0xa43e,0xac5f,0xac7e,0x8e9a,0x96fa,0x8efa,0x8efa,0x8efa,0xa779,0x96fa,0x96fa,0x85fa,0x757a,0xde1f,0xff9f,0xff9f,0xff7f,0x1803,0x3027,0x0000,0x0000,0x0000,0x0000,0x0000,
    0x0000,0x0000,0x0000,0x0000,0x0000,0x2826,0xffbf,0xff9f,0xff9f,0xff9f,0xeb95,0xfd36,0xfd16,0xfd16,0xfcf6,0xfd16,0xfcf6,0xfd37,0xff5b,0xfcf6,0xfd36,0x85fc,0x8efa,0xa77a,
    0xa73a,0x8efa,0x8efa,0x8efa,0x8efa,0xa75a,0x8efa,0x8efa,0x8efa,0xaf59,0x96f9,0x8eda,0x75fa,0xac7e,0xa41e,0xd5bc,0xac5e,0xac5e,0xac5e,0xac7e,0xf77f,0xef3f,0xac7e,0xac5e,
    0xb49f,0xb4be,0xa45e,0x9ebb,0x8efa,0x8efa,0x8efa,0x8efa,0x971a,0x8efa,0x8efa,0x8efa,0x8f1a,0x759b,0xff9f,0xff7f,0xff9f,0xf79e,0x2005,0x0000,0x0000,0x0000,0x0000,0x0000,
    0x0000,0x0000,0x0000,0x0000,0x0000,0x2825,0xff9f,0xff7f,0xff7f,0xff7f,0xfc35,0xfd16,0xff1a,0xfcf6,0xfd16,0xfd16,0xfd36,0xff3a,0xff3a,0xfd16,0xfd16,0x7ddb,0x8efa,0x8f1a,
    0x96fa,0x8efa,0x96fa,0x96fa,0xa75a,0xaf5a,0x8efa,0x8efa,0x8efa,0xaf79,0x96fa,0x8efa,0x75fa,0xac5e,0xe61c,0xac3e,0xac5e,0xac7e,0xac7e,0xf75f,0xffbf,0xffdf,0xac5e,0xac5e,
    0xac9e,0xde1d,0xac7e,0x965b,0x8efa,0xaf7a,0xaf7a,0x8efa,0x8efa,0x971a,0xaf59,0x9f3a,0x971a,0x75bb,0xff7f,0xff9f,0xff9f,0xf79e,0x2806,0x0000,0x0000,0x0000,0x0000,0x0000,
    0x0000,0x0000,0x0000,0x0000,0x2806,0x2825,0xf77f,0xff9f,0xff9f,0xff9f,0xfd17,0xfcd6,0xff1a,0xfd37,0xfd16,0xfd16,0xfd16,0xfcf6,0xff5b,0xfd17,0xfcd6,0x96da,0x96fa,0x96fa,
    0x8efa,0x8efa,0x96fa,0x96fa,0x9f3a,0x96fa,0x8efa,0x8efa,0x96fa,0x8efa,0x8efa,0x96fa,0x75fa,0xac7e,0xac7e,0xac5e,0xac7e,0xac7e,0xac7e,0xffff,0xffbf,0xffbf,0xac7e,0xac5e,
    0xac5e,0xac7e,0xac5e,0x8e5b,0x96fa,0x8efa,0xaf79,0x8efa,0x96fa,0x8efa,0x8efa,0xa779,0x9f39,0x861b,0xff9f,0xff9f,0xff9f,0xf79e,0x3026,0x2025,0x0000,0x0000,0x0000,0x0000,
    0x0000,0x0000,0x0000,0x0000,0x2805,0xf79f,0xff9f,0xff9f,0xff9f,0xfe7c,0xfcf6,0xfcf6,0xfd16,0xfd16,0xfefb,0xfcd6,0xfd16,0xfd36,0xfd36,0xfd37,0xed38,0x96fa,0x8efa,0x8efa,
    0x8efa,0x96fa,0xaf7a,0x8efa,0x8efa,0xaf59,0x8efa,0x8efa,0x8eda,0x8efa,0x8efa,0xaf59,0x96fa,0xac5e,0xac5e,0xac5e,0xac3f,0xffdf,0xffbf,0xe67e,0xfe07,0xf5ae,0xffdf,0xffdf,
    0xf77f,0xa45e,0xac5e,0x8dbc,0x8efa,0x8efa,0x96fa,0x8efa,0x8efa,0x8eda,0x8efa,0x8efa,0x8eda,0x8eda,0xe6df,0xff9f,0xff9f,0xff7f,0xef3d,0x2826,0x0000,0x0000,0x0000,0x0000,
    0x0000,0x0000,0x0000,0x0000,0x3027,0xffdf,0xff7f,0xff9f,0xff9f,0xf5bb,0xfcf6,0xfcf6,0xfd16,0xfefa,0xff5b,0xff19,0xfd16,0xfd36,0xfd37,0xfd37,0xe558,0x8f1a,0x8efa,0xa779,
    0x96fa,0x8efa,0x86f9,0xaf5a,0x8efa,0x8efa,0x8efa,0xa779,0xaf7a,0x96fa,0x8efa,0xa759,0x8eda,0xa43e,0xac5e,0xac5e,0xac7f,0xffdf,0xffbf,0xffbf,0xfecb,0xfd43,0xffbf,0xffdf,
    0xffbf,0xac5e,0xac7e,0xadfd,0x8efa,0x8efa,0x971a,0x8efa,0xaf7a,0xa77a,0x8efa,0x8efa,0xaf7a,0x8efa,0x75db,0xff9f,0xff9f,0xff9f,0xf77e,0x2826,0x0000,0x0000,0x0000,0x0000,
    0x0000,0x0000,0x0000,0x0000,0x2826,0xffff,0xff7f,0xff9f,0xff7f,0xf51a,0xfcf6,0xfd16,0xfd16,0xfd16,0xff1a,0xfcb6,0xfd17,0xfd36,0xfd36,0xfd37,0xe557,0x96fa,0x8efa,0x8efa,
    0x8efa,0x8efa,0x8efa,0x8efa,0x8ef9,0x96fa,0x8efa,0x8efa,0xa759,0x8eda,0x96fa,0x8efa,0x86d9,0xacbf,0xac5e,0xac5e,0xac5e,0xffdf,0xffff,0xde1f,0xffdf,0xffff,0xffff,0xffdf,
    0xb49f,0xac7e,0xac7e,0x947d,0x971a,0x96fa,0x971a,0x96fa,0x8efa,0x8efa,0x8eda,0x8efa,0x8efa,0x8efa,0x8e9a,0xff9f,0xff9f,0xff7f,0xf7be,0x2805,0x0000,0x0000,0x0000,0x0000,
    0x0000,0x0000,0x0000,0x3026,0x2846,0xffdf,0xff7f,0xff9f,0xff9f,0xed3b,0xfcf6,0xfe38,0xfcf6,0xfd16,0xfd16,0xfd16,0xfd16,0xfdd7,0xfd57,0xfd37,0xd51a,0x8efa,0x8f1a,0x8efa,
    0x8efa,0x8efa,0x96fa,0x8efa,0xaf7a,0xa779,0x8efa,0x96fa,0x8efa,0xa759,0x96f9,0x8efa,0x86da,0xac9e,0xac3e,0xd5bd,0xac5e,0xac7e,0xac7e,0xf75f,0xffbf,0xffbf,0xa45e,0xac5e,
    0xac7e,0xac3e,0xac7e,0xac5e,0x9efb,0x96fa,0x971a,0x96fa,0x96fa,0x8efa,0x9f3a,0x8efa,0x96fa,0x8efa,0x7d9b,0xff7f,0xff9f,0xff7f,0xef5d,0x3847,0x2826,0x0000,0x0000,0x0000,
    0x0000,0x0000,0x0000,0x3006,0xffff,0xff7f,0xff9f,0xff9f,0xf77f,0xfd36,0xfcf5,0xff3a,0xf6d8,0xfd36,0xfd16,0xfd16,0xfcf6,0xfef9,0xfefa,0xfd37,0x8d9b,0x8efa,0x8efa,0x8efa,
    0x8efa,0x96fa,0x8efa,0x8efa,0x971a,0x8efa,0x96fa,0x96fa,0x8efa,0x9719,0x96fa,0x96fa,0x8eda,0xac9e,0xa43e,0xd5bc,0xac5e,0xac7e,0xac5e,0xb51e,0xffbf,0xffff,0xac5e,0xac7e,
    0xac5e,0xddfc,0xde3d,0xac9e,0x9f1b,0xaf79,0xaf79,0x96fa,0x96fa,0x971a,0x8efa,0xaf99,0xb79a,0x96fa,0x8efa,0xff7f,0xff9f,0xff7f,0xff7f,0xde7c,0x3027,0x0000,0x0000,0x0000,
    0x0000,0x0000,0x0000,0x3026,0xe6bf,0xff9f,0xff9f,0xff7f,0xf75f,0xf416,0xfcf6,0xfef9,0xfd16,0xfd16,0xfd36,0xfd17,0xfd16,0xfd57,0xfd36,0xfcd6,0x7e1b,0x971a,0x96fa,0x96fa,
    0x8e3b,0x867a,0x7e5a,0x859c,0x869a,0x865a,0x8dbc,0x867a,0x8eda,0x8eba,0x967b,0x8eba,0x7e79,0x93dd,0xac7e,0xa45e,0xac7e,0xac5e,0xac5e,0xac5e,0xac7e,0xac5e,0xac5e,0xac5e,
    0xac5e,0xcd7e,0xac9e,0xa45e,0x96da,0x96fa,0xaf7a,0x96fa,0x971a,0x971a,0x8efa,0x8efa,0x9f3a,0x8eda,0x9d3c,0xff7f,0xff9f,0xff9f,0xff9f,0xc57b,0x2826,0x0000,0x0000,0x0000,
    0x0000,0x0000,0x0000,0x2805,0xeeff,0xff9f,0xff9f,0xff9f,0xff7f,0xf55b,0xfd17,0xfd16,0xfd36,0xfd17,0xfd16,0xfcf6,0xfbd7,0xfc36,0xfc36,0xe377,0x7e1b,0x75bb,0x75db,0x957d,
    0xe6bf,0xf75f,0xff7f,0xffbf,0xff7f,0xffbf,0xff7f,0xff7f,0xff7f,0xf75f,0xff9f,0xeedf,0xe67f,0xcd7f,0xd5bf,0xc4de,0xcd1e,0xb47d,0x9c3e,0xa41e,0xa45e,0x8b7d,0x9c1e,0xa43e,
    0x8bbe,0xac7e,0xac7e,0x93de,0x8e3a,0x8efa,0x96fa,0x96fa,0x8f1a,0x96fa,0x971a,0x8efa,0x96fa,0x8eba,0xf73f,0xff7f,0xff9f,0xff9f,0xeeff,0xc59c,0x2805,0x0000,0x0000,0x0000,
    0x0000,0x0000,0x0000,0x3006,0xe67f,0xffbf,0xff5f,0xff7f,0xff9f,0xf77f,0xe4db,0x0000,0xfb97,0xfcf7,0xfcd6,0x0000,0xde3f,0xff7f,0xff9f,0xff9f,0xff9f,0xff9f,0xff7f,0xff7f,
    0xff9f,0xff9f,0xff9f,0xff7f,0xff9f,0xff9f,0xff9f,0xff7f,0xff7f,0xff9f,0xff7f,0xff7f,0xff9f,0xff9f,0xff7f,0xff9f,0xff7f,0xff7f,0xd5de,0xd5bf,0xd5df,0xcd7f,0xac7e,0x9bfe,
    0x833d,0x8b5d,0x7b1d,0x8b5d,0x75bb,0x6dbb,0x86da,0x8d5c,0x86ba,0x85fc,0x8ed9,0x7ddb,0x755b,0xff7f,0xff7f,0xff9f,0xff7f,0xff5f,0xf71f,0xcdbc,0x3007,0x0000,0x0000,0x0000,
    0x0000,0x0000,0x0000,0x3026,0xde5f,0xd5ff,0xcdbf,0xff7f,0xff9f,0xff9f,0xff9f,0xff7f,0xff9f,0xff9f,0xff9f,0xff9f,0xff9f,0xff9f,0xff9f,0xff9f,0xff7f,0xff7f,0xff9f,0xff9f,
    0xff9f,0xff9f,0xff9f,0xff9f,0xff9f,0xff7f,0xff9f,0xff9f,0xff7f,0xff9f,0xff7f,0xff9f,0xff7f,0xff9f,0xff7f,0xff9f,0xff7f,0xff9f,0xff7f,0xff9f,0xff9f,0xff9f,0xff7f,0xff9f,
    0xff9f,0xff7f,0xff9f,0xff7f,0xff9f,0xff7f,0xff9f,0xff7f,0xff9f,0xff7f,0xff9f,0xff7f,0xff7f,0xff9f,0xff9f,0xff7f,0xf73f,0xcdbf,0xd5df,0xcdbc,0x3007,0x0000,0x0000,0x0000,
    0x0000,0x0000,0x0000,0x3847,0x3026,0xd5ff,0xd5bf,0xd5df,0xc53e,0xff7f,0xff7f,0xff9f,0xff9f,0xff9f,0xff9f,0xff7f,0xde1f,0xf77f,0xff9f,0xd5ff,0xcd7f,0xff7f,0xd5df,0xffff,
    0xff9f,0xd5bf,0xcd7f,0xff9f,0xe6bf,0xcd9f,0xff7f,0xd5df,0xd5df,0xff7f,0xd5ff,0xffdf,0xf77f,0xcd7f,0xff5f,0xe6bf,0xeeff,0xffbf,0xd5ff,0xffbf,0xcd7f,0xcd7f,0xff9f,0xde1f,
    0xd5bf,0xff7f,0xcd5f,0xffbf,0xffbf,0xd5ff,0xff7f,0xcd5f,0xff7f,0xff9f,0xff7f,0xff9f,0xff9f,0xff7f,0xcdbf,0xd5bf,0xd61f,0xd5bf,0xbd7b,0x3026,0x3026,0x0000,0x0000,0x0000,
    0x0000,0x0000,0x0000,0x0000,0x2805,0xde9f,0xd5ff,0xd5df,0xd5bf,0xe69f,0xde1f,0xffbf,0xff7f,0xd5df,0xff7f,0xf73f,0xd5bf,0xddff,0xd5df,0xd5df,0xd5df,0xd5bf,0xd5ff,0xd5ff,
    0xd5bf,0xd5df,0xd5ff,0xd5df,0xd5bf,0xd5ff,0xd5df,0xd5df,0xd5ff,0xd5df,0xd5ff,0xd5df,0xd5bf,0xd5ff,0xd5ff,0xd5ff,0xd5ff,0xd5df,0xd5ff,0xd5bf,0xd5bf,0xd5df,0xd5ff,0xddff,
    0xd5bf,0xd59f,0xd5df,0xd5ff,0xd5df,0xd5df,0xff5f,0xd5bf,0xd5df,0xff7f,0xff7f,0xff7f,0xffdf,0xff7f,0xd59f,0xd5bf,0xd5df,0xd5bf,0xcddb,0x2005,0x0000,0x0000,0x0000,0x0000,
    0x0000,0x0000,0x0000,0x0000,0x700e,0x3027,0x59cd,0x490b,0x494d,0xd5df,0xd5df,0xd5fe,0xcd7f,0xd5df,0xde3f,0xd5df,0x59ad,0x59ad,0x518c,0x59ac,0x59ed,0x59cd,0x59ad,0x51ac,
    0x59ad,0x59ad,0x59ad,0x518c,0x51ac,0x59ed,0x59ad,0x59cd,0x518c,0x61ed,0x59ed,0x59cd,0x59cd,0x59ee,0x59ed,0x59ad,0x61ed,0x59ad,0x59ad,0x51ac,0x59ac,0x59ad,0x514b,0x494b,
    0x518c,0x59ad,0x518c,0x598d,0x496b,0x516c,0xde5f,0xe67f,0xd5df,0xd5df,0xcd9f,0xde3f,0xd5bf,0xd5df,0xd5df,0x7270,0x622f,0x620e,0x3827,0x502e,0x0000,0x0000,0x0000,0x0000,
    0x0000,0x0000,0x0000,0x0000,0x0000,0x0000,0x2825,0x2025,0x3027,0xd5df,0xd5ff,0xcdbe,0xd5df,0xcd9f,0x38c8,0x3067,0x3027,0x2825,0x2826,0x3026,0x3026,0x2826,0x2826,0x2826,
    0x3027,0x2826,0x2825,0x2826,0x2826,0x2826,0x2826,0x2826,0x2826,0x2825,0x2826,0x3027,0x3027,0x2826,0x2825,0x2826,0x2826,0x2826,0x2825,0x2826,0x2826,0x2825,0x2825,0x2826,
    0x3026,0x3026,0x2826,0x2005,0x2825,0x2826,0x3026,0x3026,0x2045,0xcddf,0xcddf,0xcddf,0xcdbe,0xde3f,0xd5fe,0x3027,0x2005,0x2825,0x0000,0x0000,0x0000,0x0000,0x0000,0x0000,
    0x0000,0x0000,0x0000,0x0000,0x0000,0x0000,0x0000,0x0000,0x3027,0x2825,0x2826,0x2805,0x3027,0x3027,0x2825,0x3047,0x2846,0x0000,0x0000,0x0000,0x0000,0x0000,0x0000,0x0000,
    0x0000,0x0000,0x0000,0x0000,0x0000,0x0000,0x0000,0x0000,0x0000,0x0000,0x0000,0x0000,0x0000,0x0000,0x0000,0x0000,0x0000,0x0000,0x0000,0x0000,0x0000,0x0000,0x0000,0x0000,
    0x0000,0x0000,0x0000,0x0000,0x0000,0x0000,0x0000,0x2025,0x2045,0x3027,0x3006,0x2005,0x2825,0x3026,0x2826,0x3027,0x0000,0x0000,0x0000,0x0000,0x0000,0x0000,0x0000,0x0000,
    0x0000,0x0000,0x0000,0x0000,0x0000,0x0000,0x0000,0x0000,0x0000,0x0000,0x0000,0x0000,0x0000,0x0000,0x0000,0x0000,0x0000,0x0000,0x0000,0x0000,0x0000,0x0000,0x0000,0x0000,
    0x0000,0x0000,0x0000,0x0000,0x0000,0x0000,0x0000,0x0000,0x0000,0x0000,0x0000,0x0000,0x0000,0x0000,0x0000,0x0000,0x0000,0x0000,0x0000,0x0000,0x0000,0x0000,0x0000,0x0000,
    0x0000,0x0000,0x0000,0x0000,0x0000,0x0000,0x0000,0x0000,0x0000,0x0000,0x0000,0x0000,0x0000,0x0000,0x0000,0x0000,0x0000,0x0000,0x0000,0x0000,0x0000,0x0000,0x0000,0x0000,
    0x0000,0x0000,0x0000,0x0000,0x0000,0x0000,0x0000,0x0000,0x0000,0x0000,0x0000,0x0000,0x0000,0x0000,0x0000,0x0000,0x0000,0x0000,0x0000,0x0000,0x0000,0x0000,0x0000,0x0000,
    0x0000,0x0000,0x0000,0x0000,0x0000,0x0000,0x0000,0x0000,0x0000,0x0000,0x0000,0x0000,0x0000,0x0000,0x0000,0x0000,0x0000,0x0000,0x0000,0x0000,0x0000,0x0000,0x0000,0x0000,
    0x0000,0x0000,0x0000,0x0000,0x0000,0x0000,0x0000,0x0000,0x0000,0x0000,0x0000,0x0000,0x0000,0x0000,0x0000,0x0000,0x0000,0x0000,0x0000,0x0000,0x0000,0x0000,0x0000,0x0000,
    0x0000,0x0000,0x0000,0x0000,0x0000,0x0000,0x0000,0x0000,0x0000,0x0000,0x0000,0x0000,0x0000,0x0000,0x0000,0x0000,0x0000,0x0000,0x0000,0x0000,0x0000,0x0000,0x0000,0x0000,
    0x0000,0x0000,0x0000,0x0000,0x0000,0x0000,0x0000,0x0000,0x0000,0x0000,0x0000,0x0000,0x0000,0x0000,0x0000,0x0000,0x0000,0x0000,0x0000,0x0000,0x0000,0x0000,0x0000,0x0000,
    0x0000,0x0000,0x0000,0x0000,0x0000,0x0000,0x0000,0x0000,0x0000,0x0000,0x0000,0x0000,0x0000,0x0000,0x0000,0x0000,0x0000,0x0000,0x0000,0x0000,0x0000,0x0000,0x0000,0x0000,
  },
  /* bath */ {
    0x0000,0x0000,0x0000,0x0000,0x0000,0x0000,0x0000,0x0000,0x0000,0x0000,0x0000,0x0000,0x0000,0x0000,0x0000,0x0000,0x0000,0x0000,0x0000,0x0000,0x0000,0x0000,0x0000,0x0000,
    0x0000,0x0000,0x0000,0x0000,0x0000,0x0000,0x0000,0x0000,0x0000,0x0000,0x0000,0x0000,0x0000,0x0000,0x0000,0x0000,0x0000,0x0000,0x0000,0x0000,0x0000,0x0000,0x0000,0x0000,
    0x0000,0x0000,0x0000,0x0000,0x0000,0x0000,0x0000,0x0000,0x0000,0x0000,0x0000,0x0000,0x0000,0x0000,0x0000,0x0000,0x0000,0x0000,0x0000,0x0000,0x0000,0x0000,0x0000,0x0000,
    0x0000,0x0000,0x0000,0x0000,0x0000,0x0000,0x0000,0x0000,0x0000,0x0000,0x0000,0x0000,0x0000,0x0000,0x0000,0x0000,0x0000,0x0000,0x0000,0x0000,0x0000,0x0000,0x0000,0x0000,
    0x0000,0x0000,0x0000,0x0000,0x0000,0x0000,0x0000,0x0000,0x0000,0x0000,0x0000,0x0000,0x0000,0x0000,0x0000,0x0000,0x0000,0x0000,0x0000,0x0000,0x0000,0x0000,0x0000,0x0000,
    0x0000,0x0000,0x0000,0x0000,0x0000,0x0000,0x0000,0x0000,0x0000,0x0000,0x0000,0x0000,0x0000,0x0000,0x0000,0x0000,0x0000,0x0000,0x0000,0x0000,0x0000,0x0000,0x0000,0x0000,
    0x0000,0x0000,0x0000,0x0000,0x0000,0x0000,0x0000,0x0000,0x0000,0x0000,0x0000,0x0000,0x0000,0x0000,0x0000,0x0000,0x0000,0x0000,0x0000,0x0000,0x0000,0x0000,0x0000,0x0000,
    0x0000,0x0000,0x0000,0x0000,0x0000,0x0000,0x0000,0x0000,0x0000,0x0000,0x0000,0x0000,0x0000,0x0000,0x0000,0x0000,0x0000,0x0000,0x0000,0x0000,0x0000,0x0000,0x0000,0x0000,
    0x0000,0x0000,0x0000,0x0000,0x0000,0x0000,0x0000,0x0000,0x0000,0x0000,0x0000,0x0000,0x0000,0x0000,0x0000,0x0000,0x0000,0x0000,0x0000,0x0000,0x0000,0x0000,0x0000,0x0000,
    0x0000,0x0000,0x0000,0x0000,0x0000,0x0000,0x0000,0x0000,0x0000,0x0000,0x0000,0x0000,0x0000,0x0000,0x0000,0x0000,0x0000,0x0000,0x0000,0x0000,0x0000,0x0000,0x0000,0x0000,
    0x0000,0x0000,0x0000,0x0000,0x0000,0x0000,0x0000,0x0000,0x0000,0x0000,0x0000,0x0000,0x0000,0x0000,0x0000,0x0000,0x0000,0x0000,0x0000,0x0000,0x0000,0x0000,0x0000,0x0000,
    0x0000,0x0000,0x0000,0x0000,0x0000,0x0000,0x0000,0x0000,0x0000,0x0000,0x0000,0x0000,0x0000,0x0000,0x0000,0x0000,0x0000,0x0000,0x0000,0x0000,0x0000,0x0000,0x0000,0x0000,
    0x0000,0x0000,0x0000,0x0000,0x0000,0x0000,0x0000,0x0000,0x0000,0x0000,0x0000,0x0000,0x0000,0x0000,0x0000,0x0000,0x0000,0x0000,0x0000,0x0000,0x0000,0x0000,0x0000,0x0000,
    0x0000,0x0000,0x0000,0x0000,0x0000,0x0000,0x0000,0x0000,0x0000,0x0000,0x0000,0x0000,0x0000,0x0000,0x0000,0x0000,0x0000,0x0000,0x0000,0x0000,0x0000,0x0000,0x0000,0x0000,
    0x0000,0x0000,0x0000,0x0000,0x0000,0x0000,0x0000,0x0000,0x0000,0x0000,0x0000,0x0000,0x0000,0x0000,0x0000,0x0000,0x0000,0x0000,0x0000,0x0000,0x0000,0x0000,0x0000,0x0000,
    0x0000,0x0000,0x0000,0x0000,0x0000,0x0000,0x0000,0x0000,0x0000,0x0000,0x0000,0x0000,0x0000,0x0000,0x0000,0x0000,0x0000,0x0000,0x0000,0x0000,0x0000,0x0000,0x0000,0x0000,
    0x0000,0x0000,0x0000,0x0000,0x0000,0x0000,0x0000,0x0000,0x0000,0x0000,0x0000,0x0000,0x0000,0x0000,0x0000,0x0000,0x0000,0x0000,0x0000,0x0000,0x0000,0x0000,0x0000,0x0000,
    0x0000,0x0000,0x0000,0x0000,0x0000,0x0000,0x0000,0x0000,0x0000,0x0000,0x0000,0x0000,0x0000,0x0000,0x0000,0x0000,0x0000,0x0000,0x0000,0x0000,0x0000,0x0000,0x0000,0x0000,
    0x0000,0x0000,0x0000,0x0000,0x0000,0x0000,0x0000,0x0000,0x0000,0x0000,0x0000,0x0000,0x0000,0x0000,0x0000,0x0000,0x0000,0x0000,0x0000,0x0000,0x0000,0x0000,0x0000,0x0000,
    0x0000,0x0000,0x0000,0x0000,0x0000,0x0000,0x0000,0x0000,0x0000,0x0000,0x0000,0x0000,0x0000,0x0000,0x0000,0x0000,0x0000,0x0000,0x0000,0x0000,0x0000,0x0000,0x0000,0x0000,
    0x0000,0x0000,0x0000,0x0000,0x0000,0x0000,0x0000,0x0000,0x0000,0x0000,0x0000,0x0000,0x0000,0x0000,0x0000,0x0000,0x0000,0x0000,0x0000,0x0000,0x0000,0x0000,0x0000,0x0000,
    0x0000,0x0000,0x0000,0x0000,0x0000,0x0000,0x0000,0x0000,0x0000,0x0000,0x0000,0x0000,0x0000,0x0000,0x0000,0x0000,0x0000,0x0000,0x0000,0x0000,0x0000,0x0000,0x0000,0x0000,
    0x0000,0x0000,0x0000,0x0000,0x0000,0x0000,0x0000,0x0000,0x0000,0x0000,0x0000,0x0000,0x0000,0x0000,0x0000,0x0000,0x0000,0x0000,0x0000,0x8831,0x3026,0x2005,0x3026,0x3026,
    0x2005,0x2005,0x2806,0x0000,0x0000,0x0000,0x0000,0x0000,0x0000,0x0000,0x0000,0x0000,0x0000,0x0000,0x0000,0x0000,0x0000,0x0000,0x0000,0x0000,0x0000,0x0000,0x0000,0x0000,
    0x0000,0x0000,0x0000,0x0000,0x0000,0x0000,0x0000,0x0000,0x0000,0x0000,0x0000,0x0000,0x0000,0x0000,0x0000,0x0000,0x0000,0x0000,0x0000,0x0000,0x0000,0x0000,0x0000,0x0000,
    0x0000,0x0000,0x0000,0x0000,0x0000,0x0000,0x0000,0x0000,0x0000,0x0000,0x0000,0x0000,0x0000,0x0000,0x0000,0x0000,0x0000,0x2025,0x3026,0x2024,0x5d0a,0x656a,0x5d2a,0x54e9,
    0x54e9,0x3a27,0x2806,0x0000,0x0000,0x0000,0x0000,0x0000,0x0000,0x0000,0x0000,0x0000,0x0000,0x0000,0x0000,0x0000,0x0000,0x0000,0x0000,0x0000,0x0000,0x0000,0x0000,0x0000,
    0x0000,0x0000,0x0000,0x0000,0x0000,0x0000,0x0000,0x0000,0x0000,0x0000,0x0000,0x0000,0x0000,0x0000,0x0000,0x0000,0x0000,0x0000,0x0000,0x0000,0x0000,0x0000,0x0000,0x0000,
    0x0000,0x0000,0x0000,0x0000,0x0000,0x0000,0x0000,0x0000,0x0000,0x0000,0x0000,0x0000,0x0000,0x0000,0x0000,0x0000,0x9013,0x2805,0x1803,0x2024,0x664b,0x662b,0x662b,0x662b,
    0x662b,0x3ac8,0x2005,0x0000,0x0000,0x0000,0x0000,0x0000,0x0000,0x0000,0x0000,0x0000,0x0000,0x0000,0x0000,0x0000,0x0000,0x0000,0x0000,0x0000,0x0000,0x0000,0x0000,0x0000,
    0x0000,0x0000,0x0000,0x0000,0x0000,0x0000,0x0000,0x0000,0x0000,0x0000,0x0000,0x0000,0x0000,0x0000,0x0000,0x0000,0x0000,0x0000,0x0000,0x0000,0x0000,0x0000,0x0000,0x0000,
    0x0000,0x0000,0x0000,0x0000,0x0000,0x0000,0x0000,0x0000,0x0000,0x0000,0x0000,0x0000,0x0000,0x0000,0x0000,0x0000,0x2806,0x2805,0x662a,0x662b,0x664b,0x662b,0x662b,0x662b,
    0x662b,0x3a87,0x2806,0x0000,0x0000,0x0000,0x0000,0x0000,0x0000,0x0000,0x0000,0x0000,0x0000,0x0000,0x0000,0x0000,0x0000,0x0000,0x0000,0x0000,0x0000,0x0000,0x0000,0x0000,
    0x0000,0x0000,0x0000,0x0000,0x0000,0x0000,0x0000,0x0000,0x0000,0x0000,0x0000,0x0000,0x0000,0x0000,0x0000,0x0000,0x0000,0x0000,0x0000,0x0000,0x0000,0x0000,0x0000,0x0000,
    0x0000,0x0000,0x0000,0x0000,0x0000,0x0000,0x0000,0x0000,0x0000,0x3006,0x2805,0x2005,0x3027,0x0000,0x0000,0x2004,0x6e8d,0x662b,0x664b,0x664b,0x662b,0x356a,0x662b,0x662b,
    0x5e2a,0x3a67,0x2005,0x0000,0x0000,0x0000,0x0000,0x0000,0x0000,0x0000,0x0000,0x0000,0x0000,0x0000,0x0000,0x0000,0x0000,0x0000,0x0000,0x0000,0x0000,0x0000,0x0000,0x0000,
    0x0000,0x0000,0x0000,0x0000,0x0000,0x0000,0x0000,0x0000,0x0000,0x0000,0x0000,0x0000,0x0000,0x0000,0x0000,0x0000,0x0000,0x0000,0x0000,0x0000,0x0000,0x0000,0x0000,0x0000,
    0x0000,0x0000,0x0000,0x0000,0x0000,0x0000,0x0000,0x0000,0x2806,0x2024,0x2124,0x3146,0x2825,0x2005,0x2826,0x2806,0x6e6d,0x662b,0x662a,0x3d4a,0x354a,0x662b,0x662b,0x662b,
    0x2826,0x2005,0x0000,0x0000,0x0000,0x0000,0x0000,0x0000,0x0000,0x0000,0x0000,0x0000,0x0000,0x0000,0x0000,0x0000,0x0000,0x0000,0x0000,0x0000,0x0000,0x0000,0x0000,0x0000,
    0x0000,0x0000,0x0000,0x0000,0x0000,0x0000,0x0000,0x0000,0x0000,0x0000,0x0000,0x0000,0x0000,0x0000,0x0000,0x0000,0x0000,0x0000,0x0000,0x0000,0x0000,0x0000,0x0000,0x0000,
    0x0000,0x0000,0x0000,0x0000,0x0000,0x0000,0x0000,0x0000,0x2806,0x2005,0x662b,0x5e0a,0x2945,0x2806,0x2005,0x870d,0x5e4b,0x6e4c,0x3d4a,0x5e2a,0x662b,0x662b,0x5e4b,0x28c6,
    0x2806,0x0000,0x0000,0x0000,0x0000,0x0000,0x0000,0x0000,0x0000,0x0000,0x0000,0x0000,0x0000,0x0000,0x0000,0x0000,0x0000,0x0000,0x0000,0x0000,0x0000,0x0000,0x0000,0x0000,
    0x0000,0x0000,0x0000,0x0000,0x0000,0x0000,0x0000,0x0000,0x0000,0x0000,0x0000,0x0000,0x0000,0x0000,0x0000,0x0000,0x0000,0x0000,0x0000,0x0000,0x0000,0x0000,0x0000,0x0000,
    0x0000,0x0000,0x0000,0x0000,0x0000,0x0000,0x0000,0x0000,0x3006,0x2005,0x5e0a,0x5e2a,0x662b,0x2025,0x2005,0x6ead,0x664b,0x55ea,0x560b,0x660b,0x662b,0x662b,0x560b,0x2805,
    0x0000,0x0000,0x0000,0x0000,0x0000,0x0000,0x0000,0x0000,0x0000,0x0000,0x0000,0x0000,0x0000,0x0000,0x0000,0x0000,0x0000,0x0000,0x0000,0x0000,0x0000,0x0000,0x0000,0x0000,
    0x0000,0x0000,0x0000,0x0000,0x0000,0x0000,0x0000,0x0000,0x0000,0x0000,0x0000,0x0000,0x0000,0x0000,0x0000,0x0000,0x0000,0x0000,0x0000,0x0000,0x0000,0x0000,0x0000,0x0000,
    0x0000,0x0000,0x0000,0x0000,0x0000,0x0000,0x504c,0x135e,0x0b1e,0x1b9f,0x2c8a,0x358b,0x662b,0x560b,0x2806,0x6ecc,0x5e4a,0x352a,0x662b,0x3da9,0x3529,0x1925,0x3007,0x2806,
    0x0000,0x0000,0x0000,0x0000,0x0000,0x0000,0x0000,0x0000,0x0000,0x0000,0x0000,0x0000,0x0000,0x0000,0x0000,0x0000,0x0000,0x0000,0x0000,0x0000,0x0000,0x0000,0x0000,0x0000,
    0x0000,0x0000,0x0000,0x0000,0x0000,0x0000,0x0000,0x0000,0x0000,0x0000,0x0000,0x0000,0x0000,0x0000,0x0000,0x0000,0x0000,0x0000,0x0000,0x0000,0x0000,0x0000,0x0000,0x0000,
    0x0000,0x0000,0x0000,0x2805,0x3847,0x2825,0x18ed,0xffff,0xffdf,0xffff,0x5dff,0x2d4a,0x350a,0x354a,0x2005,0x566c,0x354a,0x356a,0x2cc9,0x2045,0x2825,0x2004,0x2846,0x0000,
    0x0000,0x0000,0x0000,0x0000,0x0000,0x0000,0x0000,0x0000,0x0000,0x0000,0x0000,0x0000,0x0000,0x0000,0x0000,0x0000,0x0000,0x0000,0x0000,0x0000,0x0000,0x0000,0x0000,0x0000,
    0x0000,0x0000,0x0000,0x0000,0x0000,0x0000,0x0000,0x0000,0x0000,0x0000,0x0000,0x0000,0x0000,0x0000,0x0000,0x0000,0x0000,0x0000,0x0000,0x0000,0x0000,0x0000,0x0000,0x0000,
    0x0000,0x0000,0x0000,0x2825,0xd7df,0x865f,0xffff,0xffff,0xffff,0xffff,0xb75f,0xffff,0xefff,0x3cdf,0x2805,0x4e2b,0x34e9,0x3488,0x2806,0x2005,0x2805,0x3026,0x0000,0x0000,
    0x0000,0x0000,0x0000,0x0000,0x0000,0x0000,0x0000,0x0000,0x0000,0x0000,0x0000,0x0000,0x0000,0x0000,0x0000,0x0000,0x0000,0x0000,0x0000,0x0000,0x0000,0x0000,0x0000,0x0000,
    0x0000,0x0000,0x0000,0x0000,0x0000,0x0000,0x0000,0x0000,0x0000,0x0000,0x0000,0x0000,0x0000,0x0000,0x0000,0x0000,0x0000,0x0000,0x0000,0x0000,0x0000,0x0000,0x0000,0x0000,
    0x0000,0x3827,0x2025,0x2825,0xf7ff,0x7e5f,0xffff,0xffff,0xffff,0xffff,0xc77f,0xffff,0xffff,0xd79f,0xef51,0xff50,0xff4d,0xff4d,0xfeee,0xfd84,0x2825,0x2806,0x2004,0x3006,
    0x0000,0x0000,0x0000,0x0000,0x0000,0x0000,0x0000,0x0000,0x0000,0x0000,0x0000,0x0000,0x0000,0x0000,0x0000,0x0000,0x0000,0x0000,0x0000,0x0000,0x0000,0x0000,0x0000,0x0000,
    0x0000,0x0000,0x0000,0x0000,0x0000,0x0000,0x0000,0x0000,0x0000,0x0000,0x0000,0x0000,0x0adc,0xffdf,0xf7bf,0xffff,0x74dd,0x0000,0x0000,0x0000,0x0000,0x0000,0x0000,0x0000,
    0x3026,0x3027,0x55fe,0xf7df,0xffff,0xffff,0xd79f,0xffff,0xffff,0xe7bf,0xffff,0xffff,0xffff,0xbf5f,0x5ddf,0xff6f,0xff6e,0xff6e,0xff6e,0xff6e,0xff6f,0xff8f,0xffef,0x2805,
    0x3027,0x0000,0x0000,0x0000,0x0000,0x0000,0x0000,0x0000,0x0000,0x0000,0x0000,0x0000,0x0000,0x0000,0x0000,0x0000,0x0000,0x0000,0x0000,0x0000,0x0000,0x0000,0x0000,0x0000,
    0x0000,0x0000,0x0000,0x0000,0x0000,0x0000,0x0000,0x0000,0x0000,0x0000,0x0000,0x02de,0xffff,0xffff,0xffff,0xcf7f,0xd79f,0x4cbe,0x0000,0x0000,0x0000,0x0000,0x0000,0x3827,
    0x2025,0xd529,0x5e3e,0xffff,0xffff,0xffff,0xcf9f,0xffff,0xffff,0xffff,0xc75f,0xffff,0xdf9f,0xc75f,0x9e58,0xff6f,0xff6f,0xff6e,0xff6f,0xff6f,0xff6e,0xff6e,0xff6f,0xffaf,
    0x3027,0x2006,0x600c,0x0000,0x0000,0x0000,0x0000,0x0000,0x0000,0x0000,0x0000,0x0000,0x0000,0x0000,0x0000,0x0000,0x0000,0x0000,0x0000,0x0000,0x0000,0x0000,0x0000,0x0000,
    0x0000,0x0000,0x0000,0x0000,0x0000,0x0000,0x0000,0x0000,0x0000,0x0000,0x0000,0x0afe,0xffff,0xffff,0xffff,0xd79f,0xcf7f,0x4d1e,0x0000,0x0000,0x0000,0x0000,0x1804,0x3046,
    0xf72f,0xff4d,0x55bd,0xc77f,0xffff,0xffff,0xffff,0xffff,0xffff,0xffff,0xd79f,0x9e9f,0xc77f,0x65fe,0xff6e,0xff6e,0xff6f,0xff6f,0xff6f,0xff6f,0xff6f,0xff6f,0xff6e,0xff6e,
    0xf72f,0x1804,0x1804,0x0000,0x0000,0x0000,0x0000,0x0000,0x0000,0x0000,0x0000,0x0000,0x0000,0x0000,0x0000,0x0000,0x0000,0x0000,0x0000,0x0000,0x0000,0x0000,0x0000,0x0000,
    0x0000,0x0000,0x0000,0x0000,0x0000,0x0000,0x0000,0x0000,0x0000,0x0000,0x0000,0x0add,0xffff,0xffff,0xdfbf,0xdf9f,0xc75f,0x4d3e,0x0000,0x0000,0x0000,0x3827,0x2805,0xff2c,
    0xff6e,0xff6e,0xff4d,0xf62e,0xd7bf,0xcf9f,0xffff,0xffff,0xffff,0xffff,0xd79f,0x1c1e,0x5d7e,0xfeee,0xff6e,0xff6e,0xff6f,0xff6f,0xff6f,0xff6f,0xff6f,0xff6f,0xff6f,0xff6e,
    0xff6e,0xff4e,0x3026,0x3007,0x0000,0x0000,0x0000,0x0000,0x0000,0x0000,0x0000,0x1a3f,0x027c,0x0a7e,0x0000,0x0000,0x0000,0x0000,0x0000,0x0000,0x0000,0x0000,0x0000,0x0000,
    0x0000,0x0000,0x0000,0x0000,0x0000,0x0000,0x0000,0x0000,0x0000,0x0000,0x0000,0x12bd,0xc79f,0xdf9f,0xdfbf,0xdf9f,0xcf7f,0x42de,0x0000,0x0000,0x2805,0x2826,0xff4f,0xff4e,
    0xff6f,0xff6e,0xff6e,0xff6f,0xff6f,0xfeeb,0x4d7e,0xdfbf,0xcf9f,0xcf7f,0x55de,0xfecd,0xfeed,0xff6e,0xff6e,0xff6f,0xff6f,0xff6f,0xff6f,0xff6f,0xff6f,0xff6f,0xff6f,0xff6f,
    0xff6e,0xff6f,0xff90,0x2024,0x2005,0x0000,0x0000,0x0000,0x0000,0x0000,0x541c,0xffff,0xffdf,0xd77f,0xd7ff,0x0000,0x0000,0x0000,0x0000,0x0000,0x0000,0x0000,0x0000,0x0000,
    0x0000,0x0000,0x0000,0x0000,0x0000,0x0000,0x0000,0x0000,0x0000,0x0000,0x0000,0x0000,0x02de,0xd79f,0xc77f,0xc77f,0x8d7d,0x0000,0x0000,0x0000,0x3007,0x1842,0xff6e,0xff6f,
    0xff6f,0xff6e,0xff6e,0xff6e,0xff6e,0xff6e,0xff6f,0x5dde,0x55bf,0x5d7d,0xff8e,0xff6e,0xff6e,0xff6e,0xff6f,0xff6f,0xff6f,0xff6f,0xff6f,0xff6f,0xff6f,0xff6f,0xff6f,0xff6f,
    0xff6f,0xff6e,0xff6e,0x2062,0x2004,0x0000,0x0000,0x0000,0x0000,0x12be,0xffff,0xffff,0xffff,0xd77f,0xc75f,0x1b7f,0x0000,0x0000,0x0000,0x0000,0x0000,0x0000,0x0000,0x0000,
    0x0000,0x0000,0x0000,0x0000,0x0000,0x0000,0x0000,0x0000,0x0000,0x0000,0x0000,0x0000,0x0000,0x0000,0x0000,0x0000,0x0000,0x0000,0x0000,0x2805,0x3047,0xff6d,0xff6e,0xff6e,
    0xff6f,0xff6e,0xff6e,0xff6e,0xff6e,0xff6f,0xff6f,0xff6e,0xff6e,0xff6e,0xff6e,0xff6e,0xff6f,0xff6f,0xff6f,0xff6f,0xff6f,0xff6f,0xff6f,0xff6f,0xff6f,0xff6f,0xff6e,0xff6f,
    0xff6f,0xff6e,0xff6e,0xff6e,0x3006,0x3027,0x0000,0x0000,0x0000,0x12bd,0xffff,0xffff,0xdfbf,0xd79f,0xcf7f,0x237f,0x0000,0x0000,0x0000,0x0000,0x0000,0x0000,0x0000,0x0000,
    0x0000,0x0000,0x0000,0x0000,0x0000,0x0000,0x0000,0x0000,0x0000,0x0000,0x0000,0x0000,0x0000,0x0000,0x0000,0x0000,0x0000,0x0000,0x3006,0x2826,0xff2b,0xff6e,0xff6e,0xff6e,
    0xff6f,0xff6e,0xff6f,0xff6f,0xff6f,0xff6f,0xff6f,0xff6f,0xff6f,0xff6f,0xff6f,0xff6f,0xff6f,0xff6f,0xff6f,0xff6f,0xff6f,0xff6f,0xff6f,0xff6f,0xf770,0xf76f,0xff8f,0xff6e,
    0xff6e,0xff6f,0xff6e,0xff6e,0xf70f,0x2826,0x2005,0x0000,0x0000,0x1a7e,0xefdf,0xefdf,0xd79f,0xd79f,0xc75f,0x2adf,0x0000,0x0000,0x0000,0x0000,0x0000,0x0000,0x0000,0x0000,
    0x0000,0x0000,0x0000,0x0000,0x0000,0x0000,0x0000,0x0000,0x0000,0x0000,0x0000,0x0000,0x0000,0x0000,0x0000,0x0000,0x0000,0x0000,0x2826,0x2004,0xff6e,0xff6e,0xff6e,0xff6f,
    0xff6e,0xff6e,0xff6f,0xff6f,0xff6f,0xff6f,0xff8f,0xff6f,0xff6f,0xff6f,0xff6f,0xff6f,0xff6f,0xff6f,0xff6f,0xff6f,0xff6f,0xff6f,0xff6f,0x2085,0x2025,0x2826,0x2886,0xff6f,
    0xff6f,0xff6f,0xff6e,0xff6e,0xff4e,0x2024,0x2825,0x0000,0x0000,0x0000,0x11fc,0xd79f,0xd79f,0xd79f,0x2b7d,0x0000,0x0000,0x0000,0x0000,0x0000,0x0000,0x0000,0x0000,0x0000,
    0x0000,0x0000,0x0000,0x0000,0x0000,0x0000,0x0000,0x0000,0x0000,0x0000,0x0000,0x0000,0x0000,0x0000,0x0000,0x0000,0x0000,0x2806,0x3007,0xff0d,0xff6e,0xff6e,0xff6e,0xff6e,
    0xff6e,0xff6f,0x1843,0x3046,0xff4e,0xff8f,0xff6f,0xff6f,0xff6f,0xff6f,0xff6f,0xff6f,0xff6f,0xff6f,0xff6f,0xff6f,0xff6f,0xff6f,0xff6e,0x3067,0x2025,0x2825,0x1824,0xff6f,
    0xff6f,0xff6f,0xff6e,0xff6e,0xff6e,0xf6cb,0x3925,0x2005,0x0000,0x0000,0x0000,0x0b1f,0x0abd,0x129e,0x0000,0x0000,0x0000,0x0000,0x0000,0x0000,0x0000,0x0000,0x0000,0x0000,
    0x0000,0x0000,0x0000,0x0000,0x0000,0x0000,0x0000,0x0000,0x0000,0x0000,0x0000,0x0000,0x0000,0x0000,0x0000,0x0000,0x0000,0x2005,0x1823,0xff6e,0xff6e,0xff6e,0xff6e,0xff6e,
    0xff6e,0xffaf,0x2825,0x2825,0x2024,0xf74f,0xff6f,0xff6f,0xff6f,0xff6f,0xff6f,0xff6f,0xff6f,0xff6f,0xff6f,0xff6f,0xff6f,0xff6f,0xff6e,0x2846,0x2825,0x2005,0x2046,0xff6e,
    0xff6f,0xff6f,0xff6f,0xff6e,0xff6e,0xff6e,0x3925,0x2806,0x0000,0x0000,0x0000,0x0000,0x0000,0x0000,0x0000,0x0000,0x0000,0x0000,0x0000,0x0000,0x0000,0x0000,0x0000,0x0000,
    0x0000,0x0000,0x0000,0x0000,0x0000,0x0000,0x0000,0x0000,0xffff,0xf7df,0xffdf,0x0000,0x0000,0x0000,0x0000,0x0000,0x3007,0x3026,0x2084,0xff6e,0xff6f,0xff6f,0xff6e,0xff6e,
    0xff6e,0xffb1,0x2825,0x2025,0x2826,0xf750,0xff6f,0xff6f,0xff6f,0xff6f,0xff6f,0xff6f,0xff6f,0xff6f,0xff6f,0xff6f,0xff6e,0xff6e,0xff6f,0xff6e,0x3046,0x2865,0xff6e,0xff6f,
    0xff6e,0xff6e,0xff6f,0xff6f,0xff6e,0xff6e,0xff4d,0x2005,0x3026,0x0000,0x0000,0x0000,0x0000,0x0000,0x0000,0x0000,0x0000,0x0000,0x0000,0x0000,0x0000,0x0000,0x0000,0x0000,
    0x0000,0x0000,0x0000,0x0000,0x0000,0x0000,0x0000,0x235e,0xffff,0xffff,0xefdf,0x655e,0x0000,0x0000,0x0000,0x0000,0x2806,0x28a3,0xff6e,0xff6e,0xff6e,0xff6e,0xff6f,0xff6f,
    0xff6e,0xffaf,0x2005,0x2826,0x0803,0xff4f,0xff6f,0xff8f,0xffd0,0x2025,0x2025,0x2805,0x2825,0x2805,0x2025,0x2826,0xff91,0xff6e,0xff6f,0xff6f,0xff6e,0xff6f,0xff6f,0xff6e,
    0xfc73,0xfc73,0xfc93,0xff6e,0xff6e,0xff6e,0xff6e,0xff2e,0x3026,0x0000,0x0000,0x0000,0x0000,0x0000,0x0000,0x0000,0x0000,0x0000,0x0000,0x0000,0x0000,0x0000,0x0000,0x0000,
    0x0000,0x0000,0x0000,0x0000,0x0000,0x0000,0x0000,0x233e,0xffff,0xffff,0xe7bf,0x6d9f,0x0000,0x0000,0x0000,0x0000,0x2005,0x20a3,0xff6e,0xff6f,0xff6e,0xff6f,0xff6f,0xff6f,
    0xff6e,0xff6e,0xc56e,0xcd8f,0xff6e,0xff6f,0xff6f,0xff4e,0x2024,0x2825,0x2825,0x2825,0x2805,0x2825,0x2825,0x2826,0x2025,0x72e9,0xff6e,0xff6f,0xff6f,0xff6f,0xff8f,0xfc53,
    0xfc73,0xfc73,0xfc73,0xfc53,0xff6e,0xff6e,0xff6e,0xff50,0x2826,0x0000,0x0000,0x0000,0x0000,0x0000,0x0000,0x0000,0x0000,0x0000,0x0000,0x0000,0x0000,0x0000,0x0000,0x0000,
    0x0000,0x0000,0x0000,0x0000,0x0000,0x0000,0x0000,0x817c,0xd7df,0xbf5f,0xcf9f,0x32de,0x0000,0x0000,0x0000,0x3007,0x3027,0xddeb,0xff6e,0xff6e,0xff6f,0xff6f,0xffae,0xfcb2,
    0xfc92,0xfcd2,0xff6e,0xff6e,0xff6f,0xff6f,0xff6f,0xf74e,0x2826,0x2825,0x2825,0x2805,0x2825,0x2806,0x2005,0x2825,0x2825,0x6ac7,0xff6f,0xff6f,0xff6f,0xff6f,0xff8f,0xfc73,
    0xfc53,0xfc73,0xfc53,0xfc73,0xff6e,0xff6e,0xff6e,0xff4e,0x3044,0x2805,0x580d,0x0000,0x0000,0x0000,0x0000,0x0000,0x0000,0x0000,0x0000,0x0000,0x0000,0x0000,0x0000,0x0000,
    0x0000,0x0000,0x0000,0x0000,0x0000,0x0000,0x0000,0x0000,0x131e,0x0b3d,0x12fe,0x0000,0x0000,0x0000,0x0000,0x2806,0x2044,0xff6e,0xff6e,0xff6e,0xff6f,0xff6f,0xfc92,0xfc73,
    0xfc73,0xfc73,0xfcb3,0xff6f,0xff6e,0xff6f,0xff6f,0xf74d,0x2825,0x2826,0x2024,0xf2af,0xf2cf,0xf2cf,0xfacf,0x2806,0x2805,0x72e8,0xff8f,0xff6f,0xff6f,0xff6f,0xff8f,0xfc53,
    0xfc73,0xfc53,0xfc73,0xfc93,0xff6e,0xff6e,0xff6e,0xff6e,0xfe8a,0x2825,0x504c,0x0000,0x0000,0x0000,0x0000,0x0000,0x0000,0x0000,0x0000,0x0000,0x0000,0x0000,0x0000,0x0000,
    0x0000,0x0000,0x0000,0x0000,0x0000,0x0000,0x0000,0x0000,0x0000,0x0000,0x0000,0x0000,0x1a9e,0x123e,0x29bd,0x2826,0x3046,0xff6e,0xff6e,0xff6e,0xff6f,0xff6f,0xfc73,0xfc73,
    0xfc73,0xfc73,0xfc93,0xff6e,0xff6e,0xff6e,0xff6f,0xf72e,0x2004,0x1004,0xf22d,0xfbf2,0xfbf2,0xfbf2,0xfc52,0xf1ec,0x2806,0x7b08,0xff6f,0xff6f,0xff6f,0xff6f,0xff6f,0xff6f,
    0xfc92,0xfc72,0xfc92,0xff6e,0xff6e,0xff6f,0xff6f,0xff6e,0xfeac,0x3026,0x402a,0x3a1e,0x323e,0x39fe,0x0000,0x0000,0x0000,0x0000,0x0000,0x0000,0x0000,0x0000,0x0000,0x0000,
    0x0000,0x0000,0x0000,0x0000,0x0000,0x0000,0x0000,0x0000,0x0000,0x0000,0x0000,0x0a9f,0xffff,0xffff,0xefbf,0x2004,0x2067,0xff4c,0xff6e,0xff6e,0xff6e,0xff6f,0xfc73,0xfc73,
    0xfc53,0xfc73,0xfc93,0xff6e,0xff6e,0xff6e,0xff6f,0xff6e,0xffd1,0x1804,0xfbf2,0xfbf2,0xfbf2,0xfc12,0xfbf2,0xfbb1,0x2024,0xff8f,0xff6f,0xff6f,0xff6f,0xff6f,0xff6f,0xff6e,
    0xff6e,0xff6e,0xff6e,0xff6e,0xff6e,0xff6e,0xff6f,0xff6f,0xfeab,0x2826,0x2004,0xffff,0xffff,0xffff,0x1a5d,0x0000,0x0000,0x0000,0x0000,0x0000,0x0000,0x0000,0x0000,0x0000,
    0x0000,0x0000,0x0000,0x0000,0x0000,0x0000,0x0000,0x0000,0x0000,0x599f,0xf7bf,0xffff,0xffff,0xffff,0xd79f,0xaf3f,0xffff,0x65fe,0xf66b,0xff6e,0xff6e,0xff6e,0xff8e,0xfc72,
    0xfc52,0xfc92,0xff6e,0xff6e,0xff6e,0xff6f,0xff6e,0xff6e,0xff6e,0xf6d0,0x1004,0xfbb1,0xfbf2,0xfbf2,0xfc93,0x2866,0xff6e,0xff6f,0xff6f,0xff6f,0xff6f,0xff6f,0xff6f,0xff6f,
    0xff6f,0xff6e,0xff6e,0xff6e,0xff6e,0xff6f,0xfeca,0x659d,0xffff,0xf7df,0xcf7f,0xffff,0xffff,0xffff,0xd79f,0x6d5d,0x0000,0x0000,0x0000,0x0000,0x0000,0x0000,0x0000,0x0000,
    0x0000,0x0000,0x0000,0x0000,0x0000,0x0000,0x0000,0x0000,0x0823,0x11d5,0xf7de,0xffff,0xffff,0xffff,0xffff,0xffff,0xffff,0xcf9f,0x457e,0xfe89,0xff6e,0xff4e,0xff6e,0xff6e,
    0xff6e,0xff6e,0xff6e,0xff6e,0xff6e,0xff6f,0xff6f,0xff6e,0xff6f,0xff70,0xff6f,0x2044,0x3046,0x3046,0x1804,0xff4e,0xff6f,0xff6f,0xff6f,0xff6f,0xff6f,0xff6f,0xff6f,0xff6e,
    0xff6f,0xff6e,0xff6e,0xff6e,0xff6e,0xfe6a,0xd612,0xffff,0xffff,0xffff,0xffff,0xffff,0xffff,0xffff,0xd79f,0x759d,0x0000,0x0000,0x0000,0x0000,0x0000,0x0000,0x0000,0x0000,
    0x0000,0x0000,0x0000,0x0000,0x0000,0x0000,0x0000,0x2826,0x3cfe,0x2c9e,0xbf5f,0xffff,0xffff,0xffff,0xffff,0xffff,0xffff,0xd79f,0x24ff,0xf5e5,0xfecb,0xff6e,0xff6e,0xff6e,
    0xff6e,0xff6e,0xff6f,0xff6f,0xff6f,0xff6f,0xff6f,0xff6f,0xff6f,0xff6f,0xff6e,0xff6f,0xff6e,0xff6f,0xff6e,0xff6e,0xff6e,0xff6e,0xff6f,0xff6f,0xff6f,0xff6e,0xff6e,0xff6f,
    0xff6f,0xff6e,0xff6e,0xff6e,0xfe89,0x5d7e,0x4d5f,0xffff,0xffff,0xffff,0xffff,0xffff,0xffdf,0xd79f,0xdfbf,0x761f,0x2c5d,0x0000,0x0000,0x0000,0x0000,0x0000,0x0000,0x0000,
    0x0000,0x0000,0x0000,0x0000,0x0000,0x0000,0x2005,0xa598,0xffff,0xffff,0xe7bf,0xd79f,0xffff,0xffff,0xf7df,0xffff,0xefdf,0xaf1f,0x863e,0x8e3e,0xa5b4,0xff0b,0xff6e,0xff8e,
    0x41a5,0x49e6,0x39a5,0x8349,0xff6e,0xff6f,0xff6f,0xff6f,0xff6f,0xff6f,0xff6f,0xff6f,0xff6f,0x75b9,0x8e39,0x963a,0xff8e,0xff6f,0xff6f,0xff6f,0xff6f,0xff6f,0xff6f,0xff6e,
    0x49c6,0x3985,0x4a27,0x49c6,0x8e3e,0xffff,0xffff,0xe7bf,0xffff,0xffff,0xffff,0xffff,0xcf7f,0xcf9f,0xbf3f,0xe7bf,0xcf9f,0x759c,0x0000,0x0000,0x0000,0x0000,0x0000,0x0000,
    0x0000,0x0000,0x0000,0x0000,0x0000,0x0000,0x2005,0xffff,0xffff,0xffff,0xffff,0xffff,0xffff,0xffff,0xffdf,0xd77f,0xbf5f,0xffff,0xffff,0xc77f,0xb71f,0x4d7e,0x2885,0x28a5,
    0xffb0,0xffb0,0xffcf,0x2024,0x2885,0xff4f,0xff6f,0xff6f,0xff6f,0xff6f,0xff6f,0xff6f,0x657e,0xffff,0xf7df,0xe79f,0x3d1e,0xc695,0xff6f,0xff6f,0xff6e,0xff6e,0xff8e,0x2064,
    0x2025,0xf76f,0xf770,0xf76e,0x2886,0xdedb,0xffff,0xffff,0xffff,0xffff,0xffff,0xffff,0xf7df,0x9edf,0xffff,0xffff,0xdfbf,0x967e,0x0000,0x0000,0x0000,0x0000,0x0000,0x0000,
    0x0000,0x0000,0x0000,0x0000,0x2826,0x3007,0x2806,0x769f,0xf7df,0xffff,0xffff,0xffdf,0xffff,0xf7ff,0xf7ff,0xd79f,0xffff,0xffff,0xffff,0xdfbf,0xaeff,0x2045,0xb46a,0xff4d,
    0xff6e,0xff6e,0xff6e,0xff4d,0x2044,0x2064,0xff6f,0xff6f,0xff70,0x453e,0x557f,0x557f,0xf7df,0xffdf,0xffff,0xffff,0xc73f,0x5d7e,0xf6f0,0x65bd,0x6ddd,0xf6ac,0x2845,0x1002,
    0xff6f,0xff6e,0xff4e,0xff6e,0xfecb,0x1804,0x3087,0xf7df,0xffff,0xffff,0xffff,0xefdf,0xd79f,0x867f,0xd77f,0xd79f,0xbf5f,0x1824,0x2805,0x2826,0x0000,0x0000,0x0000,0x0000,
    0x0000,0x0000,0x0000,0x2005,0x2805,0xb7be,0xb79d,0x1846,0x1023,0x9ebd,0x9ede,0xc73e,0xf7be,0xffde,0xcf7e,0x5d5e,0xcf7f,0xf7be,0xffbf,0xdf9f,0x8e9e,0x2024,0xde0c,0xff6e,
    0xff6e,0xff6e,0xff6e,0xff6e,0xff4c,0x2846,0xac2a,0xff4e,0x559e,0xcf7f,0xffff,0xcf5f,0xffdf,0xffff,0xffff,0xe7bf,0xc75f,0x3cbe,0x6e5f,0xffdf,0xffff,0x39f0,0x2005,0xff6e,
    0xff6e,0xff6e,0xff6e,0xff6e,0xff4e,0x2005,0x2846,0xbf3e,0xffde,0xefbe,0xaefe,0x9ebe,0x96de,0x553e,0x551e,0x43f9,0x1825,0x9f5c,0x975c,0x3026,0x2806,0x0000,0x0000,0x0000,
    0x0000,0x0000,0x0000,0x2806,0xa79e,0xa77d,0xcfde,0xefde,0xafbd,0x5ace,0x5a8c,0x524b,0x2988,0x31a8,0x2967,0x1925,0x10a5,0x1025,0x1804,0x0023,0x0845,0x2826,0xcce7,0xfe46,
    0xff6d,0xff6e,0xff6e,0xff6e,0xf624,0x2825,0x9366,0xf629,0x353e,0xffdf,0xffbf,0xd79f,0xbf7f,0xffdf,0xe7bf,0xd79e,0xb71f,0x559d,0xf7df,0xffff,0x8ede,0x4aaf,0x3026,0xfea5,
    0xff6e,0xff6e,0xff6e,0xff4d,0xf5c4,0x2026,0x2025,0x1846,0x1824,0x5b6f,0x52ed,0x632e,0x5aed,0x530e,0x532e,0x4b0e,0x975c,0x9f5c,0x8f3c,0x7f1b,0x2004,0x0000,0x0000,0x0000,
    0x0000,0x0000,0x0000,0x3006,0x9f9e,0xa77c,0xa77d,0x9f7d,0xdffe,0xe7ff,0xdffe,0xdffe,0xdfde,0xdffe,0xdffe,0xd7de,0xdffe,0xefff,0xdfde,0xdfff,0xefff,0xe7ff,0x2025,0x2004,
    0x0804,0x0803,0x0003,0x1004,0x1805,0x1804,0x0824,0x0845,0x0824,0x1805,0x1003,0x1003,0x1004,0x1024,0x1024,0x1004,0x1004,0x0844,0x1804,0x0823,0x0824,0x1825,0x2005,0x2826,
    0x0003,0x0803,0x0803,0x1005,0x2005,0x1804,0x2b30,0xefff,0xe7de,0xc79d,0xa77c,0xa77d,0xa77d,0xb79d,0xaf7d,0xa77d,0x9f7d,0x975c,0x7edb,0x771b,0x3007,0x0000,0x0000,0x0000,
    0x0000,0x0000,0x0000,0x2805,0xa7bf,0x9f7c,0xa77d,0xa77d,0xa77d,0xa77d,0xa77d,0xa77d,0x9f5c,0xa77d,0xa77d,0xa77d,0xa77d,0xa77d,0xa77d,0xa79d,0xa77d,0xa77d,0x9f7d,0xdfde,
    0x3026,0x2025,0x2024,0x3026,0x2826,0xffff,0xffff,0xffff,0xffff,0xf7ff,0xf7ff,0xf7ff,0xf7ff,0xf7ff,0xf7ff,0xf7ff,0xf7ff,0xf7ff,0xf7ff,0xf7ff,0xffff,0xf7ff,0xf7be,0x2024,
    0x2826,0x2826,0x2024,0x2025,0xdfde,0xa77d,0x9f7d,0x9f7d,0x9f5c,0xa77d,0xa77d,0x9f5c,0x9f7c,0xa77c,0xa77d,0x9f7d,0xa77d,0x8f3c,0x76da,0x873c,0x2005,0x0000,0x0000,0x0000,
    0x0000,0x0000,0x0000,0x2806,0x2826,0x66b9,0x871b,0x8f3c,0xa77d,0xa77d,0xa77d,0xa77d,0xa77d,0xa77d,0xa77d,0xa77d,0xa77d,0xa77d,0xa77d,0xa77d,0xa77d,0xa77d,0xa77d,0xa77d,
    0xa77d,0xa77d,0xa77d,0xa77d,0xa77d,0xa77d,0xa77d,0xa77d,0xa77d,0xa77d,0xa77d,0xa77d,0xa77d,0xa77d,0xa77d,0xa77d,0xa77d,0xa77d,0xa77d,0xa77d,0xa77d,0xa77d,0xa77d,0x9f7d,
    0xa77d,0xa77d,0x9f7d,0x9f7d,0x9f7d,0xa77d,0xa77d,0xa77d,0xa77c,0xa77d,0x9f7d,0xa77d,0xa77d,0xa77c,0x871c,0x7efb,0x7efb,0x6eba,0x5e58,0x3027,0x2005,0x0000,0x0000,0x0000,
    0x0000,0x0000,0x0000,0x0000,0x1824,0x2806,0x3027,0x23ef,0x23ae,0x23ae,0x2c30,0x45f7,0x76db,0x9f7d,0xaf9d,0xaf9d,0xaf9d,0xa77d,0xa77d,0xa77d,0xa77d,0xa77d,0xa77d,0xa77d,
    0xa77d,0xa77d,0xa77d,0xa77d,0xa77d,0xa77d,0xa77d,0xa79d,0xa77d,0xa77d,0xa77d,0xa77d,0xa77d,0xa77d,0xa77d,0xa77d,0xa77d,0xa77d,0xa77d,0xa77d,0xa77d,0xa77d,0xa77d,0xa77d,
    0xa77d,0xa77d,0xa77d,0xa77d,0xa77d,0x9f7d,0xa77d,0xaf9d,0xaf9d,0xaf9d,0x76ba,0x6e9a,0x2471,0x23ef,0x23ce,0x23ce,0x2430,0x18c7,0x2806,0x1823,0x0000,0x0000,0x0000,0x0000,
    0x0000,0x0000,0x0000,0x0000,0x0000,0x0000,0x2025,0x6eda,0x66ba,0x6eba,0x6e9a,0x3d14,0x2c71,0x2c51,0x2c51,0x2c51,0x3492,0x3cf3,0x5554,0x4d34,0x5575,0x5575,0x5554,0x5575,
    0x5db6,0x86da,0x9f3c,0x9f3c,0x9f3c,0x9f5c,0x9f5c,0x9f5c,0x9f3c,0x9f3c,0x9f3c,0x973c,0x973b,0x973c,0x973c,0x973c,0x973c,0x9f3c,0x973c,0x971b,0x971b,0x971b,0x971b,0x8efb,
    0x65f7,0x5db6,0x5dd6,0x65d6,0x5dd6,0x4575,0x4534,0x2c51,0x2c51,0x2430,0x2410,0x2c71,0x669a,0x76ba,0x6eba,0x6e9a,0x66db,0x2005,0x0000,0x0000,0x0000,0x0000,0x0000,0x0000,
    0x0000,0x0000,0x0000,0x0000,0x0000,0x0000,0x2826,0x7f1c,0x669a,0x76ba,0x6e9a,0x6e9a,0x76ba,0x6eba,0x6e9a,0x6eba,0x76ba,0x6679,0x669a,0x76ba,0x76ba,0x6eba,0x669a,0x76ba,
    0x3d75,0x23ce,0x23cf,0x23ef,0x23ef,0x23ef,0x23ef,0x23ef,0x23ef,0x23ef,0x23ef,0x23ef,0x23ef,0x23ef,0x23ef,0x23ef,0x23ef,0x23ef,0x23ef,0x23ef,0x23ef,0x2bef,0x2bef,0x23cf,
    0x6699,0x76ba,0x6e9a,0x669a,0x6e9a,0x6eba,0x6699,0x6eba,0x6e9a,0x6e9a,0x6eba,0x6eba,0x6eba,0x6eba,0x8f1c,0x975c,0x977c,0x2806,0x0000,0x0000,0x0000,0x0000,0x0000,0x0000,
    0x0000,0x0000,0x0000,0x0000,0x0000,0x0000,0x2826,0x9f7d,0x9f7c,0x9f5c,0x9f5c,0x9f5c,0x9f5c,0xa77c,0xa77d,0x9f5c,0x9f5c,0x871b,0x76da,0x6eba,0x76ba,0x76ba,0x6eba,0x6eba,
    0x76ba,0x76ba,0x76ba,0x76ba,0x76da,0x76da,0x76da,0x76da,0x76ba,0x76ba,0x76ba,0x76ba,0x76ba,0x76ba,0x76ba,0x76ba,0x76ba,0x76ba,0x76ba,0x76ba,0x76ba,0x6eba,0x76ba,0x76ba,
    0x6eba,0x6eba,0x6eba,0x6eba,0x669a,0x6eba,0x973c,0x9f5c,0x975c,0x9f7c,0x6679,0x5e79,0x5e79,0x975c,0x975c,0x975c,0xa7bd,0x2805,0x0000,0x0000,0x0000,0x0000,0x0000,0x0000,
    0x0000,0x0000,0x0000,0x0000,0x0000,0x0000,0x3027,0x1866,0xaffe,0x9f5c,0x9f7c,0x9f7c,0xe7df,0xdfde,0xefdf,0xa77d,0x9f5c,0x9f5c,0x9f7c,0x9f5c,0x9f5c,0x9f5c,0x9f5c,0x975c,
    0x9f5c,0x9f7c,0x9f7c,0x9f7d,0x9f7d,0x9f7d,0x9f7d,0x9f7d,0x9f7d,0x9f7d,0x9f7d,0x9f7d,0x9f7c,0x9f7d,0x9f7c,0x9f7c,0x9f7c,0x9f7c,0x9f7d,0x9f7c,0x9f7d,0x9f7d,0x977c,0x9f7c,
    0x9f7d,0x9f5c,0x9f5c,0x9f5c,0x9f5c,0x9f5c,0x9f5c,0x9f5c,0x9f5c,0x9f5c,0x6679,0x5e79,0x6679,0x975c,0x975c,0x9f9d,0x18a5,0x3026,0x0000,0x0000,0x0000,0x0000,0x0000,0x0000,
    0x0000,0x0000,0x0000,0x0000,0x0000,0x0000,0x0000,0x2004,0xa7de,0xa77c,0x9f7c,0x9f5c,0xffff,0xffff,0xffff,0xa77d,0xa77c,0x9f7c,0x9f5c,0x9f7c,0x9f5c,0x9f5c,0x9f5c,0x9f5c,
    0x9f5c,0x9f7c,0x9f7c,0x9f7d,0x9f7c,0x9f7d,0x9f5c,0x9f5c,0x9f7d,0xa75c,0x9f5c,0xa75d,0xa77c,0x9f7d,0x9f5c,0x9f7d,0x9f7c,0x9f7c,0x9f7d,0x9f5c,0x9f5c,0x9f7c,0x9f7d,0x9f5c,
    0x9f5c,0x9f7c,0x9f7d,0x9f7d,0x9f7c,0x9f5c,0x9f5c,0x9f5d,0x9f5c,0x9f5c,0x6e79,0x5e79,0x6679,0x9f5c,0x975c,0x973c,0x2005,0x0000,0x0000,0x0000,0x0000,0x0000,0x0000,0x0000,
    0x0000,0x0000,0x0000,0x0000,0x0000,0x0000,0x0000,0x2825,0xa7de,0x9f5c,0x9f7c,0x9f5c,0xffff,0xffff,0xffff,0xa75d,0xa77d,0xa75c,0x9f7c,0xa77d,0xa77d,0x9f5c,0x9f7c,0x9f5c,
    0x9f5c,0x9f5c,0x9f7c,0x9f7c,0x9f7d,0xa77c,0x9f5c,0x9f5c,0x9f7c,0xa75c,0xa75c,0xa77c,0x9f7d,0xa77d,0x9f7d,0x9f7c,0x9f7d,0x9f5c,0x9f5d,0x9f7c,0x9f5c,0x9f5c,0x9f5c,0x9f5c,
    0x9f7c,0x9f7c,0x9f5d,0x9f5c,0x9f7c,0x9f7c,0x9f7c,0x9f5c,0x9f5c,0x9f5c,0x667a,0x6679,0x6679,0x975c,0x975c,0x9f5c,0x2805,0x0000,0x0000,0x0000,0x0000,0x0000,0x0000,0x0000,
    0x0000,0x0000,0x0000,0x0000,0x0000,0x0000,0x0000,0x3827,0xafdf,0x9f7c,0x9f5d,0x9f7c,0xa77d,0xffff,0xffff,0xffff,0x9f5c,0xa77c,0xa75c,0x9f7d,0x9f5d,0xa75c,0x9f5c,0x9f7c,
    0x9f5c,0x9f5c,0x9f5c,0x9f5d,0xa77d,0x9f7d,0xa77d,0xa77d,0x9f5d,0x9f7c,0x9f7d,0xa77c,0x9f7c,0x9f5c,0x9f7d,0x9f7c,0x9f5c,0x9f7c,0x9f7c,0x9f7c,0x9f7d,0x9f7c,0x9f7c,0x9f7c,
    0x9f7d,0x9f7d,0x9f7d,0x9f7c,0x9f7c,0x9f7c,0x9f7c,0x9f5c,0x9f5c,0xa77c,0x5e59,0x5e79,0x8f3c,0x975c,0x9f5c,0x975c,0x3006,0x0000,0x0000,0x0000,0x0000,0x0000,0x0000,0x0000,
    0x0000,0x0000,0x0000,0x0000,0x0000,0x0000,0x0000,0x0000,0x2806,0xa79d,0x9f5c,0x9f7c,0x9f5c,0xffff,0xffff,0xffff,0xa77c,0xa77c,0x9f5c,0xa75c,0xa77c,0xa75c,0xa77c,0xa77c,
    0x9f5c,0x9f5c,0x9f7c,0xa77d,0x9f5c,0xa77d,0xa77c,0xa77d,0xa77c,0xa75c,0xa77c,0xa75c,0x9f5c,0x9f7c,0xa77d,0x9f5c,0xa75d,0x9f7c,0x9f7c,0x9f5c,0x9f5c,0x9f5c,0x9f5c,0x9f5c,
    0x9f7d,0x9f7c,0x9f5c,0x9f5d,0x9f7c,0x9f5c,0x9f7c,0x9f5c,0x9f5c,0x9f7c,0x5e59,0x5e79,0x975c,0x975c,0x9fde,0x2826,0x0000,0x0000,0x0000,0x0000,0x0000,0x0000,0x0000,0x0000,
    0x0000,0x0000,0x0000,0x0000,0x0000,0x0000,0x0000,0x0000,0x2025,0x9f9d,0xa77c,0x9f5c,0xa75c,0x9f5d,0xffdf,0xffff,0xf7df,0x9f5d,0x9f7c,0xa77c,0xa77c,0xa77c,0xa77d,0xa77d,
    0xa77c,0xa75c,0xa77c,0xa75d,0xa77d,0xa77d,0xa77d,0xa77d,0xa77d,0xa75c,0xa77c,0xa77c,0xa77c,0x9f5c,0x9f5c,0x9f5c,0xa77c,0xa75d,0x9f7d,0xa77d,0xa75d,0xa77c,0x9f5c,0x9f5c,
    0x9f5c,0x9f5d,0x9f5c,0x9f7c,0x9f7c,0x9f7c,0x9f5c,0x9f7c,0x9f7d,0x5e59,0x5e79,0x975c,0x975c,0x975c,0x97be,0x2024,0x0000,0x0000,0x0000,0x0000,0x0000,0x0000,0x0000,0x0000,
    0x0000,0x0000,0x0000,0x0000,0x0000,0x0000,0x0000,0x0000,0x3007,0x420b,0x9fbe,0x9f5c,0x9f5c,0x9f5c,0x9f7c,0xffff,0xffff,0x9f5c,0xa75c,0xa77c,0xa77c,0xa75c,0xa77d,0xa75c,
    0xa75c,0xa75d,0x9f5c,0xa77c,0xa75c,0xa77c,0xa75c,0xa77d,0xa77d,0xa77d,0xa75d,0xa77c,0xa75d,0xa75c,0x9f5c,0xa77d,0xa77c,0xa77d,0xa77d,0xa77c,0xa77d,0xa75c,0xa77c,0xa75d,
    0xa77c,0xa75c,0x9f7c,0x9f5c,0x9f5c,0x9f5c,0x9f7c,0x9f5c,0x9f7d,0x5e59,0x5e79,0x975c,0x975c,0xafde,0x3aed,0x3829,0x0000,0x0000,0x0000,0x0000,0x0000,0x0000,0x0000,0x0000,
    0x0000,0x0000,0x0000,0x0000,0x0000,0x0000,0x0000,0x0000,0x3007,0x3027,0x3067,0xa77c,0x9f7c,0x9f5c,0x9f5c,0x9f5c,0x9f5c,0xffff,0x9f5c,0x9f5c,0xa77c,0xa77d,0xa77d,0xa77d,
    0xa77c,0xa77c,0xa75c,0xa75c,0xa77c,0xa77c,0xa77c,0xa77d,0xa77d,0xa77d,0xa75c,0xa77d,0xa75c,0x9f5c,0xa77c,0xa77c,0xa77c,0xa77c,0xa77d,0xa77d,0xa77c,0xa75c,0x9f7c,0xa77c,
    0xa75c,0xa77c,0xa77d,0xa77c,0xa75c,0x9f5c,0x9f5c,0x975c,0x6679,0x6e9a,0x975c,0x975c,0x975c,0x1803,0x2004,0x482a,0x0000,0x0000,0x0000,0x0000,0x0000,0x0000,0x0000,0x0000,
    0x0000,0x0000,0x0000,0x0000,0x0000,0x0000,0x0000,0x0000,0x0000,0x3007,0x2005,0x2044,0x9f5c,0xa75c,0xa77d,0x9f5c,0xa75c,0x9f5c,0xa75c,0x9f5c,0x9f5c,0xa77c,0xa77c,0xa77c,
    0xa75c,0x9f5c,0xa77c,0x9f5c,0xa77d,0xa77c,0xa77c,0xa77d,0xa77c,0xa77d,0xa77d,0xa75c,0xa75c,0xa77d,0xa77c,0xa75c,0xa77c,0xa77d,0xa77c,0xa77c,0xa75c,0xa77c,0xa77d,0x9f5c,
    0x9f7c,0xa75c,0xa75d,0xa75c,0x9f5c,0x9f7c,0x8f3c,0x6e9a,0x6e9a,0x8f3c,0x973c,0x9f5c,0x2846,0x2005,0x9054,0x0000,0x0000,0x0000,0x0000,0x0000,0x0000,0x0000,0x0000,0x0000,
    0x0000,0x0000,0x0000,0x0000,0x0000,0x0000,0x0000,0x0000,0x0000,0x0000,0x0000,0x3007,0x2005,0x8f3b,0x9f5c,0xa75c,0xa75c,0x9f5c,0xa77c,0xa75c,0xa75c,0xa77d,0xa77c,0xa77c,
    0xa75c,0xa75c,0x9f7c,0xa77d,0xa77d,0xa77c,0xa75c,0xa77c,0xa77d,0xa77d,0xa75c,0xa75c,0xa77c,0xa77c,0xa77d,0xa77d,0xa77c,0xa77c,0xa77d,0xa77d,0xa77d,0x9f5c,0xa75c,0x9f7c,
    0x9f5c,0x9f5c,0x9f5c,0x9f7c,0x7edb,0x76da,0x6eba,0x76ba,0x6e9a,0x6699,0x5699,0x6679,0x2806,0x0000,0x0000,0x0000,0x0000,0x0000,0x0000,0x0000,0x0000,0x0000,0x0000,0x0000,
    0x0000,0x0000,0x0000,0x0000,0x0000,0x0000,0x0000,0x0000,0x0000,0x0000,0x0000,0x1803,0x2005,0x2968,0x2a2a,0x8f5d,0xaf9d,0x9f5c,0xa75d,0xa75d,0xa77d,0xa77d,0xa77d,0xa77d,
    0xa77d,0xa77d,0xa77d,0xa77d,0xa77d,0xa77d,0xa77d,0xa77d,0xa77d,0xa77d,0xa77d,0xa77d,0xa77d,0xa77d,0xa77d,0xa77d,0xa77d,0xa77d,0xa77d,0xa77d,0xa77d,0xa77d,0xa77d,0xa77c,
    0x76da,0x76da,0x76da,0x76da,0x76da,0x76da,0x7edb,0x76da,0x7edb,0x4cf4,0x1947,0x2024,0x0801,0x0000,0x0000,0x0000,0x0000,0x0000,0x0000,0x0000,0x0000,0x0000,0x0000,0x0000,
    0x0000,0x0000,0x0000,0x0000,0x0000,0x0000,0x0000,0x0000,0x0000,0x0000,0x0000,0x0000,0x0000,0x3027,0x2806,0x7e38,0x65b6,0x6638,0x4514,0x44b3,0x4cb2,0x76db,0x76da,0x76da,
    0x76da,0x76da,0x76da,0x76da,0x76da,0x76db,0x76da,0x76ba,0x76da,0x76da,0x76da,0x76da,0x76da,0x76da,0x76da,0x76db,0x76da,0x76da,0x76da,0x76da,0x76db,0x76db,0x76db,0x76db,
    0x76ba,0x76da,0x6eba,0x3c92,0x44f3,0x4513,0x6638,0x6e18,0x6dd7,0x3027,0x3027,0x0000,0x0000,0x0000,0x0000,0x0000,0x0000,0x0000,0x0000,0x0000,0x0000,0x0000,0x0000,0x0000,
    0x0000,0x0000,0x0000,0x0000,0x0000,0x0000,0x0000,0x0000,0x0000,0x0000,0x0000,0x0000,0x3027,0x2025,0xacb5,0xffff,0xa75d,0xb7de,0xbfff,0x1004,0x2005,0x1802,0x2004,0x1803,
    0x1803,0x1803,0x1803,0x1803,0x1803,0x1803,0x1803,0x1803,0x1803,0x1803,0x1803,0x1803,0x1803,0x1803,0x1803,0x1803,0x1803,0x1803,0x1803,0x1803,0x1803,0x1803,0x1803,0x1803,
    0x2003,0x2003,0x1002,0x2004,0x7f9d,0xbfdf,0xb7be,0xeffe,0xefde,0x1024,0x2004,0x2826,0x0000,0x0000,0x0000,0x0000,0x0000,0x0000,0x0000,0x0000,0x0000,0x0000,0x0000,0x0000,
    0x0000,0x0000,0x0000,0x0000,0x0000,0x0000,0x0000,0x0000,0x0000,0x0000,0x0000,0x0000,0x3007,0x7350,0xf7ff,0xffff,0xaf7d,0xaf7d,0xa77d,0x0801,0x2826,0x3026,0x2805,0x2806,
    0x2826,0x2826,0x2826,0x2826,0x2826,0x2826,0x2826,0x2826,0x2826,0x2826,0x2826,0x2826,0x2826,0x2826,0x2826,0x2826,0x2826,0x2826,0x2826,0x2826,0x2826,0x2826,0x2826,0x2806,
    0x2826,0x3027,0x2005,0x2826,0x6edb,0xb79e,0xbf9e,0xc79e,0xffff,0x973c,0x4ace,0x2806,0x0000,0x0000,0x0000,0x0000,0x0000,0x0000,0x0000,0x0000,0x0000,0x0000,0x0000,0x0000,
    0x0000,0x0000,0x0000,0x0000,0x0000,0x0000,0x0000,0x0000,0x0000,0x0000,0x0000,0x0000,0x2806,0x5b2f,0xc7df,0x975d,0xaf7d,0x8f3c,0x871c,0x1804,0x2005,0x0000,0x0000,0x0000,
    0x0000,0x0000,0x0000,0x0000,0x0000,0x0000,0x0000,0x0000,0x0000,0x0000,0x0000,0x0000,0x0000,0x0000,0x0000,0x0000,0x0000,0x0000,0x0000,0x0000,0x0000,0x0000,0x0000,0x0000,
    0x0000,0x0000,0x0000,0x2805,0x4e59,0xaf9d,0xbf9e,0xe7de,0x9f5d,0x871c,0x3aac,0x2005,0x0000,0x0000,0x0000,0x0000,0x0000,0x0000,0x0000,0x0000,0x0000,0x0000,0x0000,0x0000,
    0x0000,0x0000,0x0000,0x0000,0x0000,0x0000,0x0000,0x0000,0x0000,0x0000,0x0000,0x0000,0x2025,0x3026,0x534f,0x9e9b,0x8e7a,0x767a,0x2826,0x2827,0x0000,0x0000,0x0000,0x0000,
    0x0000,0x0000,0x0000,0x0000,0x0000,0x0000,0x0000,0x0000,0x0000,0x0000,0x0000,0x0000,0x0000,0x0000,0x0000,0x0000,0x0000,0x0000,0x0000,0x0000,0x0000,0x0000,0x0000,0x0000,
    0x0000,0x0000,0x0000,0x0000,0x3026,0x3026,0x7e7a,0x8e9a,0x8ebb,0x320b,0x2826,0x2025,0x0000,0x0000,0x0000,0x0000,0x0000,0x0000,0x0000,0x0000,0x0000,0x0000,0x0000,0x0000,
    0x0000,0x0000,0x0000,0x0000,0x0000,0x0000,0x0000,0x0000,0x0000,0x0000,0x0000,0x0000,0x0000,0x700f,0x2825,0x2826,0x2826,0x2025,0x2826,0x0000,0x0000,0x0000,0x0000,0x0000,
    0x0000,0x0000,0x0000,0x0000,0x0000,0x0000,0x0000,0x0000,0x0000,0x0000,0x0000,0x0000,0x0000,0x0000,0x0000,0x0000,0x0000,0x0000,0x0000,0x0000,0x0000,0x0000,0x0000,0x0000,
    0x0000,0x0000,0x0000,0x0000,0x0000,0x2825,0x2825,0x2826,0x2826,0x2826,0x8012,0x0000,0x0000,0x0000,0x0000,0x0000,0x0000,0x0000,0x0000,0x0000,0x0000,0x0000,0x0000,0x0000,
    0x0000,0x0000,0x0000,0x0000,0x0000,0x0000,0x0000,0x0000,0x0000,0x0000,0x0000,0x0000,0x0000,0x0000,0x0000,0x0000,0x0000,0x0000,0x0000,0x0000,0x0000,0x0000,0x0000,0x0000,
    0x0000,0x0000,0x0000,0x0000,0x0000,0x0000,0x0000,0x0000,0x0000,0x0000,0x0000,0x0000,0x0000,0x0000,0x0000,0x0000,0x0000,0x0000,0x0000,0x0000,0x0000,0x0000,0x0000,0x0000,
    0x0000,0x0000,0x0000,0x0000,0x0000,0x0000,0x0000,0x0000,0x0000,0x0000,0x0000,0x0000,0x0000,0x0000,0x0000,0x0000,0x0000,0x0000,0x0000,0x0000,0x0000,0x0000,0x0000,0x0000,
    0x0000,0x0000,0x0000,0x0000,0x0000,0x0000,0x0000,0x0000,0x0000,0x0000,0x0000,0x0000,0x0000,0x0000,0x0000,0x0000,0x0000,0x0000,0x0000,0x0000,0x0000,0x0000,0x0000,0x0000,
    0x0000,0x0000,0x0000,0x0000,0x0000,0x0000,0x0000,0x0000,0x0000,0x0000,0x0000,0x0000,0x0000,0x0000,0x0000,0x0000,0x0000,0x0000,0x0000,0x0000,0x0000,0x0000,0x0000,0x0000,
    0x0000,0x0000,0x0000,0x0000,0x0000,0x0000,0x0000,0x0000,0x0000,0x0000,0x0000,0x0000,0x0000,0x0000,0x0000,0x0000,0x0000,0x0000,0x0000,0x0000,0x0000,0x0000,0x0000,0x0000,
    0x0000,0x0000,0x0000,0x0000,0x0000,0x0000,0x0000,0x0000,0x0000,0x0000,0x0000,0x0000,0x0000,0x0000,0x0000,0x0000,0x0000,0x0000,0x0000,0x0000,0x0000,0x0000,0x0000,0x0000,
    0x0000,0x0000,0x0000,0x0000,0x0000,0x0000,0x0000,0x0000,0x0000,0x0000,0x0000,0x0000,0x0000,0x0000,0x0000,0x0000,0x0000,0x0000,0x0000,0x0000,0x0000,0x0000,0x0000,0x0000,
    0x0000,0x0000,0x0000,0x0000,0x0000,0x0000,0x0000,0x0000,0x0000,0x0000,0x0000,0x0000,0x0000,0x0000,0x0000,0x0000,0x0000,0x0000,0x0000,0x0000,0x0000,0x0000,0x0000,0x0000,
  },
  /* bath_splash */ {
    0x0000,0x0000,0x0000,0x0000,0x0000,0x0000,0x0000,0x0000,0x0000,0x0000,0x0000,0x0000,0x0000,0x0000,0x0000,0x0000,0x0000,0x0000,0x0000,0x0000,0x0000,0x0000,0x0000,0x0000,
    0x0000,0x0000,0x0000,0x0000,0x0000,0x0000,0x0000,0x0000,0x0000,0x0000,0x0000,0x0000,0x0000,0x0000,0x0000,0x0000,0x0000,0x0000,0x0000,0x0000,0x0000,0x0000,0x0000,0x0000,
    0x0000,0x0000,0x0000,0x0000,0x0000,0x0000,0x0000,0x0000,0x0000,0x0000,0x0000,0x0000,0x0000,0x0000,0x0000,0x0000,0x0000,0x0000,0x0000,0x0000,0x0000,0x0000,0x0000,0x0000,
    0x0000,0x0000,0x0000,0x0000,0x0000,0x0000,0x0000,0x0000,0x0000,0x0000,0x0000,0x0000,0x0000,0x0000,0x0000,0x0000,0x0000,0x0000,0x0000,0x0000,0x0000,0x0000,0x0000,0x0000,
    0x0000,0x0000,0x0000,0x0000,0x0000,0x0000,0x0000,0x0000,0x0000,0x0000,0x0000,0x0000,0x0000,0x0000,0x0000,0x0000,0x0000,0x0000,0x0000,0x0000,0x0000,0x0000,0x0000,0x0000,
    0x0000,0x0000,0x0000,0x0000,0x0000,0x0000,0x0000,0x0000,0x0000,0x0000,0x0000,0x0000,0x0000,0x0000,0x0000,0x0000,0x0000,0x0000,0x0000,0x0000,0x0000,0x0000,0x0000,0x0000,
    0x0000,0x0000,0x0000,0x0000,0x0000,0x0000,0x0000,0x0000,0x0000,0x0000,0x0000,0x0000,0x0000,0x0000,0x0000,0x0000,0x0000,0x0000,0x0000,0x0000,0x0000,0x0000,0x0000,0x0000,
    0x0000,0x0000,0x0000,0x0000,0x0000,0x0000,0x0000,0x0000,0x0000,0x0000,0x0000,0x0000,0x0000,0x0000,0x0000,0x0000,0x0000,0x0000,0x0000,0x0000,0x0000,0x0000,0x0000,0x0000,
    0x0000,0x0000,0x0000,0x0000,0x0000,0x0000,0x0000,0x0000,0x0000,0x0000,0x0000,0x0000,0x0000,0x0000,0x0000,0x0000,0x0000,0x0000,0x0000,0x0000,0x0000,0x0000,0x0000,0x0000,
    0x0000,0x0000,0x0000,0x0000,0x0000,0x0000,0x0000,0x0000,0x0000,0x0000,0x0000,0x0000,0x0000,0x0000,0x0000,0x0000,0x0000,0x0000,0x0000,0x0000,0x0000,0x0000,0x0000,0x0000,
    0x0000,0x0000,0x0000,0x0000,0x0000,0x0000,0x0000,0x0000,0x0000,0x0000,0x0000,0x0000,0x0000,0x0000,0x0000,0x0000,0x0000,0x0000,0x0000,0x0000,0x0000,0x0000,0x0000,0x0000,
    0x0000,0x0000,0x0000,0x0000,0x0000,0x0000,0x0000,0x0000,0x0000,0x0000,0x0000,0x0000,0x0000,0x0000,0x0000,0x0000,0x0000,0x0000,0x0000,0x0000,0x0000,0x0000,0x0000,0x0000,
    0x0000,0x0000,0x0000,0x0000,0x0000,0x0000,0x0000,0x0000,0x0000,0x0000,0x0000,0x0000,0x0000,0x0000,0x0000,0x0000,0x0000,0x0000,0x0000,0x0000,0x0000,0x0000,0x0000,0x0000,
    0x0000,0x0000,0x0000,0x0000,0x0000,0x0000,0x0000,0x0000,0x0000,0x0000,0x0000,0x0000,0x0000,0x0000,0x0000,0x0000,0x0000,0x0000,0x0000,0x0000,0x0000,0x0000,0x0000,0x0000,
    0x0000,0x0000,0x0000,0x0000,0x0000,0x0000,0x0000,0x0000,0x0000,0x0000,0x0000,0x0000,0x0000,0x0000,0x0000,0x0000,0x0000,0x0000,0x0000,0x0000,0x0000,0x0000,0x0000,0x0000,
    0x0000,0x0000,0x0000,0x0000,0x0000,0x0000,0x0000,0x0000,0x0000,0x0000,0x0000,0x0000,0x0000,0x0000,0x0000,0x0000,0x0000,0x0000,0x0000,0x0000,0x0000,0x0000,0x0000,0x0000,
    0x0000,0x0000,0x0000,0x0000,0x0000,0x0000,0x0000,0x0000,0x0000,0x0000,0x0000,0x0000,0x0000,0x0000,0x0000,0x0000,0x0000,0x0000,0x0000,0x0000,0x0000,0x0000,0x0000,0x0000,
    0x0000,0x0000,0x0000,0x0000,0x0000,0x0000,0x0000,0x0000,0x0000,0x0000,0x0000,0x0000,0x0000,0x0000,0x0000,0x0000,0x0000,0x0000,0x0000,0x0000,0x0000,0x0000,0x0000,0x0000,
    0x0000,0x0000,0x0000,0x0000,0x0000,0x0000,0x0000,0x0000,0x0000,0x0000,0x0000,0x0000,0x0000,0x0000,0x0000,0x0000,0x0000,0x0000,0x0000,0x0000,0x0000,0x0000,0x0000,0x0000,
    0x0000,0x0000,0x0000,0x0000,0x0000,0x0000,0x0000,0x0000,0x0000,0x0000,0x0000,0x0000,0x0000,0x0000,0x0000,0x0000,0x0000,0x0000,0x0000,0x0000,0x0000,0x0000,0x0000,0x0000,
    0x0000,0x0000,0x0000,0x0000,0x0000,0x0000,0x0000,0x0000,0x0000,0x0000,0x0000,0x0000,0x0000,0x0000,0x0000,0x0000,0x0000,0x0000,0x0000,0x0000,0x0000,0x0000,0x0000,0x0000,
    0x0000,0x0000,0x0000,0x0000,0x0000,0x0000,0x0000,0x0000,0x0000,0x0000,0x0000,0x0000,0x0000,0x0000,0x0000,0x0000,0x0000,0x0000,0x0000,0x0000,0x0000,0x0000,0x0000,0x0000,
    0x0000,0x0000,0x0000,0x0000,0x0000,0x0000,0x0000,0x0000,0x0000,0x0000,0x0000,0x0000,0x0000,0x0000,0x0000,0x0000,0x0000,0x0000,0x0000,0x0000,0x3026,0x2025,0x3026,0x3026,
    0x2005,0x2805,0x2806,0x0000,0x0000,0x0000,0x0000,0x0000,0x0000,0x0000,0x0000,0x0000,0x0000,0x0000,0x0000,0x0000,0x0000,0x0000,0x0000,0x0000,0x0000,0x0000,0x0000,0x0000,
    0x0000,0x0000,0x0000,0x0000,0x0000,0x0000,0x0000,0x0000,0x0000,0x0000,0x0000,0x0000,0x0000,0x0000,0x0000,0x0000,0x0000,0x0000,0x0000,0x0000,0x0000,0x0000,0x0000,0x0000,
    0x0000,0x0000,0x0000,0x0000,0x0000,0x0000,0x0000,0x0000,0x0000,0x0000,0x0000,0x0000,0x0000,0x0000,0x0000,0x0000,0x0000,0x2825,0x3027,0x2024,0x5cea,0x5d2a,0x5ce9,0x54c9,
    0x5d09,0x3a47,0x2806,0x0000,0x0000,0x0000,0x0000,0x0000,0x0000,0x0000,0x0000,0x0000,0x0000,0x0000,0x0000,0x0000,0x0000,0x0000,0x0000,0x0000,0x0000,0x0000,0x0000,0x0000,
    0x0000,0x0000,0x0000,0x0000,0x0000,0x0000,0x0000,0x0000,0x0000,0x0000,0x0000,0x0000,0x0000,0x0000,0x0000,0x0000,0x0000,0x0000,0x0000,0x0000,0x0000,0x0000,0x0000,0x0000,
    0x0000,0x0000,0x0000,0x0000,0x0000,0x0000,0x0000,0x0000,0x0000,0x0000,0x0000,0x0000,0x0000,0x0000,0x0000,0x0000,0x0000,0x2805,0x1804,0x2024,0x662b,0x5e2b,0x662b,0x662b,
    0x5e2b,0x3ac7,0x2005,0x0000,0x0000,0x0000,0x0000,0x0000,0x0000,0x0000,0x0000,0x0000,0x0000,0x0000,0x0000,0x0000,0x0000,0x0000,0x0000,0x0000,0x0000,0x0000,0x0000,0x0000,
    0x0000,0x0000,0x0000,0x0000,0x0000,0x0000,0x0000,0x0000,0x0000,0x0000,0x0000,0x0000,0x0000,0x0000,0x0000,0x0000,0x0000,0x0000,0x0000,0x0000,0x0000,0x0000,0x0000,0x0000,
    0x0000,0x0000,0x0000,0x0000,0x0000,0x0000,0x0000,0x0000,0x0000,0x0000,0x0000,0x0000,0x0000,0x0000,0x0000,0x0000,0x3006,0x2806,0x5e2a,0x662b,0x5e2a,0x5e2a,0x5e2b,0x662b,
    0x662b,0x3aa7,0x2806,0x0000,0x0000,0x0000,0x0000,0x0000,0x0000,0x0000,0x0000,0x0000,0x0000,0x0000,0x0000,0x0000,0x0000,0x0000,0x0000,0x0000,0x0000,0x0000,0x0000,0x0000,
    0x0000,0x0000,0x0000,0x0000,0x0000,0x0000,0x0000,0x0000,0x0000,0x0000,0x0000,0x0000,0x0000,0x0000,0x0000,0x0000,0x0000,0x0000,0x0000,0x0000,0x0000,0x0000,0x0000,0x0000,
    0x0000,0x0000,0x0000,0x0000,0x0000,0x0000,0x0000,0x0000,0x0000,0x3007,0x2805,0x2005,0x3027,0x0000,0x0000,0x2004,0x6e4c,0x662b,0x664b,0x664b,0x354a,0x5e2b,0x664b,0x662b,
    0x5e2a,0x3a27,0x2805,0x0000,0x0000,0x0000,0x0000,0x0000,0x0000,0x0000,0x0000,0x0000,0x0000,0x0000,0x0000,0x0000,0x0000,0x0000,0x0000,0x0000,0x0000,0x0000,0x0000,0x0000,
    0x0000,0x0000,0x0000,0x0000,0x0000,0x0000,0x0000,0x0000,0x0000,0x0000,0x0000,0x0000,0x0000,0x0000,0x0000,0x0000,0x0000,0x0000,0x0000,0x0000,0x0000,0x0000,0x0000,0x0000,
    0x0000,0x0000,0x0000,0x0000,0x0000,0x0000,0x0000,0x0000,0x3027,0x2024,0x2985,0x3166,0x2805,0x2005,0x2025,0x2805,0x666c,0x5e2a,0x5e2a,0x55eb,0x45ab,0x662b,0x662b,0x662b,
    0x2826,0x2005,0x0000,0x0000,0x0000,0x0000,0x0000,0x0000,0x0000,0x0000,0x0000,0x0000,0x0000,0x0000,0x0000,0x0000,0x0000,0x0000,0x0000,0x0000,0x0000,0x0000,0x0000,0x0000,
    0x0000,0x0000,0x0000,0x0000,0x0000,0x0000,0x0000,0x0000,0x0000,0x0000,0x0000,0x0000,0x0000,0x0000,0x0000,0x0000,0x0000,0x0000,0x0000,0x0000,0x0000,0x0000,0x0000,0x0000,
    0x0000,0x0000,0x0000,0x0000,0x0000,0x0000,0x0000,0x0000,0x2806,0x1804,0x662b,0x5e0a,0x1003,0x2806,0x2005,0x7f0c,0x5e4b,0x664b,0x352a,0x55ea,0x5e2a,0x5e2b,0x668b,0x2906,
    0x2806,0x0000,0x0000,0x0000,0x0000,0x0000,0x0000,0x0000,0x0000,0x0000,0x0000,0x0000,0x0000,0x0000,0x0000,0x0000,0x0000,0x0000,0x0000,0x0000,0x0000,0x0000,0x0000,0x0000,
    0x0000,0x0000,0x0000,0x0000,0x0000,0x0000,0x0000,0x0000,0x0000,0x0000,0x0000,0x0000,0x0000,0x0000,0x0000,0x0000,0x0000,0x0000,0x0000,0x0000,0x0000,0x0000,0x0000,0x0000,
    0x0000,0x0000,0x0000,0x0000,0x0000,0x0000,0x0000,0x0000,0x3026,0x1804,0x4daa,0x560a,0x5e2b,0x2845,0x2005,0x6f0c,0x5e2a,0x5e2a,0x45aa,0x5e2b,0x5e2b,0x662b,0x5e6b,0x2806,
    0x0000,0x0000,0x0000,0x0000,0x0000,0x0000,0x0000,0x0000,0x0000,0x0000,0x0000,0x0000,0x0000,0x0000,0x0000,0x0000,0x0000,0x0000,0x0000,0x0000,0x0000,0x0000,0x0000,0x0000,
    0x0000,0x0000,0x0000,0x0000,0x0000,0x0000,0x0000,0x0000,0x0000,0x0000,0x0000,0x0000,0x0000,0x0000,0x0000,0x0000,0x0000,0x0000,0x0000,0x0000,0x0000,0x0000,0x0000,0x0000,
    0x0000,0x0000,0x0000,0x0000,0x0000,0x0000,0x0000,0x0afe,0x0abd,0x131f,0x2cca,0x458a,0x5e2b,0x55ea,0x2825,0x66ec,0x666b,0x352a,0x664c,0x3da9,0x3529,0x1003,0x3007,0x2806,
    0x0000,0x0000,0x0000,0x0000,0x0000,0x0000,0x0000,0x0000,0x0000,0x0000,0x0000,0x0000,0x0000,0x0000,0x0000,0x0000,0x0000,0x0000,0x0000,0x0000,0x0000,0x0000,0x0000,0x0000,
    0x0000,0x0000,0x0000,0x0000,0x0000,0x0000,0x0000,0x0000,0x0000,0x0000,0x0000,0x0000,0x0000,0x0000,0x0000,0x0000,0x0000,0x0000,0x0000,0x0000,0x0000,0x0000,0x0000,0x0000,
    0x0000,0x0000,0x0000,0x2825,0x3827,0x2825,0x0a3c,0xffdf,0xffff,0xffff,0x5dff,0x2d88,0x3509,0x3549,0x2825,0x5eec,0x3549,0x356a,0x2ca9,0x2025,0x2825,0x2004,0x2026,0x0000,
    0x0000,0x0000,0x0000,0x0000,0x0000,0x0000,0x0000,0x0000,0x0000,0x0000,0x0000,0x0000,0x0000,0x0000,0x0000,0x0000,0x0000,0x0000,0x0000,0x0000,0x0000,0x0000,0x0000,0x0000,
    0x0000,0x0000,0x0000,0x0000,0x0000,0x0000,0x0000,0x0000,0x0000,0x0000,0x0000,0x0000,0x0000,0x0000,0x0000,0x0000,0x0000,0x0000,0x0000,0x0000,0x0000,0x0000,0x0000,0x0000,
    0x0000,0x0000,0x0000,0x2025,0xd7df,0x7e5f,0xffff,0xffff,0xffff,0xffff,0xe7df,0xffff,0xefdf,0x2c9f,0x2805,0x4e8b,0x34c9,0x2d29,0x2806,0x2805,0x2805,0x3026,0x0000,0x0000,
    0x0000,0x0000,0x0000,0x0000,0x0000,0x0000,0x0000,0x0000,0x0000,0x0000,0x0000,0x0000,0x0000,0x0000,0x0000,0x0000,0x0000,0x0000,0x0000,0x0000,0x0000,0x0000,0x0000,0x0000,
    0x0000,0x0000,0x0000,0x0000,0x0000,0x0000,0x0000,0x0000,0x0000,0x0000,0x0000,0x025d,0x021d,0x01fc,0x021c,0x0000,0x0000,0x0000,0x0000,0x0000,0x0000,0x0000,0x0000,0x0000,
    0x0000,0x3867,0x2825,0x2025,0xffff,0x96bf,0xffff,0xffff,0xffff,0xffff,0xcf7f,0xffff,0xffff,0xd77f,0xff8e,0xff50,0xff4e,0xff4f,0xff4f,0xfda6,0x2844,0x2826,0x2004,0x606d,
    0x0000,0x0000,0x0000,0x0000,0x0000,0x0000,0x0000,0x0000,0x0000,0x0000,0x0000,0x0000,0x0000,0x0000,0x0000,0x0000,0x0000,0x0000,0x0000,0x0000,0x0000,0x0000,0x0000,0x0000,
    0x0000,0x0000,0x0000,0x0000,0x0000,0x0000,0x0000,0x0000,0x0000,0x0afe,0xffff,0xffff,0xffff,0xffff,0xffff,0xd7df,0x0a9e,0x0000,0x0000,0x0000,0x0000,0x0000,0x0000,0x0000,
    0x3827,0x2827,0x4ddf,0xf7df,0xffff,0xffff,0xffff,0xffff,0xffff,0xe7bf,0xffff,0xffff,0xffff,0xbf5f,0x5dbe,0xff6e,0xff6f,0xff6e,0xff4e,0xff6e,0xff6e,0xffcf,0xf72c,0x2826,
    0x3027,0x0000,0x0000,0x0000,0x0000,0x0000,0x0000,0x0000,0x0000,0x0000,0x0000,0x0000,0x125d,0xaf3f,0xa71f,0x5e1e,0x0000,0x0000,0x0000,0x0000,0x0000,0x0000,0x0000,0x0000,
    0x0000,0x0000,0x0000,0x0000,0x0000,0x0000,0x0000,0x0000,0x09dd,0xffff,0xffff,0xffff,0xffff,0xc77f,0xcf7f,0xbf3f,0xc79f,0x0000,0x0000,0x0000,0x0000,0x0000,0x0000,0x3827,
    0x2005,0xfeeb,0x55fe,0xffff,0xffff,0xffff,0xcf7f,0xffff,0xffff,0xffdf,0xc77f,0xffff,0xe7bf,0xbf5f,0xb676,0xff6e,0xff6e,0xff6f,0xff6f,0xff6f,0xff6e,0xff6e,0xff6f,0xff6e,
    0x3027,0x2826,0x800f,0x0000,0x0000,0x0000,0x0000,0x0000,0x0000,0x0000,0x0000,0x0a3d,0xffff,0xffff,0x665f,0x6edf,0x2c1d,0x0000,0x0000,0x0000,0x0000,0x0000,0x0000,0x0000,
    0x0000,0x0000,0x0000,0x0000,0x0000,0x0000,0x0000,0x0000,0x121d,0xffdf,0xffff,0xffff,0xffff,0xd79f,0xcf9f,0xa6ff,0xa6ff,0x0000,0x0000,0x0000,0x0000,0x0000,0x1804,0x3026,
    0xf72e,0xff4c,0x4dbe,0xcf7f,0xffff,0xffff,0xffff,0xffff,0xffff,0xffff,0xcf7f,0xaeff,0xc77f,0x65de,0xff6e,0xff6e,0xff6e,0xff6f,0xff6f,0xff6f,0xff6f,0xff6e,0xff6f,0xff6e,
    0xf72f,0x1843,0x2004,0x0000,0x0000,0x0000,0x0000,0x0000,0x0000,0x0000,0x025d,0x351f,0xffff,0x6e9f,0x76bf,0x6ebf,0x1bdd,0x0000,0x0000,0x0000,0x0000,0x0000,0x0000,0x0000,
    0x0000,0x0000,0x0000,0x0000,0x0000,0x0000,0x0000,0x0000,0x099d,0xffff,0xefdf,0xffff,0xcf7f,0xcf9f,0xcf7f,0xaf1f,0xaf1f,0x0000,0x0000,0x0000,0x0000,0x3807,0x2005,0xf70c,
    0xff6e,0xff4d,0xff4d,0xf5ea,0xd79f,0xdfbf,0xffff,0xffff,0xffff,0xdfbf,0xcf7f,0x2cdf,0x5d9e,0xfece,0xff6e,0xff6e,0xff6e,0xff6f,0xff6f,0xff6f,0xff6f,0xff6f,0xff6f,0xff6f,
    0xff6f,0xff4e,0x3026,0x3007,0x0000,0x0000,0x0000,0x0000,0x0000,0x0000,0x021c,0x8eff,0x667f,0x6e9f,0x76bf,0x6ebf,0x23fe,0x0000,0x0000,0x0000,0x0000,0x0000,0x0000,0x0000,
    0x0000,0x0000,0x0000,0x0000,0x0000,0x0000,0x0000,0x0000,0x11dd,0xe7bf,0xffff,0xd79f,0xcf9f,0xd79f,0xcf9f,0xaf1f,0xaf3f,0x0000,0x0000,0x0000,0x2805,0x2826,0xff4f,0xff4d,
    0xff6e,0xff6e,0xff6e,0xff6e,0xff4f,0xfecc,0x559e,0xdfbf,0xcf9f,0xc77f,0x5dbe,0xfead,0xff2e,0xff6e,0xff6e,0xff6e,0xff6e,0xff6f,0xff6f,0xff6f,0xff6f,0xff6f,0xff6f,0xff6f,
    0xff6e,0xff6f,0xff51,0x2805,0x2005,0x0000,0x0000,0x0000,0x0000,0x09fe,0x6e9f,0x76bf,0x769f,0x6e9f,0x669f,0x45ff,0x715f,0x0000,0x0000,0x0000,0x0000,0x0000,0x0000,0x0000,
    0x0000,0x0000,0x0000,0x0000,0x0000,0x0000,0x0000,0x0000,0x0000,0x031f,0xc77f,0xcf7f,0xd79f,0xcf7f,0xbf7f,0xa71f,0x1aff,0x0000,0x0000,0x0000,0x3026,0x2023,0xff6e,0xff6e,
    0xff6e,0xff6e,0xff6e,0xff6e,0xff6e,0xff6e,0xff6f,0x5dbe,0x5dbf,0x55be,0xff4e,0xff6e,0xff6f,0xff6e,0xff6e,0xff6e,0xff6f,0xff6f,0xff6f,0xff6f,0xff6f,0xff6f,0xff6f,0xff6f,
    0xff6e,0xff6e,0xff6f,0x1842,0x2004,0x0000,0x0000,0x0000,0x0000,0x027e,0x6e9f,0x667f,0x669f,0x0b7e,0x0a7e,0x199f,0x0000,0x0000,0x0000,0x0000,0x0000,0x0000,0x0000,0x0000,
    0x0000,0x0000,0x0000,0x0000,0x0000,0x0000,0x0000,0x0000,0x0000,0x0000,0x78dd,0xcf9f,0xbf5f,0xb73f,0xbf3f,0x0000,0x0000,0x0000,0x0000,0x2806,0x2806,0xff4d,0xff6e,0xff6e,
    0xff6e,0xff6e,0xff6e,0xff6f,0xff6f,0xff6e,0xff6f,0xff6e,0xff6e,0xff6f,0xff6e,0xff6f,0xff6f,0xff6f,0xff6f,0xff6f,0xff6f,0xff6f,0xff6f,0xff6f,0xff6f,0xff6f,0xff6f,0xff6e,
    0xff6f,0xff6e,0xff6e,0xff6d,0x2824,0x0000,0x0000,0x0000,0x0000,0x025d,0x4e1f,0x0afc,0x0000,0x0000,0x0000,0x0000,0x0000,0x0000,0x0000,0x0000,0x0000,0x0000,0x0000,0x0000,
    0x0000,0x0000,0x0000,0x0000,0x0000,0x0000,0x0000,0x0000,0x0000,0x0000,0x0000,0x0000,0x0000,0x0000,0x0000,0x0000,0x0000,0x0000,0x2806,0x2805,0xff4b,0xff6e,0xff6e,0xff6e,
    0xff6e,0xff6f,0xff6f,0xff6f,0xff6f,0xff6f,0xff6f,0xff6f,0xff6f,0xff6f,0xff6f,0xff6f,0xff6f,0xff6f,0xff6f,0xff6f,0xff6f,0xff6e,0xff6f,0xf76f,0xff90,0xff6f,0xff4e,0xff6f,
    0xff6e,0xff6e,0xff6e,0xff6f,0xff8e,0x2826,0x2826,0x0000,0x0000,0x19dd,0x0a7c,0x09de,0x0000,0x0000,0x0000,0x0000,0x0000,0x01fb,0x0a3c,0x691e,0x0000,0x0000,0x0000,0x0000,
    0x0000,0x0000,0x0000,0x0000,0x0000,0x0000,0x0000,0x0000,0x0000,0x0000,0x0000,0x0000,0x0000,0x0000,0x0000,0x0000,0x0000,0x0000,0x2805,0x1804,0xff8e,0xff6e,0xff6e,0xff6e,
    0xff6e,0xff6f,0xff6f,0xff6f,0xff6e,0xff6f,0xff6f,0xff6f,0xff6f,0xff6f,0xff6f,0xff6f,0xff6f,0xff6f,0xff6f,0xff6f,0xff6f,0xff6f,0x59c5,0x2026,0x2826,0x2005,0x1824,0xffd1,
    0xff6f,0xff6f,0xff6e,0xff6e,0xff4e,0x2024,0x2025,0x0000,0x0000,0x0000,0x0000,0x0000,0x0000,0x0000,0x319e,0x55fd,0xd79f,0xf7de,0x767f,0x6e7f,0x115e,0x0000,0x0000,0x0000,
    0x0000,0x0000,0x0000,0x0000,0x0000,0x0000,0x0000,0x0000,0x0000,0x0000,0x0000,0x0000,0x0000,0x0000,0x0000,0x0000,0x0000,0x2806,0x3006,0xff0b,0xff6e,0xff6e,0xff6e,0xff6e,
    0xff6e,0xff6e,0xff6f,0xff8f,0xff8f,0xffaf,0xff6e,0xff6f,0xff6f,0xff8f,0xff6f,0xff6f,0xff6f,0xff6f,0xff6f,0xff6f,0xff6f,0xff8f,0x1805,0x2825,0xf730,0xf72f,0x3027,0x2825,
    0xff8f,0xff6f,0xff6f,0xff6e,0xff6e,0xf6cb,0x1824,0x2025,0x3006,0x2805,0x2805,0x504b,0x0000,0x01fb,0x6f9f,0x6ebf,0x76df,0x6e9f,0x6e7f,0x769f,0x0a7d,0x0000,0x0000,0x0000,
    0x0000,0x0000,0x0000,0x0000,0x0000,0x0000,0x0000,0x0000,0x0000,0x0000,0x0000,0x0000,0x0000,0x0000,0x0000,0x0000,0x0000,0x2805,0x2004,0xff6e,0xff6e,0xff6e,0xff6e,0xff6e,
    0xff6e,0xff8e,0x2826,0x2826,0x2826,0x2826,0xff6e,0xff8f,0xff6e,0xff6f,0xff6f,0xff6f,0xff6f,0xff6f,0xff6f,0xff6f,0xff6f,0xff90,0x2826,0xff4e,0xff6e,0xff6f,0xff6e,0x2826,
    0xff6f,0xff8f,0xff6f,0xff4e,0xff6e,0xff0c,0x3026,0x2044,0xff4e,0xff4f,0xf72f,0x2024,0x2806,0x0000,0x0000,0x0aba,0x3d1d,0x6e9f,0x669f,0x459e,0x023c,0x0000,0x0000,0x0000,
    0x0000,0x0000,0x0000,0x0000,0x0000,0x0000,0x0000,0x0000,0x0000,0x0000,0x0000,0x0000,0x0000,0x0000,0x0000,0x0000,0x3007,0x2845,0xc50a,0xff6e,0xff6e,0xff6e,0xff6e,0xff6e,
    0xff6f,0x2025,0x2024,0xff91,0xffb1,0x2044,0x2826,0xff4e,0xff6f,0xff6f,0xff6e,0xff6e,0xff6f,0xff6f,0xff6f,0xff6e,0xff6f,0xff6d,0xff92,0xff6f,0xff6e,0xff6e,0xff6f,0xff4e,
    0xfc72,0xfc51,0xfc73,0xff6e,0xff6e,0x1844,0x2805,0xf646,0xff6f,0xff6e,0xff6e,0xfeee,0x3006,0x0000,0x0000,0x0000,0x0000,0x027d,0x027d,0x027e,0x0000,0x0000,0x0000,0x0000,
    0x0000,0x0000,0x0000,0x0000,0x0000,0x0000,0x0000,0x0000,0x0000,0x0000,0x0000,0x0000,0x0000,0x0000,0x0000,0x0000,0x2806,0x8308,0xff6e,0xff6e,0xff6e,0xff6e,0xff6e,0xff6e,
    0xff4e,0x2846,0xff4e,0xff6f,0xff6e,0xff4f,0x2846,0xff4f,0xff6e,0xf74e,0xc66c,0x1824,0x2826,0x2825,0x2024,0x2826,0xfff1,0xff6f,0xff6e,0xff6f,0xff6e,0xff6e,0xff6e,0xfc13,
    0xfc53,0xfc73,0xfc73,0xfc73,0xff6e,0x2847,0x1004,0xff6e,0xff6e,0xff6f,0xff6e,0xfeed,0x2005,0x0000,0x0000,0x0000,0x0000,0x0000,0x0000,0x0000,0x0000,0x0000,0x0000,0x0000,
    0x0000,0x0000,0x0000,0x0000,0x0000,0x0000,0x0000,0x0000,0x0000,0x0000,0x0000,0x0000,0x0000,0x0000,0x0000,0x4809,0x2005,0x7287,0xff6e,0xff6e,0xff6e,0xff6e,0xff6e,0xff6e,
    0xff6f,0xcdef,0xff6f,0xff6e,0xff6e,0xff6f,0xff6e,0xff6f,0xf710,0x2826,0x2825,0x2025,0x2825,0x2025,0x2825,0x2825,0x2004,0xffd1,0xff6f,0xff6f,0xff6e,0xff6f,0xff6f,0xfc53,
    0xfc53,0xfc73,0xfc53,0xfc53,0xff4e,0xbb84,0xff2a,0xff6e,0xff6e,0xff6e,0xff6f,0xfeec,0x2806,0x0000,0x0000,0x0000,0x0000,0x0000,0x0000,0x0000,0x0000,0x0000,0x0000,0x0000,
    0x0000,0x0000,0x0000,0x0000,0x0000,0x0000,0x0000,0x0000,0x0000,0x0000,0x0000,0x0000,0x0000,0x0000,0x0000,0x2806,0x3026,0xff6e,0xff6e,0xff6e,0xff6e,0xff6e,0xff6f,0xfc92,
    0xfc92,0xfc72,0xff6e,0xff6e,0xff6e,0xff6e,0xff6e,0xff6e,0x2806,0x2805,0x2025,0x2025,0x2826,0x2806,0x2005,0x2805,0x2806,0xfff1,0xff6f,0xff6f,0xff6f,0xff6e,0xff6f,0xfc53,
    0xfc73,0xfc73,0xfc73,0xfc53,0xff6f,0xff8f,0xff6e,0xff6e,0xff6f,0xff6e,0xfecb,0x1805,0x2005,0x0000,0x0000,0x0000,0x0000,0x0000,0x0000,0x0000,0x0000,0x0000,0x0000,0x0000,
    0x0000,0x0000,0x0000,0x0000,0x0000,0x0000,0x0000,0x0000,0x0000,0x6830,0x00b3,0x00b6,0x0116,0x2807,0x3006,0x2005,0x2024,0xff6e,0xff6e,0xff6e,0xff6e,0xff6e,0xfc73,0xfc53,
    0xfc53,0xfc73,0xfcd3,0xff6e,0xff6e,0xff6e,0xff6e,0xff6e,0x2005,0x2805,0x3026,0xf1ed,0xf1cc,0xf22d,0xe9ec,0x2825,0x2025,0xfff1,0xff8f,0xff6f,0xff6f,0xff6f,0xff6e,0xff6e,
    0xfc72,0xfc72,0xfc72,0xff6e,0xff6f,0xff6e,0xff6e,0xff6e,0xff6f,0xfe69,0x4125,0x3007,0x0000,0x0000,0x0000,0x0000,0x0000,0x0000,0x0000,0x0000,0x0000,0x0000,0x0000,0x0000,
    0x0000,0x0000,0x0000,0x0000,0x0000,0x0000,0x0000,0x0000,0x0000,0x83f1,0xffff,0xffff,0xdfdf,0x4459,0x2004,0x2805,0x2826,0xff6e,0xff6e,0xff6e,0xff6f,0xff6e,0xfc53,0xfc73,
    0xfc73,0xfc73,0xfc93,0xff6e,0xff6e,0xff6e,0xff6e,0xff6e,0x2006,0x2025,0xe9ac,0xfbd1,0xfbf1,0xfbd1,0xfc12,0xea0d,0x3027,0xff90,0xff6e,0xff6f,0xff6f,0xff6e,0xff6e,0xff6e,
    0xff4e,0xff6e,0xff6e,0xff6e,0xff6e,0xff6e,0xff6e,0xff6e,0xff6f,0xfee9,0x2825,0x3047,0x0000,0x0000,0x0000,0x0000,0x0000,0x0000,0x0000,0x0000,0x0000,0x0000,0x0000,0x0000,
    0x0000,0x0000,0x0000,0x0000,0x0000,0x0000,0x0000,0x0000,0x0000,0x8c72,0xffff,0xffff,0xf7df,0x3d5f,0x1804,0x2005,0x1805,0xff6f,0xff6f,0xff6e,0xff6e,0xff6f,0xfc73,0xfc73,
    0xfc73,0xfc73,0xfc93,0xff6e,0xff6e,0xff6e,0xff6f,0xff6f,0xff6f,0x2825,0xfb71,0xfbd2,0xfbf1,0xfbd1,0xfbd1,0xfb70,0x1004,0xff6f,0xff6f,0xff6f,0xff6f,0xff6f,0xff6e,0xff6e,
    0xff6e,0xff6e,0xff6e,0xff6e,0xff6e,0xff6e,0xff6e,0xff2e,0xfe69,0xf5e6,0x2025,0x4849,0x0000,0x0000,0x0000,0x0000,0x0000,0x0000,0x0000,0x0000,0x0000,0x0000,0x0000,0x0000,
    0x0000,0x0000,0x0000,0x0000,0x0000,0x0000,0x0000,0x0000,0x0000,0x94b5,0xf7ff,0xefdf,0xcf7f,0x65bf,0xffff,0xf7df,0xffdf,0x557e,0xfeaa,0xff6e,0xff6e,0xff6e,0xff8e,0xfc73,
    0xfc73,0xfc93,0xff6e,0xff6e,0xff6e,0xff6f,0xff6f,0xff6f,0xff6f,0xf750,0x3047,0xfbd2,0xfbd1,0xfbd1,0xfc12,0x3066,0xff6e,0xff6e,0xff6e,0xff6f,0xff6f,0xff6f,0xff6f,0xff6e,
    0xff6e,0xff6e,0xff6e,0xff6e,0xff6e,0xff6e,0xff4d,0xfe88,0xfd21,0x2825,0x3027,0x4bfc,0xf7bf,0xd79f,0x123f,0x0000,0x0000,0x0000,0x0000,0x0000,0x0000,0x0000,0x0000,0x0000,
    0x0000,0x0000,0x0000,0x0000,0x0000,0x0000,0x0000,0x0000,0x382a,0x1043,0x6e9f,0x559f,0x453f,0xffff,0xffff,0xffff,0xffff,0xe7bf,0x457e,0xfeaa,0xff6e,0xff6e,0xff6e,0xff4e,
    0xff6e,0xff6e,0xff6f,0xff6f,0xff6f,0xff6f,0xff6f,0xff6f,0xff6f,0xff6f,0xff51,0x3866,0x3045,0x2845,0x2845,0xff50,0xff6e,0xff6f,0xff6f,0xff6f,0xff6f,0x555e,0x5d7e,0x4d7e,
    0xff70,0xff6e,0xff6e,0xff6e,0xff6e,0xff4d,0xff4e,0xfe49,0x2825,0x1824,0xdf9f,0xffff,0xffff,0xd79f,0xc75f,0x1a5e,0x0000,0x0000,0x0000,0x0000,0x0000,0x0000,0x0000,0x0000,
    0x0000,0x0000,0x0000,0x0000,0x0000,0x0000,0x0000,0x2826,0x01f1,0xaedf,0xa71f,0x02fe,0xffdf,0xffff,0xffff,0xffff,0xffff,0xffdf,0xc75f,0x85da,0xfeaa,0xff4f,0xff50,0xff6e,
    0xff6e,0xff6e,0xff6f,0xff6f,0xff6f,0xff8f,0xff6f,0xff6f,0xff6f,0xff6f,0xff6f,0xff6f,0xff4e,0xff4e,0xff6f,0xff6e,0xff6f,0xff6f,0xff8f,0xff6f,0x657e,0xffff,0xffff,0xdf9f,
    0x4d7e,0xff6d,0xff6f,0xff6e,0xff6e,0xf68b,0xf68a,0xf6aa,0x2825,0xf7be,0xffff,0xffff,0xffff,0xd79f,0xbf3f,0x0a7e,0x2004,0x0000,0x0000,0x0000,0x0000,0x0000,0x0000,0x0000,
    0x0000,0x0000,0x0000,0x0000,0x0000,0x0000,0x2825,0x8c73,0xffff,0xffff,0xffff,0xdf9f,0xffff,0xffff,0xffff,0xffff,0xffff,0xefdf,0xc75f,0x6d3b,0xae9d,0x9e9e,0x863d,0xc699,
    0xff4e,0xff6e,0xff6e,0x8367,0x6ae7,0x7307,0x7308,0xff6f,0xff6f,0xff6f,0xff6e,0xff6e,0xff6e,0xff6f,0xff6f,0xff6e,0xff6f,0xff6e,0x7dba,0xbedf,0xffff,0xffff,0xffff,0xffff,
    0xe7bf,0x96be,0xf6ac,0xb656,0x8e1d,0xae9f,0x8e5e,0xb5d6,0x1804,0xf7be,0xffff,0xffff,0xdfbf,0xbf3f,0xaf1f,0xbf3f,0x963c,0x0869,0x0000,0x0000,0x0000,0x0000,0x0000,0x0000,
    0x0000,0x0000,0x0000,0x0000,0x0000,0x0000,0x2005,0xef5e,0xffff,0xffff,0xffff,0xffff,0xefdf,0xffff,0xffff,0xffff,0xffff,0xcf7f,0x9eff,0xc75f,0xffdf,0xffff,0xffff,0xcf9f,
    0x3d1e,0xff6e,0x2064,0x2025,0x1003,0x2044,0x1003,0x2865,0xf751,0xff6f,0xff6e,0xff6f,0xff6f,0xff6e,0xff6f,0x54fc,0x555e,0x6d9d,0x453f,0xffff,0xffff,0xffff,0xffff,0xffff,
    0xffff,0xcf7f,0x4d7e,0xcf1e,0xffff,0xffff,0xffff,0xf7ff,0xaefe,0xf7df,0xffff,0xefdf,0xdf9f,0xdfbf,0xefbf,0xdfbf,0xcf9f,0x0803,0x0000,0x0000,0x0000,0x0000,0x0000,0x0000,
    0x0000,0x0000,0x0000,0x0000,0x2826,0x2005,0x2005,0x9e7c,0xffff,0xffff,0xffff,0xffff,0xffff,0xffff,0xffff,0xffff,0xffff,0xb73f,0xffdf,0xffff,0xffff,0xffff,0xffff,0xc77f,
    0x865e,0x2026,0x2044,0xff2e,0xff4e,0xff6e,0xff6e,0xf68a,0x2025,0xf74e,0xff6f,0xff6f,0xff6e,0xff6f,0x657e,0xffdf,0xffdf,0xffdf,0x8e5f,0xffff,0xffff,0xffff,0xffff,0xd79f,
    0xbf5f,0x6e3f,0xffdf,0xaf1f,0xffff,0xffff,0xffff,0xe7bf,0xc77f,0x5d9f,0xdfbf,0xcf7f,0xcfbf,0x8e9f,0xd79f,0xc77f,0x545b,0x1823,0x2005,0x3027,0x0000,0x0000,0x0000,0x0000,
    0x0000,0x0000,0x0000,0x2806,0x3006,0x9f7c,0x975c,0x0823,0x1024,0xdf5d,0xd79f,0xbf3e,0xf7be,0xf7be,0xf7be,0xf7be,0xd77e,0xb6fe,0xffff,0xffff,0xffff,0xffff,0xdf9f,0xcf7f,
    0xb71f,0x2025,0xff4f,0xff6e,0xff6e,0xff6e,0xff6e,0xff6e,0x6247,0x2845,0xff6f,0xff6f,0xff6e,0xae57,0xaf1f,0xffff,0xffff,0xffff,0xf7ff,0xd77f,0xffff,0xffff,0xffff,0xc75f,
    0xb75f,0xffdf,0xffff,0xd79f,0x867f,0xf7be,0xf7be,0xe79e,0xb73e,0x557e,0x5c7b,0x4b7b,0x29d0,0x6d5c,0x6d19,0x1045,0x1825,0xa75c,0x973c,0x2806,0x2005,0x0000,0x0000,0x0000,
    0x0000,0x0000,0x0000,0x2805,0xa79d,0xa77c,0xb79d,0xe7de,0x29a7,0x1084,0x1044,0x1044,0x1846,0x1024,0x1024,0x1024,0x1023,0x1045,0xd7bf,0xffdf,0xf7be,0xc75e,0xcf5f,0xc77f,
    0xa6be,0x2826,0xff6e,0xff6e,0xff6e,0xff6e,0xff6f,0xff4e,0x6a27,0x2025,0xfeaa,0xfeab,0xf68c,0x965f,0xdf9e,0xffdf,0xffbf,0xffdf,0xf7df,0xd79f,0xdfbf,0xbf3e,0xc77f,0x9eff,
    0xe7bf,0xffdf,0xefbf,0xc75f,0x555e,0x1044,0x1023,0x1826,0x1024,0x3acc,0x422b,0x52ed,0x530d,0x634e,0x528c,0x4b8f,0x9f5c,0xa75c,0x76db,0x773b,0x2805,0x0000,0x0000,0x0000,
    0x0000,0x0000,0x0000,0x3007,0xa77d,0xa75c,0xa77d,0x9f5d,0xdffe,0xdffe,0xe7ff,0xdfff,0xefff,0xe7ff,0xefff,0xe7ff,0xdffe,0xbfbe,0x1005,0x0802,0x0804,0x1005,0x1004,0x0803,
    0x0823,0x2004,0x2825,0x2804,0xff6e,0xff6f,0xff6f,0xfea5,0x2806,0x2805,0x1025,0x0824,0x0824,0x1004,0x1805,0x1004,0x1004,0x1003,0x0023,0x0803,0x0824,0x1003,0x0803,0x0803,
    0x1004,0x1025,0x1004,0x0822,0x1025,0xcfde,0xcfbe,0xf7ff,0xe7df,0xaf7d,0x9f7d,0x9f7d,0x9f7d,0xa77d,0xa77d,0xa77d,0x9f7d,0x76da,0x76ba,0x6f1b,0x2806,0x0000,0x0000,0x0000,
    0x0000,0x0000,0x0000,0x2005,0x975d,0x9f7c,0x9f7c,0xa77c,0xa77d,0xa77d,0xa77d,0xa77d,0xa77d,0xa77d,0xa77d,0xa77d,0xa77d,0x9f7c,0xe7ff,0xefff,0xefff,0xefff,0xefff,0xefff,
    0xefff,0xf7ff,0x3026,0x2004,0x2025,0x2024,0x2825,0x2004,0x2024,0xffdf,0xffff,0xffff,0xf7ff,0xffff,0xf7ff,0xf7ff,0xf7ff,0xf7ff,0xf7ff,0xf7ff,0xf7ff,0xf7ff,0xf7ff,0xffff,
    0xefff,0xe7ff,0xe7ff,0xe7ff,0xefdf,0x9f7d,0xa77d,0x9f7d,0x9f7d,0xa77d,0xa77d,0x9f7c,0x9f7c,0xa77d,0xa77d,0xa77d,0xa77d,0x6eba,0x76da,0x7f3b,0x2806,0x0000,0x0000,0x0000,
    0x0000,0x0000,0x0000,0x4008,0x2846,0x66ba,0x76ba,0x8f1b,0xaf9d,0xa77d,0xa77d,0xa77d,0xa77d,0xa77d,0xa77d,0xa77d,0xa77d,0xa77d,0xa77d,0xa77d,0xa77d,0xa77d,0xa77d,0xa77d,
    0xa77d,0xa77d,0x9f7d,0xb7be,0xbfdf,0xb7be,0xb7df,0xbfff,0x9f7d,0xa77d,0xa77d,0xa77d,0xa77d,0xa77d,0xa77d,0xa77d,0xa77d,0xa77d,0xa77d,0xa77d,0xa77d,0x9f7d,0x9f7d,0xa77d,
    0xa77d,0x9f7d,0x9f7d,0xa77d,0xa77d,0xa77d,0xa77d,0xa77d,0xa77d,0xa77d,0xa77d,0xa77c,0xa77c,0x973c,0x8f3c,0x76da,0x76da,0x6eba,0x6679,0x2846,0x1804,0x0000,0x0000,0x0000,
    0x0000,0x0000,0x0000,0x0000,0x1824,0x2806,0x3027,0x23ae,0x23ae,0x23ae,0x2410,0x2cb2,0x76db,0x9f7d,0xaf9e,0xaf9d,0xaf9d,0xa77d,0xa77d,0xa77d,0xa77d,0xa77d,0xa77d,0xa77d,
    0xa77d,0xa77d,0xa77d,0xa77d,0xa77d,0xa77d,0xa79d,0xa77d,0xa77d,0xa77d,0xa77d,0xa79d,0xa77d,0xa77d,0xa77d,0xa77d,0xa77d,0xa77d,0xa77d,0xa77d,0xa77d,0xa77d,0xa77d,0xa77d,
    0xa77d,0xa77d,0xa77d,0xa77d,0xa77d,0xa77d,0xaf9d,0xaf9e,0xa79d,0xa79d,0x6e9a,0x6679,0x2450,0x23cf,0x23ae,0x23ef,0x2bd0,0x2826,0x2806,0x2026,0x0000,0x0000,0x0000,0x0000,
    0x0000,0x0000,0x0000,0x0000,0x0000,0x0000,0x2025,0x65d7,0x6eba,0x76ba,0x6e9a,0x6699,0x34d2,0x3471,0x3492,0x3492,0x3492,0x3d33,0x5d95,0x5575,0x5db6,0x65d6,0x65f6,0x6e37,
    0x7eb9,0x9f3c,0x9f3c,0x973c,0x975c,0x9f5c,0x9f5c,0x9f5c,0x9f5c,0xa77d,0x9f7c,0x9f5c,0x9f5c,0x9f5c,0x9f5c,0x9f5c,0x9f5c,0x9f5c,0x973c,0x9f5c,0x9f5c,0x9f5c,0x971c,0x7e79,
    0x5db6,0x5db6,0x65d6,0x5dd6,0x5d95,0x5d95,0x4514,0x34f3,0x34b2,0x2c71,0x2410,0x5e38,0x669a,0x6eba,0x6eba,0x669a,0x6638,0x2005,0x0000,0x0000,0x0000,0x0000,0x0000,0x0000,
    0x0000,0x0000,0x0000,0x0000,0x0000,0x0000,0x2826,0x969a,0x873c,0x76ba,0x669a,0x669a,0x6e99,0x6eba,0x6e9a,0x6e9a,0x76ba,0x6699,0x6eba,0x76ba,0x6eba,0x6e9a,0x76ba,0x76ba,
    0x23ef,0x23ef,0x240f,0x23ef,0x240f,0x2c10,0x2410,0x23ef,0x23ef,0x23ef,0x23ef,0x23ef,0x23ef,0x23ef,0x23ef,0x23ef,0x23ef,0x23ef,0x23ef,0x23ef,0x23ef,0x23ef,0x23ef,0x23ef,
    0x5659,0x6eba,0x669a,0x6eba,0x6eba,0x669a,0x5e79,0x6eba,0x6e9a,0x6e99,0x6e9a,0x6e9a,0x669a,0x973c,0x975c,0x8f5c,0x8edb,0x2806,0x0000,0x0000,0x0000,0x0000,0x0000,0x0000,
    0x0000,0x0000,0x0000,0x0000,0x0000,0x0000,0x2826,0x8e79,0x9f5c,0x9f5c,0x9f5c,0x9f5c,0x9f5c,0xa77d,0x9f5c,0x9f5c,0x9f5c,0x975c,0x6eba,0x6eba,0x76ba,0x6eba,0x6e9a,0x6eba,
    0x76ba,0x76ba,0x76ba,0x76ba,0x76da,0x76ba,0x76ba,0x76ba,0x76ba,0x76ba,0x6eba,0x76ba,0x6eba,0x76ba,0x76ba,0x6eba,0x6eba,0x6eba,0x6eba,0x6eba,0x6eba,0x6e9a,0x6e9a,0x6eba,
    0x6eba,0x6eba,0x6eba,0x6eba,0x6eba,0x7efb,0x86fb,0x975c,0x9f5c,0x9f5c,0x6679,0x5e59,0x5e79,0x975c,0x975c,0x975c,0x9f3c,0x2005,0x0000,0x0000,0x0000,0x0000,0x0000,0x0000,
    0x0000,0x0000,0x0000,0x0000,0x0000,0x0000,0x3027,0x1845,0xaffe,0x9f5c,0x9f7c,0x9f7c,0xefdf,0xefde,0xefff,0xa75c,0x9f5c,0x9f5c,0x9f5c,0x9f5c,0x9f5c,0x9f5c,0x9f5c,0x9f5c,
    0x9f7d,0x9f7d,0x9f7c,0x9f7d,0x9f7c,0x9f7d,0x9f7d,0x9f7d,0x9f7d,0x9f7c,0x9f7d,0x9f7d,0x9f7d,0x9f7c,0x975c,0x977c,0x9f7d,0x9f7d,0x9f7d,0x9f7d,0x9f7d,0x9f7d,0x9f7d,0x9f7d,
    0x9f7d,0x9f5c,0x9f5c,0x9f5c,0x9f5c,0x9f5c,0x9f5c,0x9f5c,0x9f5c,0x9f5c,0x5e59,0x5e79,0x6679,0x973c,0x975c,0x96fb,0x1865,0x3006,0x0000,0x0000,0x0000,0x0000,0x0000,0x0000,
    0x0000,0x0000,0x0000,0x0000,0x0000,0x0000,0x0000,0x2004,0xa7de,0xa77c,0x9f7c,0x9f5c,0xffff,0xffff,0xffff,0xa77d,0xa77c,0x9f7d,0x9f7d,0x9f7c,0x9f7d,0x9f5c,0x9f5c,0x9f5c,
    0x9f5c,0x9f7c,0x9f7d,0x9f5c,0x9f7c,0x9f7c,0xa75c,0x9f7c,0x9f7d,0x9f7c,0x9f7c,0xa77d,0x9f5c,0x9f5c,0x9f7c,0x9f7c,0x9f5d,0x9f7d,0x9f7d,0x9f7c,0x9f7c,0x9f7d,0x9f7c,0x9f7c,
    0x9f7c,0x9f5c,0x9f5c,0x9f7c,0x9f5c,0x9f5c,0x9f5c,0x9f5c,0x9f5c,0x9f5c,0x667a,0x5e79,0x5659,0x975c,0x975c,0x8e79,0x2005,0x0000,0x0000,0x0000,0x0000,0x0000,0x0000,0x0000,
    0x0000,0x0000,0x0000,0x0000,0x0000,0x0000,0x0000,0x2805,0xafff,0x9f7d,0x9f5c,0x9f5c,0xffff,0xffff,0xffff,0xa75d,0xa77d,0xa75d,0x9f5d,0xa75c,0x9f5c,0x9f5c,0x9f5c,0x9f5c,
    0x9f5c,0x9f7c,0x9f5c,0x9f5c,0x9f7c,0xa77c,0x9f7d,0xa75d,0x9f5c,0x9f5c,0x9f5d,0x9f7d,0xa75d,0x9f7c,0xa75d,0x9f7d,0x9f7c,0x9f7d,0x9f7c,0x9f5c,0x9f7c,0x9f7d,0x9f5c,0x9f7c,
    0x9f5c,0x9f7d,0x9f5c,0x9f5c,0x9f5c,0x9f5c,0x9f7c,0x9f5c,0x9f5c,0x9f5c,0x667a,0x5e59,0x6679,0x975c,0x975c,0x96db,0x2805,0x0000,0x0000,0x0000,0x0000,0x0000,0x0000,0x0000,
    0x0000,0x0000,0x0000,0x0000,0x0000,0x0000,0x0000,0x3026,0xafdf,0x9f7c,0x9f7d,0xa77d,0xa77d,0xffff,0xffff,0xffff,0x9f5c,0xa77d,0xa75d,0x9f7c,0xa77c,0x9f5d,0x9f5c,0x9f5c,
    0x9f7c,0x9f5c,0x9f7c,0x9f5c,0xa77d,0xa77d,0xa77d,0xa77d,0x9f5c,0x9f5c,0x9f7c,0x9f5c,0x9f5d,0x9f7c,0x9f5c,0x9f5c,0xa77d,0xa75c,0xa75d,0xa77d,0x9f7d,0x9f5d,0x9f7c,0x9f7c,
    0x9f7c,0xa77d,0x9f5c,0x9f5c,0x9f7c,0x9f7c,0x9f7c,0x9f5c,0x9f5c,0xa79d,0x5e59,0x5e79,0x975c,0x975c,0x975c,0x96fb,0x3007,0x0000,0x0000,0x0000,0x0000,0x0000,0x0000,0x0000,
    0x0000,0x0000,0x0000,0x0000,0x0000,0x0000,0x0000,0x0000,0x3027,0xafde,0x9f7c,0x9f5c,0x9f5c,0xffff,0xffff,0xffff,0xa77c,0xa77c,0xa77d,0xa75c,0x9f7d,0x9f5c,0xa77d,0x9f7d,
    0x9f7c,0x9f7d,0xa77c,0xa75d,0xa75d,0x9f7c,0xa77d,0x9f5c,0x9f5c,0x9f5c,0x9f5c,0x9f5c,0xa77d,0x9f7d,0x9f5c,0x9f5d,0xa77d,0xa77d,0x9f5c,0x9f5c,0x9f7d,0x9f5c,0x9f7d,0x9f5c,
    0x9f7d,0x9f7c,0x9f5c,0x9f5c,0x9f5c,0x9f5c,0x9f5c,0x9f5c,0x9f5c,0xa77d,0x5e59,0x5e79,0x975c,0x975c,0x9f9d,0x2826,0x0000,0x0000,0x0000,0x0000,0x0000,0x0000,0x0000,0x0000,
    0x0000,0x0000,0x0000,0x0000,0x0000,0x0000,0x0000,0x0000,0x2825,0x9f9d,0x9f7c,0x9f7c,0x9f5c,0x973c,0xffdf,0xffff,0xf7df,0xa77d,0xa77d,0xa77c,0x9f7c,0x9f5c,0x9f5c,0xa77c,
    0xa77d,0xa75d,0xa75c,0xa75c,0xa77d,0xa75d,0xa75d,0xa77d,0x9f5c,0xa75c,0xa75c,0xa77d,0x9f5d,0x9f5c,0xa75c,0xa75c,0xa75c,0xa75d,0xa77c,0x9f5c,0x9f5c,0x9f5c,0x9f7c,0x9f5d,
    0xa77d,0xa77d,0xa75c,0x9f5c,0x9f5c,0x9f7d,0x9f5c,0x9f5c,0x9f7c,0x5e59,0x5e79,0x975c,0x975c,0x975c,0x8f9d,0x2004,0x0000,0x0000,0x0000,0x0000,0x0000,0x0000,0x0000,0x0000,
    0x0000,0x0000,0x0000,0x0000,0x0000,0x0000,0x0000,0x0000,0x3007,0x3929,0x9fbe,0x9f5c,0x9f5c,0x9f5c,0x9f7d,0xffff,0xffff,0x9f7c,0xa75d,0x9f5c,0xa77c,0xa77c,0xa75d,0xa75c,
    0xa75c,0xa77d,0xa75c,0xa77c,0xa77d,0xa77d,0xa77d,0xa77d,0xa77c,0xa75c,0xa77c,0xa75c,0x9f7c,0xa77d,0xa75c,0xa75d,0xa77d,0xa75c,0xa75c,0x9f5c,0x9f5c,0xa75d,0x9f5d,0xa77d,
    0xa77d,0xa75d,0xa77d,0xa75c,0xa77c,0xa75d,0xa75c,0x9f5c,0xa77c,0x5e59,0x5e59,0x975c,0x975c,0xa7be,0x2a0a,0x380a,0x0000,0x0000,0x0000,0x0000,0x0000,0x0000,0x0000,0x0000,
    0x0000,0x0000,0x0000,0x0000,0x0000,0x0000,0x0000,0x0000,0x3006,0x3027,0x3848,0x9f5c,0x9f5c,0x9f5c,0x9f5c,0x9f5c,0x9f5c,0xffff,0xa75c,0x9f5c,0x9f7c,0x9f7c,0x9f5d,0x9f5c,
    0xa75c,0xa75c,0xa75c,0xa75c,0xa75c,0xa77d,0xa77d,0xa77d,0xa77c,0xa77c,0xa75d,0xa75c,0xa75d,0xa77d,0xa77d,0xa77c,0xa77d,0x9f5c,0x9f5c,0x9f5c,0x9f5c,0x9f7c,0xa77d,0xa77d,
    0xa77d,0xa77c,0xa77c,0xa75d,0xa77c,0xa77c,0xa75c,0x975c,0x5e59,0x6e79,0x977c,0x975c,0x8f5c,0x1002,0x2005,0x3829,0x0000,0x0000,0x0000,0x0000,0x0000,0x0000,0x0000,0x0000,
    0x0000,0x0000,0x0000,0x0000,0x0000,0x0000,0x0000,0x0000,0x0000,0x3006,0x2005,0x1844,0x9f5c,0x9f5c,0x9f5c,0x9f5c,0x9f5c,0x9f5c,0x9f7c,0x9f7c,0x9f7c,0x9f5c,0x9f7c,0x9f7c,
    0x9f5c,0x9f7c,0xa77d,0xa75c,0xa75c,0xa77d,0x9f7c,0xa77d,0xa77c,0xa77c,0x9f5c,0xa75c,0xa75d,0xa77c,0xa77c,0xa77d,0xa75d,0xa77c,0x9f5c,0x9f7d,0x9f5c,0xa75c,0xa75c,0x9f5c,
    0xa77d,0xa75c,0xa77d,0xa75d,0x9f7c,0x9f7d,0x9f5c,0x669a,0x6679,0x975c,0x975c,0x9f7c,0x2845,0x2004,0x402a,0x0000,0x0000,0x0000,0x0000,0x0000,0x0000,0x0000,0x0000,0x0000,
    0x0000,0x0000,0x0000,0x0000,0x0000,0x0000,0x0000,0x0000,0x0000,0x0000,0x0000,0x3007,0x2005,0x8f1b,0x9f3c,0x9f5c,0xa75c,0x9f5c,0x9f5c,0xa77c,0x9f7c,0x9f5c,0x9f5c,0x9f7c,
    0x9f5c,0x9f5c,0xa77d,0xa77d,0xa75c,0xa77c,0xa75d,0xa75c,0xa75c,0xa77c,0xa75c,0xa75c,0xa77d,0xa77c,0xa75c,0xa77d,0xa77d,0xa77d,0xa77d,0x9f7d,0xa77d,0xa77c,0xa77c,0x9f7c,
    0xa77d,0x9f5c,0x9f5c,0x9f7c,0x7edb,0x76da,0x76ba,0x76ba,0x76ba,0x6eba,0x5ed9,0x671c,0x2806,0x0000,0x0000,0x0000,0x0000,0x0000,0x0000,0x0000,0x0000,0x0000,0x0000,0x0000,
    0x0000,0x0000,0x0000,0x0000,0x0000,0x0000,0x0000,0x0000,0x0000,0x0000,0x0000,0x1003,0x2005,0x28e7,0x3c71,0x8f3d,0xaf9d,0x9f5d,0x9f7d,0xa77d,0xa75d,0xa77d,0xa77d,0xa77d,
    0xa77d,0xa77d,0xa77d,0xa77d,0xa77d,0xa77d,0xa77d,0xa77d,0xa77d,0xa77d,0xa77d,0xa77d,0xa77d,0xa77d,0xa77d,0xa77d,0xa77d,0xa77d,0xa77d,0xa77d,0xa77d,0xa77d,0xa77d,0xa77c,
    0x76db,0x76da,0x76db,0x76da,0x76ba,0x76ba,0x7efb,0x76db,0x7efb,0x4d56,0x2189,0x2025,0x1002,0x0000,0x0000,0x0000,0x0000,0x0000,0x0000,0x0000,0x0000,0x0000,0x0000,0x0000,
    0x0000,0x0000,0x0000,0x0000,0x0000,0x0000,0x0000,0x0000,0x0000,0x0000,0x0000,0x0000,0x0000,0x3027,0x3027,0x8658,0x6df7,0x6638,0x4554,0x3cb2,0x4472,0x76da,0x76ba,0x76da,
    0x76da,0x76da,0x76da,0x76db,0x76db,0x76db,0x76da,0x76da,0x76da,0x76da,0x76db,0x76db,0x76da,0x76db,0x76da,0x76ba,0x76ba,0x76da,0x76da,0x76da,0x76da,0x76da,0x76db,0x76db,
    0x76ba,0x76da,0x76da,0x3c51,0x3cd3,0x3d13,0x6e79,0x6e18,0x7e38,0x3047,0x3027,0x0000,0x0000,0x0000,0x0000,0x0000,0x0000,0x0000,0x0000,0x0000,0x0000,0x0000,0x0000,0x0000,
    0x0000,0x0000,0x0000,0x0000,0x0000,0x0000,0x0000,0x0000,0x0000,0x0000,0x0000,0x0000,0x3026,0x2004,0xffff,0xffff,0xaf7d,0xb7be,0xc7ff,0x1002,0x2004,0x1802,0x2003,0x1803,
    0x1803,0x1803,0x1803,0x1803,0x1803,0x1803,0x1803,0x1803,0x1803,0x1803,0x1803,0x1803,0x1802,0x1802,0x1803,0x1803,0x1803,0x1803,0x1803,0x1803,0x1803,0x1803,0x1803,0x1803,
    0x1803,0x2004,0x1002,0x2004,0x7f5d,0xbfff,0xb7be,0xf7fe,0xffff,0x0803,0x2003,0x2846,0x0000,0x0000,0x0000,0x0000,0x0000,0x0000,0x0000,0x0000,0x0000,0x0000,0x0000,0x0000,
    0x0000,0x0000,0x0000,0x0000,0x0000,0x0000,0x0000,0x0000,0x0000,0x0000,0x0000,0x0000,0x3808,0x8433,0xf7ff,0xffff,0xb77d,0xaf7d,0xa75d,0x1001,0x2826,0x2005,0x2826,0x2826,
    0x2826,0x2826,0x2826,0x2826,0x2826,0x2826,0x2826,0x2826,0x2826,0x2826,0x2826,0x2806,0x2826,0x2806,0x2826,0x2806,0x2826,0x2826,0x2826,0x2826,0x2826,0x2826,0x2806,0x2806,
    0x2826,0x3027,0x2005,0x2826,0x6edb,0xaf9d,0xb79d,0xe7df,0xf7ff,0x8f3c,0x530f,0x2826,0x0000,0x0000,0x0000,0x0000,0x0000,0x0000,0x0000,0x0000,0x0000,0x0000,0x0000,0x0000,
    0x0000,0x0000,0x0000,0x0000,0x0000,0x0000,0x0000,0x0000,0x0000,0x0000,0x0000,0x0000,0x3006,0x7412,0xaf9d,0x9f5d,0xb77d,0x975c,0x8f5d,0x1003,0x2005,0x0000,0x0000,0x0000,
    0x0000,0x0000,0x0000,0x0000,0x0000,0x0000,0x0000,0x0000,0x0000,0x0000,0x0000,0x0000,0x0000,0x0000,0x0000,0x0000,0x0000,0x0000,0x0000,0x0000,0x0000,0x0000,0x0000,0x0000,
    0x0000,0x0000,0x0000,0x2805,0x5639,0x9f5d,0xbf9e,0xbf9e,0xa77d,0x8f5c,0x432e,0x2805,0x0000,0x0000,0x0000,0x0000,0x0000,0x0000,0x0000,0x0000,0x0000,0x0000,0x0000,0x0000,
    0x0000,0x0000,0x0000,0x0000,0x0000,0x0000,0x0000,0x0000,0x0000,0x0000,0x0000,0x0000,0x2825,0x2826,0x85f8,0x9e9b,0x8e7a,0x7e9a,0x2806,0x3007,0x0000,0x0000,0x0000,0x0000,
    0x0000,0x0000,0x0000,0x0000,0x0000,0x0000,0x0000,0x0000,0x0000,0x0000,0x0000,0x0000,0x0000,0x0000,0x0000,0x0000,0x0000,0x0000,0x0000,0x0000,0x0000,0x0000,0x0000,0x0000,
    0x0000,0x0000,0x0000,0x0000,0x3027,0x3026,0x6e39,0x865a,0x969a,0x2127,0x2826,0x2025,0x0000,0x0000,0x0000,0x0000,0x0000,0x0000,0x0000,0x0000,0x0000,0x0000,0x0000,0x0000,
    0x0000,0x0000,0x0000,0x0000,0x0000,0x0000,0x0000,0x0000,0x0000,0x0000,0x0000,0x0000,0x0000,0x4009,0x2825,0x2825,0x2826,0x2825,0x2826,0x0000,0x0000,0x0000,0x0000,0x0000,
    0x0000,0x0000,0x0000,0x0000,0x0000,0x0000,0x0000,0x0000,0x0000,0x0000,0x0000,0x0000,0x0000,0x0000,0x0000,0x0000,0x0000,0x0000,0x0000,0x0000,0x0000,0x0000,0x0000,0x0000,
    0x0000,0x0000,0x0000,0x0000,0x0000,0x2025,0x2825,0x2826,0x2826,0x2826,0x580c,0x0000,0x0000,0x0000,0x0000,0x0000,0x0000,0x0000,0x0000,0x0000,0x0000,0x0000,0x0000,0x0000,
    0x0000,0x0000,0x0000,0x0000,0x0000,0x0000,0x0000,0x0000,0x0000,0x0000,0x0000,0x0000,0x0000,0x0000,0x0000,0x0000,0x0000,0x0000,0x0000,0x0000,0x0000,0x0000,0x0000,0x0000,
    0x0000,0x0000,0x0000,0x0000,0x0000,0x0000,0x0000,0x0000,0x0000,0x0000,0x0000,0x0000,0x0000,0x0000,0x0000,0x0000,0x0000,0x0000,0x0000,0x0000,0x0000,0x0000,0x0000,0x0000,
    0x0000,0x0000,0x0000,0x0000,0x0000,0x0000,0x0000,0x0000,0x0000,0x0000,0x0000,0x0000,0x0000,0x0000,0x0000,0x0000,0x0000,0x0000,0x0000,0x0000,0x0000,0x0000,0x0000,0x0000,
    0x0000,0x0000,0x0000,0x0000,0x0000,0x0000,0x0000,0x0000,0x0000,0x0000,0x0000,0x0000,0x0000,0x0000,0x0000,0x0000,0x0000,0x0000,0x0000,0x0000,0x0000,0x0000,0x0000,0x0000,
    0x0000,0x0000,0x0000,0x0000,0x0000,0x0000,0x0000,0x0000,0x0000,0x0000,0x0000,0x0000,0x0000,0x0000,0x0000,0x0000,0x0000,0x0000,0x0000,0x0000,0x0000,0x0000,0x0000,0x0000,
    0x0000,0x0000,0x0000,0x0000,0x0000,0x0000,0x0000,0x0000,0x0000,0x0000,0x0000,0x0000,0x0000,0x0000,0x0000,0x0000,0x0000,0x0000,0x0000,0x0000,0x0000,0x0000,0x0000,0x0000,
    0x0000,0x0000,0x0000,0x0000,0x0000,0x0000,0x0000,0x0000,0x0000,0x0000,0x0000,0x0000,0x0000,0x0000,0x0000,0x0000,0x0000,0x0000,0x0000,0x0000,0x0000,0x0000,0x0000,0x0000,
    0x0000,0x0000,0x0000,0x0000,0x0000,0x0000,0x0000,0x0000,0x0000,0x0000,0x0000,0x0000,0x0000,0x0000,0x0000,0x0000,0x0000,0x0000,0x0000,0x0000,0x0000,0x0000,0x0000,0x0000,
    0x0000,0x0000,0x0000,0x0000,0x0000,0x0000,0x0000,0x0000,0x0000,0x0000,0x0000,0x0000,0x0000,0x0000,0x0000,0x0000,0x0000,0x0000,0x0000,0x0000,0x0000,0x0000,0x0000,0x0000,
  },
  /* blink */ {
    0x0000,0x0000,0x0000,0x0000,0x0000,0x0000,0x0000,0x0000,0x0000,0x0000,0x0000,0x0000,0x0000,0x0000,0x0000,0x0000,0x0000,0x0000,0x0000,0x0000,0x0000,0x0000,0x0000,0x0000,
    0x0000,0x0000,0x0000,0x0000,0x0000,0x0000,0x0000,0x0000,0x0000,0x0000,0x0000,0x0000,0x0000,0x0000,0x0000,0x0000,0x0000,0x0000,0x0000,0x0000,0x0000,0x0000,0x0000,0x0000,
    0x0000,0x0000,0x0000,0x0000,0x0000,0x0000,0x0000,0x0000,0x0000,0x0000,0x0000,0x0000,0x0000,0x0000,0x0000,0x0000,0x0000,0x0000,0x0000,0x0000,0x0000,0x0000,0x0000,0x0000,
    0x0000,0x0000,0x0000,0x0000,0x0000,0x0000,0x0000,0x0000,0x0000,0x0000,0x0000,0x0000,0x0000,0x0000,0x0000,0x0000,0x0000,0x0000,0x0000,0x0000,0x0000,0x0000,0x0000,0x0000,
    0x0000,0x0000,0x0000,0x0000,0x0000,0x0000,0x0000,0x0000,0x0000,0x0000,0x0000,0x0000,0x0000,0x0000,0x0000,0x0000,0x0000,0x0000,0x0000,0x0000,0x0000,0x0000,0x0000,0x0000,
    0x0000,0x0000,0x0000,0x0000,0x0000,0x0000,0x0000,0x0000,0x0000,0x0000,0x0000,0x0000,0x0000,0x0000,0x0000,0x0000,0x0000,0x0000,0x0000,0x0000,0x0000,0x0000,0x0000,0x0000,
    0x0000,0x0000,0x0000,0x0000,0x0000,0x0000,0x0000,0x0000,0x0000,0x0000,0x0000,0x0000,0x0000,0x0000,0x0000,0x0000,0x0000,0x0000,0x0000,0x0000,0x0000,0x0000,0x0000,0x0000,
    0x0000,0x0000,0x0000,0x0000,0x0000,0x0000,0x0000,0x0000,0x0000,0x0000,0x0000,0x0000,0x0000,0x0000,0x0000,0x0000,0x0000,0x0000,0x0000,0x0000,0x0000,0x0000,0x0000,0x0000,
    0x0000,0x0000,0x0000,0x0000,0x0000,0x0000,0x0000,0x0000,0x0000,0x0000,0x0000,0x0000,0x0000,0x0000,0x0000,0x0000,0x0000,0x0000,0x0000,0x0000,0x0000,0x0000,0x0000,0x0000,
    0x0000,0x0000,0x0000,0x0000,0x0000,0x0000,0x0000,0x0000,0x0000,0x0000,0x0000,0x0000,0x0000,0x0000,0x0000,0x0000,0x0000,0x0000,0x0000,0x0000,0x0000,0x0000,0x0000,0x0000,
    0x0000,0x0000,0x0000,0x0000,0x0000,0x0000,0x0000,0x0000,0x0000,0x0000,0x0000,0x0000,0x0000,0x0000,0x0000,0x0000,0x0000,0x0000,0x0000,0x0000,0x0000,0x0000,0x0000,0x0000,
    0x0000,0x0000,0x0000,0x0000,0x0000,0x0000,0x0000,0x0000,0x0000,0x0000,0x0000,0x0000,0x0000,0x0000,0x0000,0x0000,0x0000,0x0000,0x0000,0x0000,0x0000,0x0000,0x0000,0x0000,
    0x0000,0x0000,0x0000,0x0000,0x0000,0x0000,0x0000,0x0000,0x0000,0x0000,0x0000,0x0000,0x0000,0x0000,0x0000,0x0000,0x0000,0x0000,0x0000,0x0000,0x0000,0x0000,0x0000,0x0000,
    0x0000,0x0000,0x0000,0x0000,0x0000,0x0000,0x0000,0x0000,0x0000,0x0000,0x0000,0x0000,0x0000,0x0000,0x0000,0x0000,0x0000,0x0000,0x0000,0x0000,0x0000,0x0000,0x0000,0x0000,
    0x0000,0x0000,0x0000,0x0000,0x0000,0x0000,0x0000,0x0000,0x0000,0x0000,0x0000,0x0000,0x0000,0x0000,0x0000,0x0000,0x0000,0x0000,0x0000,0x0000,0x0000,0x0000,0x0000,0x0000,
    0x0000,0x0000,0x0000,0x0000,0x0000,0x0000,0x0000,0x0000,0x0000,0x0000,0x0000,0x0000,0x0000,0x0000,0x0000,0x0000,0x0000,0x0000,0x0000,0x0000,0x0000,0x0000,0x0000,0x0000,
    0x0000,0x0000,0x0000,0x0000,0x0000,0x0000,0x0000,0x0000,0x0000,0x0000,0x0000,0x0000,0x0000,0x0000,0x0000,0x0000,0x0000,0x0000,0x0000,0x0000,0x0000,0x0000,0x0000,0x0000,
    0x0000,0x0000,0x0000,0x0000,0x0000,0x0000,0x0000,0x0000,0x0000,0x0000,0x0000,0x0000,0x0000,0x0000,0x0000,0x0000,0x0000,0x0000,0x0000,0x0000,0x0000,0x0000,0x0000,0x0000,
    0x0000,0x0000,0x0000,0x0000,0x0000,0x0000,0x0000,0x0000,0x0000,0x0000,0x0000,0x0000,0x0000,0x0000,0x0000,0x0000,0x0000,0x0000,0x0000,0x0000,0x0000,0x0000,0x0000,0x0000,
    0x0000,0x0000,0x0000,0x0000,0x0000,0x0000,0x0000,0x0000,0x0000,0x0000,0x0000,0x0000,0x0000,0x0000,0x0000,0x0000,0x0000,0x0000,0x0000,0x0000,0x0000,0x0000,0x0000,0x0000,
    0x0000,0x0000,0x0000,0x0000,0x0000,0x0000,0x0000,0x0000,0x0000,0x0000,0x0000,0x0000,0x0000,0x0000,0x0000,0x0000,0x0000,0x0000,0x0000,0x0000,0x0000,0x0000,0x0000,0x0000,
    0x0000,0x0000,0x0000,0x0000,0x0000,0x0000,0x0000,0x0000,0x0000,0x0000,0x0000,0x0000,0x0000,0x0000,0x0000,0x0000,0x0000,0x0000,0x0000,0x0000,0x0000,0x0000,0x0000,0x0000,
    0x0000,0x0000,0x0000,0x0000,0x0000,0x0000,0x0000,0x0000,0x0000,0x0000,0x0000,0x0000,0x0000,0x0000,0x0000,0x0000,0x0000,0x0000,0x0000,0x0000,0x0000,0x0000,0x0000,0x0000,
    0x0000,0x0000,0x0000,0x0000,0x0000,0x0000,0x0000,0x0000,0x0000,0x0000,0x0000,0x0000,0x0000,0x0000,0x0000,0x0000,0x0000,0x0000,0x0000,0x0000,0x0000,0x0000,0x0000,0x0000,
    0x0000,0x0000,0x0000,0x0000,0x0000,0x0000,0x0000,0x0000,0x0000,0x0000,0x0000,0x0000,0x0000,0x0000,0x0000,0x0000,0x0000,0x0000,0x0000,0x0000,0x0000,0x0000,0x0000,0x0000,
    0x0000,0x0000,0x0000,0x0000,0x0000,0x0000,0x0000,0x0000,0x0000,0x0000,0x0000,0x0000,0x0000,0x0000,0x0000,0x0000,0x0000,0x0000,0x0000,0x0000,0x0000,0x0000,0x0000,0x0000,
    0x0000,0x0000,0x0000,0x0000,0x0000,0x0000,0x0000,0x0000,0x0000,0x0000,0x0000,0x0000,0x0000,0x0000,0x0000,0x0000,0x0000,0x0000,0x0000,0x0000,0x0000,0x0000,0x0000,0x0000,
    0x0000,0x0000,0x0000,0x0000,0x0000,0x0000,0x0000,0x0000,0x0000,0x0000,0x0000,0x0000,0x0000,0x0000,0x0000,0x0000,0x0000,0x0000,0x0000,0x0000,0x0000,0x0000,0x0000,0x0000,
    0x0000,0x0000,0x0000,0x0000,0x0000,0x0000,0x0000,0x0000,0x0000,0x0000,0x0000,0x0000,0x0000,0x0000,0x0000,0x0000,0x0000,0x0000,0x0000,0x0000,0x0000,0x0000,0x0000,0x0000,
    0x0000,0x0000,0x0000,0x0000,0x0000,0x0000,0x0000,0x0000,0x0000,0x0000,0x0000,0x0000,0x0000,0x0000,0x0000,0x0000,0x0000,0x0000,0x0000,0x0000,0x0000,0x0000,0x0000,0x0000,
    0x0000,0x0000,0x0000,0x0000,0x0000,0x0000,0x0000,0x0000,0x0000,0x0000,0x0000,0x0000,0x0000,0x0000,0x0000,0x0000,0x0000,0x0000,0x0000,0x0000,0x0000,0x0000,0x0000,0x0000,
    0x0000,0x0000,0x0000,0x0000,0x0000,0x0000,0x0000,0x0000,0x0000,0x0000,0x0000,0x0000,0x0000,0x0000,0x0000,0x0000,0x0000,0x0000,0x0000,0x0000,0x0000,0x0000,0x0000,0x0000,
    0x0000,0x0000,0x0000,0x0000,0x0000,0x0000,0x0000,0x0000,0x0000,0x0000,0x0000,0x0000,0x0000,0x0000,0x0000,0x0000,0x0000,0x0000,0x0000,0x0000,0x0000,0x0000,0x0000,0x0000,
    0x0000,0x0000,0x0000,0x0000,0x0000,0x0000,0x0000,0x0000,0x0000,0x0000,0x0000,0x0000,0x0000,0x0000,0x0000,0x0000,0x0000,0x0000,0x0000,0x0000,0x0000,0x0000,0x0000,0x0000,
    0x0000,0x0000,0x0000,0x0000,0x0000,0x0000,0x0000,0x0000,0x0000,0x0000,0x0000,0x0000,0x0000,0x0000,0x0000,0x0000,0x0000,0x0000,0x0000,0x0000,0x0000,0x0000,0x0000,0x0000,
    0x0000,0x0000,0x0000,0x0000,0x0000,0x0000,0x0000,0x0000,0x0000,0x0000,0x0000,0x0000,0x0000,0x0000,0x0000,0x0000,0x0000,0x0000,0x0000,0x0000,0x0000,0x0000,0x0000,0x0000,
    0x0000,0x0000,0x0000,0x0000,0x0000,0x0000,0x0000,0x0000,0x0000,0x0000,0x0000,0x0000,0x0000,0x0000,0x0000,0x0000,0x0000,0x0000,0x0000,0x0000,0x0000,0x0000,0x0000,0x0000,
    0x0000,0x0000,0x0000,0x0000,0x0000,0x0000,0x0000,0x0000,0x0000,0x0000,0x0000,0x0000,0x0000,0x0000,0x0000,0x0000,0x0000,0x0000,0x0000,0x0000,0x0000,0x0000,0x0000,0x0000,
    0x0000,0x0000,0x0000,0x0000,0x0000,0x0000,0x0000,0x0000,0x0000,0x0000,0x0000,0x0000,0x0000,0x0000,0x0000,0x0000,0x0000,0x0000,0x0000,0x0000,0x0000,0x0000,0x0000,0x0000,
    0x0000,0x0000,0x0000,0x0000,0x0000,0x0000,0x0000,0x0000,0x0000,0x0000,0x0000,0x0000,0x0000,0x0000,0x0000,0x0000,0x0000,0x0000,0x0000,0x0000,0x0000,0x0000,0x0000,0x0000,
    0x0000,0x0000,0x0000,0x0000,0x0000,0x0000,0x0000,0x0000,0x0000,0x0000,0x0000,0x0000,0x0000,0x0000,0x0000,0x0000,0x0000,0x0000,0x0000,0x0000,0x0000,0x0000,0x0000,0x0000,
    0x0000,0x0000,0x0000,0x0000,0x0000,0x0000,0x0000,0x0000,0x0000,0x0000,0x0000,0x0000,0x0000,0x0000,0x0000,0x0000,0x0000,0x0000,0x0000,0x0000,0x0000,0x0000,0x0000,0x0000,
    0x0000,0x0000,0x0000,0x0000,0x0000,0x0000,0x0000,0x0000,0x0000,0x0000,0x0000,0x0000,0x0000,0x0000,0x0000,0x0000,0x0000,0x0000,0x0000,0x0000,0x0000,0x0000,0x0000,0x0000,
    0x0000,0x0000,0x0000,0x0000,0x0000,0x0000,0x0000,0x0000,0x0000,0x0000,0x0000,0x0000,0x0000,0x0000,0x0000,0x0000,0x2004,0x2004,0x2005,0x2004,0x2004,0x2005,0x2024,0x0000,
    0x0000,0x0000,0x0000,0x0000,0x0000,0x0000,0x0000,0x0000,0x0000,0x0000,0x0000,0x0000,0x0000,0x0000,0x0000,0x0000,0x0000,0x0000,0x0000,0x0000,0x0000,0x0000,0x0000,0x0000,
    0x0000,0x0000,0x0000,0x0000,0x0000,0x0000,0x0000,0x0000,0x0000,0x0000,0x0000,0x0000,0x0000,0x0000,0x0000,0x0000,0x0000,0x0000,0x0000,0x0000,0x0000,0x0000,0x0000,0x0000,
    0x0000,0x0000,0x0000,0x0000,0x0000,0x0000,0x0000,0x0000,0x0000,0x0000,0x0000,0x0000,0x0000,0x0000,0x2805,0x2004,0x1001,0x1802,0x1001,0x0801,0x1803,0x2005,0x2004,0x0000,
    0x0000,0x0000,0x0000,0x0000,0x0000,0x0000,0x0000,0x0000,0x0000,0x0000,0x0000,0x0000,0x0000,0x0000,0x0000,0x0000,0x0000,0x0000,0x0000,0x0000,0x0000,0x0000,0x0000,0x0000,
    0x0000,0x0000,0x0000,0x0000,0x0000,0x0000,0x0000,0x0000,0x0000,0x0000,0x0000,0x0000,0x0000,0x0000,0x0000,0x0000,0x0000,0x0000,0x0000,0x0000,0x0000,0x0000,0x0000,0x0000,
    0x0000,0x0000,0x0000,0x0000,0x0000,0x0000,0x0000,0x0000,0x0000,0x0000,0x0000,0x0000,0x0000,0x0000,0x1803,0x1823,0x664b,0x664b,0x664b,0x664b,0x664b,0x2024,0x2005,0x0000,
    0x0000,0x0000,0x0000,0x0000,0x0000,0x0000,0x0000,0x0000,0x0000,0x0000,0x0000,0x0000,0x0000,0x0000,0x0000,0x0000,0x0000,0x0000,0x0000,0x0000,0x0000,0x0000,0x0000,0x0000,
    0x0000,0x0000,0x0000,0x0000,0x0000,0x0000,0x0000,0x0000,0x0000,0x0000,0x0000,0x0000,0x0000,0x0000,0x0000,0x0000,0x0000,0x0000,0x0000,0x0000,0x0000,0x0000,0x0000,0x0000,
    0x0000,0x0000,0x0000,0x0000,0x0000,0x0000,0x0000,0x0000,0x0000,0x0000,0x0000,0x0000,0x1824,0x2005,0x5e4b,0x5e2b,0x664b,0x664b,0x664b,0x662b,0x5e2b,0x2004,0x1804,0x0000,
    0x0000,0x0000,0x0000,0x0000,0x0000,0x0000,0x0000,0x0000,0x0000,0x0000,0x0000,0x0000,0x0000,0x0000,0x0000,0x0000,0x0000,0x0000,0x0000,0x0000,0x0000,0x0000,0x0000,0x0000,
    0x0000,0x0000,0x0000,0x0000,0x0000,0x0000,0x0000,0x0000,0x0000,0x0000,0x0000,0x0000,0x0000,0x0000,0x0000,0x0000,0x0000,0x0000,0x0000,0x0000,0x0000,0x0000,0x0000,0x0000,
    0x0000,0x0000,0x0000,0x0000,0x0000,0x0000,0x0000,0x0000,0x0000,0x0000,0x0000,0x1003,0x2825,0x66cc,0x664b,0x5e2b,0x5e2b,0x3d8b,0x664b,0x664b,0x5e4b,0x1803,0x2005,0x0000,
    0x0000,0x0000,0x0000,0x0000,0x0000,0x0000,0x0000,0x0000,0x0000,0x0000,0x0000,0x0000,0x0000,0x0000,0x0000,0x0000,0x0000,0x0000,0x0000,0x0000,0x0000,0x0000,0x0000,0x0000,
    0x0000,0x0000,0x0000,0x0000,0x0000,0x0000,0x0000,0x0000,0x0000,0x0000,0x0000,0x0000,0x0000,0x0000,0x0000,0x0000,0x0000,0x0000,0x0000,0x0000,0x0000,0x0000,0x0000,0x0000,
    0x0000,0x0000,0x0000,0x0000,0x0000,0x1803,0x2805,0x2805,0x2004,0x0000,0x0000,0x0801,0x1804,0x5e2b,0x662b,0x5e0b,0x3d4a,0x5e4b,0x664b,0x5e2b,0x2025,0x1804,0x0000,0x0000,
    0x0000,0x0000,0x0000,0x0000,0x0000,0x0000,0x0000,0x0000,0x0000,0x0000,0x0000,0x0000,0x0000,0x0000,0x0000,0x0000,0x0000,0x0000,0x0000,0x0000,0x0000,0x0000,0x0000,0x0000,
    0x0000,0x0000,0x0000,0x0000,0x0000,0x0000,0x0000,0x0000,0x0000,0x0000,0x0000,0x0000,0x0000,0x0000,0x0000,0x0000,0x0000,0x0000,0x0000,0x0000,0x0000,0x0000,0x0000,0x0000,
    0x0000,0x0000,0x0000,0x0000,0x2805,0x2004,0x2224,0x2225,0x21a4,0x2826,0x0000,0x1803,0x32c6,0x664b,0x5e2a,0x3d8b,0x664c,0x5e2b,0x664b,0x55ab,0x2024,0x2825,0x0000,0x0000,
    0x0000,0x0000,0x0000,0x0000,0x0000,0x0000,0x0000,0x0000,0x0000,0x0000,0x0000,0x0000,0x0000,0x0000,0x0000,0x0000,0x0000,0x0000,0x0000,0x0000,0x0000,0x0000,0x0000,0x0000,
    0x0000,0x0000,0x0000,0x0000,0x0000,0x0000,0x0000,0x0000,0x0000,0x0000,0x0000,0x0000,0x0000,0x0000,0x0000,0x0000,0x0000,0x0000,0x0000,0x0000,0x0000,0x0000,0x0000,0x0000,
    0x0000,0x0000,0x0000,0x0000,0x2004,0x2004,0x5e6b,0x5e2b,0x662b,0x2043,0x1803,0x2004,0x666c,0x5e4b,0x5e2a,0x45ab,0x5e4b,0x664c,0x5e8b,0x19c5,0x2004,0x0000,0x0000,0x0000,
    0x0000,0x0000,0x0000,0x0000,0x0000,0x0000,0x0000,0x0000,0x0000,0x0000,0x0000,0x0000,0x0000,0x0000,0x0000,0x0000,0x0000,0x0000,0x0000,0x0000,0x0000,0x0000,0x0000,0x0000,
    0x0000,0x0000,0x0000,0x0000,0x0000,0x0000,0x0000,0x0000,0x0000,0x0000,0x0000,0x0000,0x0000,0x0000,0x0000,0x0000,0x0000,0x0000,0x0000,0x0000,0x0000,0x0000,0x0000,0x0000,
    0x0000,0x0000,0x0000,0x0000,0x2805,0x2004,0x460a,0x45aa,0x5e4b,0x5e2b,0x2004,0x2004,0x564b,0x560a,0x3d6a,0x5dec,0x2984,0x2205,0x21a5,0x2805,0x0000,0x0000,0x0000,0x0000,
    0x0000,0x0000,0x0000,0x0000,0x0000,0x0000,0x0000,0x0000,0x0000,0x0000,0x0000,0x0000,0x0000,0x0000,0x0000,0x0000,0x0000,0x0000,0x0000,0x0000,0x0000,0x0000,0x0000,0x0000,
    0x0000,0x0000,0x0000,0x0000,0x0000,0x0000,0x0000,0x0000,0x0000,0x0000,0x0000,0x0000,0x0000,0x0000,0x0000,0x0000,0x0000,0x0000,0x0000,0x0000,0x0000,0x0000,0x0000,0x0000,
    0x0000,0x0000,0x0000,0x0000,0x1003,0x1804,0x35ea,0x462b,0x560b,0x664c,0x664d,0x2004,0x562a,0x3d4a,0x354a,0x2024,0x2005,0x2004,0x2004,0x2004,0x0000,0x0000,0x0000,0x0000,
    0x0000,0x0000,0x0000,0x0000,0x0000,0x0000,0x0000,0x0000,0x0000,0x0000,0x0000,0x0000,0x0000,0x0000,0x0000,0x0000,0x0000,0x0000,0x0000,0x0000,0x0000,0x0000,0x0000,0x0000,
    0x0000,0x0000,0x0000,0x0000,0x0000,0x0000,0x0000,0x0000,0x0000,0x0000,0x0000,0x0000,0x0000,0x0000,0x0000,0x0000,0x0000,0x0000,0x0000,0x0000,0x0000,0x0000,0x0000,0x0000,
    0x0000,0x0000,0x0000,0x580b,0x2005,0x2004,0x2024,0x2024,0x3dca,0x3d6a,0x6e2c,0x20a4,0x562a,0x3d8a,0x3d6a,0x2024,0x2004,0x2805,0x2003,0x2005,0x2004,0x0000,0x0000,0x0000,
    0x0000,0x0000,0x0000,0x0000,0x0000,0x0000,0x0000,0x0000,0x0000,0x0000,0x0000,0x0000,0x0000,0x0000,0x0000,0x0000,0x0000,0x0000,0x0000,0x0000,0x0000,0x0000,0x0000,0x0000,
    0x0000,0x0000,0x0000,0x0000,0x0000,0x0000,0x0000,0x0000,0x0000,0x0000,0x0000,0x0000,0x0000,0x0000,0x0000,0x0000,0x0000,0x0000,0x0000,0x0000,0x0000,0x0000,0x0000,0x0000,
    0x0000,0x2806,0x2005,0x2825,0x2825,0x9ae2,0xfd60,0xfe8a,0xff6d,0xff6d,0xff4d,0xff6d,0xff6d,0xff6d,0xff6d,0xff6d,0xff4d,0xfe6b,0xfd41,0x2024,0x2023,0x2805,0x2004,0x0000,
    0x0000,0x0000,0x0000,0x0000,0x0000,0x0000,0x0000,0x0000,0x0000,0x0000,0x0000,0x0000,0x0000,0x0000,0x0000,0x0000,0x0000,0x0000,0x0000,0x0000,0x0000,0x0000,0x0000,0x0000,
    0x0000,0x0000,0x0000,0x0000,0x0000,0x0000,0x0000,0x0000,0x0000,0x0000,0x0000,0x0000,0x0000,0x0000,0x0000,0x0000,0x0000,0x0000,0x0000,0x0000,0x0000,0x0000,0x0000,0x2806,
    0x2004,0x2025,0x0802,0xee0b,0xfecc,0xff6e,0xff6d,0xff6d,0xff6d,0xff6d,0xff6d,0xff6e,0xff6e,0xff6d,0xff6d,0xff6d,0xff6d,0xff6d,0xff6d,0xff6d,0xff6d,0x1023,0x1002,0x2005,
    0x2805,0x2025,0x0000,0x0000,0x0000,0x0000,0x0000,0x0000,0x0000,0x0000,0x0000,0x0000,0x0000,0x0000,0x0000,0x0000,0x0000,0x0000,0x0000,0x0000,0x0000,0x0000,0x0000,0x0000,
    0x0000,0x0000,0x0000,0x0000,0x0000,0x0000,0x0000,0x0000,0x0000,0x0000,0x0000,0x0000,0x0000,0x0000,0x0000,0x0000,0x0000,0x0000,0x0000,0x0000,0x0000,0x1804,0x2004,0x3925,
    0x6ac7,0x72e8,0xff8e,0xff6d,0xff6d,0xff6d,0xff6d,0xff6d,0xff6d,0xff6e,0xff6e,0xff6e,0xff6d,0xff6e,0xff6d,0xff6e,0xff6d,0xff6d,0xff6d,0xff6d,0xff6d,0xff6d,0xff6e,0x6286,
    0x6aa6,0x2004,0x2004,0x0000,0x0000,0x0000,0x0000,0x0000,0x0000,0x0000,0x0000,0x0000,0x0000,0x0000,0x0000,0x0000,0x0000,0x0000,0x0000,0x0000,0x0000,0x0000,0x0000,0x0000,
    0x0000,0x0000,0x0000,0x0000,0x0000,0x0000,0x0000,0x0000,0x0000,0x0000,0x0000,0x0000,0x0000,0x0000,0x0000,0x0000,0x0000,0x0000,0x0000,0x0000,0x0000,0x1804,0x1804,0x6a86,
    0xff4d,0xff6e,0xff6d,0xff6d,0xff6d,0xff6d,0xff6e,0xff6e,0xff6e,0xff6e,0xff6e,0xff6e,0xff6e,0xff6e,0xff6e,0xff6e,0xff6d,0xff6e,0xff6d,0xff6d,0xff6d,0xff6d,0xff6d,0xff6d,
    0xff4e,0x2024,0x2805,0x0000,0x0000,0x0000,0x0000,0x0000,0x0000,0x0000,0x0000,0x0000,0x0000,0x0000,0x0000,0x0000,0x0000,0x0000,0x0000,0x0000,0x0000,0x0000,0x0000,0x0000,
    0x0000,0x0000,0x0000,0x0000,0x0000,0x0000,0x0000,0x0000,0x0000,0x0000,0x0000,0x0000,0x0000,0x0000,0x0000,0x0000,0x0000,0x0000,0x0000,0x1002,0x2004,0x2005,0xff6e,0xff4d,
    0xff6d,0xffff,0xfffe,0xff6d,0xff6d,0xff6d,0xff6e,0xff6e,0xff6e,0xff6e,0xff6e,0xff6e,0xff6e,0xff6e,0xff6e,0xff6e,0xff6e,0xff6e,0xff6e,0xff6e,0xff6d,0xff6d,0xff6d,0xff6d,
    0xff6d,0xff6d,0xfff0,0x2024,0x2004,0x0000,0x0000,0x0000,0x0000,0x0000,0x0000,0x0000,0x0000,0x0000,0x0000,0x0000,0x0000,0x0000,0x0000,0x0000,0x0000,0x0000,0x0000,0x0000,
    0x0000,0x0000,0x0000,0x0000,0x0000,0x0000,0x0000,0x0000,0x0000,0x0000,0x0000,0x0000,0x0000,0x0000,0x0000,0x0000,0x0000,0x0000,0x2005,0x2806,0x5104,0xff2b,0xff6d,0xffff,
    0xffff,0xff4c,0xff6d,0xff6d,0xff6d,0xff6e,0xff6e,0xff6e,0xff6e,0xff6e,0xff6e,0xff6e,0xff6e,0xff6e,0xff6e,0xff6e,0xff6e,0xff6e,0xff6e,0xff6e,0xff6e,0xff6d,0xff6d,0xff6d,
    0xff6d,0xff6e,0xff6d,0xf626,0x2826,0x2806,0x0000,0x0000,0x0000,0x0000,0x0000,0x0000,0x0000,0x0000,0x0000,0x0000,0x0000,0x0000,0x0000,0x0000,0x0000,0x0000,0x0000,0x0000,
    0x0000,0x0000,0x0000,0x0000,0x0000,0x0000,0x0000,0x0000,0x0000,0x0000,0x0000,0x0000,0x0000,0x0000,0x0000,0x0000,0x0000,0x2004,0x2004,0xfe26,0xfe09,0xff4c,0xfffe,0xffff,
    0xff6e,0xff6d,0xff6d,0xff6d,0xff6d,0xff6e,0xff6e,0xff6e,0xff6e,0xff6e,0xff6e,0xff6e,0xff6e,0xff6e,0xff6e,0xff6e,0xff6e,0xff6e,0xff6e,0xff6e,0xff6e,0xff6e,0xff6e,0xff6d,
    0xff6d,0xff6d,0xff6d,0xff6d,0x2825,0x2005,0x2005,0x0000,0x0000,0x0000,0x0000,0x0000,0x0000,0x0000,0x0000,0x0000,0x0000,0x0000,0x0000,0x0000,0x0000,0x0000,0x0000,0x0000,
    0x0000,0x0000,0x0000,0x0000,0x0000,0x0000,0x0000,0x0000,0x0000,0x0000,0x0000,0x0000,0x0000,0x0000,0x0000,0x0000,0x0000,0x2805,0x0001,0xf649,0xff4d,0xff4f,0xffff,0xff6c,
    0xff6d,0xff6d,0xff6d,0xff6d,0xff6d,0xff6e,0xff6e,0xff6e,0xff6e,0xff6e,0xff6e,0xff6e,0xff6e,0xff6e,0xff6e,0xff6e,0xff6e,0xff6e,0xff6e,0xff6e,0xff6d,0xff6e,0xff6d,0xff6d,
    0xff6d,0xff6d,0xff6d,0xff6e,0xff4d,0x2004,0x2004,0x0000,0x0000,0x0000,0x0000,0x0000,0x0000,0x0000,0x0000,0x0000,0x0000,0x0000,0x0000,0x0000,0x0000,0x0000,0x0000,0x0000,
    0x0000,0x0000,0x0000,0x0000,0x0000,0x0000,0x0000,0x0000,0x0000,0x0000,0x0000,0x0000,0x0000,0x0000,0x0000,0x0000,0x0000,0x2825,0xf5e8,0xff6c,0xff6d,0xffff,0xff6d,0xff6d,
    0xff6d,0xff6d,0xff6d,0xff6d,0xff6d,0xff6e,0xff6e,0xff6e,0xff6e,0xff6e,0xff6e,0xff6e,0xff6e,0xff6e,0xff6e,0xff6e,0xff6e,0xff6e,0xff6e,0xff6d,0xff6e,0xff6e,0xff6e,0xff6d,
    0xff6d,0xff6e,0xff6e,0xff6d,0xff6d,0x2864,0x2005,0x0000,0x0000,0x0000,0x0000,0x0000,0x0000,0x0000,0x0000,0x0000,0x0000,0x0000,0x0000,0x0000,0x0000,0x0000,0x0000,0x0000,
    0x0000,0x0000,0x0000,0x0000,0x0000,0x0000,0x0000,0x0000,0x0000,0x0000,0x0000,0x0000,0x0000,0x0000,0x0000,0x3809,0x2004,0x5102,0xff4c,0xff6d,0xff6d,0xff6d,0xff6d,0xff6d,
    0xff6d,0xff6d,0xff6d,0xff6d,0xff6e,0xff6e,0xff6e,0xff6e,0xff6e,0xff6e,0xff6e,0xff6e,0xff6e,0xff6e,0xff6e,0xff6e,0xff6e,0xff6e,0xff6e,0xff6d,0xff6e,0xff6d,0xff6d,0xff6d,
    0xff6d,0xff6e,0xff6d,0xff6d,0xff6e,0xff6e,0x2025,0x2005,0x0000,0x0000,0x0000,0x0000,0x0000,0x0000,0x0000,0x0000,0x0000,0x0000,0x0000,0x0000,0x0000,0x0000,0x0000,0x0000,
    0x0000,0x0000,0x0000,0x0000,0x0000,0x0000,0x0000,0x0000,0x0000,0x0000,0x0000,0x0000,0x0000,0x0000,0x0000,0x2006,0x2805,0xf76e,0xff4d,0xff6d,0xff6d,0xff6d,0xff6d,0xff6d,
    0xff6e,0xff6d,0xff6d,0xff6e,0xff6e,0xff6e,0xff6e,0xff6e,0xff6e,0xff6e,0xff6e,0xff6e,0xff6e,0xff6e,0xff6e,0xff6e,0xff6e,0xff6e,0xff6e,0xff6e,0xff6e,0xff6d,0xff6e,0xff6e,
    0xff6e,0xff6e,0xff6e,0xff6d,0xff6e,0xff6e,0x3046,0x2005,0x0000,0x0000,0x0000,0x0000,0x0000,0x0000,0x0000,0x0000,0x0000,0x0000,0x0000,0x0000,0x0000,0x0000,0x0000,0x0000,
    0x0000,0x0000,0x0000,0x0000,0x0000,0x0000,0x0000,0x0000,0x0000,0x0000,0x0000,0x0000,0x0000,0x0000,0x580b,0x2005,0x1003,0xf76d,0xff6d,0xff6d,0xff6d,0xff6e,0xff6d,0xff6d,
    0xff6d,0xff6e,0xff6e,0xff6f,0xff6d,0xff6d,0xff6e,0xff6e,0xff6e,0xff6e,0xff6e,0xff6e,0xff6e,0xff6e,0xff6e,0xff6e,0xff6e,0xff6e,0xff6d,0xff6d,0xff6f,0xff6e,0xff6e,0xff6e,
    0xff6d,0xff6e,0xff6e,0xff6d,0xff6d,0xff6d,0xff4c,0x1823,0x2005,0x0000,0x0000,0x0000,0x0000,0x0000,0x0000,0x0000,0x0000,0x0000,0x0000,0x0000,0x0000,0x0000,0x0000,0x0000,
    0x0000,0x0000,0x0000,0x0000,0x0000,0x0000,0x0000,0x0000,0x0000,0x0000,0x0000,0x0000,0x0000,0x0000,0x1003,0x2004,0xf70d,0xff6d,0xff6d,0xff6d,0xff6d,0xff6d,0xff6e,0xff6e,
    0xf70d,0x2004,0x2825,0x2024,0xa44a,0xff8d,0xff6d,0xff6d,0xff6e,0xff6e,0xff6e,0xff6e,0xff6e,0xff6e,0xff6e,0xff6e,0xff6e,0xff6e,0xff6d,0xf72d,0x2004,0x2825,0x1804,0x2024,
    0xff4d,0xff6e,0xff6e,0xff6d,0xff6d,0xff6d,0xff6d,0x2025,0x2004,0x0000,0x0000,0x0000,0x0000,0x0000,0x0000,0x0000,0x0000,0x0000,0x0000,0x0000,0x0000,0x0000,0x0000,0x0000,
    0x0000,0x0000,0x0000,0x0000,0x0000,0x0000,0x0000,0x0000,0x0000,0x0000,0x0000,0x0000,0x0000,0x0000,0x1002,0x2004,0xf70d,0xff6d,0xff6d,0xff6d,0xff6d,0xff6e,0xff6d,0xff2f,
    0x2806,0x2043,0x20a3,0x1863,0x2025,0xe6ee,0xff6e,0xff6d,0xff6d,0xff6e,0xff6d,0xff6e,0xff6e,0xff6e,0xff6e,0xff6e,0xff6e,0xff6e,0xff8d,0x2005,0x1823,0x28e4,0x20c4,0x2806,
    0x6246,0xff6d,0xff6d,0xff6e,0xff6e,0xff6d,0xff6d,0xa3e6,0x2805,0x0000,0x0000,0x0000,0x0000,0x0000,0x0000,0x0000,0x0000,0x0000,0x0000,0x0000,0x0000,0x0000,0x0000,0x0000,
    0x0000,0x0000,0x0000,0x0000,0x0000,0x0000,0x0000,0x0000,0x0000,0x0000,0x0000,0x0000,0x0000,0x2045,0x1804,0xfd81,0xff6d,0xff6d,0xff6d,0xff6e,0xff6d,0xff6d,0xff6e,0x0802,
    0x6aa6,0xff8e,0xff6d,0xff6d,0xf74f,0x2024,0xff4e,0xff6d,0xff6d,0xff6d,0xff6d,0xff6e,0xff6e,0xff6e,0xff6e,0xff6e,0xff6d,0xff6e,0xf76f,0x1804,0xffaf,0xff6d,0xff6d,0xff6f,
    0x1824,0xff6e,0xff6e,0xff6d,0xff6d,0xff6e,0xff6d,0xff4c,0x1824,0x2825,0x0000,0x0000,0x0000,0x0000,0x0000,0x0000,0x0000,0x0000,0x0000,0x0000,0x0000,0x0000,0x0000,0x0000,
    0x0000,0x0000,0x0000,0x0000,0x0000,0x0000,0x0000,0x0000,0x0000,0x0000,0x0000,0x0000,0x0000,0x2826,0x2005,0xff2d,0xff6d,0xff6d,0xff6d,0xff6d,0xff6d,0xff6d,0xff6d,0xff8f,
    0xffad,0xff6d,0xff6d,0xff6d,0xff6e,0xff8e,0xff8e,0xff6e,0xff6d,0xff6d,0xff6d,0xff6e,0xff6d,0xff6e,0xff6d,0xff6e,0xff6d,0xff6d,0xff6d,0xff8f,0xff6d,0xff6d,0xff6d,0xff6d,
    0xff6e,0xff8d,0xff6d,0xff6d,0xff6d,0xff6d,0xff6d,0xff6d,0x2825,0x2004,0x0000,0x0000,0x0000,0x0000,0x0000,0x0000,0x0000,0x0000,0x0000,0x0000,0x0000,0x0000,0x0000,0x0000,
    0x0000,0x0000,0x0000,0x0000,0x0000,0x0000,0x0000,0x0000,0x0000,0x0000,0x0000,0x0000,0x0000,0x2825,0x2004,0xf72d,0xff6d,0xff6d,0xff6d,0xff6d,0xff6d,0xfe2f,0xfe2f,0xfe0f,
    0xfe2f,0xff6d,0xff6e,0xff6e,0xff6d,0xff6d,0xff6d,0xffee,0x49e5,0xff8e,0xff6d,0xff6e,0xff6d,0xff6d,0xf72e,0x0802,0xff6e,0xff6d,0xff6d,0xff6d,0xff6d,0xff6d,0xff6d,0xfe50,
    0xfe70,0xfe50,0xfe2f,0xff8e,0xff6d,0xff6d,0xff6d,0xff6d,0xfe6b,0x3026,0x4008,0x0000,0x0000,0x0000,0x0000,0x0000,0x0000,0x0000,0x0000,0x0000,0x0000,0x0000,0x0000,0x0000,
    0x0000,0x0000,0x0000,0x0000,0x0000,0x0000,0x0000,0x0000,0x0000,0x0000,0x0000,0x0000,0x1823,0x1803,0xfea8,0xff8e,0xff6d,0xff6d,0xff6d,0xff6e,0xfeee,0xfc32,0xfc12,0xfc12,
    0xfc32,0xff6f,0xff6d,0xff6d,0xff6e,0xff6e,0xff6d,0xfff0,0x2025,0x1002,0xff6d,0xff6d,0xff6d,0xf72c,0x1003,0x2825,0xff6e,0xff6d,0xff6d,0xff6d,0xff6d,0xff6d,0xfef0,0xfc12,
    0xfc12,0xfc12,0xfc32,0xfeaf,0xff6d,0xff6d,0xff6e,0xff6d,0xff6d,0x1843,0x2005,0x0000,0x0000,0x0000,0x0000,0x0000,0x0000,0x0000,0x0000,0x0000,0x0000,0x0000,0x0000,0x0000,
    0x0000,0x0000,0x0000,0x0000,0x0000,0x0000,0x0000,0x0000,0x0000,0x0000,0x0000,0x0000,0x1003,0x2004,0xf70d,0xff6d,0xff6e,0xff6d,0xff6d,0xff6e,0xfc12,0xfc12,0xfc12,0xfc32,
    0xfc32,0xfc12,0xff6d,0xff6d,0xff6e,0xff6e,0xff6e,0xff6d,0x1883,0x2004,0x2044,0x2045,0x2845,0x2845,0x1803,0xf70e,0xff6d,0xff6d,0xff6e,0xff6d,0xff6d,0xff6d,0xfbf2,0xfc12,
    0xfc12,0xfc12,0xfc32,0xfc12,0xff8e,0xff6d,0xff6d,0xff6d,0xff6d,0x2845,0x2004,0x0000,0x0000,0x0000,0x0000,0x0000,0x0000,0x0000,0x0000,0x0000,0x0000,0x0000,0x0000,0x0000,
    0x0000,0x0000,0x0000,0x0000,0x0000,0x0000,0x0000,0x0000,0x0000,0x0000,0x0000,0x0000,0x0802,0x2004,0xff4e,0xff6d,0xff6e,0xff6e,0xff6d,0xff6e,0xfc12,0xfc12,0xfc32,0xfc32,
    0xfc12,0xfc32,0xff6d,0xff6d,0xff6d,0xff6e,0xff6e,0xff6e,0xff6e,0x1002,0x2024,0x2024,0x2024,0x2004,0xf70e,0xff6d,0xff6e,0xff6e,0xff6e,0xff6d,0xff6d,0xff6d,0xfc12,0xfc12,
    0xfc32,0xfc32,0xfc12,0xfc12,0xff8e,0xff6d,0xff6d,0xff6d,0xff6e,0x2845,0x1804,0x0000,0x0000,0x0000,0x0000,0x0000,0x0000,0x0000,0x0000,0x0000,0x0000,0x0000,0x0000,0x0000,
    0x0000,0x0000,0x0000,0x0000,0x0000,0x0000,0x0000,0x0000,0x0000,0x0000,0x0000,0x0000,0x1004,0xe3a0,0xff2d,0xff6e,0xff6e,0xff6d,0xff6d,0xff6e,0xfbd2,0xfc12,0xfc32,0xfc32,
    0xfc32,0xfc13,0xff6d,0xff6e,0xff6e,0xff6e,0xff6e,0xff6e,0xff6d,0xff6e,0xff6d,0xff8d,0xff6e,0xff6d,0xff6d,0xff6d,0xff6d,0xff6d,0xff6e,0xff6d,0xff6d,0xff6d,0xfbb3,0xfc12,
    0xfc32,0xfc32,0xfc32,0xfc12,0xff8e,0xff6d,0xff6d,0xff6d,0xff6d,0xfe09,0x1824,0x2806,0x0000,0x0000,0x0000,0x0000,0x0000,0x0000,0x0000,0x0000,0x0000,0x0000,0x0000,0x0000,
    0x0000,0x0000,0x0000,0x0000,0x0000,0x0000,0x0000,0x0000,0x0000,0x0000,0x0000,0x0801,0x2005,0xd321,0xff4d,0xff6d,0xff6d,0xff6d,0xff6e,0xff6d,0xff6e,0xfbf2,0xfbf2,0xfbf2,
    0xfc12,0xff6d,0xff6d,0xff6e,0xff6e,0xff6e,0xff6e,0xff6e,0xff6e,0xff6e,0xff6e,0xff6e,0xff6e,0xff6d,0xff6d,0xff6e,0xff6e,0xff6e,0xff6d,0xff6d,0xff6e,0xff6e,0xff6d,0xfbd2,
    0xfbf2,0xfbf2,0xfc12,0xff8e,0xff6d,0xff6d,0xff6d,0xff6d,0xff6d,0xff0c,0x2006,0x2004,0x0000,0x0000,0x0000,0x0000,0x0000,0x0000,0x0000,0x0000,0x0000,0x0000,0x0000,0x0000,
    0x0000,0x0000,0x0000,0x0000,0x0000,0x0000,0x0000,0x0000,0x0000,0x0000,0x3027,0x1804,0x1003,0xff6d,0xff6d,0xff6d,0xff6d,0xff6e,0xff6d,0xff6e,0xff6d,0xff6d,0xff6d,0xff6d,
    0xff6d,0xff6d,0xff6d,0xff6e,0xff6e,0xff6e,0xff6e,0xff6e,0xff6e,0xff6e,0xff6e,0xff6e,0xff6e,0xff6e,0xff6e,0xff6e,0xff6e,0xff6e,0xff6e,0xff6e,0xff6e,0xff6e,0xff6d,0xff6d,
    0xff6d,0xff6d,0xff6d,0xff6e,0xff6d,0xff6d,0xff6d,0xff6d,0xff6d,0xff6d,0xff4d,0x8b27,0x2025,0x2827,0x0000,0x0000,0x0000,0x0000,0x0000,0x0000,0x0000,0x0000,0x0000,0x0000,
    0x0000,0x0000,0x0000,0x0000,0x0000,0x0000,0x0000,0x0000,0x0000,0x0000,0x2805,0x1803,0xff6c,0xff6d,0xff6d,0xff6d,0xff6d,0xff6e,0xff6e,0xff6e,0xff6d,0xff6d,0xff6e,0xff6d,
    0xff6d,0xff6e,0xff6e,0xff6e,0xff6e,0xff6e,0xff6e,0xff6e,0xff6e,0xff6e,0xff6e,0xff6e,0xff6e,0xff6e,0xff6e,0xff6e,0xff6e,0xff6e,0xff6e,0xff6e,0xff6e,0xff6e,0xff6e,0xff6e,
    0xff6e,0xff6d,0xff6e,0xff6e,0xff6d,0xff6d,0xff6d,0xff6d,0xff6d,0xff6d,0xff6d,0xff4d,0x2825,0x2025,0x0000,0x0000,0x0000,0x0000,0x0000,0x0000,0x0000,0x0000,0x0000,0x0000,
    0x0000,0x0000,0x0000,0x0000,0x0000,0x0000,0x0000,0x0000,0x0000,0x2005,0x2044,0xff8f,0xff6d,0xff6d,0xff6d,0xff6d,0xff6d,0xff6d,0xff6e,0xff6e,0xff6e,0xff6e,0xff6d,0xff6e,
    0xff6e,0xff6e,0xff6e,0xff6e,0xff6e,0xff6e,0xff6e,0xff6e,0xff6e,0xff6e,0xff6e,0xff6e,0xff6e,0xff6e,0xff6e,0xff6e,0xff6e,0xff6e,0xff6e,0xff6e,0xff6e,0xff6e,0xff8e,0xff6e,
    0xff6e,0xff6e,0xff6d,0xff6d,0xff6d,0xff6d,0xff6d,0xff6d,0xff6d,0xff6d,0xff6d,0xff6d,0xff6d,0x1804,0x2006,0x0000,0x0000,0x0000,0x0000,0x0000,0x0000,0x0000,0x0000,0x0000,
    0x0000,0x0000,0x0000,0x0000,0x0000,0x0000,0x0000,0x0000,0x0000,0x1804,0x2044,0xff6d,0xff6d,0xff6d,0xff6d,0xff6e,0xff6e,0xff6e,0xff6e,0xff6e,0xff6e,0xff6e,0xff6e,0xff6e,
    0xff6e,0xff6e,0xff6e,0xff6e,0xff6e,0xff6e,0xff6e,0xff6e,0xff6e,0xff6e,0xff6e,0xff6e,0xff6e,0xff6e,0xff6e,0xff6e,0xff6e,0xff6e,0xff6e,0xff6e,0xff6e,0xff6e,0xff6e,0xff6e,
    0xff6e,0xff6e,0xff6e,0xff6d,0xff6e,0xff6e,0xff6d,0xff6d,0xff6d,0xff6d,0xff6d,0xff6d,0xff6e,0x2044,0x1804,0x0000,0x0000,0x0000,0x0000,0x0000,0x0000,0x0000,0x0000,0x0000,
    0x0000,0x0000,0x0000,0x0000,0x0000,0x0000,0x0000,0x0000,0x2805,0x2845,0xff6d,0xff6d,0xff6d,0xff6d,0xff6d,0xfe6b,0xff6d,0xff6e,0xff6e,0xff6e,0xff6e,0xff6e,0xff6e,0xff6e,
    0xff6e,0xff6e,0xff6e,0xff6e,0xff6e,0xff6e,0xff6e,0xff6e,0xff6e,0xff6e,0xff6e,0xff6e,0xff6e,0xff6e,0xff6e,0xff6e,0xff6e,0xff6e,0xff6e,0xff6e,0xff6e,0xff6e,0xff6e,0xff6e,
    0xff6e,0xff6e,0xff6e,0xff6e,0xff6d,0xff6d,0xff6d,0xff6d,0xff6d,0xff6d,0xff6d,0xff6d,0xff6d,0xff6d,0x2025,0x1804,0x0000,0x0000,0x0000,0x0000,0x0000,0x0000,0x0000,0x0000,
    0x0000,0x0000,0x0000,0x0000,0x0000,0x0000,0x0000,0x0000,0x2005,0x2864,0xff6e,0xff6d,0xff6d,0xff6d,0xfeab,0xfd20,0xff4d,0xff6e,0xff6e,0xff6e,0xff6e,0xff6e,0xff6e,0xff6e,
    0xff6e,0xff6e,0xff6e,0xff6e,0xff6e,0xff6e,0xff6e,0xff6e,0xff6e,0xff6e,0xff6e,0xff6e,0xff6d,0xff6e,0xff6e,0xff6e,0xff6e,0xff6e,0xff6e,0xff6e,0xff6e,0xff6e,0xff6e,0xff6e,
    0xff6e,0xff6e,0xff6e,0xff6e,0xff6e,0xff6d,0xff6e,0xff4c,0xfd20,0xff4d,0xff6d,0xff6d,0xff6d,0xff6c,0x1823,0x2005,0x0000,0x0000,0x0000,0x0000,0x0000,0x0000,0x0000,0x0000,
    0x0000,0x0000,0x0000,0x0000,0x0000,0x0000,0x0000,0x0000,0x2004,0x2064,0xff6c,0xff6d,0xff6d,0xff2c,0xf543,0xfda1,0xff4d,0xff6d,0xff6e,0xff6e,0xff6e,0xff6e,0xff6e,0xff6e,
    0xff6e,0xff6e,0xff6e,0xff6e,0xff6e,0xff6e,0xff6e,0xff6e,0xff6e,0xff6e,0xff6e,0xff6e,0xff6e,0xff6e,0xff6e,0xff6e,0xff6e,0xff6e,0xff6e,0xff6e,0xff6e,0xff6e,0xff6e,0xff6e,
    0xff6e,0xff6e,0xff6e,0xff6e,0xff6e,0xff6e,0xff6d,0xff4c,0xfd60,0xfe68,0xff6e,0xff4d,0xff6d,0xff6d,0x2025,0x1804,0x0000,0x0000,0x0000,0x0000,0x0000,0x0000,0x0000,0x0000,
    0x0000,0x0000,0x0000,0x0000,0x0000,0x0000,0x0000,0x0000,0x2005,0x1803,0x1004,0xfe8c,0xfe8b,0xf520,0x1004,0x2024,0xf72e,0xff6d,0xff6d,0xff6d,0xff6d,0xff6e,0xff6e,0xff6e,
    0xff6e,0xff6e,0xff6e,0xff6e,0xff6e,0xff6e,0xff6e,0xff6e,0xff6e,0xff6e,0xff6e,0xff6e,0xff6e,0xff6e,0xff6e,0xff6e,0xff6e,0xff6e,0xff6e,0xff6e,0xff6e,0xff6e,0xff6e,0xff6e,
    0xff6e,0xff6e,0xff6e,0xff6e,0xff6e,0xff6d,0xff6d,0xf72e,0x2024,0xfde0,0xfe26,0xfe4a,0xfe29,0x2004,0x2806,0x2005,0x0000,0x0000,0x0000,0x0000,0x0000,0x0000,0x0000,0x0000,
    0x0000,0x0000,0x0000,0x0000,0x0000,0x0000,0x0000,0x0000,0x0000,0x2805,0x2825,0x2025,0x1824,0x2024,0x2004,0xfe2a,0xff6d,0xff6d,0xff6d,0xff6d,0xff6d,0xff6d,0xff6e,0xff6e,
    0xff6e,0xff6e,0xff6e,0xff6e,0xff6e,0xff6e,0xff6e,0xff6e,0xff6e,0xff6e,0xff6e,0xff6e,0xff6e,0xff6e,0xff6e,0xff6e,0xff6e,0xff6e,0xff6e,0xff6e,0xff6e,0xff6e,0xff6e,0xff6e,
    0xff6e,0xff6e,0xff6e,0xff6e,0xff6e,0xff6d,0xff6d,0xff6d,0xddaa,0x1805,0x1003,0x1804,0x1804,0x1803,0x2826,0x0000,0x0000,0x0000,0x0000,0x0000,0x0000,0x0000,0x0000,0x0000,
    0x0000,0x0000,0x0000,0x0000,0x0000,0x0000,0x0000,0x0000,0x0000,0x0000,0x2825,0x2004,0x2005,0x2005,0x2005,0xfe4c,0xff4d,0xff6d,0xff6d,0xff6d,0xff6d,0xff6d,0xff6d,0xff6d,
    0xff6d,0xff6d,0xff6e,0xff6e,0xff6e,0xff6e,0xff6e,0xff6e,0xff6e,0xff6e,0xff6e,0xff6e,0xff6e,0xff6e,0xff6e,0xff6e,0xff6e,0xff6e,0xff6e,0xff6e,0xff6e,0xff6e,0xff6e,0xff6e,
    0xff6e,0xff6e,0xff6e,0xff6e,0xff6d,0xff6d,0xff6d,0xff6d,0xfe6c,0x2004,0x2005,0x2004,0x2005,0x2024,0x0000,0x0000,0x0000,0x0000,0x0000,0x0000,0x0000,0x0000,0x0000,0x0000,
    0x0000,0x0000,0x0000,0x0000,0x0000,0x0000,0x0000,0x0000,0x0000,0x0000,0x0000,0x0000,0x0000,0x2826,0x1804,0xfe4a,0xfe4b,0xff6d,0xff6d,0xff6d,0xff6d,0xff6d,0xff6d,0xff6d,
    0xff6d,0xff6d,0xff6e,0xff6e,0xff6e,0xff6e,0xff6e,0xff6e,0xff6e,0xff6e,0xff6e,0xff6e,0xff6e,0xff6e,0xff6e,0xff6e,0xff6e,0xff6e,0xff6e,0xff6e,0xff6e,0xff6e,0xff6e,0xff6e,
    0xff6e,0xff6e,0xff6e,0xff6e,0xff6d,0xff6d,0xff6d,0xfe4b,0xfe2a,0x2004,0x2826,0x0000,0x0000,0x0000,0x0000,0x0000,0x0000,0x0000,0x0000,0x0000,0x0000,0x0000,0x0000,0x0000,
    0x0000,0x0000,0x0000,0x0000,0x0000,0x0000,0x0000,0x0000,0x0000,0x0000,0x0000,0x0000,0x0000,0x2025,0x2004,0x38c4,0xf62b,0xfe4b,0xff4d,0xff6d,0xff6d,0xff6d,0xff6d,0xff6d,
    0xff6e,0xff6d,0xff6e,0xff6e,0xff6e,0xff6e,0xff6e,0xff6e,0xff6e,0xff6e,0xff6e,0xff6e,0xff6e,0xff6e,0xff6e,0xff6e,0xff6e,0xff6e,0xff6d,0xff6e,0xff6e,0xff6e,0xff6d,0xff6e,
    0xff6e,0xff6e,0xff6d,0xff6e,0xff6d,0xff6d,0xff4c,0xfe4b,0xf609,0x1804,0x1824,0x0000,0x0000,0x0000,0x0000,0x0000,0x0000,0x0000,0x0000,0x0000,0x0000,0x0000,0x0000,0x0000,
    0x0000,0x0000,0x0000,0x0000,0x0000,0x0000,0x0000,0x0000,0x0000,0x0000,0x0000,0x0000,0x0000,0x0000,0x1003,0x2005,0xf62c,0xfe6b,0xfe4a,0xff4d,0xff6d,0xff6d,0xff6d,0xff6d,
    0xff6d,0xff6e,0xff6e,0xff6e,0xff6e,0xff6e,0xff6e,0xff6e,0xff6e,0xff6e,0xff6e,0xff6e,0xff6e,0xff6e,0xff6e,0xff6e,0xff6e,0xff6e,0xff6e,0xff6e,0xff6e,0xff6e,0xff6e,0xff6d,
    0xff6d,0xff6d,0xff6d,0xff6d,0xff6d,0xfe0b,0xfe4b,0xfe0a,0x2004,0x2826,0x0000,0x0000,0x0000,0x0000,0x0000,0x0000,0x0000,0x0000,0x0000,0x0000,0x0000,0x0000,0x0000,0x0000,
    0x0000,0x0000,0x0000,0x0000,0x0000,0x0000,0x0000,0x0000,0x0000,0x0000,0x0000,0x0000,0x0000,0x0000,0x0801,0x2004,0x1803,0xf64b,0xfe6b,0xfe6b,0xff6d,0xff6d,0xff6d,0xff6d,
    0xff6d,0xff6d,0xff6d,0xff6d,0xff6d,0xff6d,0xff6d,0xff6d,0xff6d,0xff6d,0xff6d,0xff6e,0xff6d,0xff6d,0xff6d,0xff6d,0xff6d,0xff6d,0xff6d,0xff6d,0xff6d,0xff6d,0xff6d,0xff6d,
    0xff6d,0xff6d,0xff6d,0xff6e,0xff4d,0xfe4b,0xfe4b,0xc4ca,0x2005,0x2025,0x0000,0x0000,0x0000,0x0000,0x0000,0x0000,0x0000,0x0000,0x0000,0x0000,0x0000,0x0000,0x0000,0x0000,
    0x0000,0x0000,0x0000,0x0000,0x0000,0x0000,0x0000,0x0000,0x0000,0x0000,0x0000,0x0000,0x0000,0x0000,0x0000,0x3007,0x2005,0xd569,0xe5cb,0xfe6b,0xfe4b,0xff6d,0xff6e,0xff6d,
    0xff6d,0xff6d,0xff6e,0xff6d,0xff6d,0xff6d,0xff6e,0xff6e,0xff6d,0xff6d,0xff6d,0xff6d,0xff6e,0xff6d,0xff6e,0xff6d,0xff6d,0xff6d,0xff6d,0xff6d,0xff6d,0xff6d,0xff6d,0xff6d,
    0xff6d,0xff8d,0xff8d,0xfe4b,0xfe4a,0xfe4c,0xfe4a,0x2004,0x0801,0x0000,0x0000,0x0000,0x0000,0x0000,0x0000,0x0000,0x0000,0x0000,0x0000,0x0000,0x0000,0x0000,0x0000,0x0000,
    0x0000,0x0000,0x0000,0x0000,0x0000,0x0000,0x0000,0x0000,0x0000,0x0000,0x0000,0x0000,0x0000,0x0000,0x0000,0x704f,0x682d,0x2826,0x2025,0xddca,0xf62b,0xfe6b,0xfe4b,0xfe6b,
    0xff6e,0xff8e,0xff6d,0xff6d,0xff6d,0xff8d,0xff8e,0xff8e,0xff8d,0xff8d,0xff8e,0xff8d,0xff8e,0xff8e,0xff8e,0xff8e,0xff8e,0xff6e,0xff8e,0xff6e,0xff6d,0xff6d,0xff6d,0xff8d,
    0xff8e,0xfe4b,0xfe4a,0xfe6c,0xf60a,0x2005,0x2005,0x7810,0x788e,0x0000,0x0000,0x0000,0x0000,0x0000,0x0000,0x0000,0x0000,0x0000,0x0000,0x0000,0x0000,0x0000,0x0000,0x0000,
    0x0000,0x0000,0x0000,0x0000,0x0000,0x0000,0x0000,0x0000,0x0000,0x0000,0x0000,0x0000,0x0000,0x0000,0x0000,0x0000,0x0000,0x4009,0x3007,0x2004,0x2005,0xed85,0xf62b,0xfe6a,
    0xfe6b,0xfe4b,0xff4d,0xff2d,0xff2d,0xfe4b,0xfe4b,0xfe4b,0xfe4b,0xfe4b,0xfe4b,0xfe4b,0xfe6b,0xfe4b,0xfe4b,0xfe4b,0xfe4b,0xfe4b,0xfe4b,0xfe4b,0xff4d,0xff2d,0xfeec,0xfe4b,
    0xfe6c,0xf629,0xe5cc,0x2005,0x2005,0x3007,0x3008,0x0000,0x0000,0x0000,0x0000,0x0000,0x0000,0x0000,0x0000,0x0000,0x0000,0x0000,0x0000,0x0000,0x0000,0x0000,0x0000,0x0000,
    0x0000,0x0000,0x0000,0x0000,0x0000,0x0000,0x0000,0x0000,0x0000,0x0000,0x0000,0x0000,0x0000,0x0000,0x0000,0x0000,0x0000,0x0000,0x0000,0x1002,0x1804,0x2025,0x1002,0xf4e0,
    0xff2c,0xfe4b,0xfe4a,0xfe6b,0xfeaa,0xfeab,0xfecc,0xfeac,0xfecd,0xfecd,0xfecd,0xfecd,0xfeac,0xfead,0xfeed,0xfecd,0xfecd,0xfecc,0xfecd,0xfe8c,0xfe6c,0xfe4b,0xfe6a,0xff4d,
    0xfe4b,0x50e0,0x2004,0x1804,0x1804,0x0000,0x0000,0x0000,0x0000,0x0000,0x0000,0x0000,0x0000,0x0000,0x0000,0x0000,0x0000,0x0000,0x0000,0x0000,0x0000,0x0000,0x0000,0x0000,
    0x0000,0x0000,0x0000,0x0000,0x0000,0x0000,0x0000,0x0000,0x0000,0x0000,0x0000,0x0000,0x0000,0x0000,0x0000,0x0000,0x0000,0x0000,0x0000,0x0000,0x0000,0x2005,0xffae,0xff6d,
    0xff4d,0xff4d,0xff4c,0xfd60,0xf540,0x2005,0x2004,0x2025,0x2005,0x2004,0x2005,0x2025,0x2004,0x2004,0x2025,0x2004,0x2005,0x2005,0x2025,0x2005,0xfd40,0xfdc2,0xff4d,0xff6d,
    0xff4d,0xff6d,0x1804,0x2025,0x0000,0x0000,0x0000,0x0000,0x0000,0x0000,0x0000,0x0000,0x0000,0x0000,0x0000,0x0000,0x0000,0x0000,0x0000,0x0000,0x0000,0x0000,0x0000,0x0000,
    0x0000,0x0000,0x0000,0x0000,0x0000,0x0000,0x0000,0x0000,0x0000,0x0000,0x0000,0x0000,0x0000,0x0000,0x0000,0x0000,0x0000,0x0000,0x0000,0x0000,0x0000,0x2025,0xfd40,0xff2b,
    0xff6d,0xff6d,0xff6d,0x48c4,0x2842,0x2005,0x0000,0x0000,0x0000,0x0000,0x0000,0x0000,0x0000,0x0000,0x0000,0x0000,0x0000,0x0000,0x0000,0x2805,0x40a4,0xfeab,0xff6d,0xff6d,
    0xff6d,0xfde2,0x1804,0x2005,0x0000,0x0000,0x0000,0x0000,0x0000,0x0000,0x0000,0x0000,0x0000,0x0000,0x0000,0x0000,0x0000,0x0000,0x0000,0x0000,0x0000,0x0000,0x0000,0x0000,
    0x0000,0x0000,0x0000,0x0000,0x0000,0x0000,0x0000,0x0000,0x0000,0x0000,0x0000,0x0000,0x0000,0x0000,0x0000,0x0000,0x0000,0x0000,0x0000,0x0000,0x0000,0x1804,0x2826,0x3065,
    0x2084,0x2084,0x2885,0x2024,0x2005,0x2826,0x0000,0x0000,0x0000,0x0000,0x0000,0x0000,0x0000,0x0000,0x0000,0x0000,0x0000,0x0000,0x0000,0x2025,0x2826,0x2864,0x2884,0x2084,
    0x3086,0x2845,0x2825,0x2025,0x0000,0x0000,0x0000,0x0000,0x0000,0x0000,0x0000,0x0000,0x0000,0x0000,0x0000,0x0000,0x0000,0x0000,0x0000,0x0000,0x0000,0x0000,0x0000,0x0000,
    0x0000,0x0000,0x0000,0x0000,0x0000,0x0000,0x0000,0x0000,0x0000,0x0000,0x0000,0x0000,0x0000,0x0000,0x0000,0x0000,0x0000,0x0000,0x0000,0x0000,0x0000,0x0000,0x2806,0x1803,
    0x2004,0x2805,0x1803,0x2004,0x0000,0x0000,0x0000,0x0000,0x0000,0x0000,0x0000,0x0000,0x0000,0x0000,0x0000,0x0000,0x0000,0x0000,0x0000,0x0000,0x2826,0x2004,0x2004,0x2825,
    0x2004,0x2004,0x1824,0x0000,0x0000,0x0000,0x0000,0x0000,0x0000,0x0000,0x0000,0x0000,0x0000,0x0000,0x0000,0x0000,0x0000,0x0000,0x0000,0x0000,0x0000,0x0000,0x0000,0x0000,
    0x0000,0x0000,0x0000,0x0000,0x0000,0x0000,0x0000,0x0000,0x0000,0x0000,0x0000,0x0000,0x0000,0x0000,0x0000,0x0000,0x0000,0x0000,0x0000,0x0000,0x0000,0x0000,0x0000,0x0000,
    0x0000,0x0000,0x0000,0x0000,0x0000,0x0000,0x0000,0x0000,0x0000,0x0000,0x0000,0x0000,0x0000,0x0000,0x0000,0x0000,0x0000,0x0000,0x0000,0x0000,0x0000,0x0000,0x0000,0x0000,
    0x0000,0x0000,0x0000,0x0000,0x0000,0x0000,0x0000,0x0000,0x0000,0x0000,0x0000,0x0000,0x0000,0x0000,0x0000,0x0000,0x0000,0x0000,0x0000,0x0000,0x0000,0x0000,0x0000,0x0000,
    0x0000,0x0000,0x0000,0x0000,0x0000,0x0000,0x0000,0x0000,0x0000,0x0000,0x0000,0x0000,0x0000,0x0000,0x0000,0x0000,0x0000,0x0000,0x0000,0x0000,0x0000,0x0000,0x0000,0x0000,
    0x0000,0x0000,0x0000,0x0000,0x0000,0x0000,0x0000,0x0000,0x0000,0x0000,0x0000,0x0000,0x0000,0x0000,0x0000,0x0000,0x0000,0x0000,0x0000,0x0000,0x0000,0x0000,0x0000,0x0000,
    0x0000,0x0000,0x0000,0x0000,0x0000,0x0000,0x0000,0x0000,0x0000,0x0000,0x0000,0x0000,0x0000,0x0000,0x0000,0x0000,0x0000,0x0000,0x0000,0x0000,0x0000,0x0000,0x0000,0x0000,
    0x0000,0x0000,0x0000,0x0000,0x0000,0x0000,0x0000,0x0000,0x0000,0x0000,0x0000,0x0000,0x0000,0x0000,0x0000,0x0000,0x0000,0x0000,0x0000,0x0000,0x0000,0x0000,0x0000,0x0000,
    0x0000,0x0000,0x0000,0x0000,0x0000,0x0000,0x0000,0x0000,0x0000,0x0000,0x0000,0x0000,0x0000,0x0000,0x0000,0x0000,0x0000,0x0000,0x0000,0x0000,0x0000,0x0000,0x0000,0x0000,
    0x0000,0x0000,0x0000,0x0000,0x0000,0x0000,0x0000,0x0000,0x0000,0x0000,0x0000,0x0000,0x0000,0x0000,0x0000,0x0000,0x0000,0x0000,0x0000,0x0000,0x0000,0x0000,0x0000,0x0000,
  },
  /* talk */ {
    0x0000,0x0000,0x0000,0x0000,0x0000,0x0000,0x0000,0x0000,0x0000,0x0000,0x0000,0x0000,0x0000,0x0000,0x0000,0x0000,0x0000,0x0000,0x0000,0x0000,0x0000,0x0000,0x0000,0x0000,
    0x0000,0x0000,0x0000,0x0000,0x0000,0x0000,0x0000,0x0000,0x0000,0x0000,0x0000,0x0000,0x0000,0x0000,0x0000,0x0000,0x0000,0x0000,0x0000,0x0000,0x0000,0x0000,0x0000,0x0000,
    0x0000,0x0000,0x0000,0x0000,0x0000,0x0000,0x0000,0x0000,0x0000,0x0000,0x0000,0x0000,0x0000,0x0000,0x0000,0x0000,0x0000,0x0000,0x0000,0x0000,0x0000,0x0000,0x0000,0x0000,
    0x0000,0x0000,0x0000,0x0000,0x0000,0x0000,0x0000,0x0000,0x0000,0x0000,0x0000,0x0000,0x0000,0x0000,0x0000,0x0000,0x0000,0x0000,0x0000,0x0000,0x0000,0x0000,0x0000,0x0000,
    0x0000,0x0000,0x0000,0x0000,0x0000,0x0000,0x0000,0x0000,0x0000,0x0000,0x0000,0x0000,0x0000,0x0000,0x0000,0x0000,0x0000,0x0000,0x0000,0x0000,0x0000,0x0000,0x0000,0x0000,
    0x0000,0x0000,0x0000,0x0000,0x0000,0x0000,0x0000,0x0000,0x0000,0x0000,0x0000,0x0000,0x0000,0x0000,0x0000,0x0000,0x0000,0x0000,0x0000,0x0000,0x0000,0x0000,0x0000,0x0000,
    0x0000,0x0000,0x0000,0x0000,0x0000,0x0000,0x0000,0x0000,0x0000,0x0000,0x0000,0x0000,0x0000,0x0000,0x0000,0x0000,0x0000,0x0000,0x0000,0x0000,0x0000,0x0000,0x0000,0x0000,
    0x0000,0x0000,0x0000,0x0000,0x0000,0x0000,0x0000,0x0000,0x0000,0x0000,0x0000,0x0000,0x0000,0x0000,0x0000,0x0000,0x0000,0x0000,0x0000,0x0000,0x0000,0x0000,0x0000,0x0000,
    0x0000,0x0000,0x0000,0x0000,0x0000,0x0000,0x0000,0x0000,0x0000,0x0000,0x0000,0x0000,0x0000,0x0000,0x0000,0x0000,0x0000,0x0000,0x0000,0x0000,0x0000,0x0000,0x0000,0x0000,
    0x0000,0x0000,0x0000,0x0000,0x0000,0x0000,0x0000,0x0000,0x0000,0x0000,0x0000,0x0000,0x0000,0x0000,0x0000,0x0000,0x0000,0x0000,0x0000,0x0000,0x0000,0x0000,0x0000,0x0000,
    0x0000,0x0000,0x0000,0x0000,0x0000,0x0000,0x0000,0x0000,0x0000,0x0000,0x0000,0x0000,0x0000,0x0000,0x0000,0x0000,0x0000,0x0000,0x0000,0x0000,0x0000,0x0000,0x0000,0x0000,
    0x0000,0x0000,0x0000,0x0000,0x0000,0x0000,0x0000,0x0000,0x0000,0x0000,0x0000,0x0000,0x0000,0x0000,0x0000,0x0000,0x0000,0x0000,0x0000,0x0000,0x0000,0x0000,0x0000,0x0000,
    0x0000,0x0000,0x0000,0x0000,0x0000,0x0000,0x0000,0x0000,0x0000,0x0000,0x0000,0x0000,0x0000,0x0000,0x0000,0x0000,0x0000,0x0000,0x0000,0x0000,0x0000,0x0000,0x0000,0x0000,
    0x0000,0x0000,0x0000,0x0000,0x0000,0x0000,0x0000,0x0000,0x0000,0x0000,0x0000,0x0000,0x0000,0x0000,0x0000,0x0000,0x0000,0x0000,0x0000,0x0000,0x0000,0x0000,0x0000,0x0000,
    0x0000,0x0000,0x0000,0x0000,0x0000,0x0000,0x0000,0x0000,0x0000,0x0000,0x0000,0x0000,0x0000,0x0000,0x0000,0x0000,0x0000,0x0000,0x0000,0x0000,0x0000,0x0000,0x0000,0x0000,
    0x0000,0x0000,0x0000,0x0000,0x0000,0x0000,0x0000,0x0000,0x0000,0x0000,0x0000,0x0000,0x0000,0x0000,0x0000,0x0000,0x0000,0x0000,0x0000,0x0000,0x0000,0x0000,0x0000,0x0000,
    0x0000,0x0000,0x0000,0x0000,0x0000,0x0000,0x0000,0x0000,0x0000,0x0000,0x0000,0x0000,0x0000,0x0000,0x0000,0x0000,0x0000,0x0000,0x0000,0x0000,0x0000,0x0000,0x0000,0x0000,
    0x0000,0x0000,0x0000,0x0000,0x0000,0x0000,0x0000,0x0000,0x0000,0x0000,0x0000,0x0000,0x0000,0x0000,0x0000,0x0000,0x0000,0x0000,0x0000,0x0000,0x0000,0x0000,0x0000,0x0000,
    0x0000,0x0000,0x0000,0x0000,0x0000,0x0000,0x0000,0x0000,0x0000,0x0000,0x0000,0x0000,0x0000,0x0000,0x0000,0x0000,0x0000,0x0000,0x0000,0x0000,0x0000,0x0000,0x0000,0x0000,
    0x0000,0x0000,0x0000,0x0000,0x0000,0x0000,0x0000,0x0000,0x0000,0x0000,0x0000,0x0000,0x0000,0x0000,0x0000,0x0000,0x0000,0x0000,0x0000,0x0000,0x0000,0x0000,0x0000,0x0000,
    0x0000,0x0000,0x0000,0x0000,0x0000,0x0000,0x0000,0x0000,0x0000,0x0000,0x0000,0x0000,0x0000,0x0000,0x0000,0x0000,0x0000,0x0000,0x0000,0x0000,0x0000,0x0000,0x0000,0x0000,
    0x0000,0x0000,0x0000,0x0000,0x0000,0x0000,0x0000,0x0000,0x0000,0x0000,0x0000,0x0000,0x0000,0x0000,0x0000,0x0000,0x0000,0x0000,0x0000,0x0000,0x0000,0x0000,0x0000,0x0000,
    0x0000,0x0000,0x0000,0x0000,0x0000,0x0000,0x0000,0x0000,0x0000,0x0000,0x0000,0x0000,0x0000,0x0000,0x0000,0x0000,0x0000,0x0000,0x0000,0x0000,0x0000,0x0000,0x0000,0x0000,
    0x0000,0x0000,0x0000,0x0000,0x0000,0x0000,0x0000,0x0000,0x0000,0x0000,0x0000,0x0000,0x0000,0x0000,0x0000,0x0000,0x0000,0x0000,0x0000,0x0000,0x0000,0x0000,0x0000,0x0000,
    0x0000,0x0000,0x0000,0x0000,0x0000,0x0000,0x0000,0x0000,0x0000,0x0000,0x0000,0x0000,0x0000,0x0000,0x0000,0x0000,0x0000,0x0000,0x0000,0x0000,0x0000,0x0000,0x0000,0x0000,
    0x0000,0x0000,0x0000,0x0000,0x0000,0x0000,0x0000,0x0000,0x0000,0x0000,0x0000,0x0000,0x0000,0x0000,0x0000,0x0000,0x0000,0x0000,0x0000,0x0000,0x0000,0x0000,0x0000,0x0000,
    0x0000,0x0000,0x0000,0x0000,0x0000,0x0000,0x0000,0x0000,0x0000,0x0000,0x0000,0x0000,0x0000,0x0000,0x0000,0x0000,0x0000,0x0000,0x0000,0x0000,0x0000,0x0000,0x0000,0x0000,
    0x0000,0x0000,0x0000,0x0000,0x0000,0x0000,0x0000,0x0000,0x0000,0x0000,0x0000,0x0000,0x0000,0x0000,0x0000,0x0000,0x0000,0x0000,0x0000,0x0000,0x0000,0x0000,0x0000,0x0000,
    0x0000,0x0000,0x0000,0x0000,0x0000,0x0000,0x0000,0x0000,0x0000,0x0000,0x0000,0x0000,0x0000,0x0000,0x0000,0x0000,0x0000,0x0000,0x0000,0x0000,0x0000,0x0000,0x0000,0x0000,
    0x0000,0x0000,0x0000,0x0000,0x0000,0x0000,0x0000,0x0000,0x0000,0x0000,0x0000,0x0000,0x0000,0x0000,0x0000,0x0000,0x0000,0x0000,0x0000,0x0000,0x0000,0x0000,0x0000,0x0000,
    0x0000,0x0000,0x0000,0x0000,0x0000,0x0000,0x0000,0x0000,0x0000,0x0000,0x0000,0x0000,0x0000,0x0000,0x0000,0x0000,0x0000,0x0000,0x0000,0x0000,0x0000,0x0000,0x0000,0x0000,
    0x0000,0x0000,0x0000,0x0000,0x0000,0x0000,0x0000,0x0000,0x0000,0x0000,0x0000,0x0000,0x0000,0x0000,0x0000,0x0000,0x0000,0x0000,0x0000,0x0000,0x0000,0x0000,0x0000,0x0000,
    0x0000,0x0000,0x0000,0x0000,0x0000,0x0000,0x0000,0x0000,0x0000,0x0000,0x0000,0x0000,0x0000,0x0000,0x0000,0x0000,0x0000,0x0000,0x0000,0x0000,0x0000,0x0000,0x0000,0x0000,
    0x0000,0x0000,0x0000,0x0000,0x0000,0x0000,0x0000,0x0000,0x0000,0x0000,0x0000,0x0000,0x0000,0x0000,0x0000,0x0000,0x0000,0x0000,0x0000,0x0000,0x0000,0x0000,0x0000,0x0000,
    0x0000,0x0000,0x0000,0x0000,0x0000,0x0000,0x0000,0x0000,0x0000,0x0000,0x0000,0x0000,0x0000,0x0000,0x0000,0x0000,0x0000,0x0000,0x0000,0x0000,0x0000,0x0000,0x0000,0x0000,
    0x0000,0x0000,0x0000,0x0000,0x0000,0x0000,0x0000,0x0000,0x0000,0x0000,0x0000,0x0000,0x0000,0x0000,0x0000,0x0000,0x0000,0x0000,0x0000,0x0000,0x0000,0x0000,0x0000,0x0000,
    0x0000,0x0000,0x0000,0x0000,0x0000,0x0000,0x0000,0x0000,0x0000,0x0000,0x0000,0x0000,0x0000,0x0000,0x0000,0x0000,0x0000,0x0000,0x0000,0x0000,0x0000,0x0000,0x0000,0x0000,
    0x0000,0x0000,0x0000,0x0000,0x0000,0x0000,0x0000,0x0000,0x0000,0x0000,0x0000,0x0000,0x0000,0x0000,0x0000,0x0000,0x0000,0x0000,0x0000,0x0000,0x0000,0x0000,0x0000,0x0000,
    0x0000,0x0000,0x0000,0x0000,0x0000,0x0000,0x0000,0x0000,0x0000,0x0000,0x0000,0x0000,0x0000,0x0000,0x0000,0x0000,0x0000,0x0000,0x0000,0x0000,0x0000,0x0000,0x0000,0x0000,
    0x0000,0x0000,0x0000,0x0000,0x0000,0x0000,0x0000,0x0000,0x0000,0x0000,0x0000,0x0000,0x0000,0x0000,0x0000,0x0000,0x0000,0x0000,0x0000,0x0000,0x0000,0x0000,0x0000,0x0000,
    0x0000,0x0000,0x0000,0x0000,0x0000,0x0000,0x0000,0x0000,0x0000,0x0000,0x0000,0x0000,0x0000,0x0000,0x0000,0x0000,0x0000,0x0000,0x0000,0x0000,0x0000,0x0000,0x0000,0x0000,
    0x0000,0x0000,0x0000,0x0000,0x0000,0x0000,0x0000,0x0000,0x0000,0x0000,0x0000,0x0000,0x0000,0x0000,0x0000,0x0000,0x0000,0x0000,0x0000,0x0000,0x0000,0x0000,0x0000,0x0000,
    0x0000,0x0000,0x0000,0x0000,0x0000,0x0000,0x0000,0x0000,0x0000,0x0000,0x0000,0x0000,0x0000,0x0000,0x0000,0x0000,0x0000,0x0000,0x0000,0x0000,0x0000,0x0000,0x0000,0x0000,
    0x0000,0x0000,0x0000,0x0000,0x0000,0x0000,0x0000,0x0000,0x0000,0x0000,0x0000,0x0000,0x0000,0x0000,0x0000,0x0000,0x0000,0x0000,0x2005,0x2005,0x2005,0x2004,0x2004,0x2806,
    0x2005,0x0000,0x0000,0x0000,0x0000,0x0000,0x0000,0x0000,0x0000,0x0000,0x0000,0x0000,0x0000,0x0000,0x0000,0x0000,0x0000,0x0000,0x0000,0x0000,0x0000,0x0000,0x0000,0x0000,
    0x0000,0x0000,0x0000,0x0000,0x0000,0x0000,0x0000,0x0000,0x0000,0x0000,0x0000,0x0000,0x0000,0x0000,0x0000,0x0000,0x0000,0x0000,0x0000,0x0000,0x0000,0x0000,0x0000,0x0000,
    0x0000,0x0000,0x0000,0x0000,0x0000,0x0000,0x0000,0x0000,0x0000,0x0000,0x0000,0x0000,0x0000,0x0000,0x0000,0x0000,0x2825,0x2825,0x1803,0x2825,0x2004,0x2023,0x2805,0x2004,
    0x2005,0x0000,0x0000,0x0000,0x0000,0x0000,0x0000,0x0000,0x0000,0x0000,0x0000,0x0000,0x0000,0x0000,0x0000,0x0000,0x0000,0x0000,0x0000,0x0000,0x0000,0x0000,0x0000,0x0000,
    0x0000,0x0000,0x0000,0x0000,0x0000,0x0000,0x0000,0x0000,0x0000,0x0000,0x0000,0x0000,0x0000,0x0000,0x0000,0x0000,0x0000,0x0000,0x0000,0x0000,0x0000,0x0000,0x0000,0x0000,
    0x0000,0x0000,0x0000,0x0000,0x0000,0x0000,0x0000,0x0000,0x0000,0x0000,0x0000,0x0000,0x0000,0x0000,0x0000,0x0000,0x3005,0x2044,0x664b,0x662b,0x664b,0x662b,0x5e4b,0x1823,
    0x2025,0x0000,0x0000,0x0000,0x0000,0x0000,0x0000,0x0000,0x0000,0x0000,0x0000,0x0000,0x0000,0x0000,0x0000,0x0000,0x0000,0x0000,0x0000,0x0000,0x0000,0x0000,0x0000,0x0000,
    0x0000,0x0000,0x0000,0x0000,0x0000,0x0000,0x0000,0x0000,0x0000,0x0000,0x0000,0x0000,0x0000,0x0000,0x0000,0x0000,0x0000,0x0000,0x0000,0x0000,0x0000,0x0000,0x0000,0x0000,
    0x0000,0x0000,0x0000,0x0000,0x0000,0x0000,0x0000,0x0000,0x0000,0x0000,0x0000,0x0000,0x0000,0x0000,0x2825,0x2004,0x5e2b,0x5e2b,0x664b,0x662b,0x5e2b,0x662b,0x5e2b,0x2024,
    0x1804,0x0000,0x0000,0x0000,0x0000,0x0000,0x0000,0x0000,0x0000,0x0000,0x0000,0x0000,0x0000,0x0000,0x0000,0x0000,0x0000,0x0000,0x0000,0x0000,0x0000,0x0000,0x0000,0x0000,
    0x0000,0x0000,0x0000,0x0000,0x0000,0x0000,0x0000,0x0000,0x0000,0x0000,0x0000,0x0000,0x0000,0x0000,0x0000,0x0000,0x0000,0x0000,0x0000,0x0000,0x0000,0x0000,0x0000,0x0000,
    0x0000,0x0000,0x0000,0x0000,0x0000,0x0000,0x0000,0x0000,0x0000,0x0000,0x0000,0x0000,0x0000,0x3007,0x2004,0x5dca,0x666b,0x5e2b,0x5e2b,0x358a,0x662b,0x662b,0x560b,0x2024,
    0x2825,0x0000,0x0000,0x0000,0x0000,0x0000,0x0000,0x0000,0x0000,0x0000,0x0000,0x0000,0x0000,0x0000,0x0000,0x0000,0x0000,0x0000,0x0000,0x0000,0x0000,0x0000,0x0000,0x0000,
    0x0000,0x0000,0x0000,0x0000,0x0000,0x0000,0x0000,0x0000,0x0000,0x0000,0x0000,0x0000,0x0000,0x0000,0x0000,0x0000,0x0000,0x0000,0x0000,0x0000,0x0000,0x0000,0x0000,0x0000,
    0x0000,0x0000,0x0000,0x0000,0x0000,0x0000,0x2805,0x2004,0x2805,0x2825,0x582c,0x0000,0x0000,0x2004,0x2024,0x5e4b,0x664b,0x562b,0x354a,0x662b,0x662b,0x5e2b,0x2024,0x1804,
    0x0000,0x0000,0x0000,0x0000,0x0000,0x0000,0x0000,0x0000,0x0000,0x0000,0x0000,0x0000,0x0000,0x0000,0x0000,0x0000,0x0000,0x0000,0x0000,0x0000,0x0000,0x0000,0x0000,0x0000,
    0x0000,0x0000,0x0000,0x0000,0x0000,0x0000,0x0000,0x0000,0x0000,0x0000,0x0000,0x0000,0x0000,0x0000,0x0000,0x0000,0x0000,0x0000,0x0000,0x0000,0x0000,0x0000,0x0000,0x0000,
    0x0000,0x0000,0x0000,0x0000,0x0000,0x0000,0x2825,0x2024,0x1843,0x1003,0x1824,0x2826,0x0000,0x2004,0x1003,0x664b,0x662b,0x35aa,0x5e2b,0x5e2b,0x662b,0x3dea,0x2024,0x1804,
    0x0000,0x0000,0x0000,0x0000,0x0000,0x0000,0x0000,0x0000,0x0000,0x0000,0x0000,0x0000,0x0000,0x0000,0x0000,0x0000,0x0000,0x0000,0x0000,0x0000,0x0000,0x0000,0x0000,0x0000,
    0x0000,0x0000,0x0000,0x0000,0x0000,0x0000,0x0000,0x0000,0x0000,0x0000,0x0000,0x0000,0x0000,0x0000,0x0000,0x0000,0x0000,0x0000,0x0000,0x0000,0x0000,0x0000,0x0000,0x0000,
    0x0000,0x0000,0x0000,0x0000,0x0000,0x0000,0x2825,0x1824,0x5e4b,0x662c,0x43a9,0x1803,0x2024,0x2024,0x666c,0x664b,0x662b,0x560b,0x5e2b,0x664c,0x3589,0x2005,0x2826,0x0000,
    0x0000,0x0000,0x0000,0x0000,0x0000,0x0000,0x0000,0x0000,0x0000,0x0000,0x0000,0x0000,0x0000,0x0000,0x0000,0x0000,0x0000,0x0000,0x0000,0x0000,0x0000,0x0000,0x0000,0x0000,
    0x0000,0x0000,0x0000,0x0000,0x0000,0x0000,0x0000,0x0000,0x0000,0x0000,0x0000,0x0000,0x0000,0x0000,0x0000,0x0000,0x0000,0x0000,0x0000,0x0000,0x0000,0x0000,0x0000,0x0000,
    0x0000,0x0000,0x0000,0x0000,0x0000,0x0000,0x2825,0x2025,0x5e4c,0x5e2b,0x5e2c,0x2d2a,0x2005,0x2805,0x5e6b,0x5e2b,0x3d6b,0x5e2b,0x5e6c,0x252a,0x2806,0x2005,0x682d,0x0000,
    0x0000,0x0000,0x0000,0x0000,0x0000,0x0000,0x0000,0x0000,0x0000,0x0000,0x0000,0x0000,0x0000,0x0000,0x0000,0x0000,0x0000,0x0000,0x0000,0x0000,0x0000,0x0000,0x0000,0x0000,
    0x0000,0x0000,0x0000,0x0000,0x0000,0x0000,0x0000,0x0000,0x0000,0x0000,0x0000,0x0000,0x0000,0x0000,0x0000,0x0000,0x0000,0x0000,0x0000,0x0000,0x0000,0x0000,0x0000,0x0000,
    0x0000,0x0000,0x0000,0x0000,0x0000,0x0000,0x2004,0x1823,0x356a,0x356a,0x562b,0x5e4c,0x1965,0x2024,0x4e2b,0x3d6a,0x354a,0x2025,0x2005,0x2004,0x2005,0x0000,0x0000,0x0000,
    0x0000,0x0000,0x0000,0x0000,0x0000,0x0000,0x0000,0x0000,0x0000,0x0000,0x0000,0x0000,0x0000,0x0000,0x0000,0x0000,0x0000,0x0000,0x0000,0x0000,0x0000,0x0000,0x0000,0x0000,
    0x0000,0x0000,0x0000,0x0000,0x0000,0x0000,0x0000,0x0000,0x0000,0x0000,0x0000,0x0000,0x0000,0x0000,0x0000,0x0000,0x0000,0x0000,0x0000,0x0000,0x0000,0x0000,0x0000,0x0000,
    0x0000,0x0000,0x0000,0x0000,0x1823,0x2025,0x2804,0x2805,0x2004,0x2005,0x356a,0x560a,0x21e5,0x1843,0x562a,0x3d8a,0x356a,0x2004,0x2005,0x2004,0x2005,0x1803,0x0000,0x0000,
    0x0000,0x0000,0x0000,0x0000,0x0000,0x0000,0x0000,0x0000,0x0000,0x0000,0x0000,0x0000,0x0000,0x0000,0x0000,0x0000,0x0000,0x0000,0x0000,0x0000,0x0000,0x0000,0x0000,0x0000,
    0x0000,0x0000,0x0000,0x0000,0x0000,0x0000,0x0000,0x0000,0x0000,0x0000,0x0000,0x0000,0x0000,0x0000,0x0000,0x0000,0x0000,0x0000,0x0000,0x0000,0x0000,0x0000,0x0000,0x0000,
    0x0000,0x0000,0x2805,0x2005,0x2805,0x2825,0xf540,0xf540,0xfe4b,0xff2d,0xff6e,0xff6d,0xff6d,0xff4d,0xff6e,0xff6e,0xff4d,0xff6d,0xfe2b,0xfd20,0x2825,0x2023,0x2005,0x2025,
    0x0000,0x0000,0x0000,0x0000,0x0000,0x0000,0x0000,0x0000,0x0000,0x0000,0x0000,0x0000,0x0000,0x0000,0x0000,0x0000,0x0000,0x0000,0x0000,0x0000,0x0000,0x0000,0x0000,0x0000,
    0x0000,0x0000,0x0000,0x0000,0x0000,0x0000,0x0000,0x0000,0x0000,0x0000,0x0000,0x0000,0x0000,0x0000,0x0000,0x0000,0x0000,0x0000,0x0000,0x0000,0x0000,0x0000,0x0000,0x0000,
    0x2025,0x2004,0x2824,0x1823,0xfeca,0xff4e,0xff6d,0xff6d,0xff6d,0xff6d,0xff6d,0xff6d,0xff6d,0xff6d,0xff6d,0xff6d,0xff6d,0xff6d,0xff6d,0xff6d,0xff6e,0xf74e,0x1823,0x2825,
    0x2805,0x2805,0x0000,0x0000,0x0000,0x0000,0x0000,0x0000,0x0000,0x0000,0x0000,0x0000,0x0000,0x0000,0x0000,0x0000,0x0000,0x0000,0x0000,0x0000,0x0000,0x0000,0x0000,0x0000,
    0x0000,0x0000,0x0000,0x0000,0x0000,0x0000,0x0000,0x0000,0x0000,0x0000,0x0000,0x0000,0x0000,0x0000,0x0000,0x0000,0x0000,0x0000,0x0000,0x0000,0x0000,0x0000,0x2804,0x1804,
    0x1823,0x1002,0x1843,0xff6d,0xff6d,0xff6d,0xff6d,0xff6d,0xff6d,0xff6d,0xff6d,0xff6d,0xff6e,0xff6e,0xff6e,0xff6e,0xff6d,0xff6d,0xff6d,0xff6d,0xff6d,0xff6d,0xff6e,0x1844,
    0x1023,0x2004,0x1803,0x2826,0x0000,0x0000,0x0000,0x0000,0x0000,0x0000,0x0000,0x0000,0x0000,0x0000,0x0000,0x0000,0x0000,0x0000,0x0000,0x0000,0x0000,0x0000,0x0000,0x0000,
    0x0000,0x0000,0x0000,0x0000,0x0000,0x0000,0x0000,0x0000,0x0000,0x0000,0x0000,0x0000,0x0000,0x0000,0x0000,0x0000,0x0000,0x0000,0x0000,0x0000,0x0000,0x0000,0x2825,0x1824,
    0xffce,0xff4d,0xff6e,0xff6d,0xff6d,0xff6d,0xff6d,0xff6d,0xff6e,0xff6e,0xff6e,0xff6e,0xff6e,0xff6e,0xff6e,0xff6d,0xff6d,0xff6d,0xff6d,0xff6d,0xff6d,0xff6e,0xff6d,0xff6e,
    0xff6d,0x2025,0x1823,0x3026,0x0000,0x0000,0x0000,0x0000,0x0000,0x0000,0x0000,0x0000,0x0000,0x0000,0x0000,0x0000,0x0000,0x0000,0x0000,0x0000,0x0000,0x0000,0x0000,0x0000,
    0x0000,0x0000,0x0000,0x0000,0x0000,0x0000,0x0000,0x0000,0x0000,0x0000,0x0000,0x0000,0x0000,0x0000,0x0000,0x0000,0x0000,0x0000,0x0000,0x0000,0x2004,0x2004,0x2825,0xf72f,
    0xff4c,0xffff,0xffff,0xff6d,0xff6d,0xff6d,0xff6d,0xff6d,0xff6e,0xff6e,0xff6e,0xff6e,0xff6e,0xff6e,0xff6e,0xff6e,0xff6d,0xff6d,0xff6d,0xff6d,0xff6d,0xff6d,0xff6e,0xff6e,
    0xff6d,0xff6d,0xff6e,0x2825,0x2004,0x0000,0x0000,0x0000,0x0000,0x0000,0x0000,0x0000,0x0000,0x0000,0x0000,0x0000,0x0000,0x0000,0x0000,0x0000,0x0000,0x0000,0x0000,0x0000,
    0x0000,0x0000,0x0000,0x0000,0x0000,0x0000,0x0000,0x0000,0x0000,0x0000,0x0000,0x0000,0x0000,0x0000,0x0000,0x0000,0x0000,0x0000,0x0000,0x2805,0x3026,0xfd60,0xff6b,0xff4e,
    0xfffe,0xffdf,0xff6d,0xff6d,0xff6d,0xff6d,0xff6e,0xff6e,0xff6e,0xff6e,0xff6e,0xff6e,0xff6e,0xff6e,0xff6e,0xff6e,0xff6e,0xff6d,0xff6e,0xff6e,0xff6d,0xff6e,0xff6e,0xff6e,
    0xff6d,0xff6e,0xff6e,0xff8d,0x2024,0x1804,0x0000,0x0000,0x0000,0x0000,0x0000,0x0000,0x0000,0x0000,0x0000,0x0000,0x0000,0x0000,0x0000,0x0000,0x0000,0x0000,0x0000,0x0000,
    0x0000,0x0000,0x0000,0x0000,0x0000,0x0000,0x0000,0x0000,0x0000,0x0000,0x0000,0x0000,0x0000,0x0000,0x0000,0x0000,0x0000,0x0000,0x2025,0x2004,0xf587,0xfeab,0xff4d,0xffde,
    0xffff,0xff6d,0xff6d,0xff6d,0xff6d,0xff6d,0xff6e,0xff6e,0xff6e,0xff6e,0xff6e,0xff6e,0xff6e,0xff6e,0xff6e,0xff6e,0xff6e,0xff6e,0xff6e,0xff6e,0xff6e,0xff6e,0xff6e,0xff6e,
    0xff6e,0xff6e,0xff6d,0xff6d,0xfe6b,0x1823,0x2024,0x0000,0x0000,0x0000,0x0000,0x0000,0x0000,0x0000,0x0000,0x0000,0x0000,0x0000,0x0000,0x0000,0x0000,0x0000,0x0000,0x0000,
    0x0000,0x0000,0x0000,0x0000,0x0000,0x0000,0x0000,0x0000,0x0000,0x0000,0x0000,0x0000,0x0000,0x0000,0x0000,0x0000,0x0000,0x0000,0x2806,0x2025,0xfe88,0xff6d,0xff4e,0xfffe,
    0xff4c,0xff6d,0xff6d,0xff6d,0xff6d,0xff6e,0xff6e,0xff6e,0xff6e,0xff6e,0xff6e,0xff6e,0xff6e,0xff6e,0xff6e,0xff6e,0xff6e,0xff6e,0xff6e,0xff6e,0xff6e,0xff6e,0xff6e,0xff6e,
    0xff6e,0xff6d,0xff6d,0xff6d,0xff6d,0x2023,0x2004,0x0000,0x0000,0x0000,0x0000,0x0000,0x0000,0x0000,0x0000,0x0000,0x0000,0x0000,0x0000,0x0000,0x0000,0x0000,0x0000,0x0000,
    0x0000,0x0000,0x0000,0x0000,0x0000,0x0000,0x0000,0x0000,0x0000,0x0000,0x0000,0x0000,0x0000,0x0000,0x0000,0x0000,0x0000,0x0000,0x2806,0xfe2b,0xff4c,0xff6d,0xffff,0xff6e,
    0xff6d,0xff6d,0xff6d,0xff6e,0xff6d,0xff6e,0xff6e,0xff6e,0xff6e,0xff6e,0xff6e,0xff6e,0xff6e,0xff6e,0xff6e,0xff6e,0xff6e,0xff6e,0xff6e,0xff6e,0xff6e,0xff6e,0xff6e,0xff6d,
    0xff6e,0xff6e,0xff6e,0xff6d,0xff6d,0x20a3,0x2004,0x0000,0x0000,0x0000,0x0000,0x0000,0x0000,0x0000,0x0000,0x0000,0x0000,0x0000,0x0000,0x0000,0x0000,0x0000,0x0000,0x0000,
    0x0000,0x0000,0x0000,0x0000,0x0000,0x0000,0x0000,0x0000,0x0000,0x0000,0x0000,0x0000,0x0000,0x0000,0x0000,0x0000,0x2005,0x1804,0x1824,0xff6d,0xff6d,0xff6d,0xff4d,0xff6d,
    0xff6d,0xff6d,0xff6d,0xff6d,0xff6e,0xff6e,0xff6d,0xff6e,0xff6e,0xff6e,0xff6e,0xff6e,0xff6e,0xff6e,0xff6e,0xff6e,0xff6e,0xff6e,0xff6e,0xff6e,0xff6e,0xff6e,0xff6e,0xff6e,
    0xff6e,0xff6e,0xff6e,0xff6d,0xff6d,0xff6d,0x2845,0x2805,0x0000,0x0000,0x0000,0x0000,0x0000,0x0000,0x0000,0x0000,0x0000,0x0000,0x0000,0x0000,0x0000,0x0000,0x0000,0x0000,
    0x0000,0x0000,0x0000,0x0000,0x0000,0x0000,0x0000,0x0000,0x0000,0x0000,0x0000,0x0000,0x0000,0x0000,0x0000,0x0000,0x2806,0x2825,0xff6c,0xff6d,0xff6d,0xff6d,0xff6d,0xff6d,
    0xff6d,0xff6e,0xff6d,0xff6d,0xff6e,0xff6d,0xff6e,0xff6d,0xff6e,0xff6e,0xff6e,0xff6e,0xff6e,0xff6e,0xff6e,0xff6e,0xff6e,0xff6d,0xff6e,0xff6e,0xff8e,0xff6d,0xff6d,0xff6e,
    0xff6e,0xff6e,0xff6e,0xff6e,0xff6d,0xff6e,0x2865,0x2805,0x0000,0x0000,0x0000,0x0000,0x0000,0x0000,0x0000,0x0000,0x0000,0x0000,0x0000,0x0000,0x0000,0x0000,0x0000,0x0000,
    0x0000,0x0000,0x0000,0x0000,0x0000,0x0000,0x0000,0x0000,0x0000,0x0000,0x0000,0x0000,0x0000,0x0000,0x0000,0x0000,0x2825,0x2083,0xff6e,0xff6d,0xff6d,0xff6d,0xff6d,0xff6d,
    0xff6d,0xff4d,0x2043,0x2024,0xff4e,0xff6d,0xff6e,0xff6e,0xff6e,0xff6e,0xff6e,0xff6e,0xff6e,0xff6e,0xff6e,0xff6d,0xff6d,0xff6e,0xff6e,0xff6e,0xff6c,0x2825,0x1843,0xff8e,
    0xff6e,0xff6e,0xff6e,0xff6e,0xff6e,0xff6d,0xff6d,0x1003,0x2004,0x0000,0x0000,0x0000,0x0000,0x0000,0x0000,0x0000,0x0000,0x0000,0x0000,0x0000,0x0000,0x0000,0x0000,0x0000,
    0x0000,0x0000,0x0000,0x0000,0x0000,0x0000,0x0000,0x0000,0x0000,0x0000,0x0000,0x0000,0x0000,0x0000,0x0000,0x2806,0x2024,0xff6e,0xff6d,0xff6d,0xff6d,0xff6d,0xff6d,0xff6d,
    0xff6d,0x2024,0x2004,0x2024,0x2004,0xff4c,0xff6d,0xff6e,0xff6d,0xff6e,0xff6e,0xff6e,0xff6d,0xff6e,0xff6d,0xff6e,0xff6d,0xff6e,0xff6d,0xff4e,0x1804,0x1804,0x2025,0x2024,
    0xff6e,0xff6e,0xff6e,0xff6e,0xff6e,0xff6d,0xff6d,0x1804,0x2005,0x0000,0x0000,0x0000,0x0000,0x0000,0x0000,0x0000,0x0000,0x0000,0x0000,0x0000,0x0000,0x0000,0x0000,0x0000,
    0x0000,0x0000,0x0000,0x0000,0x0000,0x0000,0x0000,0x0000,0x0000,0x0000,0x0000,0x0000,0x0000,0x0000,0x0000,0x2806,0x2024,0xff6d,0xff6d,0xff6d,0xff6d,0xff6d,0xff6d,0xff6d,
    0xff6d,0x2004,0x2004,0x2004,0x2024,0xff6e,0xff6d,0xff6d,0xff6d,0xff6e,0xff6e,0xff6d,0xff6e,0xff6d,0xff6d,0xff6d,0xff6d,0xff6d,0xff6d,0xff6e,0x2004,0x2004,0x2004,0x1823,
    0xff6d,0xff6e,0xff6e,0xff6d,0xff6e,0xff6e,0xff6e,0x0001,0x2825,0x0000,0x0000,0x0000,0x0000,0x0000,0x0000,0x0000,0x0000,0x0000,0x0000,0x0000,0x0000,0x0000,0x0000,0x0000,
    0x0000,0x0000,0x0000,0x0000,0x0000,0x0000,0x0000,0x0000,0x0000,0x0000,0x0000,0x0000,0x0000,0x0000,0x2004,0x1823,0xf586,0xff8e,0xff6d,0xff6d,0xff6d,0xff6d,0xff6d,0xff6d,
    0xff6d,0x1803,0x2004,0x2004,0x2024,0xff6e,0xff6d,0xff6d,0xff8e,0xff6d,0xff6d,0xff6d,0xff6d,0xff6d,0xff6d,0xff8d,0xff6d,0xff6d,0xff6d,0xff4d,0x2004,0x1804,0x2004,0x2044,
    0xff6e,0xff6e,0xff6e,0xff6e,0xff6e,0xff6e,0xff6d,0xff6d,0x1023,0x2004,0x0000,0x0000,0x0000,0x0000,0x0000,0x0000,0x0000,0x0000,0x0000,0x0000,0x0000,0x0000,0x0000,0x0000,
    0x0000,0x0000,0x0000,0x0000,0x0000,0x0000,0x0000,0x0000,0x0000,0x0000,0x0000,0x0000,0x0000,0x0000,0x2805,0x2825,0xff6d,0xff6d,0xff6e,0xff6d,0xff6d,0xff6e,0xff6e,0xff6d,
    0xff6d,0xff6f,0x2024,0x2024,0xff6e,0xff6d,0xff6e,0xff6d,0x2864,0x2844,0x2845,0x2845,0x2845,0x2845,0x2845,0x2844,0x3065,0xff8e,0xff6e,0xff6d,0xffae,0x2024,0x2024,0xff6d,
    0xff6d,0xff6e,0xff6e,0xff6e,0xff6d,0xff6e,0xff6d,0xff4d,0x1883,0x2004,0x0000,0x0000,0x0000,0x0000,0x0000,0x0000,0x0000,0x0000,0x0000,0x0000,0x0000,0x0000,0x0000,0x0000,
    0x0000,0x0000,0x0000,0x0000,0x0000,0x0000,0x0000,0x0000,0x0000,0x0000,0x0000,0x0000,0x0000,0x0000,0x1804,0x2023,0xff6d,0xff6d,0xff6d,0xff6d,0xff6e,0xfc12,0xfc12,0xfbf2,
    0xfc11,0xff6e,0xff6d,0xff6e,0xff6e,0xff6d,0xff6d,0x2024,0x2004,0x2004,0x2004,0x2004,0x2004,0x2004,0x2024,0x2004,0x2025,0x2024,0xff6d,0xff6e,0xff6e,0xff6e,0xff6e,0xff6d,
    0xfc32,0xfc52,0xfc32,0xfc33,0xff6d,0xff6d,0xff6d,0xff6d,0xfee9,0x2884,0x1805,0x0000,0x0000,0x0000,0x0000,0x0000,0x0000,0x0000,0x0000,0x0000,0x0000,0x0000,0x0000,0x0000,
    0x0000,0x0000,0x0000,0x0000,0x0000,0x0000,0x0000,0x0000,0x0000,0x0000,0x0000,0x0000,0x0000,0x2825,0x1823,0xff4e,0xff6d,0xff6d,0xff6d,0xff6d,0xfd30,0xfc12,0xfc12,0xfc12,
    0xfc32,0xfe30,0xff6d,0xff6d,0xff6d,0xff6d,0xff6e,0x2004,0x2004,0x2004,0x2004,0x2004,0x2004,0x2024,0x2004,0x2004,0x2004,0x1824,0xff6e,0xff6e,0xff6e,0xff6e,0xff6d,0xfd50,
    0xfc12,0xfc12,0xfc32,0xfc32,0xfc32,0xff6d,0xff6e,0xff6d,0xff6d,0x20e3,0x2005,0x0000,0x0000,0x0000,0x0000,0x0000,0x0000,0x0000,0x0000,0x0000,0x0000,0x0000,0x0000,0x0000,
    0x0000,0x0000,0x0000,0x0000,0x0000,0x0000,0x0000,0x0000,0x0000,0x0000,0x0000,0x0000,0x0000,0x2825,0x2025,0xff6d,0xff6d,0xff6d,0xff6d,0xff6d,0xfc12,0xfc12,0xfc12,0xfc32,
    0xfc32,0xfc32,0xff6d,0xff6d,0xff6d,0xff6d,0xff6d,0x2024,0x2004,0x1804,0x1803,0x1002,0x1803,0x2004,0x1803,0x2004,0x2004,0x2024,0xff8e,0xff6e,0xff6e,0xff6e,0xff6d,0xfc32,
    0xfc12,0xfc12,0xfc32,0xfc32,0xfc32,0xff6d,0xff6d,0xff6d,0xff6d,0x2924,0x2004,0x0000,0x0000,0x0000,0x0000,0x0000,0x0000,0x0000,0x0000,0x0000,0x0000,0x0000,0x0000,0x0000,
    0x0000,0x0000,0x0000,0x0000,0x0000,0x0000,0x0000,0x0000,0x0000,0x0000,0x0000,0x0000,0x0000,0x2024,0x2044,0xff6e,0xff6d,0xff6d,0xff6d,0xff6d,0xfc32,0xfc12,0xfc12,0xfc32,
    0xfc32,0xfc32,0xff6d,0xff6d,0xff6d,0xff6d,0xff6d,0x2824,0x1804,0x1803,0xf18c,0xfbb1,0xfbd1,0xfbb1,0xf9ed,0x1003,0x2024,0x2025,0xff6d,0xff6e,0xff6e,0xff6d,0xff6d,0xfc32,
    0xfc12,0xfc32,0xfc32,0xfc12,0xfc12,0xff6d,0xff6d,0xff6d,0xff6d,0x3125,0x2004,0x0000,0x0000,0x0000,0x0000,0x0000,0x0000,0x0000,0x0000,0x0000,0x0000,0x0000,0x0000,0x0000,
    0x0000,0x0000,0x0000,0x0000,0x0000,0x0000,0x0000,0x0000,0x0000,0x0000,0x0000,0x0000,0x700e,0x2805,0xf500,0xff6d,0xff6d,0xff6d,0xff6d,0xff6d,0xfbf2,0xfc32,0xfc32,0xfc32,
    0xfc32,0xfc12,0xff6d,0xff6d,0xff6d,0xff6d,0xff6d,0x1842,0x2024,0xfa6e,0xfc32,0xfc32,0xfc32,0xfc12,0xfc12,0xf20d,0x2025,0x1842,0xff6e,0xff6e,0xff6e,0xff6e,0xff6d,0xfc32,
    0xfc32,0xfc12,0xfc32,0xfc32,0xfc32,0xff6d,0xff6d,0xff6e,0xff6d,0xf629,0x2005,0x3026,0x0000,0x0000,0x0000,0x0000,0x0000,0x0000,0x0000,0x0000,0x0000,0x0000,0x0000,0x0000,
    0x0000,0x0000,0x0000,0x0000,0x0000,0x0000,0x0000,0x0000,0x0000,0x0000,0x0000,0x0000,0x2005,0x38a3,0xfdc5,0xff6d,0xff6d,0xff6d,0xff6d,0xff6d,0xff6e,0xfc11,0xfc11,0xfc32,
    0xfc31,0xff6d,0xff6d,0xff6d,0xff6e,0xff6d,0xff6e,0xff6d,0x2824,0xfbd2,0xfc12,0xfc12,0xfc12,0xfc12,0xfc32,0xfbd2,0x2025,0xff6d,0xff6e,0xff6e,0xff6e,0xff6e,0xff6e,0xff6e,
    0xfc51,0xfc51,0xfc51,0xfc92,0xff6d,0xff6d,0xff6d,0xff6d,0xff6d,0xfeec,0x1844,0x2025,0x0000,0x0000,0x0000,0x0000,0x0000,0x0000,0x0000,0x0000,0x0000,0x0000,0x0000,0x0000,
    0x0000,0x0000,0x0000,0x0000,0x0000,0x0000,0x0000,0x0000,0x0000,0x0000,0x2025,0x1803,0x1824,0xf72e,0xff6d,0xff6d,0xff6d,0xff6e,0xff6d,0xff6d,0xff6d,0xff6d,0xff6d,0xff6d,
    0xff6d,0xff6d,0xff6d,0xff6e,0xff6d,0xff6e,0xff6d,0xff6e,0xfff0,0x1003,0xfc33,0xfc12,0xfc12,0xfc12,0xfc12,0x1803,0xffcf,0xff6e,0xff6d,0xff6e,0xff6e,0xff6e,0xff6e,0xff6e,
    0xff6d,0xff6d,0xff6e,0xff6d,0xff6d,0xff6d,0xff6d,0xff6d,0xff6d,0xff6d,0xff8d,0xff4b,0x2044,0x2806,0x0000,0x0000,0x0000,0x0000,0x0000,0x0000,0x0000,0x0000,0x0000,0x0000,
    0x0000,0x0000,0x0000,0x0000,0x0000,0x0000,0x0000,0x0000,0x0000,0x0000,0x2805,0x2824,0xff4c,0xff6d,0xff6d,0xff6d,0xff6d,0xff6d,0xff6d,0xff6d,0xff6d,0xff6d,0xff6d,0xff6d,
    0xff6d,0xff6d,0xff6e,0xff6e,0xff6d,0xff6e,0xff6e,0xff6e,0xff6e,0xf76f,0x2044,0x2024,0x2845,0x2824,0x1843,0xf72e,0xff6d,0xff6e,0xff6e,0xff6e,0xff6e,0xff6e,0xff6e,0xff6d,
    0xff6e,0xff6e,0xff6e,0xff6e,0xff6d,0xff6d,0xff6e,0xff6d,0xff6d,0xff6d,0xff6d,0xff4d,0x2864,0x2005,0x0000,0x0000,0x0000,0x0000,0x0000,0x0000,0x0000,0x0000,0x0000,0x0000,
    0x0000,0x0000,0x0000,0x0000,0x0000,0x0000,0x0000,0x0000,0x0000,0x2025,0x2044,0xff6e,0xff6d,0xff6d,0xff6d,0xff6d,0xff6d,0xff6d,0xff6d,0xff6e,0xff6d,0xff6e,0xff6d,0xff6d,
    0xff6d,0xff6d,0xff6e,0xff6e,0xff6e,0xff6e,0xff6e,0xff6e,0xff6e,0xff6d,0xff2e,0xf72d,0xff4e,0xff4d,0xff4d,0xff6d,0xff6e,0xff6e,0xff6e,0xff6e,0xff6e,0xff6e,0xff6e,0xff6e,
    0xff6e,0xff6e,0xff6e,0xff6e,0xff6e,0xff6e,0xff6e,0xff6e,0xff6d,0xff6d,0xff6d,0xff6d,0xff6d,0x2023,0x2004,0x0000,0x0000,0x0000,0x0000,0x0000,0x0000,0x0000,0x0000,0x0000,
    0x0000,0x0000,0x0000,0x0000,0x0000,0x0000,0x0000,0x0000,0x0000,0x1804,0x2845,0xff6d,0xff6e,0xff6d,0xff6d,0xff6d,0xff6d,0xff6d,0xff6e,0xff6e,0xff6e,0xff6d,0xff6d,0xff6e,
    0xff6e,0xff6e,0xff6e,0xff6e,0xff6e,0xff6e,0xff6e,0xff6e,0xff6e,0xff6e,0xff6e,0xff6e,0xff6e,0xff6e,0xff6e,0xff6e,0xff6e,0xff6e,0xff6e,0xff6e,0xff6e,0xff6e,0xff6e,0xff6e,
    0xff6e,0xff6e,0xff6e,0xff6e,0xff6e,0xff6e,0xff6e,0xff6d,0xff6d,0xff6d,0xff6d,0xff6d,0xff6d,0x2844,0x1803,0x0000,0x0000,0x0000,0x0000,0x0000,0x0000,0x0000,0x0000,0x0000,
    0x0000,0x0000,0x0000,0x0000,0x0000,0x0000,0x0000,0x0000,0x2806,0x2864,0xff4d,0xff6d,0xff6d,0xff6d,0xff6d,0xff6d,0xff6d,0xff6e,0xff6e,0xff6e,0xff6e,0xff6d,0xff6e,0xff6d,
    0xff6e,0xff6e,0xff6e,0xff6e,0xff6e,0xff6e,0xff6e,0xff6e,0xff6e,0xff6e,0xff6e,0xff6e,0xff6e,0xff6e,0xff6e,0xff6e,0xff6e,0xff6e,0xff6e,0xff6e,0xff6e,0xff6e,0xff6e,0xff6e,
    0xff6e,0xff6e,0xff6e,0xff6e,0xff6e,0xff6e,0xff6e,0xff6e,0xff4d,0xff6d,0xff6d,0xff6d,0xff6d,0xff6d,0x2845,0x2004,0x0000,0x0000,0x0000,0x0000,0x0000,0x0000,0x0000,0x0000,
    0x0000,0x0000,0x0000,0x0000,0x0000,0x0000,0x0000,0x0000,0x2005,0x2864,0xff6d,0xff6d,0xff6d,0xff6d,0xff6d,0xfe4a,0xff6d,0xff6d,0xff6e,0xff6e,0xff6e,0xff6e,0xff6e,0xff6e,
    0xff6e,0xff6e,0xff6e,0xff6e,0xff6e,0xff6e,0xff6e,0xff6e,0xff6e,0xff6e,0xff6e,0xff6e,0xff6e,0xff6e,0xff6e,0xff6e,0xff6e,0xff6e,0xff6e,0xff6e,0xff6e,0xff6e,0xff6e,0xff6e,
    0xff6e,0xff6e,0xff6e,0xff6e,0xff6e,0xff6e,0xff6e,0xff6d,0xfd40,0xff6d,0xff6d,0xff6d,0xff6d,0xff6e,0x1843,0x2004,0x0000,0x0000,0x0000,0x0000,0x0000,0x0000,0x0000,0x0000,
    0x0000,0x0000,0x0000,0x0000,0x0000,0x0000,0x0000,0x0000,0x2004,0x2063,0xff6d,0xff6d,0xff6d,0xff6d,0xfe29,0xfd40,0xff6d,0xff6d,0xff6e,0xff6e,0xff6e,0xff6e,0xff6e,0xff6e,
    0xff6e,0xff6e,0xff6e,0xff6e,0xff6e,0xff6e,0xff6e,0xff6e,0xff6e,0xff6e,0xff6e,0xff6e,0xff6e,0xff6e,0xff6e,0xff6e,0xff6e,0xff6e,0xff6e,0xff6e,0xff6e,0xff6e,0xff6e,0xff6e,
    0xff6e,0xff6e,0xff6e,0xff6e,0xff6d,0xff6e,0xff6d,0xff6d,0xfd20,0xfe89,0xfeec,0xff6d,0xff6d,0xff2c,0x2044,0x2004,0x0000,0x0000,0x0000,0x0000,0x0000,0x0000,0x0000,0x0000,
    0x0000,0x0000,0x0000,0x0000,0x0000,0x0000,0x0000,0x0000,0x2805,0x3045,0xfe49,0xfe6b,0xfe6b,0xfd20,0x3084,0x1804,0xff4d,0xff6d,0xff6e,0xff6e,0xff6e,0xff6e,0xff6e,0xff6e,
    0xff6e,0xff6e,0xff6e,0xff6e,0xff6e,0xff6e,0xff6e,0xff6e,0xff6e,0xff6e,0xff6e,0xff6e,0xff6e,0xff6e,0xff6e,0xff6e,0xff6e,0xff6e,0xff6e,0xff6e,0xff6e,0xff6e,0xff6e,0xff6e,
    0xff6e,0xff6e,0xff6e,0xff6e,0xff6d,0xff6d,0xff6d,0xff6f,0x2024,0x8a62,0xfd81,0xfe6b,0xfe4a,0x1844,0x2805,0x2004,0x0000,0x0000,0x0000,0x0000,0x0000,0x0000,0x0000,0x0000,
    0x0000,0x0000,0x0000,0x0000,0x0000,0x0000,0x0000,0x0000,0x0000,0x1804,0x2023,0xfe8b,0xfe6b,0xfd20,0x2003,0x1803,0xff4e,0xff6d,0xff6e,0xff6e,0xff6e,0xff6d,0xff6e,0xff6e,
    0xff6e,0xff6e,0xff6e,0xff6d,0xff6e,0xff6e,0xff6e,0xff6e,0xff6e,0xff6e,0xff6e,0xff6e,0xff6e,0xff6e,0xff6e,0xff6e,0xff6e,0xff6e,0xff6e,0xff6e,0xff6e,0xff6e,0xff6e,0xff6e,
    0xff6e,0xff6e,0xff6e,0xff6e,0xff6d,0xff6d,0xff6d,0xff6d,0xfe4a,0x2026,0x1804,0x2005,0x2006,0x1803,0x2005,0x0000,0x0000,0x0000,0x0000,0x0000,0x0000,0x0000,0x0000,0x0000,
    0x0000,0x0000,0x0000,0x0000,0x0000,0x0000,0x0000,0x0000,0x0000,0x1004,0x1824,0x2005,0x1804,0x2025,0x2005,0xfe4c,0xff6d,0xff6d,0xff6d,0xff6d,0xff6e,0xff6e,0xff6e,0xff6e,
    0xff6e,0xff6e,0xff6e,0xff6e,0xff6e,0xff6e,0xff6e,0xff6e,0xff6e,0xff6e,0xff6e,0xff6e,0xff6e,0xff6e,0xff6e,0xff6e,0xff6e,0xff6e,0xff6e,0xff6e,0xff6e,0xff6e,0xff6e,0xff6e,
    0xff6e,0xff6e,0xff6e,0xff6d,0xff6d,0xff6d,0xff6d,0xff6d,0xfe4c,0x2004,0x2025,0x2004,0x2004,0x2005,0x0000,0x0000,0x0000,0x0000,0x0000,0x0000,0x0000,0x0000,0x0000,0x0000,
    0x0000,0x0000,0x0000,0x0000,0x0000,0x0000,0x0000,0x0000,0x0000,0x0000,0x8852,0x7830,0x7831,0x2005,0x1803,0xfe2a,0xfe4a,0xff6d,0xff6d,0xff6d,0xff6d,0xff6d,0xff6e,0xff6e,
    0xff6e,0xff6e,0xff6e,0xff6e,0xff6e,0xff6e,0xff6e,0xff6e,0xff6e,0xff6e,0xff6e,0xff6e,0xff6e,0xff6e,0xff6e,0xff6e,0xff6e,0xff6e,0xff6e,0xff6e,0xff6e,0xff6e,0xff6e,0xff6e,
    0xff6e,0xff6e,0xff6d,0xff6d,0xff6d,0xff6d,0xff6e,0xfe4b,0xfe4a,0x2004,0x2005,0x0000,0x0000,0x0000,0x0000,0x0000,0x0000,0x0000,0x0000,0x0000,0x0000,0x0000,0x0000,0x0000,
    0x0000,0x0000,0x0000,0x0000,0x0000,0x0000,0x0000,0x0000,0x0000,0x0000,0x0000,0x0000,0x0000,0x1823,0x2004,0xee0b,0xfe4b,0xff8d,0xff6d,0xff6d,0xff6d,0xff6d,0xff6e,0xff6e,
    0xff6e,0xff6e,0xff6e,0xff6e,0xff6e,0xff6e,0xff6e,0xff6e,0xff6e,0xff6e,0xff6e,0xff6e,0xff6e,0xff6e,0xff6e,0xff6e,0xff6e,0xff6e,0xff6e,0xff6e,0xff6e,0xff6e,0xff6e,0xff6e,
    0xff6d,0xff6d,0xff6d,0xff6d,0xff6d,0xff6d,0xff6d,0xfe4b,0xe5ca,0x1803,0x1803,0x0000,0x0000,0x0000,0x0000,0x0000,0x0000,0x0000,0x0000,0x0000,0x0000,0x0000,0x0000,0x0000,
    0x0000,0x0000,0x0000,0x0000,0x0000,0x0000,0x0000,0x0000,0x0000,0x0000,0x0000,0x0000,0x0000,0x0000,0x1003,0x2005,0xfe6b,0xfe4b,0xfe4b,0xff6d,0xff6d,0xff6d,0xff6d,0xff6d,
    0xff6e,0xff6e,0xff6e,0xff6e,0xff6e,0xff6e,0xff6e,0xff6e,0xff6e,0xff6e,0xff6e,0xff6d,0xff6e,0xff6e,0xff6e,0xff6d,0xff6d,0xff6d,0xff6d,0xff6d,0xff6e,0xff6d,0xff6d,0xff6d,
    0xff6d,0xff6d,0xff6e,0xff6e,0xff6d,0xff0d,0xfe4b,0xfe2b,0x2004,0x2005,0x0000,0x0000,0x0000,0x0000,0x0000,0x0000,0x0000,0x0000,0x0000,0x0000,0x0000,0x0000,0x0000,0x0000,
    0x0000,0x0000,0x0000,0x0000,0x0000,0x0000,0x0000,0x0000,0x0000,0x0000,0x0000,0x0000,0x0000,0x0000,0x1803,0x2004,0x30e3,0xfe2b,0xfe4b,0xff6e,0xff6d,0xff6d,0xff6d,0xff6d,
    0xff6d,0xff6e,0xff6e,0xff6e,0xff6e,0xff6e,0xff6d,0xff6d,0xff6d,0xff6e,0xff6e,0xff6e,0xff6e,0xff6e,0xff6e,0xff6e,0xff6e,0xff6e,0xff6d,0xff6d,0xff6d,0xff6d,0xff6d,0xff6d,
    0xff6d,0xff6d,0xff6d,0xff4d,0xff4d,0xfe4b,0xfe2a,0x20a4,0x2024,0x2005,0x0000,0x0000,0x0000,0x0000,0x0000,0x0000,0x0000,0x0000,0x0000,0x0000,0x0000,0x0000,0x0000,0x0000,
    0x0000,0x0000,0x0000,0x0000,0x0000,0x0000,0x0000,0x0000,0x0000,0x0000,0x0000,0x0000,0x0000,0x0000,0x0000,0x1002,0x2004,0xb489,0xc509,0xfe6b,0xfe6b,0xff2c,0xff2d,0xff6d,
    0xff6d,0xff6d,0xff6d,0xff6e,0xff6e,0xff6e,0xff6e,0xff6e,0xff6e,0xff6e,0xff6e,0xff6e,0xff6e,0xff6e,0xff6e,0xff6e,0xff6e,0xff6e,0xff6e,0xff6d,0xff6d,0xff6d,0xff6d,0xff6d,
    0xff6d,0xff0c,0xff0c,0xfe6b,0xfe4b,0x9bc9,0xac4a,0x2004,0x1803,0x0000,0x0000,0x0000,0x0000,0x0000,0x0000,0x0000,0x0000,0x0000,0x0000,0x0000,0x0000,0x0000,0x0000,0x0000,
    0x0000,0x0000,0x0000,0x0000,0x0000,0x0000,0x0000,0x0000,0x0000,0x0000,0x0000,0x0000,0x0000,0x0000,0x0000,0x0000,0x0000,0x2005,0x2005,0x6a47,0x82c6,0xfe6b,0xfe6b,0xff2c,
    0xff2d,0xff6e,0xff6d,0xff6d,0xff4d,0xff4d,0xff4d,0xff4d,0xff4d,0xff4d,0xff4d,0xff4d,0xff4d,0xff4e,0xff4d,0xff4d,0xff4d,0xff4d,0xff4d,0xff4d,0xff6d,0xff6d,0xff6d,0xff4d,
    0xff4d,0xfe4b,0xfe4b,0x82a7,0x7266,0x1003,0x2005,0x0000,0x0000,0x0000,0x0000,0x0000,0x0000,0x0000,0x0000,0x0000,0x0000,0x0000,0x0000,0x0000,0x0000,0x0000,0x0000,0x0000,
    0x0000,0x0000,0x0000,0x0000,0x0000,0x0000,0x0000,0x0000,0x0000,0x0000,0x0000,0x0000,0x0000,0x0000,0x0000,0x0000,0x0000,0x0000,0x0000,0x2005,0x1804,0x49c4,0x51e4,0xfe8c,
    0xfe6b,0xfe8b,0xfe8c,0xfe8b,0xfe4b,0xfe4b,0xfe6b,0xfe4b,0xfe4b,0xfe4b,0xfe4b,0xfe4b,0xfe4b,0xfe4b,0xfe4b,0xfe4b,0xfe4b,0xfe4b,0xfe4b,0xfe4b,0xfeac,0xfeab,0xfe6b,0xfe4b,
    0xfe6b,0x51c5,0x6207,0x1804,0x2025,0x9053,0x0000,0x0000,0x0000,0x0000,0x0000,0x0000,0x0000,0x0000,0x0000,0x0000,0x0000,0x0000,0x0000,0x0000,0x0000,0x0000,0x0000,0x0000,
    0x0000,0x0000,0x0000,0x0000,0x0000,0x0000,0x0000,0x0000,0x0000,0x0000,0x0000,0x0000,0x0000,0x0000,0x0000,0x0000,0x0000,0x0000,0x0000,0x500b,0x2025,0x2025,0x4982,0xff8e,
    0xff6d,0xfeab,0xfe28,0xfe28,0xabe9,0xabe8,0xabe9,0xac09,0xac09,0xabe9,0xabe9,0xac09,0xac09,0xac09,0xac09,0xac29,0xb449,0xb44a,0xb46a,0xb449,0xfe08,0xfe48,0xfeab,0xff6d,
    0xfe6a,0x3942,0x2025,0x2004,0x580d,0x0000,0x0000,0x0000,0x0000,0x0000,0x0000,0x0000,0x0000,0x0000,0x0000,0x0000,0x0000,0x0000,0x0000,0x0000,0x0000,0x0000,0x0000,0x0000,
    0x0000,0x0000,0x0000,0x0000,0x0000,0x0000,0x0000,0x0000,0x0000,0x0000,0x0000,0x0000,0x0000,0x0000,0x0000,0x0000,0x0000,0x0000,0x0000,0x0000,0x2826,0x1803,0xff6d,0xff6d,
    0xff6d,0xff4d,0xfeec,0xfd40,0x2004,0x2025,0x2005,0x2005,0x2004,0x2005,0x2005,0x2004,0x2004,0x2004,0x2005,0x2004,0x2005,0x2004,0x2004,0x2825,0xf540,0xfee9,0xff6d,0xff6d,
    0xff6d,0xff6e,0x1824,0x2005,0x0000,0x0000,0x0000,0x0000,0x0000,0x0000,0x0000,0x0000,0x0000,0x0000,0x0000,0x0000,0x0000,0x0000,0x0000,0x0000,0x0000,0x0000,0x0000,0x0000,
    0x0000,0x0000,0x0000,0x0000,0x0000,0x0000,0x0000,0x0000,0x0000,0x0000,0x0000,0x0000,0x0000,0x0000,0x0000,0x0000,0x0000,0x0000,0x0000,0x0000,0x1824,0x2025,0xf4e0,0xff6d,
    0xff6d,0xff4d,0xfde4,0x1805,0x2004,0x0000,0x0000,0x0000,0x0000,0x0000,0x0000,0x0000,0x0000,0x0000,0x0000,0x0000,0x0000,0x0000,0x0000,0x2005,0x1005,0xfe69,0xff6d,0xff6d,
    0xff6d,0xf4c0,0x2024,0x2004,0x0000,0x0000,0x0000,0x0000,0x0000,0x0000,0x0000,0x0000,0x0000,0x0000,0x0000,0x0000,0x0000,0x0000,0x0000,0x0000,0x0000,0x0000,0x0000,0x0000,
    0x0000,0x0000,0x0000,0x0000,0x0000,0x0000,0x0000,0x0000,0x0000,0x0000,0x0000,0x0000,0x0000,0x0000,0x0000,0x0000,0x0000,0x0000,0x0000,0x0000,0x2045,0x2024,0x2806,0x2024,
    0x2024,0x2846,0x2025,0x2825,0x2004,0x0000,0x0000,0x0000,0x0000,0x0000,0x0000,0x0000,0x0000,0x0000,0x0000,0x0000,0x0000,0x0000,0x0000,0x2025,0x2826,0x2024,0x2845,0x2024,
    0x2045,0x2826,0x2004,0x2825,0x0000,0x0000,0x0000,0x0000,0x0000,0x0000,0x0000,0x0000,0x0000,0x0000,0x0000,0x0000,0x0000,0x0000,0x0000,0x0000,0x0000,0x0000,0x0000,0x0000,
    0x0000,0x0000,0x0000,0x0000,0x0000,0x0000,0x0000,0x0000,0x0000,0x0000,0x0000,0x0000,0x0000,0x0000,0x0000,0x0000,0x0000,0x0000,0x0000,0x0000,0x0000,0x0000,0x2005,0x2004,
    0x2805,0x2004,0x2004,0x2806,0x0000,0x0000,0x0000,0x0000,0x0000,0x0000,0x0000,0x0000,0x0000,0x0000,0x0000,0x0000,0x0000,0x0000,0x0000,0x0000,0x2806,0x2004,0x2004,0x2005,
    0x2004,0x2005,0x8832,0x0000,0x0000,0x0000,0x0000,0x0000,0x0000,0x0000,0x0000,0x0000,0x0000,0x0000,0x0000,0x0000,0x0000,0x0000,0x0000,0x0000,0x0000,0x0000,0x0000,0x0000,
    0x0000,0x0000,0x0000,0x0000,0x0000,0x0000,0x0000,0x0000,0x0000,0x0000,0x0000,0x0000,0x0000,0x0000,0x0000,0x0000,0x0000,0x0000,0x0000,0x0000,0x0000,0x0000,0x0000,0x0000,
    0x0000,0x0000,0x0000,0x0000,0x0000,0x0000,0x0000,0x0000,0x0000,0x0000,0x0000,0x0000,0x0000,0x0000,0x0000,0x0000,0x0000,0x0000,0x0000,0x0000,0x0000,0x0000,0x0000,0x0000,
    0x0000,0x0000,0x0000,0x0000,0x0000,0x0000,0x0000,0x0000,0x0000,0x0000,0x0000,0x0000,0x0000,0x0000,0x0000,0x0000,0x0000,0x0000,0x0000,0x0000,0x0000,0x0000,0x0000,0x0000,
    0x0000,0x0000,0x0000,0x0000,0x0000,0x0000,0x0000,0x0000,0x0000,0x0000,0x0000,0x0000,0x0000,0x0000,0x0000,0x0000,0x0000,0x0000,0x0000,0x0000,0x0000,0x0000,0x0000,0x0000,
    0x0000,0x0000,0x0000,0x0000,0x0000,0x0000,0x0000,0x0000,0x0000,0x0000,0x0000,0x0000,0x0000,0x0000,0x0000,0x0000,0x0000,0x0000,0x0000,0x0000,0x0000,0x0000,0x0000,0x0000,
    0x0000,0x0000,0x0000,0x0000,0x0000,0x0000,0x0000,0x0000,0x0000,0x0000,0x0000,0x0000,0x0000,0x0000,0x0000,0x0000,0x0000,0x0000,0x0000,0x0000,0x0000,0x0000,0x0000,0x0000,
    0x0000,0x0000,0x0000,0x0000,0x0000,0x0000,0x0000,0x0000,0x0000,0x0000,0x0000,0x0000,0x0000,0x0000,0x0000,0x0000,0x0000,0x0000,0x0000,0x0000,0x0000,0x0000,0x0000,0x0000,
    0x0000,0x0000,0x0000,0x0000,0x0000,0x0000,0x0000,0x0000,0x0000,0x0000,0x0000,0x0000,0x0000,0x0000,0x0000,0x0000,0x0000,0x0000,0x0000,0x0000,0x0000,0x0000,0x0000,0x0000,
    0x0000,0x0000,0x0000,0x0000,0x0000,0x0000,0x0000,0x0000,0x0000,0x0000,0x0000,0x0000,0x0000,0x0000,0x0000,0x0000,0x0000,0x0000,0x0000,0x0000,0x0000,0x0000,0x0000,0x0000,
  },
  /* reach_left */ {
    0x0000,0x0000,0x0000,0x0000,0x0000,0x0000,0x0000,0x0000,0x0000,0x0000,0x0000,0x0000,0x0000,0x0000,0x0000,0x0000,0x0000,0x0000,0x0000,0x0000,0x0000,0x0000,0x0000,0x0000,
    0x0000,0x0000,0x0000,0x0000,0x0000,0x0000,0x0000,0x0000,0x0000,0x0000,0x0000,0x0000,0x0000,0x0000,0x0000,0x0000,0x0000,0x0000,0x0000,0x0000,0x0000,0x0000,0x0000,0x0000,
    0x0000,0x0000,0x0000,0x0000,0x0000,0x0000,0x0000,0x0000,0x0000,0x0000,0x0000,0x0000,0x0000,0x0000,0x0000,0x0000,0x0000,0x0000,0x0000,0x0000,0x0000,0x0000,0x0000,0x0000,
    0x0000,0x0000,0x0000,0x0000,0x0000,0x0000,0x0000,0x0000,0x0000,0x0000,0x0000,0x0000,0x0000,0x0000,0x0000,0x0000,0x0000,0x0000,0x0000,0x0000,0x0000,0x0000,0x0000,0x0000,
    0x0000,0x0000,0x0000,0x0000,0x0000,0x0000,0x0000,0x0000,0x0000,0x0000,0x0000,0x0000,0x0000,0x0000,0x0000,0x0000,0x0000,0x0000,0x0000,0x0000,0x0000,0x0000,0x0000,0x0000,
    0x0000,0x0000,0x0000,0x0000,0x0000,0x0000,0x0000,0x0000,0x0000,0x0000,0x0000,0x0000,0x0000,0x0000,0x0000,0x0000,0x0000,0x0000,0x0000,0x0000,0x0000,0x0000,0x0000,0x0000,
    0x0000,0x0000,0x0000,0x0000,0x0000,0x0000,0x0000,0x0000,0x0000,0x0000,0x0000,0x0000,0x0000,0x0000,0x0000,0x0000,0x0000,0x0000,0x0000,0x0000,0x0000,0x0000,0x0000,0x0000,
    0x0000,0x0000,0x0000,0x0000,0x0000,0x0000,0x0000,0x0000,0x0000,0x0000,0x0000,0x0000,0x0000,0x0000,0x0000,0x0000,0x0000,0x0000,0x0000,0x0000,0x0000,0x0000,0x0000,0x0000,
    0x0000,0x0000,0x0000,0x0000,0x0000,0x0000,0x0000,0x0000,0x0000,0x0000,0x0000,0x0000,0x0000,0x0000,0x0000,0x0000,0x0000,0x0000,0x0000,0x0000,0x0000,0x0000,0x0000,0x0000,
    0x0000,0x0000,0x0000,0x0000,0x0000,0x0000,0x0000,0x0000,0x0000,0x0000,0x0000,0x0000,0x0000,0x0000,0x0000,0x0000,0x0000,0x0000,0x0000,0x0000,0x0000,0x0000,0x0000,0x0000,
    0x0000,0x0000,0x0000,0x0000,0x0000,0x0000,0x0000,0x0000,0x0000,0x0000,0x0000,0x0000,0x0000,0x0000,0x0000,0x0000,0x0000,0x0000,0x0000,0x0000,0x0000,0x0000,0x0000,0x0000,
    0x0000,0x0000,0x0000,0x0000,0x0000,0x0000,0x0000,0x0000,0x0000,0x0000,0x0000,0x0000,0x0000,0x0000,0x0000,0x0000,0x0000,0x0000,0x0000,0x0000,0x0000,0x0000,0x0000,0x0000,
    0x0000,0x0000,0x0000,0x0000,0x0000,0x0000,0x0000,0x0000,0x0000,0x0000,0x0000,0x0000,0x0000,0x0000,0x0000,0x0000,0x0000,0x0000,0x0000,0x0000,0x0000,0x0000,0x0000,0x0000,
    0x0000,0x0000,0x0000,0x0000,0x0000,0x0000,0x0000,0x0000,0x0000,0x0000,0x0000,0x0000,0x0000,0x0000,0x0000,0x0000,0x0000,0x0000,0x0000,0x0000,0x0000,0x0000,0x0000,0x0000,
    0x0000,0x0000,0x0000,0x0000,0x0000,0x0000,0x0000,0x0000,0x0000,0x0000,0x0000,0x0000,0x0000,0x0000,0x0000,0x0000,0x0000,0x0000,0x0000,0x0000,0x0000,0x0000,0x0000,0x0000,
    0x0000,0x0000,0x0000,0x0000,0x0000,0x0000,0x0000,0x0000,0x0000,0x0000,0x0000,0x0000,0x0000,0x0000,0x0000,0x0000,0x0000,0x0000,0x0000,0x0000,0x0000,0x0000,0x0000,0x0000,
    0x0000,0x0000,0x0000,0x0000,0x0000,0x0000,0x0000,0x0000,0x0000,0x0000,0x0000,0x0000,0x0000,0x0000,0x0000,0x0000,0x0000,0x0000,0x0000,0x0000,0x0000,0x0000,0x0000,0x0000,
    0x0000,0x0000,0x0000,0x0000,0x0000,0x0000,0x0000,0x0000,0x0000,0x0000,0x0000,0x0000,0x0000,0x0000,0x0000,0x0000,0x0000,0x0000,0x0000,0x0000,0x0000,0x0000,0x0000,0x0000,
    0x0000,0x0000,0x0000,0x0000,0x0000,0x0000,0x0000,0x0000,0x0000,0x0000,0x0000,0x0000,0x0000,0x0000,0x0000,0x0000,0x0000,0x0000,0x0000,0x0000,0x0000,0x0000,0x0000,0x0000,
    0x0000,0x0000,0x0000,0x0000,0x0000,0x0000,0x0000,0x0000,0x0000,0x0000,0x0000,0x0000,0x0000,0x0000,0x0000,0x0000,0x0000,0x0000,0x0000,0x0000,0x0000,0x0000,0x0000,0x0000,
    0x0000,0x0000,0x0000,0x0000,0x0000,0x0000,0x0000,0x0000,0x0000,0x0000,0x0000,0x0000,0x0000,0x0000,0x0000,0x0000,0x0000,0x0000,0x0000,0x0000,0x0000,0x0000,0x0000,0x0000,
    0x0000,0x0000,0x0000,0x0000,0x0000,0x0000,0x0000,0x0000,0x0000,0x0000,0x0000,0x0000,0x0000,0x0000,0x0000,0x0000,0x0000,0x0000,0x0000,0x0000,0x0000,0x0000,0x0000,0x0000,
    0x0000,0x0000,0x0000,0x0000,0x0000,0x0000,0x0000,0x0000,0x0000,0x0000,0x0000,0x0000,0x0000,0x0000,0x0000,0x0000,0x0000,0x0000,0x0000,0x0000,0x0000,0x0000,0x0000,0x0000,
    0x0000,0x0000,0x0000,0x0000,0x0000,0x0000,0x0000,0x0000,0x0000,0x0000,0x0000,0x0000,0x0000,0x0000,0x0000,0x0000,0x0000,0x0000,0x0000,0x0000,0x0000,0x0000,0x0000,0x0000,
    0x0000,0x0000,0x0000,0x0000,0x0000,0x0000,0x0000,0x0000,0x0000,0x0000,0x0000,0x0000,0x0000,0x0000,0x0000,0x0000,0x0000,0x0000,0x0000,0x0000,0x0000,0x0000,0x0000,0x0000,
    0x0000,0x0000,0x0000,0x0000,0x0000,0x0000,0x0000,0x0000,0x0000,0x0000,0x0000,0x0000,0x0000,0x0000,0x0000,0x0000,0x0000,0x0000,0x0000,0x0000,0x0000,0x0000,0x0000,0x0000,
    0x0000,0x0000,0x0000,0x0000,0x0000,0x0000,0x0000,0x0000,0x0000,0x0000,0x0000,0x0000,0x0000,0x0000,0x0000,0x0000,0x0000,0x0000,0x0000,0x0000,0x0000,0x0000,0x0000,0x0000,
    0x0000,0x0000,0x0000,0x0000,0x0000,0x0000,0x0000,0x0000,0x0000,0x0000,0x0000,0x0000,0x0000,0x0000,0x0000,0x0000,0x0000,0x0000,0x0000,0x0000,0x0000,0x0000,0x0000,0x0000,
    0x0000,0x0000,0x0000,0x0000,0x0000,0x0000,0x0000,0x0000,0x0000,0x0000,0x0000,0x0000,0x0000,0x0000,0x0000,0x0000,0x0000,0x0000,0x0000,0x0000,0x0000,0x0000,0x0000,0x0000,
    0x0000,0x0000,0x0000,0x0000,0x0000,0x0000,0x0000,0x0000,0x0000,0x0000,0x0000,0x0000,0x0000,0x0000,0x0000,0x0000,0x0000,0x0000,0x0000,0x0000,0x0000,0x0000,0x0000,0x0000,
    0x0000,0x0000,0x0000,0x0000,0x0000,0x0000,0x0000,0x0000,0x0000,0x0000,0x0000,0x0000,0x0000,0x0000,0x0000,0x0000,0x0000,0x0000,0x0000,0x0000,0x0000,0x0000,0x0000,0x0000,
    0x0000,0x0000,0x0000,0x0000,0x0000,0x0000,0x0000,0x0000,0x0000,0x0000,0x0000,0x0000,0x0000,0x0000,0x0000,0x0000,0x0000,0x0000,0x0000,0x0000,0x0000,0x0000,0x0000,0x0000,
    0x0000,0x0000,0x0000,0x0000,0x0000,0x0000,0x0000,0x0000,0x0000,0x0000,0x0000,0x0000,0x0000,0x0000,0x0000,0x0000,0x0000,0x0000,0x0000,0x0000,0x0000,0x0000,0x0000,0x0000,
    0x0000,0x0000,0x0000,0x0000,0x0000,0x0000,0x0000,0x0000,0x0000,0x0000,0x0000,0x0000,0x0000,0x0000,0x0000,0x0000,0x0000,0x0000,0x0000,0x0000,0x0000,0x0000,0x0000,0x0000,
    0x0000,0x0000,0x0000,0x0000,0x0000,0x0000,0x0000,0x0000,0x0000,0x0000,0x0000,0x0000,0x0000,0x0000,0x0000,0x0000,0x0000,0x0000,0x0000,0x0000,0x0000,0x0000,0x0000,0x0000,
    0x0000,0x0000,0x0000,0x0000,0x0000,0x0000,0x0000,0x0000,0x0000,0x0000,0x0000,0x0000,0x0000,0x0000,0x0000,0x0000,0x0000,0x0000,0x0000,0x0000,0x0000,0x0000,0x0000,0x0000,
    0x0000,0x0000,0x0000,0x0000,0x0000,0x0000,0x0000,0x0000,0x0000,0x0000,0x0000,0x0000,0x0000,0x0000,0x0000,0x0000,0x0000,0x0000,0x0000,0x0000,0x0000,0x0000,0x0000,0x0000,
    0x0000,0x0000,0x0000,0x0000,0x0000,0x0000,0x0000,0x0000,0x0000,0x0000,0x0000,0x0000,0x0000,0x0000,0x0000,0x0000,0x0000,0x0000,0x0000,0x0000,0x0000,0x0000,0x0000,0x0000,
    0x0000,0x0000,0x0000,0x0000,0x0000,0x0000,0x0000,0x0000,0x0000,0x0000,0x0000,0x0000,0x0000,0x0000,0x0000,0x0000,0x0000,0x0000,0x0000,0x0000,0x0000,0x0000,0x0000,0x0000,
    0x0000,0x0000,0x0000,0x0000,0x0000,0x0000,0x0000,0x0000,0x0000,0x0000,0x0000,0x0000,0x0000,0x0000,0x0000,0x0000,0x0000,0x0000,0x0000,0x0000,0x0000,0x0000,0x0000,0x0000,
    0x0000,0x0000,0x0000,0x0000,0x0000,0x0000,0x0000,0x0000,0x0000,0x0000,0x0000,0x0000,0x0000,0x0000,0x0000,0x0000,0x0000,0x0000,0x0000,0x0000,0x0000,0x0000,0x0000,0x0000,
    0x0000,0x0000,0x0000,0x0000,0x0000,0x0000,0x0000,0x0000,0x0000,0x0000,0x0000,0x0000,0x0000,0x0000,0x0000,0x0000,0x0000,0x0000,0x0000,0x0000,0x0000,0x0000,0x0000,0x0000,
    0x0000,0x0000,0x0000,0x0000,0x0000,0x0000,0x0000,0x0000,0x0000,0x0000,0x0000,0x0000,0x0000,0x0000,0x0000,0x0000,0x0000,0x0000,0x0000,0x0000,0x0000,0x0000,0x0000,0x0000,
    0x0000,0x0000,0x0000,0x0000,0x0000,0x0000,0x0000,0x0000,0x0000,0x0000,0x0000,0x0000,0x0000,0x0000,0x0000,0x0000,0x0000,0x0000,0x0000,0x0000,0x0000,0x2004,0x2025,0x2825,
    0x2004,0x2004,0x2025,0x2025,0x0000,0x0000,0x0000,0x0000,0x0000,0x0000,0x0000,0x0000,0x0000,0x0000,0x0000,0x0000,0x0000,0x0000,0x0000,0x0000,0x0000,0x0000,0x0000,0x0000,
    0x0000,0x0000,0x0000,0x0000,0x0000,0x0000,0x0000,0x0000,0x0000,0x0000,0x0000,0x0000,0x0000,0x0000,0x0000,0x0000,0x0000,0x0000,0x0000,0x0000,0x0000,0x0000,0x0000,0x0000,
    0x0000,0x0000,0x0000,0x0000,0x0000,0x0000,0x0000,0x0000,0x0000,0x0000,0x0000,0x0000,0x0000,0x0000,0x0000,0x0000,0x0000,0x0000,0x0000,0x2805,0x1803,0x1823,0x1002,0x1002,
    0x1823,0x1002,0x1002,0x2004,0x0000,0x0000,0x0000,0x0000,0x0000,0x0000,0x0000,0x0000,0x0000,0x0000,0x0000,0x0000,0x0000,0x0000,0x0000,0x0000,0x0000,0x0000,0x0000,0x0000,
    0x0000,0x0000,0x0000,0x0000,0x0000,0x0000,0x0000,0x0000,0x0000,0x0000,0x0000,0x0000,0x0000,0x0000,0x0000,0x0000,0x0000,0x0000,0x0000,0x0000,0x0000,0x0000,0x0000,0x0000,
    0x0000,0x0000,0x0000,0x0000,0x0000,0x0000,0x0000,0x0000,0x0000,0x0000,0x0000,0x0000,0x0000,0x0000,0x0000,0x0000,0x0000,0x2825,0x2806,0x2a05,0x2a25,0x664b,0x664b,0x664b,
    0x664b,0x664b,0x4ca9,0x1804,0x0000,0x0000,0x0000,0x0000,0x0000,0x0000,0x0000,0x0000,0x0000,0x0000,0x0000,0x0000,0x0000,0x0000,0x0000,0x0000,0x0000,0x0000,0x0000,0x0000,
    0x0000,0x0000,0x0000,0x0000,0x0000,0x0000,0x0000,0x0000,0x0000,0x0000,0x0000,0x0000,0x0000,0x0000,0x0000,0x0000,0x0000,0x0000,0x0000,0x0000,0x0000,0x0000,0x0000,0x0000,
    0x0000,0x0000,0x0000,0x0000,0x0000,0x0000,0x0000,0x0000,0x0000,0x0000,0x2806,0x2004,0x2024,0x2826,0x0000,0x0000,0x0000,0x2004,0x2845,0x5e4b,0x5e4b,0x5e2b,0x664b,0x560b,
    0x664b,0x5e4b,0x3c88,0x2004,0x0000,0x0000,0x0000,0x0000,0x0000,0x0000,0x0000,0x0000,0x0000,0x0000,0x0000,0x0000,0x0000,0x0000,0x0000,0x0000,0x0000,0x0000,0x0000,0x0000,
    0x0000,0x0000,0x0000,0x0000,0x0000,0x0000,0x0000,0x0000,0x0000,0x0000,0x0000,0x0000,0x0000,0x0000,0x0000,0x0000,0x0000,0x0000,0x0000,0x0000,0x0000,0x0000,0x0000,0x0000,
    0x0000,0x0000,0x0000,0x0000,0x0000,0x0000,0x0000,0x0000,0x0000,0x2005,0x2024,0x5eac,0x66ed,0x2a66,0x1804,0x0000,0x2806,0x2024,0x5e6b,0x664b,0x5e4b,0x45cb,0x45aa,0x664b,
    0x664b,0x666c,0x3c68,0x2004,0x0000,0x0000,0x0000,0x0000,0x0000,0x0000,0x0000,0x0000,0x0000,0x0000,0x0000,0x0000,0x0000,0x0000,0x0000,0x0000,0x0000,0x0000,0x0000,0x0000,
    0x0000,0x0000,0x0000,0x0000,0x0000,0x0000,0x0000,0x0000,0x0000,0x0000,0x0000,0x0000,0x0000,0x0000,0x0000,0x0000,0x0000,0x0000,0x0000,0x0000,0x0000,0x0000,0x0000,0x0000,
    0x0000,0x0000,0x0000,0x0000,0x0000,0x0000,0x0000,0x0000,0x0000,0x2805,0x1823,0x5e6b,0x5e4b,0x5e4b,0x1002,0x2004,0x1804,0x42e8,0x664b,0x664b,0x358a,0x2d6a,0x666c,0x5e4b,
    0x664b,0x4cca,0x2805,0x0000,0x0000,0x0000,0x0000,0x0000,0x0000,0x0000,0x0000,0x0000,0x0000,0x0000,0x0000,0x0000,0x0000,0x0000,0x0000,0x0000,0x0000,0x0000,0x0000,0x0000,
    0x0000,0x0000,0x0000,0x0000,0x0000,0x0000,0x0000,0x0000,0x0000,0x0000,0x0000,0x0000,0x0000,0x0000,0x0000,0x0000,0x0000,0x0000,0x0000,0x0000,0x0000,0x0000,0x0000,0x0000,
    0x0000,0x0000,0x0000,0x0000,0x0000,0x0000,0x0000,0x3808,0x3809,0x1804,0x2025,0x354a,0x5e4b,0x666c,0x1804,0x2005,0x1804,0x664b,0x664b,0x3d6b,0x666b,0x5e4b,0x664b,0x666b,
    0x252a,0x1804,0x3006,0x0000,0x0000,0x0000,0x0000,0x0000,0x0000,0x0000,0x0000,0x0000,0x0000,0x0000,0x0000,0x0000,0x0000,0x0000,0x0000,0x0000,0x0000,0x0000,0x0000,0x0000,
    0x0000,0x0000,0x0000,0x0000,0x0000,0x0000,0x0000,0x0000,0x0000,0x0000,0x0000,0x0000,0x0000,0x0000,0x0000,0x0000,0x0000,0x0000,0x0000,0x0000,0x0000,0x0000,0x0000,0x0000,
    0x0000,0x0000,0x0000,0x0000,0x1004,0x1806,0x0803,0x2005,0x2005,0x2005,0x2004,0x1804,0x3e2b,0x664b,0x5e2b,0x2005,0x18a4,0x664b,0x45cb,0x666c,0x5e4b,0x5e6b,0x5e4b,0x356a,
    0x1003,0x2005,0x0000,0x0000,0x0000,0x0000,0x0000,0x0000,0x0000,0x0000,0x0000,0x0000,0x0000,0x0000,0x0000,0x0000,0x0000,0x0000,0x0000,0x0000,0x0000,0x0000,0x0000,0x0000,
    0x0000,0x0000,0x0000,0x0000,0x0000,0x0000,0x0000,0x0000,0x0000,0x0000,0x0000,0x0000,0x0000,0x0000,0x0000,0x0000,0x0000,0x0000,0x0000,0x0000,0x0000,0x0000,0x0000,0x0000,
    0x0000,0x0000,0x3027,0x2826,0x1804,0x2805,0x1823,0xf609,0xf6ab,0xf74e,0xf68b,0xf64a,0x3e2b,0x564b,0x4deb,0x2005,0x18a4,0x5e2c,0x358a,0x35aa,0x354a,0x358a,0x18e5,0x2826,
    0x2024,0x0000,0x0000,0x0000,0x0000,0x0000,0x0000,0x0000,0x0000,0x0000,0x0000,0x0000,0x0000,0x0000,0x0000,0x0000,0x0000,0x0000,0x0000,0x0000,0x0000,0x0000,0x0000,0x0000,
    0x0000,0x0000,0x0000,0x0000,0x0000,0x0000,0x0000,0x0000,0x0000,0x0000,0x0000,0x0000,0x0000,0x0000,0x0000,0x0000,0x0000,0x0000,0x0000,0x0000,0x0000,0x0000,0x0000,0x0000,
    0x0000,0x2805,0x2024,0x2825,0xffac,0xff6e,0xff6e,0xff6d,0xff6d,0xff6d,0xff6d,0xff6d,0xff6e,0xff6d,0xfecb,0x2844,0x2105,0x45ab,0x3d6a,0x2846,0x2805,0x1804,0x2004,0x2005,
    0x0000,0x0000,0x0000,0x0000,0x0000,0x0000,0x0000,0x0000,0x0000,0x0000,0x0000,0x0000,0x0000,0x0000,0x0000,0x0000,0x0000,0x0000,0x0000,0x0000,0x0000,0x0000,0x0000,0x0000,
    0x0000,0x0000,0x0000,0x0000,0x0000,0x0000,0x0000,0x0000,0x0000,0x0000,0x0000,0x0000,0x0000,0x0000,0x0000,0x0000,0x0000,0x0000,0x0000,0x0000,0x0000,0x0000,0x0000,0x2825,
    0x1804,0x0803,0xff4e,0xff4c,0xff6e,0xffde,0xff6d,0xff6d,0xff6d,0xff6d,0xff6d,0xff6d,0xff6d,0xff6d,0xff6e,0xff6d,0xff6e,0xf68a,0x358a,0x0803,0x1002,0x2004,0x2805,0x0000,
    0x0000,0x0000,0x0000,0x0000,0x0000,0x0000,0x0000,0x0000,0x0000,0x0000,0x0000,0x0000,0x0000,0x0000,0x0000,0x0000,0x0000,0x0000,0x0000,0x0000,0x0000,0x0000,0x0000,0x0000,
    0x0000,0x0000,0x0000,0x0000,0x0000,0x0000,0x0000,0x0000,0x0000,0x0000,0x0000,0x0000,0x0000,0x0000,0x0000,0x0000,0x0000,0x0000,0x0000,0x0000,0x0000,0x9011,0x2004,0x2024,
    0x6227,0xff4c,0xff93,0xfffe,0xfffd,0xffda,0xff6d,0xff6d,0xff6d,0xff6e,0xff6e,0xff6d,0xff6d,0xff6d,0xff6d,0xff6d,0xff6d,0xff6d,0xff6d,0xff6d,0xfe8b,0x5144,0x2024,0x2005,
    0x0000,0x0000,0x0000,0x0000,0x0000,0x0000,0x0000,0x0000,0x0000,0x0000,0x0000,0x0000,0x0000,0x0000,0x0000,0x0000,0x0000,0x0000,0x0000,0x0000,0x0000,0x0000,0x0000,0x0000,
    0x0000,0x0000,0x0000,0x0000,0x0000,0x0000,0x0000,0x0000,0x0000,0x0000,0x3047,0x3026,0x2025,0x3027,0x2825,0x0000,0x0000,0x0000,0x0000,0x0000,0x1003,0x2025,0x61e4,0x7287,
    0xff6d,0xff92,0xffff,0xff8f,0xff6e,0xff6d,0xff6d,0xff6e,0xff6e,0xff6e,0xff6e,0xff6e,0xff6e,0xff6e,0xff6d,0xff6e,0xff6e,0xff6d,0xff6d,0xff6d,0xff6d,0xff4d,0x2804,0x1804,
    0x480a,0x680c,0x0000,0x0000,0x0000,0x0000,0x0000,0x0000,0x0000,0x0000,0x0000,0x0000,0x0000,0x0000,0x0000,0x0000,0x0000,0x0000,0x0000,0x0000,0x0000,0x0000,0x0000,0x0000,
    0x0000,0x0000,0x0000,0x0000,0x0000,0x0000,0x0000,0x0000,0x0000,0x1803,0x2004,0x2825,0x1823,0x2825,0x1803,0x1003,0x0000,0x0000,0x0000,0x0803,0x1804,0xf76f,0xff6e,0xff6d,
    0xff6d,0xff6d,0xff6e,0xff6d,0xff6d,0xff6e,0xff6e,0xff6e,0xff6e,0xff6e,0xff6e,0xff6e,0xff6e,0xff6e,0xff6e,0xff6e,0xff6e,0xff6d,0xff6e,0xff6d,0xff6d,0xff6d,0xff6d,0xde6e,
    0x1843,0x1803,0x680e,0x0000,0x0000,0x0000,0x0000,0x0000,0x0000,0x0000,0x0000,0x0000,0x0000,0x0000,0x0000,0x0000,0x0000,0x0000,0x0000,0x0000,0x0000,0x0000,0x0000,0x0000,
    0x0000,0x0000,0x0000,0x0000,0x0000,0x0000,0x0000,0x0000,0x1805,0x2805,0x1823,0x3043,0xff6e,0xff6d,0x2805,0x2806,0x480a,0x0000,0x3007,0x2805,0x93a9,0xff8c,0xff6d,0xff6d,
    0xff6d,0xff6d,0xff6d,0xff6d,0xff6d,0xff6d,0xff6e,0xff8e,0xff6e,0xff6e,0xff6e,0xff6e,0xff6e,0xff6e,0xff6e,0xff6e,0xff6e,0xff8e,0xff6e,0xff6e,0xff6d,0xff6d,0xff6d,0xff6e,
    0xffb0,0x1804,0x2805,0x7811,0x0000,0x0000,0x0000,0x0000,0x0000,0x0000,0x0000,0x0000,0x0000,0x0000,0x0000,0x0000,0x0000,0x0000,0x0000,0x0000,0x0000,0x0000,0x0000,0x0000,
    0x0000,0x0000,0x0000,0x0000,0x0000,0x0000,0x0000,0x0000,0x2005,0x2005,0xff6c,0xff6e,0xff6d,0xff6d,0xff6e,0x2005,0x1804,0x0000,0x2005,0x0803,0xff8e,0xff6d,0xff6d,0xff6d,
    0xff6d,0xff8e,0x1003,0x1824,0x1003,0xff6e,0xff6d,0xff6e,0xff6e,0xff6e,0xff6e,0xff6e,0xff6e,0xff6e,0xff6e,0xff6e,0xff6e,0xff6e,0xff6e,0xff6e,0xff6e,0xff6e,0xff6e,0xff6d,
    0xff6d,0xfff0,0x8285,0x2005,0x0000,0x0000,0x0000,0x0000,0x0000,0x0000,0x0000,0x0000,0x0000,0x0000,0x0000,0x0000,0x0000,0x0000,0x0000,0x0000,0x0000,0x0000,0x0000,0x0000,
    0x0000,0x0000,0x0000,0x0000,0x0000,0x0000,0x0000,0x0000,0x2004,0x1823,0xff6e,0xff6d,0xff6d,0xff6d,0xff6e,0xff8d,0x2004,0x2005,0x1804,0xff6c,0xff6d,0xff6d,0xff6d,0xff6d,
    0xf74e,0x3066,0xffbe,0x0801,0x2024,0x2064,0xff8e,0xff6e,0xff8e,0xff6e,0xff6e,0xff6e,0xff6e,0xff6e,0xff6e,0xff6e,0xff6e,0xff6e,0xff6e,0xff6e,0xff6e,0xff6e,0xff6e,0xff6d,
    0xff6d,0xff6d,0xd54a,0x2806,0x3007,0x0000,0x0000,0x0000,0x0000,0x0000,0x0000,0x0000,0x0000,0x0000,0x0000,0x0000,0x0000,0x0000,0x0000,0x0000,0x0000,0x0000,0x0000,0x0000,
    0x0000,0x0000,0x0000,0x0000,0x0000,0x0000,0x0000,0x0000,0x2005,0x2825,0xff6d,0xff6d,0xff6d,0xff6e,0xff6d,0xff4d,0x28a3,0x1824,0x38e3,0xff6d,0xff6d,0xff6d,0xff6d,0xff6d,
    0xff4e,0x1824,0xffbf,0x1002,0x2004,0x1823,0xff6d,0xff8e,0xff6e,0xff6e,0xff6e,0xff6e,0xff6e,0xff6e,0xff6e,0xff6e,0xff6e,0xff6e,0xff6e,0xff6e,0xff6e,0xff6e,0xff6e,0xff6e,
    0xff6e,0xff6d,0xff6d,0x30e4,0x1804,0x0000,0x0000,0x0000,0x0000,0x0000,0x0000,0x0000,0x0000,0x0000,0x0000,0x0000,0x0000,0x0000,0x0000,0x0000,0x0000,0x0000,0x0000,0x0000,
    0x0000,0x0000,0x0000,0x0000,0x0000,0x0000,0x0000,0x0000,0x0000,0x2004,0x1003,0xff6d,0xff6e,0xff8e,0xff6d,0xff6e,0xff4f,0x1843,0xff2c,0xff6d,0xff6d,0xff6d,0xff6d,0xff6d,
    0xff4c,0x2004,0x2024,0x2024,0x2004,0x2025,0xff8e,0xff6e,0xff6d,0xff6e,0xff6e,0xff6e,0xff6e,0xff6e,0xff6e,0xff6e,0xff6e,0xff6e,0xff6e,0xff6e,0xff8e,0xff6e,0xff6e,0xff6e,
    0xff6e,0xff6e,0xff6e,0x3144,0x1804,0x3027,0x0000,0x0000,0x0000,0x0000,0x0000,0x0000,0x0000,0x0000,0x0000,0x0000,0x0000,0x0000,0x0000,0x0000,0x0000,0x0000,0x0000,0x0000,
    0x0000,0x0000,0x0000,0x0000,0x0000,0x0000,0x0000,0x0000,0x0000,0x2005,0x1823,0xff8e,0xff6d,0xff6e,0xff6e,0xff6e,0xff6d,0xfeeb,0xff6d,0xff6d,0xff6d,0xff6d,0xff6d,0xff6d,
    0xff6e,0x28c3,0x2004,0x2004,0x3142,0x3944,0xff6d,0xff6d,0xff6e,0xff6e,0xff6e,0xff6e,0xff6d,0xff6e,0xff6e,0xff6e,0xff6e,0xff6e,0xff8e,0xff8e,0xff6e,0xff6e,0xff6e,0xff6e,
    0xff6e,0xff6e,0xff6d,0xff6d,0x1004,0x2005,0x0000,0x0000,0x0000,0x0000,0x0000,0x0000,0x0000,0x0000,0x0000,0x0000,0x0000,0x0000,0x0000,0x0000,0x0000,0x0000,0x0000,0x0000,
    0x0000,0x0000,0x0000,0x0000,0x0000,0x0000,0x0000,0x0000,0x0000,0x0000,0x2825,0x6b07,0xff6d,0xff6e,0xff6e,0xff6e,0xff6d,0xff6d,0xff6d,0xff6d,0xff6d,0xff6d,0xff4d,0xff6d,
    0xff6d,0xff8e,0xb52a,0xbd4b,0xffad,0xff6d,0xff6d,0xff6d,0xff8e,0xff6e,0xff6d,0xff6d,0xff6e,0xff6e,0xff6e,0xff6d,0xff6e,0xff6d,0x1843,0x1842,0xff90,0xff6e,0xff6d,0xff6e,
    0xff6e,0xff6d,0xff6e,0xff6e,0x1003,0x2005,0x0000,0x0000,0x0000,0x0000,0x0000,0x0000,0x0000,0x0000,0x0000,0x0000,0x0000,0x0000,0x0000,0x0000,0x0000,0x0000,0x0000,0x0000,
    0x0000,0x0000,0x0000,0x0000,0x0000,0x0000,0x0000,0x0000,0x0000,0x0000,0x2004,0x7b06,0xff8e,0xff6e,0xff6e,0xff6e,0xff6e,0xff6d,0xff6d,0xff8c,0xfc32,0xfc12,0xfc32,0xfecf,
    0xff6d,0xff6d,0xff6e,0xff6d,0xff6d,0xff6d,0x2024,0xe70f,0xff8d,0xff6d,0xff6d,0xff8e,0xff6e,0xff6e,0xff6d,0xff6d,0xff6d,0x1003,0xffff,0x1803,0x1804,0xff6d,0xff6d,0xff6e,
    0xff6e,0xff6d,0xff6d,0xff6d,0xfeec,0x1823,0x2004,0x0000,0x0000,0x0000,0x0000,0x0000,0x0000,0x0000,0x0000,0x0000,0x0000,0x0000,0x0000,0x0000,0x0000,0x0000,0x0000,0x0000,
    0x0000,0x0000,0x0000,0x0000,0x0000,0x0000,0x0000,0x0000,0x0000,0x0000,0x580b,0x2005,0xffce,0xff6d,0xff6d,0xff6d,0xff6d,0xff6d,0xff8e,0xfc12,0xfc12,0xfc32,0xfc32,0xfc32,
    0xff8e,0xff6d,0xff6d,0xff6d,0xff6d,0xff4c,0x2025,0x2025,0x1823,0x2845,0xff6d,0xff8e,0xff6d,0xff6d,0xff6d,0xff6d,0xff6e,0x2825,0x2024,0x1804,0x2004,0xff6d,0xff6d,0xff6e,
    0xff6d,0xff6e,0xff6e,0xff6d,0xff6d,0x2024,0x1804,0x0000,0x0000,0x0000,0x0000,0x0000,0x0000,0x0000,0x0000,0x0000,0x0000,0x0000,0x0000,0x0000,0x0000,0x0000,0x0000,0x0000,
    0x0000,0x0000,0x0000,0x0000,0x0000,0x0000,0x0000,0x0000,0x0000,0x0000,0x502a,0x2005,0xfe86,0xff6e,0xff6d,0xff6d,0xff6d,0xff6d,0xff8e,0xfbf2,0xfc12,0xfc32,0xfc32,0xfc32,
    0xff8e,0xff6d,0xff6e,0xff6e,0xff6e,0x2024,0x2004,0x2004,0x2024,0x2004,0x2825,0x2004,0x2024,0xff4c,0xff6d,0xff6d,0xff6d,0x1822,0x1824,0x2004,0x2004,0xff6e,0xff6d,0xff6d,
    0xff6d,0xff6e,0xff6d,0xff6d,0xff6d,0xf608,0x2005,0x1805,0x0000,0x0000,0x0000,0x0000,0x0000,0x0000,0x0000,0x0000,0x0000,0x0000,0x0000,0x0000,0x0000,0x0000,0x0000,0x0000,
    0x0000,0x0000,0x0000,0x0000,0x0000,0x0000,0x0000,0x0000,0x0000,0x0000,0x0000,0x1002,0x1823,0xfe28,0xff6d,0xff6d,0xff6d,0xff6d,0xff8d,0xfc12,0xfc12,0xfc12,0xfc12,0xfc32,
    0xffae,0xff6d,0xff6e,0xff6e,0xff6e,0x2024,0x2004,0x1804,0x2004,0x2005,0x2004,0x2004,0x2004,0x2024,0x4185,0xff6d,0xff6d,0xf74e,0x1823,0x2825,0xff70,0xff6d,0xff6d,0xff6d,
    0xff6e,0xff6e,0xff6e,0xff6d,0xff6d,0xff4d,0x2004,0x2806,0x0000,0x0000,0x0000,0x0000,0x0000,0x0000,0x0000,0x0000,0x0000,0x0000,0x0000,0x0000,0x0000,0x0000,0x0000,0x0000,
    0x0000,0x0000,0x0000,0x0000,0x0000,0x0000,0x0000,0x0000,0x0000,0x0000,0x0000,0x1002,0x2004,0xfde1,0xfe8a,0xff6d,0xff6d,0xff6d,0xff6d,0xff8d,0xfc32,0xfc12,0xfc32,0xff8e,
    0xff6d,0xff6e,0xff6e,0xff6e,0xff6e,0x2024,0x2004,0x1003,0xf20e,0xf28f,0xa96a,0x2004,0x2004,0x2024,0x4a04,0xff8e,0xff6d,0xff6d,0xff6d,0xff6e,0xff8e,0xff6d,0xff6d,0xff6e,
    0xff6e,0xff6d,0xff6d,0xff6d,0xff6d,0xff4e,0x2005,0x1804,0x0000,0x0000,0x0000,0x0000,0x0000,0x0000,0x0000,0x0000,0x0000,0x0000,0x0000,0x0000,0x0000,0x0000,0x0000,0x0000,
    0x0000,0x0000,0x0000,0x0000,0x0000,0x0000,0x0000,0x0000,0x0000,0x0000,0x0000,0x0000,0x2025,0x2005,0xf5c5,0xff6d,0xff6d,0xff6d,0xff6d,0xff6d,0xff6d,0xff6d,0xff6d,0xff6d,
    0xff6e,0xff6e,0xff6e,0xff6e,0xff6d,0x2023,0x3865,0xf28f,0xfc12,0xfbf2,0xfc12,0xa929,0x2825,0x2024,0x62a6,0xff6d,0xff6d,0xff6d,0xff6d,0xff6d,0xff6d,0xff2f,0xff6f,0xff4f,
    0xff4f,0xff6d,0xff6e,0xff6d,0xff6d,0xff6d,0xed05,0x2825,0x2845,0x0000,0x0000,0x0000,0x0000,0x0000,0x0000,0x0000,0x0000,0x0000,0x0000,0x0000,0x0000,0x0000,0x0000,0x0000,
    0x0000,0x0000,0x0000,0x0000,0x0000,0x0000,0x0000,0x0000,0x0000,0x0000,0x0000,0x0000,0x0000,0x1804,0x2025,0xff6d,0xff6d,0xff6d,0xff6d,0xff6d,0xff6d,0xff6d,0xff6e,0xff6e,
    0xff6e,0xff6e,0xff6e,0xff6e,0xff6e,0xff6d,0x6909,0xfbf2,0xfc12,0xfc12,0xfc12,0xf350,0x1003,0x1804,0xd66d,0xff6e,0xff6e,0xff6d,0xff6d,0xff6d,0xfe2f,0xfc12,0xfc12,0xfc32,
    0xfc13,0xfe8f,0xff6d,0xff6d,0xff6d,0xff6d,0xf6ed,0x2004,0x2826,0x0000,0x0000,0x0000,0x0000,0x0000,0x0000,0x0000,0x0000,0x0000,0x0000,0x0000,0x0000,0x0000,0x0000,0x0000,
    0x0000,0x0000,0x0000,0x0000,0x0000,0x0000,0x0000,0x0000,0x0000,0x0000,0x0000,0x0000,0x780f,0x2805,0x0002,0xff6d,0xff6d,0xff6d,0xff6d,0xff6d,0xff6e,0xff6e,0xff6e,0xff6e,
    0xff6e,0xff6e,0xff6e,0xff6e,0xff6d,0xff6d,0x48a7,0xfc53,0xfbf2,0xfc12,0xfbf2,0xfbf2,0x1803,0x93c8,0xff6e,0xff6e,0xff6e,0xff6e,0xff6d,0xff6d,0xfc32,0xfc12,0xfc32,0xfc32,
    0xfc32,0xfcd0,0xff6d,0xff6d,0xff6d,0xff6d,0xf70e,0x2025,0x1824,0x0000,0x0000,0x0000,0x0000,0x0000,0x0000,0x0000,0x0000,0x0000,0x0000,0x0000,0x0000,0x0000,0x0000,0x0000,
    0x0000,0x0000,0x0000,0x0000,0x0000,0x0000,0x0000,0x0000,0x0000,0x0000,0x0000,0x0000,0x2806,0x1803,0xff0b,0xff6d,0xff6d,0xff6d,0xff6d,0xff6d,0xff6e,0xff6e,0xff6e,0xff6e,
    0xff6e,0xff6e,0xff6e,0xff6e,0xff6d,0xff6d,0xffef,0x1824,0xfc12,0xfbf2,0xfbf2,0x3084,0xffef,0xff8e,0xff6e,0xff6e,0xff6e,0xff6e,0xff6e,0xff6d,0xfc12,0xfc12,0xfc32,0xfc32,
    0xfc32,0xfcb0,0xff6e,0xff6d,0xff6d,0xff6d,0xff6d,0xff0c,0x2025,0x2826,0x0000,0x0000,0x0000,0x0000,0x0000,0x0000,0x0000,0x0000,0x0000,0x0000,0x0000,0x0000,0x0000,0x0000,
    0x0000,0x0000,0x0000,0x0000,0x0000,0x0000,0x0000,0x0000,0x0000,0x0000,0x0000,0x0000,0x2806,0x2825,0xff6d,0xff6d,0xff6d,0xff6d,0xff6e,0xff6e,0xff6e,0xff6e,0xff6e,0xff6e,
    0xff6e,0xff6e,0xff6e,0xff6e,0xff6e,0xff6d,0xff6d,0xf72e,0x3026,0x2024,0x2825,0xdeae,0xff6c,0xff6e,0xff6e,0xff6e,0xff6e,0xff6e,0xff6d,0xff6d,0xfc12,0xfc32,0xfc12,0xfc32,
    0xfc33,0xfcd1,0xff6d,0xff6d,0xff6d,0xff6d,0xff6d,0xff6c,0xc569,0x1804,0x2826,0x0000,0x0000,0x0000,0x0000,0x0000,0x0000,0x0000,0x0000,0x0000,0x0000,0x0000,0x0000,0x0000,
    0x0000,0x0000,0x0000,0x0000,0x0000,0x0000,0x0000,0x0000,0x0000,0x0000,0x0000,0x0000,0x2005,0x2004,0xff8d,0xff6d,0xff6d,0xff6d,0xff6d,0xff6d,0xff6e,0xff6e,0xff6e,0xff6e,
    0xff6e,0xff6e,0xff6e,0xff6e,0xff6e,0xff6d,0xff6e,0xff6e,0xff6e,0xff6e,0xff6e,0xff6e,0xff6d,0xff6d,0xff6e,0xff6e,0xff6e,0xff6e,0xff6e,0xff6e,0xff6d,0xfcb1,0xfcb1,0xfcd1,
    0xfc93,0xff6d,0xff6d,0xff6d,0xff6d,0xff6d,0xff6d,0xff6d,0xff6e,0xf76e,0x2825,0x1803,0x2805,0x0000,0x0000,0x0000,0x0000,0x0000,0x0000,0x0000,0x0000,0x0000,0x0000,0x0000,
    0x0000,0x0000,0x0000,0x0000,0x0000,0x0000,0x0000,0x0000,0x0000,0x0000,0x0000,0x0000,0x1804,0x2825,0xff6d,0xff6d,0xff6d,0xff6d,0xff6d,0xff6e,0xff6e,0xff6e,0xff6e,0xff6e,
    0xff6e,0xff6e,0xff6e,0xff6e,0xff6e,0xff6e,0xff6e,0xff6e,0xff6e,0xff6e,0xff6d,0xff6e,0xff6d,0xff6d,0xff6e,0xff6e,0xff6e,0xff6e,0xff6e,0xff6e,0xff6e,0xff6e,0xff6e,0xff6e,
    0xff6e,0xff6d,0xff6e,0xff6d,0xff6d,0xff6d,0xff6d,0xff6d,0xff6d,0xff6e,0xff4d,0x2024,0x3006,0x2025,0x0000,0x0000,0x0000,0x0000,0x0000,0x0000,0x0000,0x0000,0x0000,0x0000,
    0x0000,0x0000,0x0000,0x0000,0x0000,0x0000,0x0000,0x0000,0x0000,0x0000,0x0000,0x0000,0x2806,0x2004,0xfe28,0xff6d,0xff6d,0xff6e,0xff6e,0xff6d,0xff6e,0xff6e,0xff6e,0xff6e,
    0xff6e,0xff6e,0xff6e,0xff6e,0xff6e,0xff6e,0xff6e,0xff6e,0xff6e,0xff6e,0xff6e,0xff6e,0xff6e,0xff6e,0xff6e,0xff6e,0xff6e,0xff6e,0xff6e,0xff6d,0xff6e,0xff6e,0xff6e,0xff6e,
    0xff6e,0xff6d,0xff6e,0xff6d,0xff6d,0xff6d,0xff6d,0xff6d,0xff6d,0xff6d,0xff6d,0xff6d,0x0803,0x1804,0x0000,0x0000,0x0000,0x0000,0x0000,0x0000,0x0000,0x0000,0x0000,0x0000,
    0x0000,0x0000,0x0000,0x0000,0x0000,0x0000,0x0000,0x0000,0x0000,0x0000,0x0000,0x0000,0x2825,0x2004,0x0804,0xff6d,0xff6d,0xff6d,0xff6e,0xff6e,0xff6e,0xff6e,0xff6e,0xff6e,
    0xff6e,0xff6e,0xff6e,0xff6e,0xff6e,0xff6e,0xff6e,0xff8e,0xff6e,0xff6e,0xff6e,0xff6d,0xff6e,0xff6e,0xff6e,0xff6e,0xff6e,0xff6e,0xff6e,0xff6e,0xff6e,0xff6e,0xff6e,0xff6e,
    0xff6e,0xff6e,0xff6e,0xff6d,0xff6d,0xff6d,0xff6d,0xff6d,0xff6d,0xff6d,0xff6d,0xff6d,0xff4d,0x2064,0x2025,0x0000,0x0000,0x0000,0x0000,0x0000,0x0000,0x0000,0x0000,0x0000,
    0x0000,0x0000,0x0000,0x0000,0x0000,0x0000,0x0000,0x0000,0x0000,0x0000,0x0000,0x0000,0x0000,0x2005,0x2805,0xfe6b,0xff6d,0xff6d,0xff6e,0xff6d,0xff6e,0xff6e,0xff6e,0xff6e,
    0xff6e,0xff6e,0xff6e,0xff6e,0xff6e,0xff6e,0xff6e,0xff6e,0xff6e,0xff6e,0xff6e,0xff6e,0xff6d,0xff6d,0xff6e,0xff6e,0xff6e,0xff6e,0xff6e,0xff6e,0xff6e,0xff6e,0xff6e,0xff6e,
    0xff6e,0xff6e,0xff6d,0xff6d,0xff6d,0xff6d,0xfda2,0xfecb,0xff6d,0xff6d,0xff6d,0xff6d,0xff6d,0x2865,0x2024,0x0000,0x0000,0x0000,0x0000,0x0000,0x0000,0x0000,0x0000,0x0000,
    0x0000,0x0000,0x0000,0x0000,0x0000,0x0000,0x0000,0x0000,0x0000,0x0000,0x0000,0x0000,0x0000,0x2806,0x1803,0xfe8a,0xfe8b,0xff6d,0xff6d,0xff6d,0xff6d,0xff6e,0xff6e,0xff6e,
    0xff6e,0xff6e,0xff6e,0xff6e,0xff6e,0xff6e,0xff6e,0xff6e,0xff6d,0xff6e,0xff6e,0xff6d,0xff6e,0xff6e,0xff6e,0xff6e,0xff6e,0xff6e,0xff6e,0xff6e,0xff6e,0xff6e,0xff6e,0xff6e,
    0xff6e,0xff6e,0xff6e,0xff6d,0xff6d,0xff6d,0x5964,0xa323,0xfe4a,0xfeec,0xff6d,0xff6d,0xfe8b,0x2865,0x2025,0x0000,0x0000,0x0000,0x0000,0x0000,0x0000,0x0000,0x0000,0x0000,
    0x0000,0x0000,0x0000,0x0000,0x0000,0x0000,0x0000,0x0000,0x0000,0x0000,0x0000,0x0000,0x1022,0x2004,0x2005,0x2846,0xfe6a,0xff6d,0xff6d,0xff6d,0xff6d,0xff6d,0xff6d,0xff6e,
    0xff6e,0xff6e,0xff6e,0xff6e,0xff6e,0xff6e,0xff6e,0xff6e,0xff6d,0xff6e,0xff6e,0xff6e,0xff6e,0xff6e,0xff6e,0xff6e,0xff6e,0xff6e,0xff6e,0xff6e,0xff6e,0xff6e,0xff6e,0xff6e,
    0xff6e,0xff6e,0xff6e,0xff6d,0xff6d,0xff6e,0xf4c1,0x1824,0x2845,0xfe6a,0xfe6b,0xfe8c,0x2043,0x1804,0x2025,0x0000,0x0000,0x0000,0x0000,0x0000,0x0000,0x0000,0x0000,0x0000,
    0x0000,0x0000,0x0000,0x0000,0x0000,0x0000,0x0000,0x0000,0x0000,0x0000,0x0000,0x1003,0x2805,0x1803,0x2004,0x1823,0xf560,0xfe8b,0xff6d,0xff6d,0xff6d,0xff6d,0xff6d,0xff6d,
    0xff6e,0xff6e,0xff6e,0xff6e,0xff6e,0xff6e,0xff6e,0xff6e,0xff6d,0xff6e,0xff6e,0xff6d,0xff6d,0xff6e,0xff6e,0xff6e,0xff6e,0xff6e,0xff6e,0xff6e,0xff6e,0xff6e,0xff6e,0xff6e,
    0xff6e,0xff6e,0xff6d,0xff6d,0xff6e,0xff6d,0xfeca,0x2005,0x2005,0x2024,0x2024,0x2024,0x2005,0x1804,0x0000,0x0000,0x0000,0x0000,0x0000,0x0000,0x0000,0x0000,0x0000,0x0000,
    0x0000,0x0000,0x0000,0x0000,0x0000,0x0000,0x0000,0x0000,0x0000,0x0000,0x3006,0x2004,0x2081,0xff6e,0xff4c,0xfea9,0xfd80,0xfe8b,0xff4d,0xff6d,0xff6d,0xff6d,0xff6d,0xff6d,
    0xff6d,0xff6d,0xff6e,0xff6e,0xff6e,0xff6e,0xff6e,0xff6e,0xff6e,0xff6d,0xff6d,0xff6e,0xff6e,0xff6e,0xff6e,0xff6e,0xff6e,0xff6e,0xff6e,0xff6e,0xff6e,0xff6e,0xff6e,0xff6e,
    0xff6d,0xff6d,0xff6d,0xff6d,0xff6d,0xff8d,0xff0d,0x2005,0x1804,0x2805,0x2004,0x2004,0x2826,0x0000,0x0000,0x0000,0x0000,0x0000,0x0000,0x0000,0x0000,0x0000,0x0000,0x0000,
    0x0000,0x0000,0x0000,0x0000,0x0000,0x0000,0x0000,0x0000,0x0000,0x0000,0x2004,0x2005,0xff4d,0xff8d,0xff6d,0xff6d,0xff6d,0xff6d,0xfe2a,0xff0b,0xff6d,0xff6d,0xff6d,0xff6d,
    0xff6d,0xff6d,0xff6d,0xff6d,0xff6d,0xff6d,0xff6d,0xff6d,0xff6e,0xff6d,0xff6e,0xff6e,0xff6e,0xff6e,0xff6e,0xff6e,0xff6e,0xff6e,0xff6e,0xff6e,0xff6e,0xff6e,0xff6e,0xff6e,
    0xff6d,0xff6d,0xff6d,0xff6d,0xff6d,0xfe6b,0xff0b,0x2005,0x0000,0x0000,0x0000,0x0000,0x0000,0x0000,0x0000,0x0000,0x0000,0x0000,0x0000,0x0000,0x0000,0x0000,0x0000,0x0000,
    0x0000,0x0000,0x0000,0x0000,0x0000,0x0000,0x0000,0x0000,0x0000,0x0000,0x3006,0x1804,0x2024,0xff4d,0xff6d,0xff6d,0xff6d,0xff6d,0xfeeb,0xfd40,0xfe8c,0xfe4b,0xfecb,0xff6d,
    0xff6d,0xff6d,0xff6d,0xff6d,0xff6d,0xff6d,0xff6d,0xff6d,0xff6d,0xff6e,0xff6e,0xff6e,0xff6e,0xff6e,0xff6e,0xff6e,0xff6e,0xff6e,0xff6e,0xff6e,0xff6e,0xff6e,0xff6e,0xff6e,
    0xff6e,0xff6d,0xff6d,0xff6d,0xff6d,0xf66a,0x1003,0x1804,0x0000,0x0000,0x0000,0x0000,0x0000,0x0000,0x0000,0x0000,0x0000,0x0000,0x0000,0x0000,0x0000,0x0000,0x0000,0x0000,
    0x0000,0x0000,0x0000,0x0000,0x0000,0x0000,0x0000,0x0000,0x0000,0x0000,0x0000,0x1002,0x2806,0x2846,0xff6c,0xff6d,0xff6d,0xff6d,0xff2b,0xfd80,0xc487,0xc4e9,0xfe4a,0xfe4b,
    0xfe4b,0xff6d,0xff6d,0xff6d,0xff6d,0xff6d,0xff6d,0xff6d,0xff6d,0xff6d,0xff6e,0xff6e,0xff6e,0xff6e,0xff6e,0xff6e,0xff6e,0xff6e,0xff6e,0xff6e,0xff6e,0xff6e,0xff6e,0xff6e,
    0xff6e,0xff6d,0xff6d,0xff6d,0xfe4b,0xfe8c,0x2005,0x0000,0x0000,0x0000,0x0000,0x0000,0x0000,0x0000,0x0000,0x0000,0x0000,0x0000,0x0000,0x0000,0x0000,0x0000,0x0000,0x0000,
    0x0000,0x0000,0x0000,0x0000,0x0000,0x0000,0x0000,0x0000,0x0000,0x0000,0x0000,0x0000,0x2826,0x2005,0x2043,0xfeec,0xff6c,0xff6d,0xff8d,0x6162,0x2005,0x2005,0x8285,0xfe4a,
    0xfe4a,0xfe4b,0xff2d,0xff6d,0xff6d,0xff6d,0xff6d,0xff6d,0xff6d,0xff6d,0xff6d,0xff6e,0xff6e,0xff6e,0xff6e,0xff6d,0xff6e,0xff6e,0xff6d,0xff6e,0xff6e,0xff6e,0xff6d,0xff6d,
    0xff6d,0xff6d,0xff6d,0xfe6b,0xfe4a,0x7921,0x2805,0x0000,0x0000,0x0000,0x0000,0x0000,0x0000,0x0000,0x0000,0x0000,0x0000,0x0000,0x0000,0x0000,0x0000,0x0000,0x0000,0x0000,
    0x0000,0x0000,0x0000,0x0000,0x0000,0x0000,0x0000,0x0000,0x0000,0x0000,0x0000,0x0000,0x0000,0x2026,0x2025,0x1803,0xa2c2,0xff6d,0xfeaa,0x1804,0x2004,0x2005,0x2005,0x2024,
    0xf5e9,0xf64b,0xfe4b,0xfe4a,0xff0c,0xff4d,0xff6d,0xff6d,0xff6d,0xff6d,0xff6d,0xff6e,0xff6e,0xff6d,0xff6d,0xff6d,0xff6e,0xff6d,0xff6e,0xff6d,0xff6d,0xff6d,0xff6d,0xff6d,
    0xff6e,0xff6d,0xfe4b,0xfe6b,0x8ae6,0x2004,0x1004,0x0000,0x0000,0x0000,0x0000,0x0000,0x0000,0x0000,0x0000,0x0000,0x0000,0x0000,0x0000,0x0000,0x0000,0x0000,0x0000,0x0000,
    0x0000,0x0000,0x0000,0x0000,0x0000,0x0000,0x0000,0x0000,0x0000,0x0000,0x0000,0x0000,0x0000,0x0000,0x1003,0x1804,0x2005,0x2004,0x2024,0x2005,0x1003,0x0000,0x1003,0x1002,
    0x2004,0x2805,0xf5ea,0xfe0b,0xfe4a,0xfe4a,0xfe4a,0xff4e,0xff6d,0xff6d,0xff6d,0xff6d,0xff6d,0xff6e,0xff6d,0xff6d,0xff6d,0xff6d,0xff6d,0xff6d,0xff6d,0xff6d,0xff6d,0xff8d,
    0xff6e,0xfe4b,0xfe49,0xfe49,0x2805,0x2846,0x0000,0x0000,0x0000,0x0000,0x0000,0x0000,0x0000,0x0000,0x0000,0x0000,0x0000,0x0000,0x0000,0x0000,0x0000,0x0000,0x0000,0x0000,
    0x0000,0x0000,0x0000,0x0000,0x0000,0x0000,0x0000,0x0000,0x0000,0x0000,0x0000,0x0000,0x0000,0x0000,0x0000,0x8031,0x8831,0x682e,0x580c,0x684f,0x0000,0x0000,0x0000,0x0000,
    0x8010,0x2806,0x2004,0x2025,0x20a3,0x38e5,0xfe08,0xfe4a,0xfe4b,0xfe6b,0xfe8b,0xfe6b,0xfe6b,0xff4d,0xff6d,0xff6d,0xff6d,0xff6d,0xff6d,0xff6d,0xff6d,0xfe8b,0xfe8b,0xfe4b,
    0xfe4b,0xfe4a,0x28c5,0x2004,0x3007,0x0000,0x0000,0x0000,0x0000,0x0000,0x0000,0x0000,0x0000,0x0000,0x0000,0x0000,0x0000,0x0000,0x0000,0x0000,0x0000,0x0000,0x0000,0x0000,
    0x0000,0x0000,0x0000,0x0000,0x0000,0x0000,0x0000,0x0000,0x0000,0x0000,0x0000,0x0000,0x0000,0x0000,0x0000,0x0000,0x0000,0x0000,0x0000,0x0000,0x0000,0x0000,0x0000,0x0000,
    0x0000,0x0000,0x0000,0x2004,0x2004,0x2025,0x1824,0x1804,0xfe28,0xfe4b,0xfe4a,0xfe4b,0xfe4b,0xfe4b,0xfe4b,0xfe8b,0xff6d,0xff6d,0xff6d,0xfe4b,0xfe4b,0xfe6b,0xfe4b,0xfe6b,
    0xf5c7,0x1804,0x2805,0x2025,0x0000,0x0000,0x0000,0x0000,0x0000,0x0000,0x0000,0x0000,0x0000,0x0000,0x0000,0x0000,0x0000,0x0000,0x0000,0x0000,0x0000,0x0000,0x0000,0x0000,
    0x0000,0x0000,0x0000,0x0000,0x0000,0x0000,0x0000,0x0000,0x0000,0x0000,0x0000,0x0000,0x0000,0x0000,0x0000,0x0000,0x0000,0x0000,0x0000,0x0000,0x0000,0x0000,0x0000,0x0000,
    0x0000,0x0000,0x0000,0x0000,0x0000,0x2826,0x2025,0x2805,0x2024,0x2825,0x1804,0x1804,0xfe4c,0xfe2a,0xfe4c,0xfe2a,0xfe2a,0xfe6b,0xfe4b,0xfe4b,0xfe4a,0xfd80,0xf520,0x2006,
    0x2005,0x1804,0x2025,0x0000,0x0000,0x0000,0x0000,0x0000,0x0000,0x0000,0x0000,0x0000,0x0000,0x0000,0x0000,0x0000,0x0000,0x0000,0x0000,0x0000,0x0000,0x0000,0x0000,0x0000,
    0x0000,0x0000,0x0000,0x0000,0x0000,0x0000,0x0000,0x0000,0x0000,0x0000,0x0000,0x0000,0x0000,0x0000,0x0000,0x0000,0x0000,0x0000,0x0000,0x0000,0x0000,0x0000,0x0000,0x0000,
    0x0000,0x0000,0x0000,0x0000,0x0000,0x0000,0x0000,0x480a,0x4009,0x4009,0x2806,0x2005,0x2004,0x2005,0x1804,0xb3a2,0xfd61,0xfe6a,0xff4d,0xff6d,0xfecb,0xfd20,0x2004,0x2005,
    0x1804,0x4028,0x0000,0x0000,0x0000,0x0000,0x0000,0x0000,0x0000,0x0000,0x0000,0x0000,0x0000,0x0000,0x0000,0x0000,0x0000,0x0000,0x0000,0x0000,0x0000,0x0000,0x0000,0x0000,
    0x0000,0x0000,0x0000,0x0000,0x0000,0x0000,0x0000,0x0000,0x0000,0x0000,0x0000,0x0000,0x0000,0x0000,0x0000,0x0000,0x0000,0x0000,0x0000,0x0000,0x0000,0x0000,0x0000,0x0000,
    0x0000,0x0000,0x0000,0x0000,0x0000,0x0000,0x0000,0x0000,0x0000,0x0000,0x0000,0x0000,0x0000,0x0000,0x702f,0x2865,0xff8f,0xff6d,0xff6d,0xff6d,0xff6d,0xff6d,0xef0d,0x2005,
    0x1002,0x0000,0x0000,0x0000,0x0000,0x0000,0x0000,0x0000,0x0000,0x0000,0x0000,0x0000,0x0000,0x0000,0x0000,0x0000,0x0000,0x0000,0x0000,0x0000,0x0000,0x0000,0x0000,0x0000,
    0x0000,0x0000,0x0000,0x0000,0x0000,0x0000,0x0000,0x0000,0x0000,0x0000,0x0000,0x0000,0x0000,0x0000,0x0000,0x0000,0x0000,0x0000,0x0000,0x0000,0x0000,0x0000,0x0000,0x0000,
    0x0000,0x0000,0x0000,0x0000,0x0000,0x0000,0x0000,0x0000,0x0000,0x0000,0x0000,0x0000,0x0000,0x0000,0x682f,0x2005,0xfe07,0xff6d,0xff6d,0xff6d,0xff6d,0xff6d,0xff4e,0x2004,
    0x0800,0x0000,0x0000,0x0000,0x0000,0x0000,0x0000,0x0000,0x0000,0x0000,0x0000,0x0000,0x0000,0x0000,0x0000,0x0000,0x0000,0x0000,0x0000,0x0000,0x0000,0x0000,0x0000,0x0000,
    0x0000,0x0000,0x0000,0x0000,0x0000,0x0000,0x0000,0x0000,0x0000,0x0000,0x0000,0x0000,0x0000,0x0000,0x0000,0x0000,0x0000,0x0000,0x0000,0x0000,0x0000,0x0000,0x0000,0x0000,
    0x0000,0x0000,0x0000,0x0000,0x0000,0x0000,0x0000,0x0000,0x0000,0x0000,0x0000,0x0000,0x0000,0x0000,0x8033,0x2005,0x2004,0x2005,0xff0c,0xff6e,0xff6d,0xff6d,0xf502,0x2005,
    0x1002,0x0000,0x0000,0x0000,0x0000,0x0000,0x0000,0x0000,0x0000,0x0000,0x0000,0x0000,0x0000,0x0000,0x0000,0x0000,0x0000,0x0000,0x0000,0x0000,0x0000,0x0000,0x0000,0x0000,
    0x0000,0x0000,0x0000,0x0000,0x0000,0x0000,0x0000,0x0000,0x0000,0x0000,0x0000,0x0000,0x0000,0x0000,0x0000,0x0000,0x0000,0x0000,0x0000,0x0000,0x0000,0x0000,0x0000,0x0000,
    0x0000,0x0000,0x0000,0x0000,0x0000,0x0000,0x0000,0x0000,0x0000,0x0000,0x0000,0x0000,0x0000,0x0000,0x0000,0x0000,0x2846,0x2005,0x2845,0x2044,0x2845,0x2044,0x2025,0x1804,
    0x0000,0x0000,0x0000,0x0000,0x0000,0x0000,0x0000,0x0000,0x0000,0x0000,0x0000,0x0000,0x0000,0x0000,0x0000,0x0000,0x0000,0x0000,0x0000,0x0000,0x0000,0x0000,0x0000,0x0000,
    0x0000,0x0000,0x0000,0x0000,0x0000,0x0000,0x0000,0x0000,0x0000,0x0000,0x0000,0x0000,0x0000,0x0000,0x0000,0x0000,0x0000,0x0000,0x0000,0x0000,0x0000,0x0000,0x0000,0x0000,
    0x0000,0x0000,0x0000,0x0000,0x0000,0x0000,0x0000,0x0000,0x0000,0x0000,0x0000,0x0000,0x0000,0x0000,0x0000,0x0000,0x0000,0x1804,0x2805,0x2004,0x2825,0x2005,0x2005,0x0000,
    0x0000,0x0000,0x0000,0x0000,0x0000,0x0000,0x0000,0x0000,0x0000,0x0000,0x0000,0x0000,0x0000,0x0000,0x0000,0x0000,0x0000,0x0000,0x0000,0x0000,0x0000,0x0000,0x0000,0x0000,
    0x0000,0x0000,0x0000,0x0000,0x0000,0x0000,0x0000,0x0000,0x0000,0x0000,0x0000,0x0000,0x0000,0x0000,0x0000,0x0000,0x0000,0x0000,0x0000,0x0000,0x0000,0x0000,0x0000,0x0000,
    0x0000,0x0000,0x0000,0x0000,0x0000,0x0000,0x0000,0x0000,0x0000,0x0000,0x0000,0x0000,0x0000,0x0000,0x0000,0x0000,0x0000,0x0000,0x0000,0x0000,0x0000,0x0000,0x0000,0x0000,
    0x0000,0x0000,0x0000,0x0000,0x0000,0x0000,0x0000,0x0000,0x0000,0x0000,0x0000,0x0000,0x0000,0x0000,0x0000,0x0000,0x0000,0x0000,0x0000,0x0000,0x0000,0x0000,0x0000,0x0000,
    0x0000,0x0000,0x0000,0x0000,0x0000,0x0000,0x0000,0x0000,0x0000,0x0000,0x0000,0x0000,0x0000,0x0000,0x0000,0x0000,0x0000,0x0000,0x0000,0x0000,0x0000,0x0000,0x0000,0x0000,
    0x0000,0x0000,0x0000,0x0000,0x0000,0x0000,0x0000,0x0000,0x0000,0x0000,0x0000,0x0000,0x0000,0x0000,0x0000,0x0000,0x0000,0x0000,0x0000,0x0000,0x0000,0x0000,0x0000,0x0000,
    0x0000,0x0000,0x0000,0x0000,0x0000,0x0000,0x0000,0x0000,0x0000,0x0000,0x0000,0x0000,0x0000,0x0000,0x0000,0x0000,0x0000,0x0000,0x0000,0x0000,0x0000,0x0000,0x0000,0x0000,
    0x0000,0x0000,0x0000,0x0000,0x0000,0x0000,0x0000,0x0000,0x0000,0x0000,0x0000,0x0000,0x0000,0x0000,0x0000,0x0000,0x0000,0x0000,0x0000,0x0000,0x0000,0x0000,0x0000,0x0000,
    0x0000,0x0000,0x0000,0x0000,0x0000,0x0000,0x0000,0x0000,0x0000,0x0000,0x0000,0x0000,0x0000,0x0000,0x0000,0x0000,0x0000,0x0000,0x0000,0x0000,0x0000,0x0000,0x0000,0x0000,
    0x0000,0x0000,0x0000,0x0000,0x0000,0x0000,0x0000,0x0000,0x0000,0x0000,0x0000,0x0000,0x0000,0x0000,0x0000,0x0000,0x0000,0x0000,0x0000,0x0000,0x0000,0x0000,0x0000,0x0000,
  },
  /* reach_right */ {
    0x0000,0x0000,0x0000,0x0000,0x0000,0x0000,0x0000,0x0000,0x0000,0x0000,0x0000,0x0000,0x0000,0x0000,0x0000,0x0000,0x0000,0x0000,0x0000,0x0000,0x0000,0x0000,0x0000,0x0000,
    0x0000,0x0000,0x0000,0x0000,0x0000,0x0000,0x0000,0x0000,0x0000,0x0000,0x0000,0x0000,0x0000,0x0000,0x0000,0x0000,0x0000,0x0000,0x0000,0x0000,0x0000,0x0000,0x0000,0x0000,
    0x0000,0x0000,0x0000,0x0000,0x0000,0x0000,0x0000,0x0000,0x0000,0x0000,0x0000,0x0000,0x0000,0x0000,0x0000,0x0000,0x0000,0x0000,0x0000,0x0000,0x0000,0x0000,0x0000,0x0000,
    0x0000,0x0000,0x0000,0x0000,0x0000,0x0000,0x0000,0x0000,0x0000,0x0000,0x0000,0x0000,0x0000,0x0000,0x0000,0x0000,0x0000,0x0000,0x0000,0x0000,0x0000,0x0000,0x0000,0x0000,
    0x0000,0x0000,0x0000,0x0000,0x0000,0x0000,0x0000,0x0000,0x0000,0x0000,0x0000,0x0000,0x0000,0x0000,0x0000,0x0000,0x0000,0x0000,0x0000,0x0000,0x0000,0x0000,0x0000,0x0000,
    0x0000,0x0000,0x0000,0x0000,0x0000,0x0000,0x0000,0x0000,0x0000,0x0000,0x0000,0x0000,0x0000,0x0000,0x0000,0x0000,0x0000,0x0000,0x0000,0x0000,0x0000,0x0000,0x0000,0x0000,
    0x0000,0x0000,0x0000,0x0000,0x0000,0x0000,0x0000,0x0000,0x0000,0x0000,0x0000,0x0000,0x0000,0x0000,0x0000,0x0000,0x0000,0x0000,0x0000,0x0000,0x0000,0x0000,0x0000,0x0000,
    0x0000,0x0000,0x0000,0x0000,0x0000,0x0000,0x0000,0x0000,0x0000,0x0000,0x0000,0x0000,0x0000,0x0000,0x0000,0x0000,0x0000,0x0000,0x0000,0x0000,0x0000,0x0000,0x0000,0x0000,
    0x0000,0x0000,0x0000,0x0000,0x0000,0x0000,0x0000,0x0000,0x0000,0x0000,0x0000,0x0000,0x0000,0x0000,0x0000,0x0000,0x0000,0x0000,0x0000,0x0000,0x0000,0x0000,0x0000,0x0000,
    0x0000,0x0000,0x0000,0x0000,0x0000,0x0000,0x0000,0x0000,0x0000,0x0000,0x0000,0x0000,0x0000,0x0000,0x0000,0x0000,0x0000,0x0000,0x0000,0x0000,0x0000,0x0000,0x0000,0x0000,
    0x0000,0x0000,0x0000,0x0000,0x0000,0x0000,0x0000,0x0000,0x0000,0x0000,0x0000,0x0000,0x0000,0x0000,0x0000,0x0000,0x0000,0x0000,0x0000,0x0000,0x0000,0x0000,0x0000,0x0000,
    0x0000,0x0000,0x0000,0x0000,0x0000,0x0000,0x0000,0x0000,0x0000,0x0000,0x0000,0x0000,0x0000,0x0000,0x0000,0x0000,0x0000,0x0000,0x0000,0x0000,0x0000,0x0000,0x0000,0x0000,
    0x0000,0x0000,0x0000,0x0000,0x0000,0x0000,0x0000,0x0000,0x0000,0x0000,0x0000,0x0000,0x0000,0x0000,0x0000,0x0000,0x0000,0x0000,0x0000,0x0000,0x0000,0x0000,0x0000,0x0000,
    0x0000,0x0000,0x0000,0x0000,0x0000,0x0000,0x0000,0x0000,0x0000,0x0000,0x0000,0x0000,0x0000,0x0000,0x0000,0x0000,0x0000,0x0000,0x0000,0x0000,0x0000,0x0000,0x0000,0x0000,
    0x0000,0x0000,0x0000,0x0000,0x0000,0x0000,0x0000,0x0000,0x0000,0x0000,0x0000,0x0000,0x0000,0x0000,0x0000,0x0000,0x0000,0x0000,0x0000,0x0000,0x0000,0x0000,0x0000,0x0000,
    0x0000,0x0000,0x0000,0x0000,0x0000,0x0000,0x0000,0x0000,0x0000,0x0000,0x0000,0x0000,0x0000,0x0000,0x0000,0x0000,0x0000,0x0000,0x0000,0x0000,0x0000,0x0000,0x0000,0x0000,
    0x0000,0x0000,0x0000,0x0000,0x0000,0x0000,0x0000,0x0000,0x0000,0x0000,0x0000,0x0000,0x0000,0x0000,0x0000,0x0000,0x0000,0x0000,0x0000,0x0000,0x0000,0x0000,0x0000,0x0000,
    0x0000,0x0000,0x0000,0x0000,0x0000,0x0000,0x0000,0x0000,0x0000,0x0000,0x0000,0x0000,0x0000,0x0000,0x0000,0x0000,0x0000,0x0000,0x0000,0x0000,0x0000,0x0000,0x0000,0x0000,
    0x0000,0x0000,0x0000,0x0000,0x0000,0x0000,0x0000,0x0000,0x0000,0x0000,0x0000,0x0000,0x0000,0x0000,0x0000,0x0000,0x0000,0x0000,0x0000,0x0000,0x0000,0x0000,0x0000,0x0000,
    0x0000,0x0000,0x0000,0x0000,0x0000,0x0000,0x0000,0x0000,0x0000,0x0000,0x0000,0x0000,0x0000,0x0000,0x0000,0x0000,0x0000,0x0000,0x0000,0x0000,0x0000,0x0000,0x0000,0x0000,
    0x0000,0x0000,0x0000,0x0000,0x0000,0x0000,0x0000,0x0000,0x0000,0x0000,0x0000,0x0000,0x0000,0x0000,0x0000,0x0000,0x0000,0x0000,0x0000,0x0000,0x0000,0x0000,0x0000,0x0000,
    0x0000,0x0000,0x0000,0x0000,0x0000,0x0000,0x0000,0x0000,0x0000,0x0000,0x0000,0x0000,0x0000,0x0000,0x0000,0x0000,0x0000,0x0000,0x0000,0x0000,0x0000,0x0000,0x0000,0x0000,
    0x0000,0x0000,0x0000,0x0000,0x0000,0x0000,0x0000,0x0000,0x0000,0x0000,0x0000,0x0000,0x0000,0x0000,0x0000,0x0000,0x0000,0x0000,0x0000,0x0000,0x0000,0x0000,0x0000,0x0000,
    0x0000,0x0000,0x0000,0x0000,0x0000,0x0000,0x0000,0x0000,0x0000,0x0000,0x0000,0x0000,0x0000,0x0000,0x0000,0x0000,0x0000,0x0000,0x0000,0x0000,0x0000,0x0000,0x0000,0x0000,
    0x0000,0x0000,0x0000,0x0000,0x0000,0x0000,0x0000,0x0000,0x0000,0x0000,0x0000,0x0000,0x0000,0x0000,0x0000,0x0000,0x0000,0x0000,0x0000,0x0000,0x0000,0x0000,0x0000,0x0000,
    0x0000,0x0000,0x0000,0x0000,0x0000,0x0000,0x0000,0x0000,0x0000,0x0000,0x0000,0x0000,0x0000,0x0000,0x0000,0x0000,0x0000,0x0000,0x0000,0x0000,0x0000,0x0000,0x0000,0x0000,
    0x0000,0x0000,0x0000,0x0000,0x0000,0x0000,0x0000,0x0000,0x0000,0x0000,0x0000,0x0000,0x0000,0x0000,0x0000,0x0000,0x0000,0x0000,0x0000,0x0000,0x0000,0x0000,0x0000,0x0000,
    0x0000,0x0000,0x0000,0x0000,0x0000,0x0000,0x0000,0x0000,0x0000,0x0000,0x0000,0x0000,0x0000,0x0000,0x0000,0x0000,0x0000,0x0000,0x0000,0x0000,0x0000,0x0000,0x0000,0x0000,
    0x0000,0x0000,0x0000,0x0000,0x0000,0x0000,0x0000,0x0000,0x0000,0x0000,0x0000,0x0000,0x0000,0x0000,0x0000,0x0000,0x0000,0x0000,0x0000,0x0000,0x0000,0x0000,0x0000,0x0000,
    0x0000,0x0000,0x0000,0x0000,0x0000,0x0000,0x0000,0x0000,0x0000,0x0000,0x0000,0x0000,0x0000,0x0000,0x0000,0x0000,0x0000,0x0000,0x0000,0x0000,0x0000,0x0000,0x0000,0x0000,
    0x0000,0x0000,0x0000,0x0000,0x0000,0x0000,0x0000,0x0000,0x0000,0x0000,0x0000,0x0000,0x0000,0x0000,0x0000,0x0000,0x0000,0x0000,0x0000,0x0000,0x0000,0x0000,0x0000,0x0000,
    0x0000,0x0000,0x0000,0x0000,0x0000,0x0000,0x0000,0x0000,0x0000,0x0000,0x0000,0x0000,0x0000,0x0000,0x0000,0x0000,0x0000,0x0000,0x0000,0x0000,0x0000,0x0000,0x0000,0x0000,
    0x0000,0x0000,0x0000,0x0000,0x0000,0x0000,0x0000,0x0000,0x0000,0x0000,0x0000,0x0000,0x0000,0x0000,0x0000,0x0000,0x0000,0x0000,0x0000,0x0000,0x0000,0x0000,0x0000,0x0000,
    0x0000,0x0000,0x0000,0x0000,0x0000,0x0000,0x0000,0x0000,0x0000,0x0000,0x0000,0x0000,0x0000,0x0000,0x0000,0x0000,0x0000,0x0000,0x0000,0x0000,0x0000,0x0000,0x0000,0x0000,
    0x0000,0x0000,0x0000,0x0000,0x0000,0x0000,0x0000,0x0000,0x0000,0x0000,0x0000,0x0000,0x0000,0x0000,0x0000,0x0000,0x0000,0x0000,0x0000,0x0000,0x0000,0x0000,0x0000,0x0000,
    0x0000,0x0000,0x0000,0x0000,0x0000,0x0000,0x0000,0x0000,0x0000,0x0000,0x0000,0x0000,0x0000,0x0000,0x0000,0x0000,0x0000,0x0000,0x0000,0x0000,0x0000,0x0000,0x0000,0x0000,
    0x0000,0x0000,0x0000,0x0000,0x0000,0x0000,0x0000,0x0000,0x0000,0x0000,0x0000,0x0000,0x0000,0x0000,0x0000,0x0000,0x0000,0x0000,0x0000,0x0000,0x0000,0x0000,0x0000,0x0000,
    0x0000,0x0000,0x0000,0x0000,0x0000,0x0000,0x0000,0x0000,0x0000,0x0000,0x0000,0x0000,0x0000,0x0000,0x0000,0x0000,0x0000,0x0000,0x0000,0x0000,0x0000,0x0000,0x0000,0x0000,
    0x0000,0x0000,0x0000,0x0000,0x0000,0x0000,0x0000,0x0000,0x0000,0x0000,0x0000,0x0000,0x0000,0x0000,0x0000,0x0000,0x0000,0x0000,0x0000,0x0000,0x0000,0x0000,0x0000,0x0000,
    0x0000,0x0000,0x0000,0x0000,0x0000,0x0000,0x0000,0x0000,0x0000,0x0000,0x0000,0x0000,0x0000,0x0000,0x0000,0x0000,0x0000,0x0000,0x0000,0x0000,0x0000,0x0000,0x0000,0x0000,
    0x0000,0x0000,0x0000,0x0000,0x0000,0x0000,0x0000,0x0000,0x0000,0x0000,0x0000,0x0000,0x0000,0x0000,0x0000,0x0000,0x0000,0x0000,0x0000,0x0000,0x0000,0x0000,0x0000,0x0000,
    0x0000,0x0000,0x0000,0x0000,0x0000,0x0000,0x0000,0x0000,0x0000,0x0000,0x0000,0x0000,0x0000,0x0000,0x0000,0x0000,0x0000,0x0000,0x0000,0x0000,0x0000,0x0000,0x0000,0x0000,
    0x0000,0x0000,0x0000,0x0000,0x0000,0x0000,0x0000,0x0000,0x0000,0x0000,0x0000,0x0000,0x0000,0x0000,0x0000,0x0000,0x0000,0x0000,0x0000,0x2806,0x2004,0x2024,0x2025,0x2024,
    0x2025,0x2004,0x9054,0x0000,0x0000,0x0000,0x0000,0x0000,0x0000,0x0000,0x0000,0x0000,0x0000,0x0000,0x0000,0x0000,0x0000,0x0000,0x0000,0x0000,0x0000,0x0000,0x0000,0x0000,
    0x0000,0x0000,0x0000,0x0000,0x0000,0x0000,0x0000,0x0000,0x0000,0x0000,0x0000,0x0000,0x0000,0x0000,0x0000,0x0000,0x0000,0x0000,0x0000,0x0000,0x0000,0x0000,0x0000,0x0000,
    0x0000,0x0000,0x0000,0x0000,0x0000,0x0000,0x0000,0x0000,0x0000,0x0000,0x0000,0x0000,0x0000,0x0000,0x0000,0x0000,0x0000,0x0000,0x0000,0x2004,0x1804,0x1002,0x1823,0x1803,
    0x1002,0x1823,0x1804,0x2826,0x0000,0x0000,0x0000,0x0000,0x0000,0x0000,0x0000,0x0000,0x0000,0x0000,0x0000,0x0000,0x0000,0x0000,0x0000,0x0000,0x0000,0x0000,0x0000,0x0000,
    0x0000,0x0000,0x0000,0x0000,0x0000,0x0000,0x0000,0x0000,0x0000,0x0000,0x0000,0x0000,0x0000,0x0000,0x0000,0x0000,0x0000,0x0000,0x0000,0x0000,0x0000,0x0000,0x0000,0x0000,
    0x0000,0x0000,0x0000,0x0000,0x0000,0x0000,0x0000,0x0000,0x0000,0x0000,0x0000,0x0000,0x0000,0x0000,0x0000,0x0000,0x0000,0x0000,0x0000,0x2805,0x2045,0x664c,0x664b,0x662b,
    0x664b,0x664b,0x3ba8,0x3266,0x2805,0x1804,0x0000,0x0000,0x0000,0x0000,0x0000,0x0000,0x0000,0x0000,0x0000,0x0000,0x0000,0x0000,0x0000,0x0000,0x0000,0x0000,0x0000,0x0000,
    0x0000,0x0000,0x0000,0x0000,0x0000,0x0000,0x0000,0x0000,0x0000,0x0000,0x0000,0x0000,0x0000,0x0000,0x0000,0x0000,0x0000,0x0000,0x0000,0x0000,0x0000,0x0000,0x0000,0x0000,
    0x0000,0x0000,0x0000,0x0000,0x0000,0x0000,0x0000,0x0000,0x0000,0x0000,0x0000,0x0000,0x0000,0x0000,0x0000,0x0000,0x0000,0x0000,0x0000,0x2005,0x1823,0x664b,0x664b,0x560b,
    0x664b,0x664b,0x664b,0x664c,0x2045,0x1803,0x0000,0x0000,0x0000,0x3006,0x2004,0x2024,0x2025,0x0000,0x0000,0x0000,0x0000,0x0000,0x0000,0x0000,0x0000,0x0000,0x0000,0x0000,
    0x0000,0x0000,0x0000,0x0000,0x0000,0x0000,0x0000,0x0000,0x0000,0x0000,0x0000,0x0000,0x0000,0x0000,0x0000,0x0000,0x0000,0x0000,0x0000,0x0000,0x0000,0x0000,0x0000,0x0000,
    0x0000,0x0000,0x0000,0x0000,0x0000,0x0000,0x0000,0x0000,0x0000,0x0000,0x0000,0x0000,0x0000,0x0000,0x0000,0x0000,0x0000,0x0000,0x0000,0x2005,0x2024,0x664c,0x664b,0x666c,
    0x4dea,0x45ab,0x664b,0x664b,0x5e2a,0x1803,0x2806,0x0000,0x2004,0x18a3,0x6ecd,0x5ecb,0x2826,0x2005,0x0000,0x0000,0x0000,0x0000,0x0000,0x0000,0x0000,0x0000,0x0000,0x0000,
    0x0000,0x0000,0x0000,0x0000,0x0000,0x0000,0x0000,0x0000,0x0000,0x0000,0x0000,0x0000,0x0000,0x0000,0x0000,0x0000,0x0000,0x0000,0x0000,0x0000,0x0000,0x0000,0x0000,0x0000,
    0x0000,0x0000,0x0000,0x0000,0x0000,0x0000,0x0000,0x0000,0x0000,0x0000,0x0000,0x0000,0x0000,0x0000,0x0000,0x0000,0x0000,0x0000,0x0000,0x0000,0x2805,0x1824,0x5e4b,0x664b,
    0x664b,0x45ab,0x45ab,0x664b,0x664b,0x674c,0x2805,0x1823,0x1803,0x5e8b,0x664b,0x664b,0x1844,0x2005,0x0000,0x0000,0x0000,0x0000,0x0000,0x0000,0x0000,0x0000,0x0000,0x0000,
    0x0000,0x0000,0x0000,0x0000,0x0000,0x0000,0x0000,0x0000,0x0000,0x0000,0x0000,0x0000,0x0000,0x0000,0x0000,0x0000,0x0000,0x0000,0x0000,0x0000,0x0000,0x0000,0x0000,0x0000,
    0x0000,0x0000,0x0000,0x0000,0x0000,0x0000,0x0000,0x0000,0x0000,0x0000,0x0000,0x0000,0x0000,0x0000,0x0000,0x0000,0x0000,0x0000,0x0000,0x0000,0x3807,0x1804,0x3267,0x664b,
    0x664b,0x5e2b,0x55ea,0x358a,0x664b,0x664b,0x2ae5,0x2004,0x2044,0x664c,0x666b,0x352a,0x2025,0x2805,0x4009,0x3007,0x0000,0x0000,0x0000,0x0000,0x0000,0x0000,0x0000,0x0000,
    0x0000,0x0000,0x0000,0x0000,0x0000,0x0000,0x0000,0x0000,0x0000,0x0000,0x0000,0x0000,0x0000,0x0000,0x0000,0x0000,0x0000,0x0000,0x0000,0x0000,0x0000,0x0000,0x0000,0x0000,
    0x0000,0x0000,0x0000,0x0000,0x0000,0x0000,0x0000,0x0000,0x0000,0x0000,0x0000,0x0000,0x0000,0x0000,0x0000,0x0000,0x0000,0x0000,0x0000,0x0000,0x0000,0x2805,0x1803,0x360b,
    0x4dca,0x5e2b,0x664b,0x358b,0x358b,0x664b,0x4488,0x2004,0x5e4b,0x5e2b,0x3dab,0x1804,0x2005,0x2825,0x2004,0x2805,0x1004,0x1004,0x0804,0x0000,0x0000,0x0000,0x0000,0x0000,
    0x0000,0x0000,0x0000,0x0000,0x0000,0x0000,0x0000,0x0000,0x0000,0x0000,0x0000,0x0000,0x0000,0x0000,0x0000,0x0000,0x0000,0x0000,0x0000,0x0000,0x0000,0x0000,0x0000,0x0000,
    0x0000,0x0000,0x0000,0x0000,0x0000,0x0000,0x0000,0x0000,0x0000,0x0000,0x0000,0x0000,0x0000,0x0000,0x0000,0x0000,0x0000,0x0000,0x0000,0x0000,0x0000,0x0000,0x2004,0x3046,
    0x1844,0x3d6a,0x3dca,0x3d6a,0x3dab,0x4dcb,0x4489,0x1803,0x562a,0x3d6b,0xee49,0xf62a,0xf68d,0xf72f,0xf72c,0xee0c,0x2805,0x2004,0x2004,0x2825,0x3027,0x0000,0x0000,0x0000,
    0x0000,0x0000,0x0000,0x0000,0x0000,0x0000,0x0000,0x0000,0x0000,0x0000,0x0000,0x0000,0x0000,0x0000,0x0000,0x0000,0x0000,0x0000,0x0000,0x0000,0x0000,0x0000,0x0000,0x0000,
    0x0000,0x0000,0x0000,0x0000,0x0000,0x0000,0x0000,0x0000,0x0000,0x0000,0x0000,0x0000,0x0000,0x0000,0x0000,0x0000,0x0000,0x0000,0x0000,0x0000,0x0000,0x0000,0x0000,0x2826,
    0x1804,0x1804,0x2825,0x2024,0x3d4a,0x3d2a,0x54aa,0x2825,0xff6d,0xff6c,0xff6d,0xff6d,0xff6d,0xff6d,0xff6d,0xff6d,0xff6e,0xff6d,0xffad,0x2825,0x1823,0x2005,0x0000,0x0000,
    0x0000,0x0000,0x0000,0x0000,0x0000,0x0000,0x0000,0x0000,0x0000,0x0000,0x0000,0x0000,0x0000,0x0000,0x0000,0x0000,0x0000,0x0000,0x0000,0x0000,0x0000,0x0000,0x0000,0x0000,
    0x0000,0x0000,0x0000,0x0000,0x0000,0x0000,0x0000,0x0000,0x0000,0x0000,0x0000,0x0000,0x0000,0x0000,0x0000,0x0000,0x0000,0x0000,0x0000,0x0000,0x0000,0x0000,0x0000,0x0000,
    0x2025,0x2004,0x0803,0x0802,0x3d2b,0xf64a,0xff6d,0xff6d,0xff6d,0xff6d,0xff6d,0xff6d,0xff6d,0xff6d,0xff6d,0xff6e,0xff6d,0xff6d,0xff6d,0xff6e,0xf771,0x0802,0x2005,0x2806,
    0x0000,0x0000,0x0000,0x0000,0x0000,0x0000,0x0000,0x0000,0x0000,0x0000,0x0000,0x0000,0x0000,0x0000,0x0000,0x0000,0x0000,0x0000,0x0000,0x0000,0x0000,0x0000,0x0000,0x0000,
    0x0000,0x0000,0x0000,0x0000,0x0000,0x0000,0x0000,0x0000,0x0000,0x0000,0x0000,0x0000,0x0000,0x0000,0x0000,0x0000,0x0000,0x0000,0x0000,0x0000,0x0000,0x0000,0x0000,0x2805,
    0x1804,0x7a47,0xfe2a,0xff6c,0xff6d,0xff6d,0xff6d,0xff6d,0xff6d,0xff6d,0xff6d,0xff6d,0xff6d,0xff6d,0xff6e,0xff6e,0xff6e,0xff6e,0xff6d,0xff6e,0xff6d,0xff6e,0x5a06,0x2005,
    0x1804,0x8810,0x0000,0x0000,0x0000,0x0000,0x0000,0x0000,0x0000,0x0000,0x0000,0x0000,0x0000,0x0000,0x0000,0x0000,0x0000,0x0000,0x0000,0x0000,0x0000,0x0000,0x0000,0x0000,
    0x0000,0x0000,0x0000,0x0000,0x0000,0x0000,0x0000,0x0000,0x0000,0x0000,0x0000,0x0000,0x0000,0x0000,0x0000,0x0000,0x0000,0x0000,0x0000,0x0000,0x0000,0x480b,0x3807,0x2806,
    0x1803,0xfe8a,0xff6d,0xff6d,0xff6d,0xff6d,0xff6d,0xff6d,0xff6e,0xff6d,0xff6e,0xff6e,0xff6e,0xff6e,0xff6e,0xff6e,0xff6e,0xff6e,0xff6e,0xff6e,0xff6d,0xff6e,0xff6e,0x5a25,
    0x2843,0x2025,0x1804,0x0000,0x0000,0x0000,0x0000,0x0000,0x0000,0x3026,0x2825,0x2825,0x3026,0x0000,0x0000,0x0000,0x0000,0x0000,0x0000,0x0000,0x0000,0x0000,0x0000,0x0000,
    0x0000,0x0000,0x0000,0x0000,0x0000,0x0000,0x0000,0x0000,0x0000,0x0000,0x0000,0x0000,0x0000,0x0000,0x0000,0x0000,0x0000,0x0000,0x0000,0x0000,0x580d,0x2806,0x2004,0xf70e,
    0xff6e,0xff4c,0xff6d,0xff6d,0xff6d,0xff6d,0xff6d,0xff6e,0xff6e,0xff6d,0xff6e,0xff6e,0xff6e,0xff6e,0xff6e,0xff6e,0xff6e,0xff6e,0xff6e,0xff6e,0xff6e,0xff6e,0xff6d,0xff6d,
    0xff6f,0xffef,0x2005,0x0801,0x0000,0x0000,0x0000,0x2825,0x1804,0x2004,0x2024,0x2825,0x1803,0x2025,0x0000,0x0000,0x0000,0x0000,0x0000,0x0000,0x0000,0x0000,0x0000,0x0000,
    0x0000,0x0000,0x0000,0x0000,0x0000,0x0000,0x0000,0x0000,0x0000,0x0000,0x0000,0x0000,0x0000,0x0000,0x0000,0x0000,0x0000,0x0000,0x0000,0x2006,0x2005,0x2825,0xfff1,0xfffb,
    0xfffe,0xffff,0xff6d,0xff6d,0xff6d,0xff6d,0xff6d,0xff6e,0xff6e,0xff6e,0xff6e,0xff6e,0xff6e,0xff6e,0xff6e,0xff6e,0xff6e,0xff6e,0xff8e,0xff6d,0xff6d,0xff6d,0xff6d,0xff6d,
    0xff6e,0xff8e,0x20a1,0x2005,0x2006,0x0000,0x0000,0x2004,0x2805,0xc58b,0xff6d,0x1803,0x1823,0x2826,0x1824,0x0000,0x0000,0x0000,0x0000,0x0000,0x0000,0x0000,0x0000,0x0000,
    0x0000,0x0000,0x0000,0x0000,0x0000,0x0000,0x0000,0x0000,0x0000,0x0000,0x0000,0x0000,0x0000,0x0000,0x0000,0x0000,0x0000,0x0000,0x0000,0x2004,0x1003,0xffaf,0xff4d,0xffff,
    0xffde,0xff6e,0xff6d,0xff6d,0xff6e,0xff6e,0xff6e,0xff6e,0xff6e,0xff6e,0xff6e,0xff6e,0xff6e,0xff6e,0xff6e,0xff6d,0xff6e,0xff8d,0x1023,0x2025,0x1003,0xff6e,0xff6d,0xff6d,
    0xff6d,0xff6d,0xff2d,0x20a3,0x2004,0x0000,0x2004,0x2805,0xf74e,0xff6e,0xff6d,0xf72f,0xff6c,0x2004,0x2005,0x0000,0x0000,0x0000,0x0000,0x0000,0x0000,0x0000,0x0000,0x0000,
    0x0000,0x0000,0x0000,0x0000,0x0000,0x0000,0x0000,0x0000,0x0000,0x0000,0x0000,0x0000,0x0000,0x0000,0x0000,0x0000,0x0000,0x0000,0x3007,0x2005,0xde91,0xff6d,0xffde,0xff6f,
    0xff6d,0xff6d,0xff6e,0xff6d,0xff6e,0xff6e,0xff6e,0xff6e,0xff6e,0xff6e,0xff6e,0xff6e,0xff6e,0xff6e,0xff6e,0xff6e,0xff6d,0x2865,0x2024,0xdefc,0xffdf,0x2044,0xff6e,0xff6d,
    0xff6d,0xff6d,0xff6d,0xff6d,0x1803,0x2025,0x2005,0xff6c,0xff6e,0xff6d,0xff6d,0xff6d,0xff6e,0x1803,0x2004,0x0000,0x0000,0x0000,0x0000,0x0000,0x0000,0x0000,0x0000,0x0000,
    0x0000,0x0000,0x0000,0x0000,0x0000,0x0000,0x0000,0x0000,0x0000,0x0000,0x0000,0x0000,0x0000,0x0000,0x0000,0x0000,0x0000,0x0000,0x2004,0x3104,0xff6d,0xff6d,0xff95,0xff6d,
    0xff6d,0xff6e,0xff6e,0xff6e,0xff6e,0xff6e,0xff6e,0xff6e,0xff6e,0xff6e,0xff6e,0xff6e,0xff6e,0xff6e,0xff6e,0xff6d,0xff6d,0x1823,0x2004,0x8bd2,0x1023,0x2024,0xff6e,0xff6d,
    0xff6d,0xff6e,0xff6d,0xff6d,0x5186,0x1803,0x7a04,0xff6d,0xff6d,0xff6d,0xff6d,0xff6d,0xff4d,0x2805,0x2005,0x0000,0x0000,0x0000,0x0000,0x0000,0x0000,0x0000,0x0000,0x0000,
    0x0000,0x0000,0x0000,0x0000,0x0000,0x0000,0x0000,0x0000,0x0000,0x0000,0x0000,0x0000,0x0000,0x0000,0x0000,0x0000,0x0000,0x2825,0x1804,0x3966,0xff6d,0xff6d,0xff6d,0xff6d,
    0xff6d,0xff6d,0xff6e,0xff6e,0xff6e,0xff6e,0xff6e,0xff6e,0xff6e,0xff6e,0xff6e,0xff6e,0xff6e,0xff6e,0xff6e,0xff6e,0xff6d,0x2025,0x2004,0x2024,0x2004,0x2025,0xff4d,0xff6e,
    0xff6d,0xff6d,0xff6d,0xff6d,0xff2c,0x2842,0xf5a5,0xff6d,0xff6d,0xff6e,0xff6e,0xff6d,0x2865,0x1804,0x0000,0x0000,0x0000,0x0000,0x0000,0x0000,0x0000,0x0000,0x0000,0x0000,
    0x0000,0x0000,0x0000,0x0000,0x0000,0x0000,0x0000,0x0000,0x0000,0x0000,0x0000,0x0000,0x0000,0x0000,0x0000,0x0000,0x0000,0x2005,0x2005,0xff6c,0xff6d,0xff6d,0xff6d,0xff6d,
    0xff6e,0xff6e,0xff6e,0xff6d,0xff6e,0xff6d,0xff6e,0xff6e,0xff6e,0xff6e,0xff6e,0xff6e,0xff6e,0xff6e,0xff6e,0xff6e,0xff6e,0x4164,0x3103,0x2004,0x2004,0x28a1,0xff6f,0xff6e,
    0xff6d,0xff6d,0xff6d,0xff6d,0xff6d,0xfeaa,0xff6d,0xff6d,0xff6e,0xff6d,0xff6d,0xff4c,0x2845,0x2005,0x0000,0x0000,0x0000,0x0000,0x0000,0x0000,0x0000,0x0000,0x0000,0x0000,
    0x0000,0x0000,0x0000,0x0000,0x0000,0x0000,0x0000,0x0000,0x0000,0x0000,0x0000,0x0000,0x0000,0x0000,0x0000,0x0000,0x0000,0x2004,0x1803,0xff6d,0xff6d,0xff6d,0xff6d,0xff6d,
    0xff6d,0xff6d,0x49e6,0x1843,0x1865,0xff6d,0xff6d,0xff6e,0xff6d,0xff6e,0xff6d,0xff6d,0xff6e,0xff6e,0xff6e,0xff6d,0xff6d,0xff6e,0xff8c,0xb52b,0xbd6b,0xff6e,0xff6d,0xff6d,
    0xff6e,0xff6d,0xff4d,0xff6d,0xff6e,0xff6d,0xff6d,0xff6e,0xff6d,0xff6e,0xff6d,0x0804,0x2805,0x0000,0x0000,0x0000,0x0000,0x0000,0x0000,0x0000,0x0000,0x0000,0x0000,0x0000,
    0x0000,0x0000,0x0000,0x0000,0x0000,0x0000,0x0000,0x0000,0x0000,0x0000,0x0000,0x0000,0x0000,0x0000,0x0000,0x0000,0x2005,0x2044,0xfe6a,0xff6d,0xff6d,0xff6d,0xff6e,0xff6e,
    0xff6e,0xff6f,0x1804,0x1843,0xffff,0x0803,0xff6d,0xff6d,0xff6d,0xff6e,0xff6e,0xff6e,0xff8e,0xff8e,0xff6d,0x1803,0x1824,0xff6d,0xff6d,0xff8e,0xff6d,0xff6d,0xff6d,0xfcb1,
    0xfc32,0xfc12,0xfc32,0xffae,0xff6d,0xff6d,0xff6e,0xff6e,0xff6e,0xff6e,0xfeab,0x0003,0x2004,0x0000,0x0000,0x0000,0x0000,0x0000,0x0000,0x0000,0x0000,0x0000,0x0000,0x0000,
    0x0000,0x0000,0x0000,0x0000,0x0000,0x0000,0x0000,0x0000,0x0000,0x0000,0x0000,0x0000,0x0000,0x0000,0x0000,0x0000,0x2005,0x2044,0xff6d,0xff6d,0xff6d,0xff6d,0xff6e,0xff6e,
    0xff6e,0xf6ec,0x2004,0x2004,0x1843,0x2044,0xff8e,0xff6d,0xff6e,0xff8e,0xff6d,0xff8e,0xff6d,0x2826,0x1823,0x2005,0x2845,0xff8d,0xff8d,0xff6d,0xff6d,0xff6d,0xfe31,0xfc32,
    0xfc12,0xfc32,0xfc33,0xfc32,0xff6e,0xff6e,0xff6e,0xff6e,0xff6d,0xff6d,0x4186,0x2805,0x0000,0x0000,0x0000,0x0000,0x0000,0x0000,0x0000,0x0000,0x0000,0x0000,0x0000,0x0000,
    0x0000,0x0000,0x0000,0x0000,0x0000,0x0000,0x0000,0x0000,0x0000,0x0000,0x0000,0x0000,0x0000,0x0000,0x0000,0x3807,0x2825,0xfda3,0xff6d,0xff6d,0xff6e,0xff6d,0xff6d,0xff6e,
    0xff6d,0xff4d,0x2005,0x2004,0x1804,0x1823,0xff6d,0xff8e,0xff8d,0xff6c,0x2004,0x2805,0x2805,0x2004,0x2004,0x2004,0x2004,0x1003,0xff6d,0xff6d,0xff6d,0xff6d,0xfe10,0xfc12,
    0xfc12,0xfc32,0xfc32,0xfc12,0xff6e,0xff6e,0xff6e,0xff6d,0xff6d,0xff0d,0x4123,0x2005,0x0000,0x0000,0x0000,0x0000,0x0000,0x0000,0x0000,0x0000,0x0000,0x0000,0x0000,0x0000,
    0x0000,0x0000,0x0000,0x0000,0x0000,0x0000,0x0000,0x0000,0x0000,0x0000,0x0000,0x0000,0x0000,0x0000,0x0000,0x2806,0x2004,0xff6c,0xff6d,0xff6d,0xff6d,0xff6d,0xff6e,0xff6d,
    0xff6d,0xff6d,0x62e7,0x2805,0x2043,0xff6d,0xff6e,0xff6d,0x2063,0x2024,0x2004,0x2004,0x1804,0x2004,0x2004,0x2004,0x2024,0x1824,0xff8e,0xff6d,0xff6e,0xff6d,0xfe10,0xfc32,
    0xfc12,0xfc12,0xfc32,0xfc32,0xff6e,0xff6d,0xff6d,0xff6d,0xff6d,0xfeed,0x2805,0x0000,0x0000,0x0000,0x0000,0x0000,0x0000,0x0000,0x0000,0x0000,0x0000,0x0000,0x0000,0x0000,
    0x0000,0x0000,0x0000,0x0000,0x0000,0x0000,0x0000,0x0000,0x0000,0x0000,0x0000,0x0000,0x0000,0x0000,0x0000,0x2004,0x2825,0xff8e,0xff6d,0xff6d,0xff6d,0xff6e,0xff6e,0xff6d,
    0xff6d,0xff6e,0xff6e,0xff6e,0xff8e,0xff6d,0xff6d,0xff8d,0x2044,0x2004,0x2004,0x2005,0xe94c,0xf2af,0xf1ee,0x1803,0x2025,0x1823,0xff6d,0xff6d,0xff6e,0xff6d,0xff6d,0xfcb1,
    0xfc12,0xfc12,0xfc32,0xff8e,0xff6e,0xff6e,0xff6e,0xff6d,0xfeca,0xfe21,0x1804,0x0000,0x0000,0x0000,0x0000,0x0000,0x0000,0x0000,0x0000,0x0000,0x0000,0x0000,0x0000,0x0000,
    0x0000,0x0000,0x0000,0x0000,0x0000,0x0000,0x0000,0x0000,0x0000,0x0000,0x0000,0x0000,0x0000,0x0000,0x2025,0x2005,0xf585,0xff6d,0xff6d,0xff6d,0xff6d,0xff6d,0xff4f,0xff4e,
    0xff4e,0xff4f,0xff6d,0xff6e,0xff6d,0xff6e,0xff8e,0xff8d,0x1843,0x2004,0x1804,0xfa2e,0xfc32,0xfc32,0xfc12,0xf1ed,0x1824,0x1823,0xff8e,0xff8e,0xff6e,0xff6d,0xff6d,0xff6d,
    0xff6d,0xff8d,0xff8e,0xff6e,0xff6e,0xff6e,0xff6e,0xff8c,0xfe46,0x2004,0x7031,0x0000,0x0000,0x0000,0x0000,0x0000,0x0000,0x0000,0x0000,0x0000,0x0000,0x0000,0x0000,0x0000,
    0x0000,0x0000,0x0000,0x0000,0x0000,0x0000,0x0000,0x0000,0x0000,0x0000,0x0000,0x0000,0x0000,0x0000,0x2806,0x2004,0xff4c,0xff6d,0xff6d,0xff6d,0xff6d,0xfeae,0xfc13,0xfc12,
    0xfc32,0xfc32,0xfe90,0xff6d,0xff6d,0xff6e,0xff6d,0xff8d,0xc5ac,0x2004,0x8129,0xfc12,0xfc12,0xfc12,0xfc32,0xfc12,0x2845,0xff6d,0xff6e,0xff6e,0xff6d,0xff6e,0xff6d,0xff6e,
    0xff6e,0xff6e,0xff6e,0xff6e,0xff6e,0xff6d,0xff6d,0xfff0,0x2024,0x0801,0x0000,0x0000,0x0000,0x0000,0x0000,0x0000,0x0000,0x0000,0x0000,0x0000,0x0000,0x0000,0x0000,0x0000,
    0x0000,0x0000,0x0000,0x0000,0x0000,0x0000,0x0000,0x0000,0x0000,0x0000,0x0000,0x0000,0x0000,0x0000,0x1804,0x2024,0xff6e,0xff6d,0xff6d,0xff6d,0xff6d,0xf50f,0xfc12,0xfc32,
    0xfc32,0xfc32,0xfc32,0xff8d,0xff6d,0xff6d,0xff6d,0xff6d,0xff6e,0x8b89,0x7948,0xfbf2,0xfbf2,0xfc12,0xfc12,0xfc53,0x62a6,0xff6e,0xff6e,0xff6e,0xff6e,0xff6e,0xff6e,0xff6e,
    0xff6e,0xff6e,0xff6e,0xff6e,0xff6e,0xff6d,0xff6d,0xffce,0x5943,0x2024,0x9034,0x0000,0x0000,0x0000,0x0000,0x0000,0x0000,0x0000,0x0000,0x0000,0x0000,0x0000,0x0000,0x0000,
    0x0000,0x0000,0x0000,0x0000,0x0000,0x0000,0x0000,0x0000,0x0000,0x0000,0x0000,0x0000,0x0000,0x3006,0x1804,0xf6ec,0xff6d,0xff6d,0xff6d,0xff6d,0xff6d,0xf4d0,0xfc12,0xfc12,
    0xfc12,0xfc32,0xfc52,0xff6d,0xff6d,0xff6d,0xff6d,0xff6d,0xff6d,0xff6e,0x9bea,0xfc33,0xfbf2,0xfbf2,0xf412,0x1843,0xff6e,0xff8e,0xff6e,0xff6e,0xff6e,0xff6e,0xff6e,0xff6e,
    0xff6e,0xff6e,0xff6e,0xff6e,0xff6d,0xff6d,0xff6d,0xff8e,0xfe69,0x1804,0x682f,0x0000,0x0000,0x0000,0x0000,0x0000,0x0000,0x0000,0x0000,0x0000,0x0000,0x0000,0x0000,0x0000,
    0x0000,0x0000,0x0000,0x0000,0x0000,0x0000,0x0000,0x0000,0x0000,0x0000,0x0000,0x0000,0x2826,0x2004,0xff6d,0xff4c,0xff6d,0xff6d,0xff6d,0xff6d,0xff6d,0xf50f,0xfc12,0xfc12,
    0xfc32,0xfc12,0xfc32,0xff6d,0xff6d,0xff6e,0xff6d,0xff6d,0xff6d,0xff6e,0xff4d,0x2003,0x2824,0x2024,0x2846,0xff4c,0xff6d,0xff6d,0xff6e,0xff6e,0xff6e,0xff6d,0xff6e,0xff6e,
    0xff6e,0xff6d,0xff6e,0xff6d,0xff6e,0xff6d,0xff6d,0xff6d,0xff6d,0x2024,0x682f,0x0000,0x0000,0x0000,0x0000,0x0000,0x0000,0x0000,0x0000,0x0000,0x0000,0x0000,0x0000,0x0000,
    0x0000,0x0000,0x0000,0x0000,0x0000,0x0000,0x0000,0x0000,0x0000,0x0000,0x2024,0x2004,0x2825,0xff4e,0xff6d,0xff6d,0xff6d,0xff6d,0xff6d,0xff6d,0xff6d,0xff6d,0xfc52,0xfcd1,
    0xfcb2,0xfcd2,0xff6d,0xff6d,0xff6d,0xff6e,0xff6e,0xff6d,0xff6d,0xff6e,0xff6d,0xff6e,0xff6d,0xff6f,0xff6e,0xff6e,0xff6e,0xff6e,0xff8e,0xff6e,0xff6e,0xff6d,0xff6e,0xff6e,
    0xff6e,0xff6e,0xff6e,0xff6e,0xff6d,0xff6d,0xff6d,0xff6d,0xff6d,0x2025,0x7030,0x0000,0x0000,0x0000,0x0000,0x0000,0x0000,0x0000,0x0000,0x0000,0x0000,0x0000,0x0000,0x0000,
    0x0000,0x0000,0x0000,0x0000,0x0000,0x0000,0x0000,0x0000,0x0000,0x2004,0x2806,0x2044,0xff4d,0xff6e,0xff6d,0xff6d,0xff6d,0xff6d,0xff6d,0xff6e,0xff6d,0xff6d,0xff6d,0xff6d,
    0xff6d,0xff6d,0xff6d,0xff6d,0xff6e,0xff6e,0xff6e,0xff6e,0xff6d,0xff6d,0xff6d,0xff6d,0xff6d,0xff6d,0xff6e,0xff6e,0xff6e,0xff6e,0xff6e,0xff6e,0xff6e,0xff6e,0xff6e,0xff6e,
    0xff6e,0xff6d,0xff6d,0xff6e,0xff6d,0xff6d,0xff6d,0xff6d,0xff6d,0x2005,0x682f,0x0000,0x0000,0x0000,0x0000,0x0000,0x0000,0x0000,0x0000,0x0000,0x0000,0x0000,0x0000,0x0000,
    0x0000,0x0000,0x0000,0x0000,0x0000,0x0000,0x0000,0x0000,0x0000,0x1804,0x1002,0xff6d,0xff6d,0xff6d,0xff6d,0xff6d,0xff6d,0xff6d,0xff6d,0xff6d,0xff6d,0xff6d,0xff6d,0xff6d,
    0xff6d,0xff6d,0xff6d,0xff6d,0xff6e,0xff6e,0xff6e,0xff6e,0xff6e,0xff6e,0xff6d,0xff6e,0xff6e,0xff6e,0xff6e,0xff6e,0xff6e,0xff6e,0xff6e,0xff6e,0xff6e,0xff6e,0xff6e,0xff6e,
    0xff6e,0xff6e,0xff6d,0xff6e,0xff6d,0xff6d,0xff6e,0xff6d,0xfe07,0x2004,0x7031,0x0000,0x0000,0x0000,0x0000,0x0000,0x0000,0x0000,0x0000,0x0000,0x0000,0x0000,0x0000,0x0000,
    0x0000,0x0000,0x0000,0x0000,0x0000,0x0000,0x0000,0x0000,0x2005,0x2044,0xff6d,0xff6d,0xff6d,0xff6d,0xff6d,0xff6d,0xff6d,0xff6d,0xff6e,0xff6d,0xff6d,0xff6d,0xff6e,0xff6d,
    0xff6e,0xff6e,0xff6e,0xff6d,0xff6e,0xff6d,0xff6e,0xff6e,0xff6e,0xff6e,0xff6e,0xff6e,0xff6e,0xff6e,0xff6e,0xff6e,0xff6e,0xff6e,0xff6e,0xff6e,0xff6e,0xff6e,0xff6e,0xff6e,
    0xff6e,0xff6e,0xff6d,0xff6e,0xff6d,0xff6d,0xff6d,0xfecc,0x0804,0x1003,0x684f,0x0000,0x0000,0x0000,0x0000,0x0000,0x0000,0x0000,0x0000,0x0000,0x0000,0x0000,0x0000,0x0000,
    0x0000,0x0000,0x0000,0x0000,0x0000,0x0000,0x0000,0x0000,0x2005,0x2845,0xff6d,0xff6d,0xff6d,0xff6d,0xff6d,0xfeec,0xfd82,0xff8d,0xff6e,0xff6d,0xff6d,0xff6d,0xff6d,0xff6e,
    0xff6d,0xff6e,0xff6e,0xff6e,0xff6e,0xff6e,0xff6e,0xff6e,0xff6e,0xff6e,0xff6e,0xff6e,0xff6e,0xff6e,0xff6e,0xff6e,0xff6d,0xff6e,0xff6e,0xff6e,0xff6e,0xff6e,0xff6e,0xff6e,
    0xff6e,0xff6e,0xff6e,0xff6d,0xff6d,0xff6d,0xff6d,0xfe0b,0x2005,0x1805,0x0000,0x0000,0x0000,0x0000,0x0000,0x0000,0x0000,0x0000,0x0000,0x0000,0x0000,0x0000,0x0000,0x0000,
    0x0000,0x0000,0x0000,0x0000,0x0000,0x0000,0x0000,0x0000,0x2004,0x2845,0xfeca,0xff6d,0xff6d,0xfecc,0xfde7,0x3086,0x38e4,0xff6d,0xff6e,0xff6e,0xff6d,0xff6e,0xff6d,0xff6e,
    0xff6e,0xff6e,0xff6e,0xff6e,0xff6e,0xff6e,0xff6e,0xff6e,0xff6e,0xff6e,0xff6e,0xff6e,0xff6e,0xff6e,0xff6e,0xff6e,0xff6e,0xff6e,0xff6e,0xff6e,0xff6e,0xff6e,0xff6e,0xff6e,
    0xff6e,0xff6d,0xff6d,0xff6d,0xff6d,0xff6d,0xfe6b,0xfe09,0x2004,0x3008,0x0000,0x0000,0x0000,0x0000,0x0000,0x0000,0x0000,0x0000,0x0000,0x0000,0x0000,0x0000,0x0000,0x0000,
    0x0000,0x0000,0x0000,0x0000,0x0000,0x0000,0x0000,0x0000,0x2005,0x2024,0x2044,0xfe2a,0xfe8b,0xfd61,0x2844,0x1804,0xf421,0xff8e,0xff6d,0xff6e,0xff6d,0xff6d,0xff6e,0xff6e,
    0xff6e,0xff6e,0xff6e,0xff6e,0xff6e,0xff6e,0xff6e,0xff6e,0xff6e,0xff6e,0xff6e,0xff6e,0xff6e,0xff6e,0xff6e,0xff6e,0xff6e,0xff6e,0xff6e,0xff6e,0xff6e,0xff6e,0xff6e,0xff6e,
    0xff6e,0xff6d,0xff6d,0xff6d,0xff6d,0xff6d,0xfe6c,0x2025,0x2005,0x1804,0x0000,0x0000,0x0000,0x0000,0x0000,0x0000,0x0000,0x0000,0x0000,0x0000,0x0000,0x0000,0x0000,0x0000,
    0x0000,0x0000,0x0000,0x0000,0x0000,0x0000,0x0000,0x0000,0x0000,0x1804,0x2825,0x2825,0x2024,0x2004,0x2005,0x2004,0xfe2a,0xff6d,0xff6e,0xff6d,0xff6d,0xff6d,0xff6e,0xff6e,
    0xff6e,0xff6e,0xff6e,0xff6e,0xff6e,0xff6e,0xff6e,0xff6e,0xff6e,0xff6e,0xff6e,0xff6e,0xff6e,0xff6e,0xff6e,0xff6d,0xff6e,0xff6e,0xff6e,0xff6e,0xff6d,0xff6d,0xff6e,0xff6d,
    0xff6d,0xff6d,0xff6d,0xff6d,0xff6d,0xfe8a,0xf561,0x1824,0x1804,0x1804,0x2806,0x0000,0x0000,0x0000,0x0000,0x0000,0x0000,0x0000,0x0000,0x0000,0x0000,0x0000,0x0000,0x0000,
    0x0000,0x0000,0x0000,0x0000,0x0000,0x0000,0x0000,0x0000,0x0000,0x0000,0x2825,0x1804,0x2004,0x2805,0x1804,0x2004,0xfe6d,0xff6d,0xff6d,0xff6d,0xff6d,0xff6e,0xff6e,0xff6e,
    0xff6e,0xff6e,0xff6e,0xff6e,0xff6e,0xff6e,0xff6e,0xff6e,0xff6e,0xff6e,0xff6e,0xff6e,0xff6e,0xff6e,0xff6e,0xff6e,0xff6e,0xff6e,0xff6e,0xff6e,0xff6d,0xff6e,0xff6d,0xff6d,
    0xff6d,0xff6d,0xff6d,0xff6d,0xfe4b,0xfe8b,0xfd60,0xfeaa,0xff6d,0xf72e,0x0821,0x2005,0x0000,0x0000,0x0000,0x0000,0x0000,0x0000,0x0000,0x0000,0x0000,0x0000,0x0000,0x0000,
    0x0000,0x0000,0x0000,0x0000,0x0000,0x0000,0x0000,0x0000,0x0000,0x0000,0x0000,0x0000,0x0000,0x0000,0x1003,0x2004,0xfe4b,0xfe4b,0xff6d,0xff6d,0xff6d,0xff6d,0xff6d,0xff6e,
    0xff6e,0xff6e,0xff6e,0xff6e,0xff6e,0xff6e,0xff6e,0xff6e,0xff6e,0xff6e,0xff6e,0xff6e,0xff6e,0xff6e,0xff6e,0xff6e,0xff6e,0xff6e,0xff6d,0xff6d,0xff6d,0xff6d,0xff6d,0xff6d,
    0xff6d,0xff4d,0xff4d,0xff4d,0xfe8b,0xff6d,0xff6d,0xff6d,0xff6d,0xff6d,0xf6ed,0x2004,0x0000,0x0000,0x0000,0x0000,0x0000,0x0000,0x0000,0x0000,0x0000,0x0000,0x0000,0x0000,
    0x0000,0x0000,0x0000,0x0000,0x0000,0x0000,0x0000,0x0000,0x0000,0x0000,0x0000,0x0000,0x0000,0x0000,0x0000,0x2004,0xf5a4,0xfe4a,0xff6d,0xff6d,0xff6d,0xff6d,0xff6e,0xff6e,
    0xff6e,0xff6e,0xff6e,0xff6d,0xff6e,0xff6e,0xff6e,0xff6e,0xff6e,0xff6e,0xff6e,0xff6e,0xff6e,0xff6e,0xff6e,0xff6e,0xff6d,0xff6d,0xff6d,0xff6d,0xff6d,0xff6d,0xff6d,0xff6d,
    0xff2d,0xfe4b,0xfe49,0xfe07,0xff4d,0xff6d,0xff6d,0xff6d,0xff6d,0xf72c,0x2825,0x2826,0x0000,0x0000,0x0000,0x0000,0x0000,0x0000,0x0000,0x0000,0x0000,0x0000,0x0000,0x0000,
    0x0000,0x0000,0x0000,0x0000,0x0000,0x0000,0x0000,0x0000,0x0000,0x0000,0x0000,0x0000,0x0000,0x0000,0x0000,0x2025,0x2025,0xfe6b,0xfe4b,0xff6d,0xff6d,0xff6d,0xff6d,0xff6d,
    0xff6d,0xff6e,0xff6e,0xff6e,0xff6e,0xff6e,0xff6e,0xff6e,0xff6e,0xff6d,0xff6e,0xff6e,0xff6d,0xff6d,0xff6d,0xff6d,0xff6d,0xff6d,0xff6d,0xff6d,0xff6d,0xff6d,0xfe4b,0xfe6b,
    0xfe6a,0xdd4a,0xe482,0xfd81,0xff4c,0xff6d,0xff6d,0xff6d,0xf72d,0x2845,0x1804,0x0000,0x0000,0x0000,0x0000,0x0000,0x0000,0x0000,0x0000,0x0000,0x0000,0x0000,0x0000,0x0000,
    0x0000,0x0000,0x0000,0x0000,0x0000,0x0000,0x0000,0x0000,0x0000,0x0000,0x0000,0x0000,0x0000,0x0000,0x0000,0x2025,0x2826,0xece3,0xfe2a,0xfe4a,0xff6d,0xff6d,0xff6d,0xff6d,
    0xff6d,0xff6d,0xff6e,0xff6e,0xff6d,0xff6d,0xff6e,0xff6e,0xff6d,0xff6e,0xff6e,0xff6d,0xff6d,0xff6d,0xff6d,0xff6d,0xff6d,0xff6d,0xff6d,0xff6d,0xfe4b,0xfe4b,0xfe6b,0xfe49,
    0x2044,0x2004,0x2025,0x7a02,0xff4d,0xff6d,0xff6d,0xf66b,0x1823,0x2805,0x0000,0x0000,0x0000,0x0000,0x0000,0x0000,0x0000,0x0000,0x0000,0x0000,0x0000,0x0000,0x0000,0x0000,
    0x0000,0x0000,0x0000,0x0000,0x0000,0x0000,0x0000,0x0000,0x0000,0x0000,0x0000,0x0000,0x0000,0x0000,0x0000,0x0000,0x2806,0x1843,0xf64a,0xfe4a,0xff2c,0xff6d,0xff6d,0xff6d,
    0xff6d,0xff6d,0xff6e,0xff6d,0xff6d,0xff6e,0xff6e,0xff6e,0xff6e,0xff6e,0xff6e,0xff6d,0xff6d,0xff6d,0xff6d,0xff6d,0xff6d,0xff6d,0xff0c,0xfe4b,0xfe6b,0xf64b,0xfecb,0x1804,
    0x2805,0x2025,0x2005,0x1804,0xfecb,0xff4b,0x1004,0x2004,0x2004,0x0804,0x0000,0x0000,0x0000,0x0000,0x0000,0x0000,0x0000,0x0000,0x0000,0x0000,0x0000,0x0000,0x0000,0x0000,
    0x0000,0x0000,0x0000,0x0000,0x0000,0x0000,0x0000,0x0000,0x0000,0x0000,0x0000,0x0000,0x0000,0x0000,0x0000,0x0000,0x0000,0x2825,0x2025,0xfe28,0xfe6a,0xfe2a,0xff6e,0xff6d,
    0xff6d,0xff6d,0xff6d,0xff6d,0xff6d,0xff6d,0xff6d,0xff6d,0xff6e,0xff6d,0xff6d,0xff6d,0xff6e,0xff6d,0xff6e,0xff4d,0xfe6b,0xfe6b,0xfe6a,0xe5ca,0xedc7,0x2025,0x2005,0x1003,
    0x1005,0x0000,0x1803,0x2806,0x2004,0x2004,0x2004,0x1003,0x1805,0x0000,0x0000,0x0000,0x0000,0x0000,0x0000,0x0000,0x0000,0x0000,0x0000,0x0000,0x0000,0x0000,0x0000,0x0000,
    0x0000,0x0000,0x0000,0x0000,0x0000,0x0000,0x0000,0x0000,0x0000,0x0000,0x0000,0x0000,0x0000,0x0000,0x0000,0x0000,0x0000,0x0000,0x2024,0x2026,0x28a5,0xfe2a,0xfe4b,0xfe6b,
    0xfe8b,0xfeac,0xff6d,0xff6d,0xff6d,0xff6d,0xff6d,0xff6d,0xff6d,0xff2d,0xfe6b,0xfe8b,0xfe8b,0xfe4a,0xfe2a,0xfe6b,0xfe29,0x20a4,0x20a3,0x1804,0x2004,0x0000,0x0000,0x0000,
    0x0000,0x0000,0x0000,0x7850,0x702f,0x7810,0x700f,0x0000,0x0000,0x0000,0x0000,0x0000,0x0000,0x0000,0x0000,0x0000,0x0000,0x0000,0x0000,0x0000,0x0000,0x0000,0x0000,0x0000,
    0x0000,0x0000,0x0000,0x0000,0x0000,0x0000,0x0000,0x0000,0x0000,0x0000,0x0000,0x0000,0x0000,0x0000,0x0000,0x0000,0x0000,0x0000,0x0000,0x2805,0x1804,0x2025,0xfe6b,0xfe4a,
    0xfe6b,0xfe6b,0xfe6b,0xfe6b,0xff6d,0xff6d,0xff6d,0xfe4b,0xfe4b,0xfe4b,0xfe4b,0xfe6c,0xfe4b,0xfe4a,0xe4c1,0x2025,0x2025,0x2005,0x2004,0x0000,0x0000,0x0000,0x0000,0x0000,
    0x0000,0x0000,0x0000,0x0000,0x0000,0x0000,0x0000,0x0000,0x0000,0x0000,0x0000,0x0000,0x0000,0x0000,0x0000,0x0000,0x0000,0x0000,0x0000,0x0000,0x0000,0x0000,0x0000,0x0000,
    0x0000,0x0000,0x0000,0x0000,0x0000,0x0000,0x0000,0x0000,0x0000,0x0000,0x0000,0x0000,0x0000,0x0000,0x0000,0x0000,0x0000,0x0000,0x0000,0x0000,0x2004,0x2006,0x2825,0x2025,
    0xf540,0xfd60,0xfe6b,0xfe6b,0xfe4a,0xfe6b,0xfe2a,0xfe4c,0xfe2b,0xfe2b,0xfde6,0x2825,0x1804,0x1804,0x2025,0x2024,0x2025,0x2826,0x0000,0x0000,0x0000,0x0000,0x0000,0x0000,
    0x0000,0x0000,0x0000,0x0000,0x0000,0x0000,0x0000,0x0000,0x0000,0x0000,0x0000,0x0000,0x0000,0x0000,0x0000,0x0000,0x0000,0x0000,0x0000,0x0000,0x0000,0x0000,0x0000,0x0000,
    0x0000,0x0000,0x0000,0x0000,0x0000,0x0000,0x0000,0x0000,0x0000,0x0000,0x0000,0x0000,0x0000,0x0000,0x0000,0x0000,0x0000,0x0000,0x0000,0x0000,0x0000,0x3809,0x1803,0x2025,
    0x1823,0xfd41,0xff4d,0xff6d,0xff6d,0xfd20,0xfd60,0x1805,0x2005,0x2805,0x2004,0x2005,0x480a,0x480a,0x480b,0x4028,0x0000,0x0000,0x0000,0x0000,0x0000,0x0000,0x0000,0x0000,
    0x0000,0x0000,0x0000,0x0000,0x0000,0x0000,0x0000,0x0000,0x0000,0x0000,0x0000,0x0000,0x0000,0x0000,0x0000,0x0000,0x0000,0x0000,0x0000,0x0000,0x0000,0x0000,0x0000,0x0000,
    0x0000,0x0000,0x0000,0x0000,0x0000,0x0000,0x0000,0x0000,0x0000,0x0000,0x0000,0x0000,0x0000,0x0000,0x0000,0x0000,0x0000,0x0000,0x0000,0x0000,0x0000,0x0000,0x2845,0x2825,
    0xff8e,0xff6d,0xff6d,0xff6d,0xff4d,0xff6e,0x9368,0x1804,0x0000,0x0000,0x0000,0x0000,0x0000,0x0000,0x0000,0x0000,0x0000,0x0000,0x0000,0x0000,0x0000,0x0000,0x0000,0x0000,
    0x0000,0x0000,0x0000,0x0000,0x0000,0x0000,0x0000,0x0000,0x0000,0x0000,0x0000,0x0000,0x0000,0x0000,0x0000,0x0000,0x0000,0x0000,0x0000,0x0000,0x0000,0x0000,0x0000,0x0000,
    0x0000,0x0000,0x0000,0x0000,0x0000,0x0000,0x0000,0x0000,0x0000,0x0000,0x0000,0x0000,0x0000,0x0000,0x0000,0x0000,0x0000,0x0000,0x0000,0x0000,0x0000,0x0000,0x2045,0x1824,
    0xff6c,0xff6d,0xff6d,0xff6d,0xff6d,0xff6c,0x7a67,0x2006,0x0000,0x0000,0x0000,0x0000,0x0000,0x0000,0x0000,0x0000,0x0000,0x0000,0x0000,0x0000,0x0000,0x0000,0x0000,0x0000,
    0x0000,0x0000,0x0000,0x0000,0x0000,0x0000,0x0000,0x0000,0x0000,0x0000,0x0000,0x0000,0x0000,0x0000,0x0000,0x0000,0x0000,0x0000,0x0000,0x0000,0x0000,0x0000,0x0000,0x0000,
    0x0000,0x0000,0x0000,0x0000,0x0000,0x0000,0x0000,0x0000,0x0000,0x0000,0x0000,0x0000,0x0000,0x0000,0x0000,0x0000,0x0000,0x0000,0x0000,0x0000,0x0000,0x0000,0x2045,0x2025,
    0xf522,0xff6d,0xff6d,0xff6d,0xfea9,0x2005,0x1803,0x3807,0x0000,0x0000,0x0000,0x0000,0x0000,0x0000,0x0000,0x0000,0x0000,0x0000,0x0000,0x0000,0x0000,0x0000,0x0000,0x0000,
    0x0000,0x0000,0x0000,0x0000,0x0000,0x0000,0x0000,0x0000,0x0000,0x0000,0x0000,0x0000,0x0000,0x0000,0x0000,0x0000,0x0000,0x0000,0x0000,0x0000,0x0000,0x0000,0x0000,0x0000,
    0x0000,0x0000,0x0000,0x0000,0x0000,0x0000,0x0000,0x0000,0x0000,0x0000,0x0000,0x0000,0x0000,0x0000,0x0000,0x0000,0x0000,0x0000,0x0000,0x0000,0x0000,0x0000,0x0000,0x2004,
    0x2025,0x2044,0x2845,0x2845,0x2043,0x2005,0x2005,0x0000,0x0000,0x0000,0x0000,0x0000,0x0000,0x0000,0x0000,0x0000,0x0000,0x0000,0x0000,0x0000,0x0000,0x0000,0x0000,0x0000,
    0x0000,0x0000,0x0000,0x0000,0x0000,0x0000,0x0000,0x0000,0x0000,0x0000,0x0000,0x0000,0x0000,0x0000,0x0000,0x0000,0x0000,0x0000,0x0000,0x0000,0x0000,0x0000,0x0000,0x0000,
    0x0000,0x0000,0x0000,0x0000,0x0000,0x0000,0x0000,0x0000,0x0000,0x0000,0x0000,0x0000,0x0000,0x0000,0x0000,0x0000,0x0000,0x0000,0x0000,0x0000,0x0000,0x0000,0x0000,0x0000,
    0x2024,0x2825,0x2825,0x2025,0x2805,0x0801,0x0000,0x0000,0x0000,0x0000,0x0000,0x0000,0x0000,0x0000,0x0000,0x0000,0x0000,0x0000,0x0000,0x0000,0x0000,0x0000,0x0000,0x0000,
    0x0000,0x0000,0x0000,0x0000,0x0000,0x0000,0x0000,0x0000,0x0000,0x0000,0x0000,0x0000,0x0000,0x0000,0x0000,0x0000,0x0000,0x0000,0x0000,0x0000,0x0000,0x0000,0x0000,0x0000,
    0x0000,0x0000,0x0000,0x0000,0x0000,0x0000,0x0000,0x0000,0x0000,0x0000,0x0000,0x0000,0x0000,0x0000,0x0000,0x0000,0x0000,0x0000,0x0000,0x0000,0x0000,0x0000,0x0000,0x0000,
    0x0000,0x0000,0x0000,0x0000,0x0000,0x0000,0x0000,0x0000,0x0000,0x0000,0x0000,0x0000,0x0000,0x0000,0x0000,0x0000,0x0000,0x0000,0x0000,0x0000,0x0000,0x0000,0x0000,0x0000,
    0x0000,0x0000,0x0000,0x0000,0x0000,0x0000,0x0000,0x0000,0x0000,0x0000,0x0000,0x0000,0x0000,0x0000,0x0000,0x0000,0x0000,0x0000,0x0000,0x0000,0x0000,0x0000,0x0000,0x0000,
    0x0000,0x0000,0x0000,0x0000,0x0000,0x0000,0x0000,0x0000,0x0000,0x0000,0x0000,0x0000,0x0000,0x0000,0x0000,0x0000,0x0000,0x0000,0x0000,0x0000,0x0000,0x0000,0x0000,0x0000,
    0x0000,0x0000,0x0000,0x0000,0x0000,0x0000,0x0000,0x0000,0x0000,0x0000,0x0000,0x0000,0x0000,0x0000,0x0000,0x0000,0x0000,0x0000,0x0000,0x0000,0x0000,0x0000,0x0000,0x0000,
    0x0000,0x0000,0x0000,0x0000,0x0000,0x0000,0x0000,0x0000,0x0000,0x0000,0x0000,0x0000,0x0000,0x0000,0x0000,0x0000,0x0000,0x0000,0x0000,0x0000,0x0000,0x0000,0x0000,0x0000,
    0x0000,0x0000,0x0000,0x0000,0x0000,0x0000,0x0000,0x0000,0x0000,0x0000,0x0000,0x0000,0x0000,0x0000,0x0000,0x0000,0x0000,0x0000,0x0000,0x0000,0x0000,0x0000,0x0000,0x0000,
    0x0000,0x0000,0x0000,0x0000,0x0000,0x0000,0x0000,0x0000,0x0000,0x0000,0x0000,0x0000,0x0000,0x0000,0x0000,0x0000,0x0000,0x0000,0x0000,0x0000,0x0000,0x0000,0x0000,0x0000,
    0x0000,0x0000,0x0000,0x0000,0x0000,0x0000,0x0000,0x0000,0x0000,0x0000,0x0000,0x0000,0x0000,0x0000,0x0000,0x0000,0x0000,0x0000,0x0000,0x0000,0x0000,0x0000,0x0000,0x0000,
  },
};
