// Generated by scripts/pack_pixel_rooms.py. Do not hand edit.
#pragma once
#include "lvgl.h"
static const uint8_t room_day_data[] = {
0x91,0xfd,0x91,0xfd,0x91,0xfd,0x91,0xfd,0x91,0xfd,0x91,0xfd,0x91,0xfd,0x91,0xfd,0x91,0xfd,0x91,0xfd,0x91,0xfd,0x91,0xfd,
0x91,0xfd,0x91,0xfd,0x91,0xfd,0x91,0xfd,0x91,0xfd,0x91,0xfd,0x91,0xfd,0x91,0xfd,0x91,0xfd,0x91,0xfd,0x91,0xfd,0x91,0xfd,
0x91,0xfd,0x91,0xfd,0x91,0xfd,0x91,0xfd,0x91,0xfd,0x91,0xfd,0x91,0xfd,0x91,0xfd,0x91,0xfd,0x91,0xfd,0x91,0xfd,0x91,0xfd,
0x91,0xfd,0x91,0xfd,0x91,0xfd,0x91,0xfd,0x91,0xfd,0x91,0xfd,0x91,0xfd,0x91,0xfd,0x91,0xfd,0x91,0xfd,0x91,0xfd,0x91,0xfd,
0x91,0xfd,0x91,0xfd,0x71,0xfd,0x91,0xfd,0x91,0xfd,0x91,0xfd,0x91,0xfd,0x91,0xfd,0x91,0xfd,0x91,0xfd,0x91,0xfd,0x91,0xfd,
0x91,0xfd,0x91,0xfd,0x91,0xfd,0x91,0xfd,0x91,0xfd,0x91,0xfd,0x91,0xfd,0x91,0xfd,0x91,0xfd,0x91,0xfd,0x91,0xfd,0x91,0xfd,
0x91,0xfd,0x91,0xfd,0x91,0xfd,0x91,0xfd,0x91,0xfd,0x91,0xfd,0x91,0xfd,0x91,0xfd,0x91,0xfd,0x91,0xfd,0x91,0xfd,0x91,0xfd,
0x91,0xfd,0x91,0xfd,0x91,0xfd,0x91,0xfd,0x91,0xfd,0x91,0xfd,0x91,0xfd,0x91,0xfd,0x91,0xfd,0x91,0xfd,0x91,0xfd,0x91,0xfd,
0x91,0xfd,0x91,0xfd,0x91,0xfd,0x91,0xfd,0x91,0xfd,0x91,0xfd,0x91,0xfd,0x91,0xfd,0x91,0xfd,0x91,0xfd,0x91,0xfd,0x91,0xfd,
0x91,0xfd,0x91,0xfd,0x91,0xfd,0x91,0xfd,0x91,0xfd,0x91,0xfd,0x91,0xfd,0x91,0xfd,0x91,0xfd,0x91,0xfd,0x91,0xfd,0x91,0xfd,
0x91,0xfd,0x91,0xfd,0x71,0xfd,0x71,0xfd,0x91,0xfd,0x91,0xfd,0x91,0xfd,0x91,0xfd,0x91,0xfd,0x91,0xfd,0x91,0xfd,0x91,0xfd,
0x91,0xfd,0x91,0xfd,0x91,0xfd,0x91,0xfd,0x91,0xfd,0x91,0xfd,0x91,0xfd,0x91,0xfd,0x91,0xfd,0x91,0xfd,0x91,0xfd,0x91,0xfd,
0x91,0xfd,0x91,0xfd,0x91,0xfd,0x91,0xfd,0x91,0xfd,0x91,0xfd,0x91,0xfd,0x91,0xfd,0x91,0xfd,0x91,0xfd,0x91,0xfd,0x91,0xfd,
0x91,0xfd,0x91,0xfd,0x91,0xfd,0x91,0xfd,0x91,0xfd,0x91,0xfd,0x91,0xfd,0x91,0xfd,0x91,0xfd,0x91,0xfd,0x91,0xfd,0x91,0xfd,
0x91,0xfd,0x91,0xfd,0x91,0xfd,0x91,0xfd,0x91,0xfd,0x91,0xfd,0x91,0xfd,0x91,0xfd,0x91,0xfd,0x91,0xfd,0x91,0xfd,0x91,0xfd,
0x91,0xfd,0x91,0xfd,0x91,0xfd,0x91,0xfd,0x91,0xfd,0x91,0xfd,0x91,0xfd,0x91,0xfd,0x91,0xfd,0x91,0xfd,0x91,0xfd,0x91,0xfd,
0x91,0xfd,0x91,0xfd,0x91,0xfd,0x91,0xfd,0x91,0xfd,0x91,0xfd,0x91,0xfd,0x91,0xfd,0x91,0xfd,0x91,0xfd,0x91,0xfd,0x91,0xfd,
0x91,0xfd,0x91,0xfd,0x91,0xfd,0x91,0xfd,0x91,0xfd,0x91,0xfd,0x91,0xfd,0x91,0xfd,0x91,0xfd,0x91,0xfd,0x91,0xfd,0x91,0xfd,
0x91,0xfd,0x91,0xfd,0x91,0xfd,0x91,0xfd,0x91,0xfd,0x91,0xfd,0x91,0xfd,0x91,0xfd,0x91,0xfd,0x91,0xfd,0x91,0xfd,0x91,0xfd,
0x91,0xfd,0x91,0xfd,0x91,0xfd,0x91,0xfd,0x91,0xfd,0x91,0xfd,0x91,0xfd,0x91,0xfd,0x91,0xfd,0x91,0xfd,0x91,0xfd,0x91,0xfd,
0x91,0xfd,0x91,0xfd,0x91,0xfd,0x91,0xfd,0x91,0xfd,0x91,0xfd,0x91,0xfd,0x91,0xfd,0x91,0xfd,0x91,0xfd,0x91,0xfd,0x91,0xfd,
0x91,0xfd,0x91,0xfd,0x91,0xfd,0x91,0xfd,0x91,0xfd,0x91,0xfd,0x91,0xfd,0x91,0xfd,0x91,0xfd,0x91,0xfd,0x91,0xfd,0x91,0xfd,
0x91,0xfd,0x91,0xfd,0x91,0xfd,0x91,0xfd,0x91,0xfd,0x91,0xfd,0x91,0xfd,0x91,0xfd,0x91,0xfd,0x91,0xfd,0x91,0xfd,0x91,0xfd,
0x91,0xfd,0x91,0xfd,0x91,0xfd,0x91,0xfd,0x91,0xfd,0x91,0xfd,0x91,0xfd,0x91,0xfd,0x91,0xfd,0x91,0xfd,0x91,0xfd,0x91,0xfd,
0x91,0xfd,0x91,0xfd,0x91,0xfd,0x91,0xfd,0x91,0xfd,0x91,0xfd,0x91,0xfd,0x91,0xfd,0x91,0xfd,0x91,0xfd,0x91,0xfd,0x91,0xfd,
0x91,0xfd,0x91,0xfd,0x91,0xfd,0x91,0xfd,0x91,0xfd,0x91,0xfd,0x91,0xfd,0x91,0xfd,0x91,0xfd,0x91,0xfd,0x91,0xfd,0x91,0xfd,
0x91,0xfd,0x91,0xfd,0x91,0xfd,0x91,0xfd,0x91,0xfd,0x91,0xfd,0x91,0xfd,0x91,0xfd,0x91,0xfd,0x91,0xfd,0x91,0xfd,0x91,0xfd,
0x91,0xfd,0x91,0xfd,0x91,0xfd,0x91,0xfd,0x91,0xfd,0x91,0xfd,0x91,0xfd,0x91,0xfd,0x91,0xfd,0x91,0xfd,0x91,0xfd,0x91,0xfd,
0x91,0xfd,0x91,0xfd,0x91,0xfd,0x91,0xfd,0x91,0xfd,0x91,0xfd,0x91,0xfd,0x91,0xfd,0x91,0xfd,0x91,0xfd,0x91,0xfd,0x91,0xfd,
0x91,0xfd,0x91,0xfd,0x91,0xfd,0x91,0xfd,0x91,0xfd,0x91,0xfd,0x91,0xfd,0x91,0xfd,0x91,0xfd,0x91,0xfd,0x91,0xfd,0x91,0xfd,
0x91,0xfd,0x91,0xfd,0x91,0xfd,0x91,0xfd,0x91,0xfd,0x91,0xfd,0x91,0xfd,0x91,0xfd,0x91,0xfd,0x91,0xfd,0x91,0xfd,0x91,0xfd,
0x91,0xfd,0x91,0xfd,0x91,0xfd,0x91,0xfd,0x91,0xfd,0x91,0xfd,0x91,0xfd,0x91,0xfd,0x91,0xfd,0x91,0xfd,0x91,0xfd,0x91,0xfd,
0x91,0xfd,0x91,0xfd,0x91,0xfd,0x91,0xfd,0x91,0xfd,0x91,0xfd,0x91,0xfd,0x91,0xfd,0x91,0xfd,0x91,0xfd,0x91,0xfd,0x91,0xfd,
0x91,0xfd,0x91,0xfd,0x91,0xfd,0x91,0xfd,0x91,0xfd,0x91,0xfd,0x91,0xfd,0x91,0xfd,0x91,0xfd,0x91,0xfd,0x91,0xfd,0x91,0xfd,
0x91,0xfd,0x91,0xfd,0x91,0xfd,0x91,0xfd,0x91,0xfd,0x91,0xfd,0x91,0xfd,0x91,0xfd,0x91,0xfd,0x91,0xfd,0x91,0xfd,0x91,0xfd,
0x91,0xfd,0x91,0xfd,0x91,0xfd,0x91,0xfd,0x91,0xfd,0x91,0xfd,0x91,0xfd,0x91,0xfd,0x91,0xfd,0x91,0xfd,0x91,0xfd,0x91,0xfd,
0x91,0xfd,0x91,0xfd,0x91,0xfd,0x91,0xfd,0x91,0xfd,0x91,0xfd,0x91,0xfd,0x91,0xfd,0x91,0xfd,0x91,0xfd,0x91,0xfd,0x91,0xfd,
0x91,0xfd,0x91,0xfd,0x91,0xfd,0x91,0xfd,0x91,0xfd,0x91,0xfd,0x91,0xfd,0x91,0xfd,0x91,0xfd,0x91,0xfd,0x91,0xfd,0x91,0xfd,
0x91,0xfd,0x91,0xfd,0x91,0xfd,0x91,0xfd,0x91,0xfd,0x91,0xfd,0x91,0xfd,0x91,0xfd,0x91,0xfd,0x91,0xfd,0x91,0xfd,0x91,0xfd,
0x91,0xfd,0x91,0xfd,0x91,0xfd,0x91,0xfd,0x91,0xfd,0x91,0xfd,0x91,0xfd,0x91,0xfd,0x91,0xfd,0x91,0xfd,0x91,0xfd,0x91,0xfd,
0x91,0xfd,0x91,0xfd,0x91,0xfd,0x91,0xfd,0x91,0xfd,0x91,0xfd,0x91,0xfd,0x91,0xfd,0x91,0xfd,0x91,0xfd,0x91,0xfd,0x91,0xfd,
0x91,0xfd,0x91,0xfd,0x91,0xfd,0x91,0xfd,0x91,0xfd,0x91,0xfd,0x91,0xfd,0x91,0xfd,0x91,0xfd,0x91,0xfd,0x91,0xfd,0x91,0xfd,
0x91,0xfd,0x91,0xfd,0x91,0xfd,0x91,0xfd,0x91,0xfd,0x91,0xfd,0x91,0xfd,0x91,0xfd,0x91,0xfd,0x91,0xfd,0x91,0xfd,0x91,0xfd,
0x91,0xfd,0x91,0xfd,0x91,0xfd,0x91,0xfd,0x91,0xfd,0x91,0xfd,0x91,0xfd,0x91,0xfd,0x91,0xfd,0x91,0xfd,0x91,0xfd,0x91,0xfd,
0x91,0xfd,0x91,0xfd,0x91,0xfd,0x91,0xfd,0x91,0xfd,0x91,0xfd,0x91,0xfd,0x91,0xfd,0x91,0xfd,0x91,0xfd,0x91,0xfd,0x91,0xfd,
0x91,0xfd,0x91,0xfd,0x91,0xfd,0x91,0xfd,0x91,0xfd,0x91,0xfd,0x91,0xfd,0x91,0xfd,0x91,0xfd,0x91,0xfd,0x91,0xfd,0x91,0xfd,
0x91,0xfd,0x91,0xfd,0x91,0xfd,0x91,0xfd,0x91,0xfd,0x91,0xfd,0x91,0xfd,0x91,0xfd,0x91,0xfd,0x91,0xfd,0x91,0xfd,0x91,0xfd,
0x91,0xfd,0x91,0xfd,0x91,0xfd,0x91,0xfd,0x91,0xfd,0x91,0xfd,0x91,0xfd,0x91,0xfd,0x91,0xfd,0x91,0xfd,0x91,0xfd,0x91,0xfd,
0x91,0xfd,0x91,0xfd,0x91,0xfd,0x91,0xfd,0x91,0xfd,0x91,0xfd,0x91,0xfd,0x91,0xfd,0x91,0xfd,0x91,0xfd,0x91,0xfd,0x91,0xfd,
0x91,0xfd,0x91,0xfd,0x91,0xfd,0x91,0xfd,0x91,0xfd,0x91,0xfd,0x91,0xfd,0x91,0xfd,0x91,0xfd,0x91,0xfd,0x91,0xfd,0x90,0xfd,
0x91,0xfd,0x91,0xfd,0x91,0xfd,0x91,0xfd,0x91,0xfd,0x91,0xfd,0x91,0xfd,0x91,0xfd,0x91,0xfd,0x91,0xfd,0x91,0xfd,0x91,0xfd,
0x91,0xfd,0x91,0xfd,0x91,0xfd,0x91,0xfd,0x91,0xfd,0x91,0xfd,0x91,0xfd,0x91,0xfd,0x91,0xfd,0x91,0xfd,0x91,0xfd,0x91,0xfd,
0x91,0xfd,0x91,0xfd,0x91,0xfd,0x91,0xfd,0x91,0xfd,0x91,0xfd,0x91,0xfd,0x91,0xfd,0x91,0xfd,0x91,0xfd,0x91,0xfd,0x91,0xfd,
0x91,0xfd,0x91,0xfd,0x91,0xfd,0x91,0xfd,0x91,0xfd,0x91,0xfd,0x91,0xfd,0x91,0xfd,0x91,0xfd,0x91,0xfd,0x91,0xfd,0x91,0xfd,
0x91,0xfd,0x91,0xfd,0x91,0xfd,0x91,0xfd,0x91,0xfd,0x91,0xfd,0x91,0xfd,0x91,0xfd,0x91,0xfd,0x91,0xfd,0x91,0xfd,0x91,0xfd,
0x91,0xfd,0x91,0xfd,0x91,0xfd,0x91,0xfd,0x91,0xfd,0x91,0xfd,0x91,0xfd,0x91,0xfd,0x91,0xfd,0x91,0xfd,0x91,0xfd,0x91,0xfd,
0x91,0xfd,0x91,0xfd,0x91,0xfd,0x91,0xfd,0x91,0xfd,0x91,0xfd,0x91,0xfd,0x91,0xfd,0x91,0xfd,0x91,0xfd,0x91,0xfd,0x91,0xfd,
0x91,0xfd,0x91,0xfd,0x91,0xfd,0x91,0xfd,0x91,0xfd,0x91,0xfd,0x91,0xfd,0x91,0xfd,0x91,0xfd,0x91,0xfd,0x91,0xfd,0x91,0xfd,
0x91,0xfd,0x91,0xfd,0x91,0xfd,0x91,0xfd,0x91,0xfd,0x91,0xfd,0x91,0xfd,0x91,0xfd,0x91,0xfd,0x91,0xfd,0x91,0xfd,0x91,0xfd,
0x91,0xfd,0x70,0xfd,0x27,0xab,0x48,0xb3,0x07,0xa3,0x71,0xfd,0x91,0xfd,0x91,0xfd,0x91,0xfd,0x91,0xfd,0x91,0xfd,0x91,0xfd,
0x91,0xfd,0x91,0xfd,0x91,0xfd,0x91,0xfd,0x91,0xfd,0x91,0xfd,0x91,0xfd,0x91,0xfd,0x91,0xfd,0x91,0xfd,0x91,0xfd,0x91,0xfd,
0x91,0xfd,0x91,0xfd,0x91,0xfd,0x91,0xfd,0x91,0xfd,0x91,0xfd,0x91,0xfd,0x91,0xfd,0x91,0xfd,0x91,0xfd,0x91,0xfd,0x91,0xfd,
0x91,0xfd,0x91,0xfd,0x91,0xfd,0x91,0xfd,0x91,0xfd,0x91,0xfd,0x91,0xfd,0x91,0xfd,0x91,0xfd,0x91,0xfd,0x91,0xfd,0x91,0xfd,
0x91,0xfd,0x91,0xfd,0x91,0xfd,0x91,0xfd,0x91,0xfd,0x91,0xfd,0x91,0xfd,0x91,0xfd,0x91,0xfd,0x91,0xfd,0x91,0xfd,0x91,0xfd,
0x91,0xfd,0x91,0xfd,0x91,0xfd,0x91,0xfd,0x91,0xfd,0x91,0xfd,0x91,0xfd,0x91,0xfd,0x91,0xfd,0x91,0xfd,0x91,0xfd,0x91,0xfd,
0x91,0xfd,0x91,0xfd,0x91,0xfd,0x71,0xfd,0x91,0xfd,0x71,0xfd,0x91,0xfd,0x91,0xfd,0x91,0xfd,0x91,0xfd,0x91,0xfd,0x91,0xfd,
0x91,0xfd,0x91,0xfd,0x91,0xfd,0x91,0xfd,0x91,0xfd,0x91,0xfd,0x91,0xfd,0x91,0xfd,0x91,0xfd,0x91,0xfd,0x91,0xfd,0x91,0xfd,
0x91,0xfd,0x91,0xfd,0x91,0xfd,0x91,0xfd,0x91,0xfd,0x91,0xfd,0x91,0xfd,0x91,0xfd,0x91,0xfd,0x91,0xfd,0x91,0xfd,0x91,0xfd,
0xb1,0xfd,0xb1,0xfd,0x91,0xfd,0x91,0xfd,0x91,0xfd,0x91,0xfd,0xb1,0xfd,0x91,0xfd,0x91,0xfd,0x91,0xfd,0x91,0xfd,0x91,0xfd,
0x91,0xfd,0x91,0xfd,0x91,0xfd,0x91,0xfd,0x91,0xfd,0x91,0xfd,0x91,0xfd,0x91,0xfd,0x91,0xfd,0x91,0xfd,0x91,0xfd,0x91,0xfd,
0x91,0xfd,0x91,0xfd,0x91,0xfd,0x91,0xfd,0x91,0xfd,0x91,0xfd,0x91,0xfd,0x91,0xfd,0x91,0xfd,0x91,0xfd,0x91,0xfd,0x91,0xfd,
0x91,0xfd,0x91,0xfd,0x91,0xfd,0x91,0xfd,0x91,0xfd,0xb1,0xfd,0x91,0xfd,0x91,0xfd,0x91,0xfd,0x91,0xfd,0x91,0xfd,0x91,0xfd,
0xb1,0xfd,0xb1,0xfd,0x91,0xfd,0x91,0xfd,0x91,0xfd,0x91,0xfd,0x91,0xfd,0x91,0xfd,0x91,0xfd,0x91,0xfd,0x91,0xfd,0x91,0xfd,
0x91,0xfd,0x91,0xfd,0x91,0xfd,0x91,0xfd,0x91,0xfd,0x91,0xfd,0x91,0xfd,0x91,0xfd,0x91,0xfd,0x91,0xfd,0x91,0xfd,0x91,0xfd,
0x91,0xfd,0x91,0xfd,0x91,0xfd,0x91,0xfd,0x91,0xfd,0x91,0xfd,0x05,0x72,0x29,0xdc,0x25,0x7a,0x70,0xfd,0x91,0xfd,0x91,0xfd,
0x91,0xfd,0x91,0xfd,0x91,0xfd,0x91,0xfd,0x91,0xfd,0x91,0xfd,0x91,0xfd,0x91,0xfd,0x91,0xfd,0x91,0xfd,0x91,0xfd,0x91,0xfd,
0x91,0xfd,0x91,0xfd,0x91,0xfd,0x91,0xfd,0x91,0xfd,0x91,0xfd,0x91,0xfd,0x91,0xfd,0x70,0xfd,0x91,0xfd,0x91,0xfd,0x91,0xfd,
0x91,0xfd,0x91,0xfd,0x91,0xfd,0x91,0xfd,0x91,0xfd,0x91,0xfd,0x91,0xfd,0x91,0xfd,0x91,0xfd,0x91,0xfd,0x91,0xfd,0x91,0xfd,
0x91,0xfd,0x91,0xfd,0x91,0xfd,0x91,0xfd,0x91,0xfd,0x91,0xfd,0x91,0xfd,0x91,0xfd,0x91,0xfd,0x91,0xfd,0x91,0xfd,0x91,0xfd,
0x91,0xfd,0x91,0xfd,0x91,0xfd,0x91,0xfd,0x91,0xfd,0x91,0xfd,0x91,0xfd,0x91,0xfd,0x91,0xfd,0x91,0xfd,0x91,0xfd,0x91,0xfd,
0x91,0xfd,0x91,0xfd,0x91,0xfd,0x91,0xfd,0x91,0xfd,0x91,0xfd,0x91,0xfd,0x91,0xfd,0x91,0xfd,0x91,0xfd,0x8c,0xec,0xe9,0xcb,
0xc7,0xa2,0xa7,0xa2,0xc7,0xaa,0x07,0xab,0x07,0xab,0x07,0xab,0xe8,0xb2,0xe8,0xb2,0x28,0xb3,0x28,0xab,0x07,0xab,0x07,0xab,
0xe7,0xaa,0xe7,0xaa,0xe7,0xaa,0x07,0xab,0x07,0xab,0x07,0xab,0xe7,0xaa,0xe7,0xaa,0xe7,0xaa,0xe7,0xa2,0xe7,0xa2,0xe7,0xaa,
0xe7,0xaa,0xe7,0xaa,0xe7,0xaa,0xe7,0xaa,0xc7,0xa2,0xe7,0xaa,0xe7,0xaa,0xe7,0xaa,0xe7,0xaa,0xe7,0xaa,0xc7,0xaa,0xc7,0xaa,
0xc7,0xaa,0xe7,0xaa,0xc7,0xaa,0xc7,0xa2,0xc7,0xaa,0xe7,0xaa,0xe7,0xaa,0xe7,0xaa,0xe7,0xaa,0xe7,0xaa,0xe7,0xaa,0xc7,0xa2,
0xc7,0xa2,0xc7,0xaa,0xe7,0xaa,0xe7,0xaa,0xe7,0xaa,0xe7,0xaa,0xe7,0xaa,0xe7,0xaa,0xe7,0xaa,0xe7,0xaa,0xe7,0xaa,0xe7,0xaa,
0xe7,0xaa,0xe7,0xaa,0xe7,0xaa,0xe7,0xaa,0xe7,0xaa,0xe7,0xaa,0xe7,0xaa,0xe7,0xaa,0xe7,0xaa,0xe7,0xaa,0x08,0xab,0x28,0xab,
0x08,0xab,0x07,0xb3,0x07,0xab,0x07,0xab,0x08,0xb3,0xe8,0xb2,0xe8,0xb2,0xe8,0xb2,0x0a,0xd4,0x6b,0xec,0x91,0xfd,0x90,0xfd,
0x91,0xfd,0x91,0xfd,0x91,0xfd,0x91,0xfd,0x91,0xfd,0x91,0xfd,0x91,0xfd,0x91,0xfd,0x91,0xfd,0x91,0xfd,0x91,0xfd,0x91,0xfd,
0x91,0xfd,0x91,0xfd,0x91,0xfd,0x91,0xfd,0x91,0xfd,0x91,0xfd,0x91,0xfd,0x91,0xfd,0x91,0xfd,0x86,0x8a,0x6d,0xd4,0x2e,0xfd,
0xf1,0xfd,0x45,0x82,0x90,0xfd,0x90,0xfd,0x91,0xfd,0x91,0xfd,0x91,0xfd,0x91,0xfd,0x91,0xfd,0x91,0xfd,0x91,0xfd,0x91,0xfd,
0x91,0xfd,0x91,0xfd,0x91,0xfd,0x91,0xfd,0x91,0xfd,0x91,0xfd,0x91,0xfd,0x91,0xfd,0x91,0xfd,0x91,0xfd,0x91,0xfd,0x91,0xfd,
0x70,0xfd,0x71,0xfd,0x91,0xfd,0x91,0xfd,0x91,0xfd,0x91,0xfd,0x91,0xfd,0x91,0xfd,0x91,0xfd,0x91,0xfd,0x91,0xfd,0x91,0xfd,
0x91,0xfd,0x91,0xfd,0x91,0xfd,0x91,0xfd,0x91,0xfd,0x91,0xfd,0x91,0xfd,0x91,0xfd,0x91,0xfd,0x91,0xfd,0x91,0xfd,0x91,0xfd,
0x91,0xfd,0x91,0xfd,0x91,0xfd,0x91,0xfd,0x91,0xfd,0x91,0xfd,0x91,0xfd,0x91,0xfd,0x91,0xfd,0x91,0xfd,0x91,0xfd,0x91,0xfd,
0x91,0xfd,0x91,0xfd,0x91,0xfd,0x91,0xfd,0x91,0xfd,0x91,0xfd,0x91,0xfd,0x91,0xfd,0x91,0xfd,0x91,0xfd,0x91,0xfd,0x71,0xfd,
0x91,0xfd,0x91,0xfd,0x07,0xa3,0x8f,0xfd,0x10,0xfe,0x8c,0xeb,0xac,0xf4,0x2d,0xf5,0xae,0xf4,0xcd,0xf4,0xd0,0xfd,0xac,0xeb,
0x4b,0xe3,0x4a,0xdb,0x10,0xfe,0x10,0xfe,0x10,0xfe,0x10,0xfe,0x10,0xfe,0xf0,0xfd,0x10,0xfe,0x10,0xfe,0x10,0xfe,0x31,0xfe,
0x11,0xfe,0x11,0xfe,0x10,0xfe,0xf0,0xfd,0x10,0xfe,0x10,0xfe,0x10,0xfe,0xf0,0xfd,0x10,0xfe,0x10,0xfe,0x10,0xfe,0x10,0xfe,
0x10,0xfe,0xf0,0xfd,0xf0,0xfd,0x10,0xfe,0xf0,0xfd,0xf0,0xfd,0xf0,0xfd,0x10,0xfe,0x10,0xfe,0x11,0xfe,0x31,0xfe,0x31,0xfe,
0x31,0xfe,0x11,0xfe,0x11,0xfe,0x11,0xfe,0x10,0xfe,0xf0,0xfd,0xf0,0xfd,0x10,0xfe,0x11,0xfe,0x31,0xfe,0x11,0xfe,0x10,0xfe,
0x11,0xfe,0x31,0xfe,0x31,0xfe,0x10,0xfe,0x10,0xfe,0x11,0xfe,0x10,0xfe,0x10,0xfe,0x10,0xfe,0x10,0xfe,0x10,0xfe,0x10,0xfe,
0x10,0xfe,0x10,0xfe,0xae,0xf4,0xac,0xf3,0xae,0xf3,0xf0,0xfd,0x10,0xfe,0x8e,0xf4,0xcb,0xeb,0x8f,0xfd,0x6d,0xf3,0x8c,0xe4,
0xaf,0xfd,0xe7,0xa2,0x70,0xfd,0x91,0xfd,0x71,0xfd,0x71,0xfd,0x91,0xfd,0x91,0xfd,0x91,0xfd,0x91,0xfd,0x91,0xfd,0x91,0xfd,
0x91,0xfd,0x91,0xfd,0x91,0xfd,0x91,0xfd,0x91,0xfd,0x91,0xfd,0x91,0xfd,0x91,0xfd,0x91,0xfd,0x91,0xfd,0x91,0xfd,0x91,0xfd,
0x91,0xfd,0x86,0x8a,0x2c,0xcc,0x4f,0xfd,0xb1,0xfd,0x24,0x7a,0x70,0xfd,0x91,0xfd,0x91,0xfd,0x91,0xfd,0x91,0xfd,0x91,0xfd,
0x91,0xfd,0x91,0xfd,0x91,0xfd,0x91,0xfd,0x91,0xfd,0x91,0xfd,0x91,0xfd,0x91,0xfd,0x91,0xfd,0x91,0xfd,0x91,0xfd,0x91,0xfd,
0x91,0xfd,0x91,0xfd,0x91,0xfd,0x91,0xfd,0x71,0xfd,0x91,0xfd,0x70,0xfd,0x71,0xfd,0x90,0xfd,0x91,0xfd,0x91,0xfd,0x91,0xfd,
0x91,0xfd,0x91,0xfd,0x91,0xfd,0x91,0xfd,0x91,0xfd,0x91,0xfd,0x91,0xfd,0x91,0xfd,0x91,0xfd,0x91,0xfd,0x91,0xfd,0x91,0xfd,
0x91,0xfd,0x91,0xfd,0x91,0xfd,0x91,0xfd,0x91,0xfd,0x91,0xfd,0x91,0xfd,0x91,0xfd,0x91,0xfd,0x91,0xfd,0x91,0xfd,0x91,0xfd,
0x91,0xfd,0x91,0xfd,0x91,0xfd,0x91,0xfd,0x91,0xfd,0x91,0xfd,0x91,0xfd,0x91,0xfd,0x91,0xfd,0x91,0xfd,0x91,0xfd,0x91,0xfd,
0x91,0xfd,0x91,0xfd,0x91,0xfd,0x91,0xfd,0x71,0xfd,0x91,0xfd,0x07,0xa3,0xaf,0xfd,0x0c,0xed,0x4d,0xeb,0x2e,0xf5,0x4e,0xf5,
0x6d,0xf4,0x4c,0xf4,0xd0,0xfd,0xef,0xf3,0x8d,0xeb,0xea,0xd2,0xf0,0xfd,0xf0,0xfd,0xf0,0xfd,0xf0,0xfd,0xf0,0xfd,0xf0,0xfd,
0xf0,0xfd,0xf0,0xfd,0xf0,0xfd,0xf0,0xfd,0xf0,0xfd,0xf0,0xfd,0xf0,0xfd,0xf0,0xfd,0xf0,0xfd,0xf0,0xfd,0xf0,0xfd,0xd0,0xfd,
0xd0,0xfd,0xd0,0xfd,0xf0,0xfd,0xf0,0xfd,0xf0,0xfd,0xf0,0xfd,0xf0,0xfd,0xf0,0xfd,0xf0,0xfd,0xcf,0xfd,0xf0,0xfd,0xf0,0xfd,
0xf0,0xfd,0xf0,0xfd,0xf0,0xfd,0xf0,0xfd,0xf0,0xfd,0xf0,0xfd,0xf0,0xfd,0xf0,0xfd,0xf0,0xfd,0xf0,0xfd,0xd0,0xfd,0xd0,0xfd,
0xf0,0xfd,0xf0,0xfd,0xd0,0xfd,0xf0,0xfd,0xf0,0xfd,0xf0,0xfd,0xf0,0xfd,0xf0,0xfd,0xf0,0xfd,0xf0,0xfd,0xf0,0xfd,0xf0,0xfd,
0xf0,0xfd,0xd0,0xfd,0xd0,0xfd,0xf0,0xfd,0xd0,0xfd,0xcf,0xfd,0x6e,0xf4,0x8c,0xf3,0xae,0xf3,0xf0,0xfd,0xcf,0xfd,0x0c,0xec,
0xed,0xeb,0xd1,0xfd,0x4e,0xf3,0x29,0xdc,0xcf,0xfd,0x28,0xab,0x70,0xfd,0x91,0xfd,0x91,0xfd,0x70,0xfd,0x91,0xfd,0x91,0xfd,
0x91,0xfd,0x91,0xfd,0x91,0xfd,0x91,0xfd,0x91,0xfd,0x91,0xfd,0x91,0xfd,0x91,0xfd,0x91,0xfd,0x91,0xfd,0x91,0xfd,0x91,0xfd,
0x91,0xfd,0x91,0xfd,0x91,0xfd,0x91,0xfd,0x90,0xfd,0x46,0x7a,0x2c,0xc4,0x91,0xfd,0x13,0xfe,0x45,0x7a,0x90,0xfd,0x91,0xfd,
0x91,0xfd,0x91,0xfd,0x91,0xfd,0x91,0xfd,0x91,0xfd,0x91,0xfd,0x91,0xfd,0x91,0xfd,0x91,0xfd,0x91,0xfd,0x91,0xfd,0x91,0xfd,
0x91,0xfd,0x91,0xfd,0x91,0xfd,0x91,0xfd,0x91,0xfd,0x91,0xfd,0x91,0xfd,0x91,0xfd,0x71,0xfd,0x91,0xfd,0x91,0xfd,0x71,0xfd,
0x90,0xfd,0x91,0xfd,0x71,0xfd,0x91,0xfd,0x91,0xfd,0x91,0xfd,0x91,0xfd,0x91,0xfd,0x91,0xfd,0x91,0xfd,0x91,0xfd,0x91,0xfd,
0x91,0xfd,0x91,0xfd,0x91,0xfd,0x91,0xfd,0x91,0xfd,0x91,0xfd,0x91,0xfd,0x91,0xfd,0x91,0xfd,0x91,0xfd,0x91,0xfd,0x91,0xfd,
0x91,0xfd,0x91,0xfd,0x91,0xfd,0x91,0xfd,0x91,0xfd,0x91,0xfd,0x91,0xfd,0x91,0xfd,0x91,0xfd,0x91,0xfd,0x91,0xfd,0x91,0xfd,
0x91,0xfd,0x91,0xfd,0x91,0xfd,0x91,0xfd,0x91,0xfd,0x91,0xfd,0x71,0xfd,0x70,0xfd,0x70,0xfd,0x71,0xfd,0x86,0x92,0x07,0xab,
0x48,0xb3,0x69,0xc3,0xa7,0xaa,0x87,0xa2,0xa8,0xc3,0xa8,0xc3,0xa8,0xc3,0x49,0xba,0x8a,0xcb,0xe9,0xcb,0x0d,0xed,0x4e,0xf5,
0x4e,0xf5,0x4e,0xf5,0x6e,0xf5,0x4e,0xf5,0x4e,0xf5,0x4e,0xf5,0x4e,0xf5,0x4e,0xf5,0x4e,0xf5,0x4e,0xf5,0x4e,0xf5,0x4e,0xf5,
0x4e,0xf5,0x4e,0xf5,0x4e,0xf5,0x4e,0xf5,0x2e,0xf5,0x2e,0xf5,0x2e,0xf5,0x2e,0xf5,0x2e,0xf5,0x4e,0xf5,0x2e,0xf5,0x2e,0xf5,
0x2d,0xf5,0x2d,0xf5,0x2e,0xf5,0x2e,0xf5,0x2e,0xf5,0x2e,0xf5,0x2e,0xf5,0x4e,0xf5,0x4e,0xf5,0x4e,0xf5,0x2e,0xf5,0x2e,0xf5,
0x2e,0xf5,0x2e,0xf5,0x2e,0xf5,0x2e,0xf5,0x2e,0xf5,0x2e,0xf5,0x2e,0xf5,0x2e,0xf5,0x2e,0xf5,0x2e,0xf5,0x2e,0xf5,0x4e,0xf5,
0x2e,0xf5,0x2e,0xf5,0x4e,0xf5,0x2e,0xf5,0x4e,0xf5,0x4e,0xf5,0x4e,0xf5,0x2e,0xf5,0x2d,0xf5,0x0d,0xf5,0x2b,0xd4,0xa9,0xcb,
0x69,0xaa,0x67,0xc3,0x88,0xc3,0x88,0xc3,0xa9,0xc3,0x48,0xbb,0x8a,0xba,0x27,0xb3,0x27,0xab,0xa6,0x9a,0x91,0xfd,0x71,0xfd,
0x91,0xfd,0x91,0xfd,0x91,0xfd,0x91,0xfd,0x91,0xfd,0x91,0xfd,0x91,0xfd,0x91,0xfd,0x91,0xfd,0x91,0xfd,0x91,0xfd,0x91,0xfd,
0x91,0xfd,0x91,0xfd,0x91,0xfd,0x91,0xfd,0x91,0xfd,0x91,0xfd,0x91,0xfd,0x91,0xfd,0xee,0xe4,0x08,0xa3,0x50,0xfd,0x91,0xfd,
0x91,0xfd,0x2c,0xd4,0x45,0x7a,0x91,0xfd,0x91,0xfd,0x91,0xfd,0x91,0xfd,0x91,0xfd,0x91,0xfd,0x91,0xfd,0x91,0xfd,0x91,0xfd,
0x91,0xfd,0x91,0xfd,0x91,0xfd,0x91,0xfd,0x91,0xfd,0x91,0xfd,0x91,0xfd,0x91,0xfd,0x91,0xfd,0x91,0xfd,0x91,0xfd,0x91,0xfd,
0x91,0xfd,0x91,0xfd,0x91,0xfd,0x91,0xfd,0x91,0xfd,0x91,0xfd,0x91,0xfd,0x91,0xfd,0x91,0xfd,0x91,0xfd,0x91,0xfd,0x91,0xfd,
0x91,0xfd,0x91,0xfd,0x91,0xfd,0x91,0xfd,0x91,0xfd,0x91,0xfd,0x91,0xfd,0x91,0xfd,0x91,0xfd,0x91,0xfd,0x91,0xfd,0x91,0xfd,
0x91,0xfd,0x91,0xfd,0x91,0xfd,0x91,0xfd,0x91,0xfd,0x91,0xfd,0x91,0xfd,0x91,0xfd,0x91,0xfd,0x91,0xfd,0x91,0xfd,0x91,0xfd,
0x91,0xfd,0x91,0xfd,0x91,0xfd,0x91,0xfd,0x91,0xfd,0x91,0xfd,0x91,0xfd,0x91,0xfd,0x91,0xfd,0x91,0xfd,0x91,0xfd,0x91,0xfd,
0x91,0xfd,0x70,0xfd,0x2b,0xdc,0x69,0xbb,0x67,0x9a,0xcb,0xd2,0xab,0xda,0xec,0xda,0xab,0xca,0xec,0xda,0x0d,0xeb,0xed,0xea,
0xc9,0xc2,0x07,0xab,0x07,0xa3,0x27,0xab,0x48,0xb3,0x68,0xbb,0x68,0xbb,0x68,0xbb,0x48,0xbb,0x68,0xbb,0x48,0xbb,0x48,0xbb,
0x48,0xb3,0x48,0xb3,0x48,0xb3,0x48,0xb3,0x48,0xb3,0x48,0xb3,0x48,0xb3,0x48,0xb3,0x48,0xb3,0x27,0xb3,0x48,0xb3,0x48,0xb3,
0x48,0xbb,0x48,0xbb,0x48,0xbb,0x48,0xb3,0x48,0xb3,0x48,0xbb,0x48,0xb3,0x48,0xbb,0x48,0xbb,0x48,0xb3,0x48,0xb3,0x48,0xbb,
0x48,0xbb,0x48,0xb3,0x48,0xb3,0x48,0xb3,0x48,0xb3,0x48,0xb3,0x48,0xb3,0x48,0xb3,0x27,0xb3,0x48,0xb3,0x48,0xb3,0x48,0xb3,
0x48,0xb3,0x48,0xb3,0x48,0xb3,0x48,0xb3,0x48,0xbb,0x48,0xbb,0x48,0xb3,0x48,0xb3,0x48,0xb3,0x48,0xb3,0x48,0xb3,0x28,0xb3,
0x27,0xb3,0x27,0xb3,0x27,0xb3,0xc7,0xa2,0xed,0xe2,0x2d,0xe3,0xeb,0xd2,0xec,0xda,0xeb,0xd2,0xcc,0xda,0xec,0xe2,0xec,0xd2,
0x45,0x92,0x28,0xb3,0x70,0xfd,0x70,0xfd,0x70,0xfd,0x91,0xfd,0x91,0xfd,0x91,0xfd,0x91,0xfd,0x91,0xfd,0x91,0xfd,0x91,0xfd,
0x91,0xfd,0x91,0xfd,0x91,0xfd,0x91,0xfd,0x91,0xfd,0x91,0xfd,0x91,0xfd,0x91,0xfd,0x91,0xfd,0x91,0xfd,0x91,0xfd,0x91,0xfd,
0xe8,0xa2,0x4d,0xcc,0x91,0xfd,0x91,0xfd,0x70,0xfd,0xd3,0xfd,0x66,0x82,0x70,0xfd,0x91,0xfd,0x91,0xfd,0x91,0xfd,0x91,0xfd,
0x91,0xfd,0x91,0xfd,0x91,0xfd,0x91,0xfd,0x91,0xfd,0x91,0xfd,0x91,0xfd,0x91,0xfd,0x91,0xfd,0x91,0xfd,0x91,0xfd,0x91,0xfd,
0x91,0xfd,0x91,0xfd,0x91,0xfd,0x91,0xfd,0x91,0xfd,0x91,0xfd,0x91,0xfd,0x91,0xfd,0x91,0xfd,0x91,0xfd,0x91,0xfd,0x91,0xfd,
0x91,0xfd,0x91,0xfd,0x91,0xfd,0x91,0xfd,0x91,0xfd,0x91,0xfd,0x91,0xfd,0x91,0xfd,0x91,0xfd,0x91,0xfd,0x91,0xfd,0x91,0xfd,
0x91,0xfd,0x91,0xfd,0x91,0xfd,0x91,0xfd,0x91,0xfd,0x91,0xfd,0x91,0xfd,0x91,0xfd,0x91,0xfd,0x91,0xfd,0x91,0xfd,0x91,0xfd,
0x91,0xfd,0x91,0xfd,0x91,0xfd,0x91,0xfd,0x91,0xfd,0x91,0xfd,0x91,0xfd,0x91,0xfd,0x91,0xfd,0x91,0xfd,0x91,0xfd,0x91,0xfd,
0x91,0xfd,0x91,0xfd,0x91,0xfd,0x91,0xfd,0x70,0xfd,0x70,0xfd,0x2f,0xfd,0xcd,0xdb,0x6e,0xe3,0x0d,0xe3,0xf0,0xeb,0x71,0xf4,
0x2d,0xe3,0x4d,0xeb,0x11,0xf4,0x10,0xf4,0xaa,0xc2,0x88,0xd2,0x92,0x94,0x92,0x94,0x92,0x94,0xb2,0x94,0x92,0x94,0x92,0x94,
0x92,0x94,0xb2,0x94,0xb2,0x9c,0x92,0x94,0x92,0x94,0x72,0x94,0x71,0x94,0x92,0x94,0x71,0x94,0x92,0x94,0x71,0x94,0x72,0x94,
0x92,0x94,0x72,0x94,0x91,0x94,0x92,0x94,0xb2,0x9c,0xb2,0x94,0x92,0x94,0x92,0x94,0x92,0x94,0xb3,0x94,0xb2,0x9c,0x27,0xb3,
0x47,0xbb,0xb3,0x9c,0xb2,0x94,0xb2,0x94,0xb3,0x94,0xb2,0x94,0x92,0x94,0x92,0x9c,0xb2,0x94,0xb3,0x94,0xb2,0x94,0x92,0x94,
0x92,0x94,0x92,0x94,0x92,0x94,0x92,0x94,0xb2,0x94,0x92,0x94,0x91,0x94,0x92,0x94,0xb2,0x94,0xb3,0x94,0xb2,0x94,0x92,0x94,
0x92,0x94,0xb3,0x94,0xb2,0x94,0x92,0x94,0xb2,0x94,0x93,0x9c,0xac,0xb3,0x89,0xba,0x31,0xf4,0xcf,0xeb,0xec,0xea,0x8e,0xf3,
0x4e,0xeb,0x10,0xec,0x4e,0xeb,0xab,0xda,0x6c,0xdb,0x2f,0xfd,0x70,0xfd,0x71,0xfd,0x91,0xfd,0x91,0xfd,0x91,0xfd,0x91,0xfd,
0x91,0xfd,0x91,0xfd,0x91,0xfd,0x91,0xfd,0x91,0xfd,0x91,0xfd,0x91,0xfd,0x91,0xfd,0x91,0xfd,0x91,0xfd,0x91,0xfd,0x91,0xfd,
0x91,0xfd,0x91,0xfd,0x91,0xfd,0x86,0x92,0x86,0x8a,0xef,0xe4,0x91,0xfd,0x91,0xfd,0x91,0xfd,0xb1,0xfd,0x2c,0xd4,0x89,0xab,
0xb1,0xfd,0x91,0xfd,0x91,0xfd,0x91,0xfd,0x91,0xfd,0x91,0xfd,0x91,0xfd,0x91,0xfd,0x91,0xfd,0x91,0xfd,0x91,0xfd,0x91,0xfd,
0x91,0xfd,0x91,0xfd,0x91,0xfd,0x91,0xfd,0x91,0xfd,0x91,0xfd,0x91,0xfd,0x91,0xfd,0x91,0xfd,0x91,0xfd,0x91,0xfd,0x91,0xfd,
0x91,0xfd,0x91,0xfd,0x91,0xfd,0x91,0xfd,0x91,0xfd,0x91,0xfd,0x91,0xfd,0x91,0xfd,0x91,0xfd,0x91,0xfd,0x91,0xfd,0x91,0xfd,
0x91,0xfd,0x91,0xfd,0x91,0xfd,0x91,0xfd,0x91,0xfd,0x91,0xfd,0x91,0xfd,0x91,0xfd,0x91,0xfd,0x91,0xfd,0x91,0xfd,0x91,0xfd,
0x91,0xfd,0x91,0xfd,0x91,0xfd,0x91,0xfd,0x91,0xfd,0x91,0xfd,0x91,0xfd,0x91,0xfd,0x91,0xfd,0x91,0xfd,0x91,0xfd,0x91,0xfd,
0x91,0xfd,0x91,0xfd,0x91,0xfd,0x91,0xfd,0x91,0xfd,0x91,0xfd,0x91,0xfd,0x91,0xfd,0x90,0xfd,0x91,0xfd,0x91,0xfd,0xeb,0xd2,
0x92,0xfc,0x92,0xfc,0xb6,0xfd,0x74,0xfd,0xd0,0xfb,0xb3,0xfc,0x95,0xfd,0x75,0xfd,0x2d,0xdb,0xab,0xda,0x5f,0x76,0x5f,0x6e,
0x3f,0x6e,0x3f,0x6e,0x5f,0x6e,0x5f,0x6e,0x3f,0x6e,0x5f,0x6e,0x5f,0x6e,0x5f,0x6e,0x5f,0x6e,0x5f,0x6e,0x5f,0x6e,0x5f,0x6e,
0x5f,0x6e,0x3f,0x6e,0x3f,0x6e,0x3f,0x6e,0x3f,0x6e,0x3f,0x6e,0x3f,0x6e,0x3f,0x6e,0x3f,0x6e,0x3f,0x6e,0x3f,0x6e,0x3f,0x6e,
0x3f,0x6e,0x3f,0x6e,0x1f,0x6e,0x68,0xc3,0x48,0xbb,0x3f,0x76,0x5f,0x6e,0x3f,0x6e,0x3f,0x6e,0x3f,0x6e,0x3f,0x6e,0x3f,0x6e,
0x5f,0x6e,0x5f,0x6e,0x5f,0x6e,0x5f,0x6e,0x5f,0x6e,0x3f,0x6e,0x5f,0x6e,0x3f,0x6e,0x3f,0x6e,0x3f,0x6e,0x5f,0x6e,0x3f,0x6e,
0x5f,0x6e,0x5f,0x6e,0x3f,0x6e,0x3f,0x6e,0x3f,0x6e,0x5f,0x6e,0x5f,0x6e,0x3f,0x6e,0x5f,0x6e,0x3f,0x6e,0xb6,0x9c,0xcb,0xd2,
0x75,0xfd,0x54,0xfd,0xf0,0xfb,0xf0,0xfb,0xb0,0xfb,0x54,0xfd,0x72,0xfc,0xf0,0xfb,0xcb,0xd2,0xb1,0xfd,0x91,0xfd,0x91,0xfd,
0x91,0xfd,0x91,0xfd,0x91,0xfd,0x91,0xfd,0x91,0xfd,0x91,0xfd,0x91,0xfd,0x91,0xfd,0x91,0xfd,0x91,0xfd,0x91,0xfd,0x91,0xfd,
0x91,0xfd,0x91,0xfd,0x91,0xfd,0x91,0xfd,0x91,0xfd,0x91,0xfd,0x91,0xfd,0xe4,0x69,0x0b,0xbc,0x91,0xfd,0x91,0xfd,0x91,0xfd,
0x91,0xfd,0x91,0xfd,0x70,0xfd,0x86,0x8a,0xa6,0x92,0x91,0xfd,0x91,0xfd,0x91,0xfd,0x91,0xfd,0x91,0xfd,0x91,0xfd,0x91,0xfd,
0x91,0xfd,0x91,0xfd,0x91,0xfd,0x91,0xfd,0x91,0xfd,0x91,0xfd,0x91,0xfd,0x91,0xfd,0x91,0xfd,0x91,0xfd,0x91,0xfd,0x91,0xfd,
0x91,0xfd,0x91,0xfd,0x91,0xfd,0x91,0xfd,0x91,0xfd,0x91,0xfd,0x91,0xfd,0x91,0xfd,0x91,0xfd,0x91,0xfd,0x91,0xfd,0x91,0xfd,
0x91,0xfd,0x91,0xfd,0x91,0xfd,0x91,0xfd,0x91,0xfd,0x91,0xfd,0x91,0xfd,0x91,0xfd,0x91,0xfd,0x91,0xfd,0x91,0xfd,0x91,0xfd,
0x91,0xfd,0x91,0xfd,0x91,0xfd,0x91,0xfd,0x91,0xfd,0x91,0xfd,0x91,0xfd,0x91,0xfd,0x91,0xfd,0x91,0xfd,0x91,0xfd,0x91,0xfd,
0x91,0xfd,0x91,0xfd,0x91,0xfd,0x91,0xfd,0x91,0xfd,0x91,0xfd,0x91,0xfd,0x91,0xfd,0x91,0xfd,0x91,0xfd,0x91,0xfd,0x91,0xfd,
0x91,0xfd,0x91,0xfd,0x91,0xfd,0xec,0xd2,0xf4,0xfc,0xb3,0xfc,0x75,0xfd,0x75,0xfd,0xf0,0xfb,0x11,0xfc,0x95,0xfd,0x75,0xfd,
0x6d,0xdb,0x8a,0xe2,0x5f,0x76,0x5f,0x6e,0x5f,0x6e,0x5f,0x6e,0x3f,0x6e,0x5f,0x6e,0x5f,0x6e,0x5f,0x6e,0x5f,0x6e,0x5f,0x6e,
0x5f,0x6e,0x5f,0x6e,0x5f,0x6e,0x5f,0x6e,0x5f,0x6e,0x5f,0x6e,0x3f,0x6e,0x5f,0x6e,0x5f,0x6e,0x3f,0x6e,0x3f,0x6e,0x3f,0x6e,
0x3f,0x6e,0x5f,0x6e,0x3f,0x6e,0x5f,0x6e,0x3f,0x6e,0x3f,0x6e,0x3f,0x76,0x67,0xbb,0x67,0xbb,0x3f,0x76,0x5f,0x6e,0x5f,0x6e,
0x5f,0x6e,0x5f,0x6e,0x5f,0x6e,0x5f,0x6e,0x5f,0x6e,0x5f,0x6e,0x5f,0x6e,0x5f,0x6e,0x5f,0x6e,0x5f,0x6e,0x5f,0x6e,0x3f,0x6e,
0x5f,0x6e,0x3f,0x6e,0x5f,0x6e,0x5f,0x6e,0x5f,0x6e,0x5f,0x6e,0x5f,0x6e,0x3f,0x6e,0x5f,0x6e,0x5f,0x6e,0x5f,0x6e,0x5f,0x6e,
0x5f,0x6e,0x5f,0x6e,0xb6,0xac,0xab,0xd2,0x34,0xfd,0x75,0xfd,0x31,0xfc,0xd0,0xfb,0xb0,0xfb,0x55,0xfd,0x92,0xfc,0x11,0xfc,
0xab,0xd2,0xb1,0xfd,0x91,0xfd,0x91,0xfd,0x91,0xfd,0x91,0xfd,0x91,0xfd,0x91,0xfd,0x91,0xfd,0x91,0xfd,0x91,0xfd,0x91,0xfd,
0x91,0xfd,0x91,0xfd,0x91,0xfd,0x91,0xfd,0x91,0xfd,0x91,0xfd,0x91,0xfd,0x91,0xfd,0x90,0xfd,0x91,0xfd,0xf2,0xfd,0x05,0x72,
0x2f,0xdd,0x91,0xfd,0x90,0xfd,0x91,0xfd,0x91,0xfd,0x91,0xfd,0x91,0xfd,0xe6,0x9a,0xc6,0x92,0xb1,0xfd,0x90,0xfd,0x91,0xfd,
0x91,0xfd,0x91,0xfd,0x91,0xfd,0x91,0xfd,0x91,0xfd,0x91,0xfd,0x91,0xfd,0x91,0xfd,0x91,0xfd,0x91,0xfd,0x91,0xfd,0x91,0xfd,
0x91,0xfd,0x91,0xfd,0x91,0xfd,0x91,0xfd,0x71,0xfd,0x91,0xfd,0x91,0xfd,0x91,0xfd,0x91,0xfd,0x91,0xfd,0x91,0xfd,0x91,0xfd,
0x91,0xfd,0x91,0xfd,0x91,0xfd,0x91,0xfd,0x91,0xfd,0x91,0xfd,0x91,0xfd,0x91,0xfd,0x91,0xfd,0x91,0xfd,0x91,0xfd,0x91,0xfd,
0x91,0xfd,0x91,0xfd,0x91,0xfd,0x91,0xfd,0x91,0xfd,0x91,0xfd,0x91,0xfd,0x91,0xfd,0x71,0xfd,0x91,0xfd,0x91,0xfd,0x91,0xfd,
0x91,0xfd,0x91,0xfd,0x91,0xfd,0x91,0xfd,0x91,0xfd,0x71,0xfd,0x91,0xfd,0x91,0xfd,0x91,0xfd,0x91,0xfd,0x91,0xfd,0x91,0xfd,
0x91,0xfd,0x91,0xfd,0x91,0xfd,0x91,0xfd,0x91,0xfd,0x91,0xfd,0x91,0xfd,0x0c,0xdb,0x7b,0xff,0x95,0xfd,0x9b,0xff,0xdc,0xff,
0xb6,0xfd,0x55,0xfd,0x7b,0xff,0x9b,0xff,0xce,0xdb,0xcb,0xda,0x5f,0x76,0x5f,0x6e,0x3f,0x6e,0x3f,0x6e,0x5f,0x6e,0x5f,0x6e,
0x5f,0x6e,0x3f,0x6e,0x5f,0x6e,0x5f,0x6e,0x5f,0x6e,0x5f,0x6e,0x3f,0x6e,0x5f,0x6e,0x5f,0x6e,0x5f,0x6e,0x5f,0x6e,0x5f,0x6e,
0x3f,0x6e,0x5f,0x6e,0x5f,0x6e,0x5f,0x6e,0x5f,0x6e,0x5f,0x6e,0x3f,0x6e,0x3f,0x6e,0x3f,0x6e,0x3f,0x6e,0x3f,0x76,0xc9,0xcb,
0xe9,0xcb,0x3f,0x76,0x5f,0x6e,0x3f,0x6e,0x3f,0x6e,0x5f,0x6e,0x3f,0x6e,0x5f,0x6e,0x5f,0x6e,0x5f,0x6e,0x5f,0x6e,0x5f,0x6e,
0x5f,0x6e,0x5f,0x6e,0x5f,0x6e,0x5f,0x6e,0x5f,0x6e,0x3f,0x6e,0x3f,0x6e,0x5f,0x6e,0x5f,0x6e,0x5f,0x6e,0x5f,0x76,0x5f,0x6e,
0x5f,0x6e,0x3f,0x6e,0x5f,0x6e,0x5f,0x6e,0x5f,0x6e,0x5f,0x6e,0xb5,0xac,0x6a,0xd2,0x7a,0xff,0x9c,0xff,0x95,0xfd,0x34,0xfd,
0x34,0xfd,0x9c,0xff,0x75,0xfd,0x54,0xfd,0x0c,0xdb,0xb1,0xfd,0x91,0xfd,0x91,0xfd,0x91,0xfd,0x91,0xfd,0x91,0xfd,0x91,0xfd,
0x91,0xfd,0x91,0xfd,0x91,0xfd,0x91,0xfd,0x91,0xfd,0x91,0xfd,0x91,0xfd,0x91,0xfd,0x91,0xfd,0x91,0xfd,0x91,0xfd,0x91,0xf5,
0x6b,0x34,0xc9,0x33,0x66,0x7a,0x08,0x3b,0x08,0x2b,0x70,0xfd,0x90,0xfd,0x91,0xfd,0x91,0xfd,0x91,0xfd,0x4b,0x3c,0x46,0x8a,
0x25,0x72,0x0b,0x3c,0x0b,0x44,0x71,0xf5,0x91,0xfd,0x91,0xfd,0x91,0xfd,0x91,0xfd,0x91,0xfd,0x91,0xfd,0x91,0xfd,0x91,0xfd,
0x91,0xfd,0x91,0xfd,0x91,0xfd,0x91,0xfd,0x91,0xfd,0x91,0xfd,0x91,0xfd,0x91,0xfd,0x91,0xfd,0x91,0xfd,0x91,0xfd,0x91,0xfd,
0x91,0xfd,0x91,0xfd,0x91,0xfd,0x91,0xfd,0x91,0xfd,0x91,0xfd,0x91,0xfd,0x91,0xfd,0x91,0xfd,0x91,0xfd,0x91,0xfd,0x91,0xfd,
0x91,0xfd,0x91,0xfd,0x91,0xfd,0x90,0xfd,0x90,0xfd,0x91,0xfd,0x91,0xfd,0x91,0xfd,0x91,0xfd,0x91,0xfd,0x91,0xfd,0x91,0xfd,
0x90,0xfd,0x91,0xfd,0x91,0xfd,0x91,0xfd,0x91,0xfd,0x91,0xfd,0x91,0xfd,0x91,0xfd,0x91,0xfd,0x91,0xfd,0x91,0xfd,0x91,0xfd,
0x91,0xfd,0x91,0xfd,0x91,0xfd,0x91,0xfd,0x91,0xfd,0x91,0xfd,0x91,0xfd,0x91,0xfd,0x91,0xfd,0x91,0xfd,0x91,0xfd,0x2c,0xdb,
0xdd,0xff,0x75,0xfd,0x9b,0xff,0xfd,0xff,0x95,0xfd,0x34,0xfd,0x9b,0xff,0xbc,0xff,0xef,0xdb,0xaa,0xda,0x5f,0x76,0x5f,0x76,
0x5f,0x76,0x3f,0x6e,0x5f,0x6e,0x5f,0x6e,0x5f,0x6e,0x5f,0x6e,0x3f,0x6e,0x5f,0x6e,0x3f,0x6e,0x5f,0x6e,0x5f,0x6e,0x5f,0x6e,
0x3f,0x6e,0x5f,0x6e,0x3f,0x6e,0x3f,0x6e,0x5f,0x6e,0x5f,0x6e,0x3f,0x6e,0x3f,0x6e,0x5f,0x6e,0x3f,0x6e,0x5f,0x6e,0x3f,0x6e,
0x3f,0x6e,0x3f,0x6e,0x3f,0x76,0xc9,0xcb,0xe9,0xcb,0x3f,0x76,0x5f,0x6e,0x5f,0x6e,0x5f,0x6e,0x3f,0x6e,0x5f,0x6e,0x3f,0x6e,
0x3f,0x6e,0x5f,0x6e,0x5f,0x6e,0x3f,0x6e,0x5f,0x6e,0x5f,0x6e,0x5f,0x6e,0x5f,0x6e,0x5f,0x6e,0x5f,0x6e,0x3f,0x6e,0x3f,0x6e,
0x5f,0x6e,0x5f,0x6e,0x5f,0x6e,0x5f,0x6e,0x5f,0x6e,0x5f,0x6e,0x5f,0x6e,0x5f,0x6e,0x5f,0x6e,0x5f,0x6e,0x95,0xac,0x8a,0xd2,
0xbc,0xff,0xbc,0xff,0x34,0xfd,0x54,0xfd,0x55,0xfd,0x9b,0xff,0x54,0xfd,0x74,0xfd,0x0c,0xdb,0x91,0xfd,0x91,0xfd,0x91,0xfd,
0x91,0xfd,0x91,0xfd,0x91,0xfd,0x91,0xfd,0x91,0xfd,0x91,0xfd,0x91,0xfd,0x91,0xfd,0x91,0xfd,0x91,0xfd,0x91,0xfd,0x91,0xfd,
0x91,0xfd,0x90,0xfd,0xb0,0xfd,0xeb,0x44,0x0b,0x4d,0xcb,0x4c,0xc7,0x5a,0x2b,0x45,0xab,0x4c,0x8a,0x2b,0x70,0xfd,0xb1,0xfd,
0xb1,0xfd,0x0a,0x3c,0xab,0x4c,0xc8,0x42,0x87,0x2a,0x4c,0x4d,0x8c,0x4d,0xca,0x2b,0x91,0xfd,0x91,0xfd,0x91,0xfd,0x91,0xfd,
0x91,0xfd,0x91,0xfd,0x91,0xfd,0x91,0xfd,0x91,0xfd,0x91,0xfd,0x91,0xfd,0x91,0xfd,0x91,0xfd,0x91,0xfd,0x91,0xfd,0x91,0xfd,
0x91,0xfd,0x91,0xfd,0x91,0xfd,0x91,0xfd,0x91,0xfd,0x91,0xfd,0x91,0xfd,0x91,0xfd,0x91,0xfd,0x91,0xfd,0x91,0xfd,0x91,0xfd,
0x91,0xfd,0x91,0xfd,0x91,0xfd,0x91,0xfd,0x91,0xfd,0xc9,0xcb,0xa6,0x92,0xa6,0x9a,0xa6,0x92,0xa6,0x9a,0xa6,0x9a,0xa6,0x9a,
0xc7,0x9a,0xc7,0x9a,0xc6,0x92,0xc7,0x92,0xa6,0x92,0xa6,0x92,0xa6,0x92,0xa6,0x92,0xa6,0x92,0xa6,0x92,0xc7,0x9a,0xa6,0x92,
0x68,0xbb,0x91,0xfd,0x91,0xfd,0x91,0xfd,0x91,0xfd,0x91,0xfd,0x91,0xfd,0x91,0xfd,0x91,0xfd,0x91,0xfd,0x91,0xfd,0x91,0xfd,
0x91,0xfd,0x91,0xfd,0x91,0xfd,0x2c,0xdb,0xbb,0xff,0x95,0xfd,0xbc,0xff,0xdb,0xff,0x75,0xfd,0x75,0xfd,0xbc,0xff,0xbc,0xff,
0xce,0xdb,0xab,0xda,0x5f,0x76,0x5f,0x6e,0x5f,0x6e,0x3f,0x6e,0x5f,0x6e,0x3f,0x6e,0x3f,0x6e,0x3f,0x6e,0x3f,0x6e,0x5f,0x6e,
0x5f,0x6e,0x5f,0x6e,0x5f,0x6e,0x5f,0x6e,0x3f,0x6e,0x3f,0x6e,0x3f,0x6e,0x3f,0x6e,0x3f,0x6e,0x5f,0x6e,0x5f,0x6e,0x5f,0x6e,
0x3f,0x6e,0x3f,0x6e,0x3f,0x6e,0x5f,0x6e,0x5f,0x6e,0x3f,0x6e,0x3f,0x76,0xc9,0xcb,0xe9,0xcb,0x5f,0x76,0x5f,0x76,0x5f,0x76,
0x5f,0x76,0x3f,0x6e,0x5f,0x6e,0x5f,0x6e,0x5f,0x6e,0x5f,0x6e,0x3f,0x6e,0x5f,0x6e,0x3f,0x6e,0x5f,0x6e,0x5f,0x6e,0x5f,0x6e,
0x5f,0x6e,0x5f,0x6e,0x3f,0x6e,0x5f,0x6e,0x5f,0x6e,0x5f,0x6e,0x5f,0x6e,0x5f,0x6e,0x5f,0x6e,0x5f,0x6e,0x5f,0x6e,0x5f,0x6e,
0x3f,0x6e,0x5f,0x6e,0x75,0xac,0x8a,0xd2,0xbc,0xff,0xbb,0xff,0x54,0xfd,0x95,0xfd,0x55,0xfd,0xbc,0xff,0x75,0xfd,0x95,0xfd,
0xeb,0xd2,0xb1,0xfd,0x91,0xfd,0x91,0xfd,0x91,0xfd,0x91,0xfd,0x91,0xfd,0x91,0xfd,0x91,0xfd,0x91,0xfd,0x91,0xfd,0x91,0xfd,
0x91,0xfd,0x91,0xfd,0x91,0xfd,0x91,0xfd,0x91,0xfd,0xd1,0xfd,0x4b,0x3c,0x8c,0x55,0x4b,0x4d,0xeb,0x44,0xa9,0x33,0x2c,0x4d,
0x0b,0x45,0xeb,0x44,0x0a,0x2c,0x91,0xf5,0x29,0x23,0xa9,0x2b,0x0b,0x45,0x2a,0x34,0x0c,0x45,0x8b,0x3c,0x4a,0x3c,0xe7,0x1a,
0x91,0xfd,0x91,0xfd,0x91,0xfd,0x91,0xfd,0x91,0xfd,0x91,0xfd,0x91,0xfd,0x91,0xfd,0x91,0xfd,0x91,0xfd,0x91,0xfd,0x91,0xfd,
0x91,0xfd,0x91,0xfd,0x91,0xfd,0x91,0xfd,0x91,0xfd,0x91,0xfd,0x91,0xfd,0x91,0xfd,0x91,0xfd,0x91,0xfd,0x91,0xfd,0x91,0xfd,
0x91,0xfd,0x91,0xfd,0x91,0xfd,0x91,0xfd,0x91,0xfd,0x91,0xfd,0x91,0xfd,0x91,0xfd,0x91,0xfd,0x05,0x72,0x2d,0xf5,0xcb,0xec,
0xab,0xe4,0xcc,0xec,0xcc,0xec,0xcb,0xec,0xcb,0xec,0xcc,0xec,0xec,0xec,0xec,0xec,0xec,0xec,0xec,0xec,0x0c,0xf5,0x0c,0xf5,
0x0c,0xf5,0x0c,0xf5,0xcc,0xec,0x2d,0xf5,0x45,0x82,0x71,0xfd,0x91,0xfd,0x91,0xfd,0x91,0xfd,0x91,0xfd,0x91,0xfd,0x91,0xfd,
0x91,0xfd,0x91,0xfd,0x91,0xfd,0x91,0xfd,0x91,0xfd,0x91,0xfd,0x91,0xfd,0xab,0xca,0xd0,0xfb,0xf0,0xfb,0x34,0xfd,0xb5,0xfd,
0x11,0xfc,0xf1,0xfb,0x14,0xfd,0x14,0xfd,0x0c,0xdb,0x8a,0xda,0x5f,0x76,0x5f,0x6e,0x5f,0x6e,0x5f,0x6e,0x3f,0x6e,0x3f,0x6e,
0x5f,0x6e,0x3f,0x6e,0x5f,0x6e,0x3f,0x6e,0x3f,0x6e,0x3f,0x6e,0x5f,0x6e,0x5f,0x6e,0x5f,0x6e,0x3f,0x6e,0x5f,0x6e,0x3f,0x6e,
0x3f,0x6e,0x3f,0x6e,0x3f,0x6e,0x3f,0x6e,0x5f,0x6e,0x3f,0x6e,0x5f,0x6e,0x3f,0x6e,0x3f,0x6e,0x3f,0x6e,0x3f,0x76,0xc9,0xcb,
0xc9,0xcb,0x5f,0x76,0x5f,0x76,0x3f,0x76,0x3f,0x6e,0x5f,0x6e,0x5f,0x6e,0x5f,0x6e,0x3f,0x6e,0x5f,0x6e,0x5f,0x6e,0x3f,0x6e,
0x3f,0x6e,0x3f,0x6e,0x3f,0x6e,0x3f,0x6e,0x5f,0x6e,0x3f,0x6e,0x5f,0x6e,0x5f,0x6e,0x5f,0x6e,0x3f,0x6e,0x3f,0x6e,0x5f,0x6e,
0x3f,0x6e,0x5f,0x6e,0x5f,0x6e,0x5f,0x6e,0x3f,0x76,0x5f,0x6e,0x75,0xac,0x8a,0xd2,0xf3,0xfc,0xd3,0xfc,0xb0,0xfb,0x11,0xfc,
0xd0,0xfb,0xf3,0xfc,0x11,0xfc,0x8f,0xfb,0xab,0xd2,0xb1,0xfd,0x91,0xfd,0x91,0xfd,0x91,0xfd,0x91,0xfd,0x91,0xfd,0x91,0xfd,
0x91,0xfd,0x91,0xfd,0x91,0xfd,0x91,0xfd,0x91,0xfd,0x91,0xfd,0x91,0xfd,0x91,0xfd,0x91,0xfd,0x70,0xfd,0xa7,0x22,0x08,0x23,
0xe8,0x22,0x8b,0x3c,0xea,0x33,0xab,0x3c,0xeb,0x44,0x6b,0x34,0xc9,0x2b,0x88,0x2a,0x08,0x23,0x6a,0x3c,0x6a,0x34,0x0a,0x34,
0x89,0x2b,0x49,0x2b,0xa7,0x22,0x2b,0xe4,0x90,0xfd,0x91,0xfd,0x91,0xfd,0x91,0xfd,0x91,0xfd,0x91,0xfd,0x91,0xfd,0x91,0xfd,
0x91,0xfd,0x91,0xfd,0x91,0xfd,0x91,0xfd,0x91,0xfd,0x91,0xfd,0x91,0xfd,0x91,0xfd,0x71,0xfd,0x91,0xfd,0x91,0xfd,0x91,0xfd,
0x91,0xfd,0x91,0xfd,0x91,0xfd,0x91,0xfd,0x91,0xfd,0x91,0xfd,0x91,0xfd,0x91,0xfd,0x91,0xfd,0x91,0xfd,0x91,0xfd,0x91,0xfd,
0x91,0xfd,0x05,0x72,0x09,0xd4,0x2a,0xd4,0x2a,0xd4,0x2a,0xd4,0x2a,0xd4,0x09,0xd4,0x09,0xd4,0x09,0xd4,0x09,0xd4,0xe9,0xd3,
0x09,0xd4,0x09,0xd4,0x2a,0xd4,0x2a,0xd4,0x2a,0xd4,0x4a,0xd4,0x4a,0xdc,0x2a,0xdc,0x45,0x82,0x71,0xfd,0x91,0xfd,0x91,0xfd,
0x91,0xfd,0x91,0xfd,0x91,0xfd,0x91,0xfd,0x91,0xfd,0x91,0xfd,0x91,0xfd,0x91,0xfd,0x91,0xfd,0x91,0xfd,0x71,0xfd,0xab,0xca,
0x72,0xfc,0x52,0xfc,0x34,0xfd,0x34,0xfd,0xd0,0xfb,0xd0,0xfb,0x55,0xfd,0x55,0xfd,0x4d,0xdb,0xaa,0xda,0x5f,0x76,0x5f,0x6e,
0x5f,0x6e,0x3f,0x6e,0x3f,0x6e,0x3f,0x6e,0x5f,0x6e,0x3f,0x6e,0x3f,0x6e,0x3f,0x6e,0x3f,0x6e,0x3f,0x6e,0x3f,0x6e,0x5f,0x6e,
0x3f,0x6e,0x5f,0x6e,0x5f,0x6e,0x3f,0x6e,0x3f,0x6e,0x3f,0x6e,0x3f,0x6e,0x3f,0x6e,0x5f,0x6e,0x5f,0x6e,0x3f,0x6e,0x3f,0x6e,
0x3f,0x6e,0x3f,0x6e,0x3f,0x76,0xc9,0xcb,0xc9,0xcb,0x5f,0x76,0x3f,0x76,0x3f,0x6e,0x3f,0x6e,0x3f,0x6e,0x3f,0x6e,0x3f,0x6e,
0x3f,0x6e,0x3f,0x6e,0x3f,0x6e,0x5f,0x6e,0x5f,0x6e,0x5f,0x6e,0x3f,0x6e,0x5f,0x6e,0x5f,0x6e,0x5f,0x6e,0x5f,0x6e,0x3f,0x6e,
0x3f,0x6e,0x5f,0x6e,0x5f,0x6e,0x3f,0x6e,0x3f,0x6e,0x3f,0x6e,0x3f,0x6e,0x3f,0x6e,0x5f,0x76,0x3f,0x6e,0x75,0xa4,0x8a,0xd2,
0x54,0xfd,0x54,0xfd,0x11,0xfc,0xd0,0xfb,0x90,0xfb,0x14,0xfd,0x51,0xfc,0xd0,0xfb,0xcb,0xd2,0x91,0xfd,0x91,0xfd,0x91,0xfd,
0x91,0xfd,0x91,0xfd,0x91,0xfd,0x91,0xfd,0x91,0xfd,0x91,0xfd,0x91,0xfd,0x91,0xfd,0x91,0xfd,0x91,0xfd,0x91,0xfd,0x91,0xfd,
0x91,0xfd,0xb1,0xfd,0x6c,0xdc,0xe8,0x22,0xc8,0x22,0xac,0x44,0x0a,0x3c,0x8c,0x4c,0x8c,0x44,0x8c,0x44,0xca,0x33,0xa8,0x22,
0x29,0x2b,0x0a,0x3c,0x2b,0x3c,0xea,0x3b,0x28,0x2b,0x2a,0x34,0x29,0x33,0x4d,0xac,0xae,0xa4,0x90,0xfd,0x91,0xfd,0x91,0xfd,
0x91,0xfd,0x91,0xfd,0x91,0xfd,0x91,0xfd,0x91,0xfd,0x91,0xfd,0x91,0xfd,0x91,0xfd,0x91,0xfd,0x91,0xfd,0x91,0xfd,0x91,0xfd,
0x91,0xfd,0x91,0xfd,0x91,0xfd,0x91,0xfd,0x91,0xfd,0x91,0xfd,0x91,0xfd,0x91,0xfd,0x91,0xfd,0x91,0xfd,0x91,0xfd,0x91,0xfd,
0x91,0xfd,0x91,0xfd,0x91,0xfd,0x91,0xfd,0x91,0xfd,0x05,0x7a,0x2a,0xd4,0x4a,0xd4,0xb6,0xfe,0xd7,0xfe,0xf7,0xfe,0xf7,0xfe,
0xf7,0xfe,0xf8,0xfe,0xf8,0xfe,0xf7,0xfe,0xf7,0xfe,0xf7,0xfe,0xf7,0xfe,0xf7,0xfe,0xd7,0xfe,0xd7,0xfe,0x2a,0xdc,0x2a,0xdc,
0x45,0x82,0x71,0xfd,0x91,0xfd,0x91,0xfd,0x91,0xfd,0x91,0xfd,0x91,0xfd,0x91,0xfd,0x91,0xfd,0x91,0xfd,0x91,0xfd,0x91,0xfd,
0x91,0xfd,0x91,0xfd,0x91,0xfd,0xeb,0xd2,0x92,0xfc,0x8f,0xfb,0x13,0xfd,0x75,0xfd,0xf0,0xfb,0xf0,0xfb,0x34,0xfd,0x34,0xfd,
0x8e,0xdb,0xaa,0xda,0x5f,0x6e,0x5f,0x6e,0x3f,0x6e,0x5f,0x6e,0x3f,0x6e,0x3f,0x6e,0x3f,0x6e,0x3f,0x6e,0x3f,0x6e,0x3f,0x6e,
0x3f,0x6e,0x3f,0x6e,0x5f,0x6e,0x3f,0x6e,0x3f,0x6e,0x3f,0x6e,0x3f,0x6e,0x3f,0x6e,0x3f,0x6e,0x5f,0x6e,0x5f,0x6e,0x3f,0x6e,
0x3f,0x6e,0x5f,0x6e,0x3f,0x6e,0x3f,0x6e,0x3f,0x6e,0x3f,0x6e,0x3f,0x76,0xc9,0xcb,0xe9,0xcb,0x3f,0x76,0x5f,0x76,0x5f,0x76,
0x5f,0x6e,0x3f,0x6e,0x3f,0x6e,0x5f,0x6e,0x3f,0x6e,0x3f,0x6e,0x5f,0x76,0x5f,0x76,0x5f,0x6e,0x5f,0x76,0x5f,0x6e,0x5f,0x6e,
0x5f,0x6e,0x3f,0x6e,0x3f,0x6e,0x5f,0x6e,0x5f,0x6e,0x5f,0x6e,0x5f,0x6e,0x5f,0x76,0x5f,0x6e,0x5f,0x6e,0x3f,0x6e,0x5f,0x76,
0x3f,0x6e,0x3f,0x6e,0x74,0xa4,0x8a,0xd2,0x54,0xfd,0x14,0xfd,0xd0,0xfb,0xd0,0xfb,0xf0,0xfb,0x54,0xfd,0x51,0xfc,0xb0,0xfb,
0xab,0xd2,0xb1,0xfd,0x91,0xfd,0x91,0xfd,0x91,0xfd,0x91,0xfd,0x91,0xfd,0x91,0xfd,0x91,0xfd,0x91,0xfd,0x91,0xfd,0x91,0xfd,
0x91,0xfd,0x91,0xfd,0x91,0xfd,0x91,0xfd,0xb1,0xfd,0xe8,0x42,0x0b,0x4d,0x4a,0x34,0xa9,0x2b,0xc8,0x22,0x08,0x2b,0x08,0x2b,
0xc8,0x2a,0xc8,0x22,0x87,0x22,0x68,0x23,0x49,0x2b,0xe8,0x2a,0xa7,0x22,0xc8,0x2a,0xa8,0x2a,0xa9,0x33,0xea,0x33,0xe9,0x33,
0x89,0x2b,0xa9,0xab,0x90,0xfd,0x91,0xfd,0x91,0xfd,0x91,0xfd,0x91,0xfd,0x91,0xfd,0x91,0xfd,0x91,0xfd,0x91,0xfd,0x91,0xfd,
0x91,0xfd,0x91,0xfd,0x91,0xfd,0x91,0xfd,0x91,0xfd,0x91,0xfd,0x91,0xfd,0x91,0xfd,0x91,0xfd,0x91,0xfd,0x91,0xfd,0x91,0xfd,
0x91,0xfd,0x91,0xfd,0x91,0xfd,0x91,0xfd,0x91,0xfd,0x91,0xfd,0x91,0xfd,0x91,0xfd,0x91,0xfd,0x46,0x82,0x2a,0xd4,0x4b,0xdc,
0x18,0xff,0x18,0xff,0x18,0xff,0x39,0xff,0x39,0xff,0x39,0xff,0x39,0xff,0x19,0xff,0x19,0xff,0x18,0xff,0x18,0xff,0x19,0xff,
0x18,0xff,0x18,0xff,0x2a,0xdc,0x2a,0xdc,0x45,0x82,0x71,0xfd,0x91,0xfd,0x91,0xfd,0x91,0xfd,0x91,0xfd,0x91,0xfd,0x91,0xfd,
0x91,0xfd,0x91,0xfd,0x91,0xfd,0x91,0xfd,0x91,0xfd,0x91,0xfd,0x91,0xfd,0x0c,0xdb,0xbc,0xff,0xd6,0xfd,0x9c,0xff,0xdc,0xff,
0x75,0xfd,0x34,0xfd,0x9b,0xff,0x9b,0xff,0xae,0xdb,0xcb,0xda,0x5f,0x6e,0x3f,0x6e,0x3f,0x6e,0x3f,0x6e,0x3f,0x6e,0x3f,0x6e,
0x3f,0x6e,0x3f,0x6e,0x3f,0x6e,0x3f,0x6e,0x3f,0x6e,0x3f,0x6e,0x3f,0x6e,0x3f,0x6e,0x5f,0x6e,0x3f,0x6e,0x5f,0x6e,0x3f,0x6e,
0x3f,0x6e,0x3f,0x6e,0x3f,0x6e,0x3f,0x6e,0x3f,0x6e,0x3f,0x6e,0x3f,0x6e,0x3f,0x6e,0x3f,0x6e,0x3f,0x6e,0x3f,0x76,0xc9,0xcb,
0xe9,0xcb,0x5f,0x76,0x5f,0x6e,0x5f,0x6e,0x5f,0x6e,0x5f,0x6e,0x5f,0x6e,0x5f,0x76,0x5f,0x6e,0x5f,0x6e,0x5f,0x6e,0x5f,0x76,
0x3f,0x76,0x5f,0x6e,0x5f,0x6e,0x3f,0x6e,0x5f,0x6e,0x3f,0x6e,0x3f,0x6e,0x5f,0x6e,0x3f,0x6e,0x5f,0x6e,0x3e,0xd7,0xbd,0xff,
0x9d,0xff,0x9d,0xff,0x5e,0xe7,0xdf,0xb6,0x5f,0x76,0x5f,0x76,0x95,0xac,0x49,0xd2,0x9a,0xff,0x9b,0xff,0xb6,0xfd,0x95,0xfd,
0x55,0xfd,0x9b,0xff,0x54,0xfd,0x95,0xfd,0x0c,0xdb,0x91,0xfd,0x91,0xfd,0x91,0xfd,0x91,0xfd,0x91,0xfd,0x91,0xfd,0x91,0xfd,
0x91,0xfd,0x91,0xfd,0x91,0xfd,0x91,0xfd,0x91,0xfd,0x91,0xfd,0x91,0xfd,0xf1,0xfd,0xe9,0x2b,0x4c,0x4d,0xcb,0x3c,0x89,0x2b,
0xc8,0x22,0x25,0x6a,0x68,0xc3,0x0a,0xd4,0xa9,0xc3,0xc7,0x1a,0x6b,0x55,0xcb,0x44,0xcb,0x3c,0x28,0x1b,0xc8,0xd3,0x2a,0xdc,
0x0a,0xd4,0xe8,0x2a,0x6c,0x4d,0x0c,0x45,0x6c,0x4d,0x69,0x3b,0xcd,0xf4,0x91,0xfd,0x91,0xfd,0x91,0xfd,0x91,0xfd,0x91,0xfd,
0x91,0xfd,0x91,0xfd,0x91,0xfd,0x91,0xfd,0x91,0xfd,0x91,0xfd,0x91,0xfd,0x91,0xfd,0x91,0xfd,0x91,0xfd,0x91,0xfd,0x91,0xfd,
0x91,0xfd,0x91,0xfd,0x91,0xfd,0x91,0xfd,0x91,0xfd,0x91,0xfd,0x91,0xfd,0x91,0xfd,0x91,0xfd,0x91,0xfd,0x91,0xfd,0x91,0xfd,
0x91,0xfd,0x45,0x82,0x2a,0xd4,0x4a,0xdc,0x18,0xff,0x18,0xff,0x18,0xff,0x19,0xff,0x39,0xff,0x18,0xff,0x39,0xff,0x19,0xff,
0x38,0xff,0x18,0xff,0x19,0xff,0x38,0xff,0x18,0xff,0x18,0xff,0x2a,0xdc,0x4a,0xdc,0x45,0x82,0x71,0xfd,0x91,0xfd,0x91,0xfd,
0x91,0xfd,0x91,0xfd,0x91,0xfd,0x91,0xfd,0x91,0xfd,0x91,0xfd,0x91,0xfd,0x91,0xfd,0x91,0xfd,0x91,0xfd,0x91,0xfd,0x2d,0xdb,
0xdd,0xff,0xd6,0xfd,0x9c,0xff,0xbb,0xff,0x54,0xfd,0x95,0xfd,0xbc,0xff,0xbc,0xff,0xce,0xdb,0xca,0xda,0x5f,0x6e,0x3f,0x6e,
0x5f,0x6e,0x3f,0x6e,0x3f,0x6e,0x3f,0x6e,0x5f,0x7e,0x3e,0xdf,0x3e,0xdf,0x3e,0xd7,0x5f,0x6e,0x3f,0x6e,0x3f,0x6e,0x3f,0x6e,
0x3f,0x6e,0x3f,0x6e,0x3f,0x6e,0x5f,0x6e,0x5f,0x6e,0x3f,0x6e,0x3f,0x6e,0x3f,0x6e,0x5f,0x6e,0x3f,0x6e,0x5f,0x6e,0x3f,0x6e,
0x5f,0x6e,0x3f,0x6e,0x3f,0x76,0xc9,0xcb,0xe9,0xcb,0x3f,0x76,0x5f,0x6e,0x3f,0x6e,0x3f,0x6e,0x5f,0x6e,0x5f,0x6e,0x5f,0x6e,
0x5f,0x6e,0x5f,0x6e,0x5f,0x6e,0x5f,0x6e,0x5f,0x76,0x5f,0x6e,0x5f,0x6e,0x3f,0x6e,0x5f,0x6e,0x3f,0x6e,0x3f,0x6e,0x5f,0x6e,
0x3f,0x6e,0x3e,0xd7,0xbd,0xff,0x9d,0xff,0x9d,0xff,0x9d,0xff,0x9d,0xff,0x9d,0xff,0x3f,0xd7,0x3f,0x6e,0x54,0xac,0x8a,0xd2,
0xbc,0xff,0xbc,0xff,0xb5,0xfd,0x75,0xfd,0x34,0xfd,0xbc,0xff,0xb6,0xfd,0x75,0xfd,0xec,0xda,0xb1,0xfd,0x91,0xfd,0x91,0xfd,
0x91,0xfd,0x91,0xfd,0x91,0xfd,0x91,0xfd,0x91,0xfd,0x91,0xfd,0x91,0xfd,0x91,0xfd,0x91,0xfd,0x91,0xfd,0x91,0xfd,0xf2,0xfd,
0x0a,0x2c,0x8b,0x3c,0x2a,0x34,0xa8,0x22,0x69,0x2b,0xe7,0xa2,0x09,0xd4,0x0a,0xd4,0xe9,0xcb,0x28,0x23,0x8c,0x55,0x8b,0x55,
0x6b,0x55,0x08,0x1b,0x4a,0xdc,0x4a,0xdc,0x2a,0xd4,0x48,0xbb,0x49,0x23,0xab,0x44,0x6c,0x4d,0xc8,0x4a,0x8c,0xec,0x91,0xfd,
0x91,0xfd,0x91,0xfd,0x91,0xfd,0x91,0xfd,0x91,0xfd,0x91,0xfd,0x91,0xfd,0x91,0xfd,0x91,0xfd,0x91,0xfd,0x91,0xfd,0x91,0xfd,
0x71,0xfd,0x91,0xfd,0x91,0xfd,0x91,0xfd,0x91,0xfd,0x91,0xfd,0x91,0xfd,0x91,0xfd,0x91,0xfd,0x91,0xfd,0x91,0xfd,0x91,0xfd,
0x91,0xfd,0x91,0xfd,0x91,0xfd,0x91,0xfd,0x91,0xfd,0x45,0x82,0x2a,0xd4,0x2a,0xdc,0x18,0xff,0x18,0xff,0x38,0xff,0x9a,0xff,
0x0b,0xfb,0x32,0xfd,0x7a,0xff,0xeb,0xfa,0x18,0xff,0x4c,0xfb,0xeb,0xfa,0x18,0xff,0x19,0xff,0x18,0xff,0x4a,0xdc,0x4a,0xdc,
0x45,0x82,0x71,0xfd,0x70,0xfd,0x91,0xfd,0x91,0xfd,0x91,0xfd,0x91,0xfd,0x91,0xfd,0x91,0xfd,0x91,0xfd,0x91,0xfd,0x91,0xfd,
0x91,0xfd,0x91,0xfd,0x71,0xfd,0x4d,0xdb,0xdd,0xff,0x55,0xfd,0x9b,0xff,0xfd,0xff,0x95,0xfd,0x75,0xfd,0x9b,0xff,0xbc,0xff,
0x0f,0xdc,0xcb,0xda,0x5f,0x6e,0x5f,0x76,0x5f,0x6e,0x3f,0x6e,0x3f,0x6e,0x7e,0xef,0x7e,0xef,0xbd,0xff,0xbd,0xff,0xbd,0xff,
0x7e,0xef,0x1f,0x5e,0x3f,0x6e,0x3f,0x6e,0x3f,0x6e,0x3f,0x6e,0x5f,0x6e,0x3f,0x6e,0x5f,0x6e,0x3f,0x6e,0x3f,0x6e,0x5f,0x6e,
0x5f,0x6e,0x3f,0x6e,0x3f,0x6e,0x3f,0x6e,0x3f,0x6e,0x3f,0x6e,0x3f,0x76,0xc9,0xcb,0xc9,0xcb,0x3f,0x76,0x3f,0x6e,0x3f,0x6e,
0x3f,0x6e,0x5f,0x6e,0x5f,0x6e,0x3f,0x6e,0x5f,0x6e,0x5f,0x76,0x5f,0x76,0x5f,0x76,0x5f,0x76,0x5f,0x6e,0x3f,0x6e,0x3f,0x6e,
0x3f,0x6e,0x3f,0x6e,0x3f,0x6e,0x1f,0x66,0x3f,0xdf,0xbd,0xff,0x9d,0xff,0x9d,0xff,0x9d,0xff,0x9d,0xff,0xbd,0xff,0x9d,0xff,
0xdd,0xff,0xfe,0xbe,0xb4,0xcc,0xeb,0xd2,0x9c,0xff,0x9b,0xff,0x54,0xfd,0x95,0xfd,0x75,0xfd,0x9b,0xff,0x34,0xfd,0xb6,0xfd,
0xeb,0xda,0xb1,0xfd,0x91,0xfd,0x91,0xfd,0x91,0xfd,0x91,0xfd,0x91,0xfd,0x91,0xfd,0x91,0xfd,0x91,0xfd,0x91,0xfd,0x91,0xfd,
0x91,0xfd,0x91,0xfd,0x91,0xfd,0xd2,0xfd,0xc8,0x1a,0xaa,0x33,0xe7,0x72,0xc8,0xdb,0x49,0x2b,0x07,0xa3,0x2a,0xdc,0x0a,0xd4,
0x2a,0xd4,0x4a,0xe4,0x48,0x23,0x8c,0x55,0xac,0x5d,0x89,0x23,0x4a,0xd4,0x2a,0xd4,0x2a,0xd4,0x4a,0xdc,0x88,0x0a,0x69,0x2b,
0x6c,0x4d,0x86,0x82,0xad,0xec,0x91,0xfd,0x91,0xfd,0x91,0xfd,0x91,0xfd,0x91,0xfd,0x91,0xfd,0x91,0xfd,0x91,0xfd,0x91,0xfd,
0x91,0xfd,0x91,0xfd,0x91,0xfd,0x91,0xfd,0x91,0xfd,0x91,0xfd,0x91,0xfd,0x91,0xfd,0x91,0xfd,0x91,0xfd,0x91,0xfd,0x91,0xfd,
0x91,0xfd,0x91,0xfd,0x91,0xfd,0x91,0xfd,0x91,0xfd,0x91,0xfd,0x91,0xfd,0x91,0xfd,0x91,0xfd,0x45,0x82,0x2a,0xd4,0x4a,0xd4,
0x18,0xff,0x39,0xff,0x39,0xff,0x7a,0xff,0x2c,0xfb,0x32,0xfd,0x5a,0xff,0x2c,0xfb,0x59,0xff,0x4d,0xfb,0x0c,0xfb,0x39,0xff,
0x18,0xff,0x18,0xff,0x2a,0xdc,0x2a,0xdc,0x45,0x82,0x70,0xfd,0x70,0xfd,0x70,0xfd,0x71,0xfd,0x91,0xfd,0x91,0xfd,0x91,0xfd,
0x91,0xfd,0x91,0xfd,0x91,0xfd,0x91,0xfd,0x91,0xfd,0x70,0xfd,0x71,0xfd,0xeb,0xd2,0xf0,0xfb,0x72,0xfc,0x75,0xfd,0x95,0xfd,
0xd0,0xfb,0xb0,0xfb,0x14,0xfd,0x75,0xfd,0x6d,0xdb,0x8a,0xda,0x5f,0x6e,0x5f,0x6e,0x5f,0x6e,0x3f,0x6e,0x1f,0x66,0x3e,0xe7,
0x5d,0xef,0x9d,0xff,0xbd,0xff,0xbd,0xff,0x7e,0xe7,0xbf,0x96,0x3f,0x76,0x5f,0x6e,0x5f,0x6e,0x3f,0x6e,0x3f,0x6e,0x3f,0x6e,
0x5f,0x6e,0x3f,0x6e,0x3f,0x6e,0x5f,0x6e,0x3f,0x6e,0x5f,0x6e,0x3f,0x6e,0x3f,0x6e,0x3f,0x6e,0x3f,0x6e,0x3f,0x76,0xc9,0xcb,
0xe9,0xcb,0x3f,0x76,0x3f,0x6e,0x3f,0x6e,0x3f,0x6e,0x5f,0x6e,0x5f,0x6e,0x3f,0x6e,0x5f,0x6e,0x5f,0x6e,0x5f,0x76,0x5f,0x76,
0x3f,0x6e,0x5f,0x76,0x5f,0x6e,0x3f,0x6e,0x3f,0x6e,0x3f,0x6e,0x3f,0x6e,0x1f,0x66,0x3e,0xd7,0x9d,0xff,0x9d,0xff,0x9d,0xff,
0x9d,0xff,0xbd,0xff,0x9d,0xff,0x9d,0xff,0x9c,0xff,0xfe,0xc6,0x15,0xdd,0xaa,0xd2,0x72,0xfc,0x34,0xfd,0x11,0xfc,0xf0,0xfb,
0xb0,0xfb,0x54,0xfd,0x92,0xfc,0xd0,0xfb,0xcb,0xd2,0x91,0xfd,0x91,0xfd,0x91,0xfd,0x91,0xfd,0x91,0xfd,0x91,0xfd,0x91,0xfd,
0x91,0xfd,0x91,0xfd,0x91,0xfd,0x91,0xfd,0x91,0xfd,0x91,0xfd,0x91,0xfd,0xd2,0xfd,0x28,0x23,0x69,0x1b,0xe7,0xa2,0x68,0xc3,
0xe9,0x33,0xc6,0xa2,0x09,0xdc,0x09,0xd4,0x2a,0xd4,0xe9,0xd3,0x89,0x1b,0x8d,0x5d,0xcc,0x65,0x09,0x1b,0x29,0xd4,0x2a,0xdc,
0x2a,0xd4,0x2a,0xdc,0x46,0x0a,0x0b,0x34,0xcb,0x44,0x66,0x7a,0x8c,0xf4,0x91,0xfd,0x91,0xfd,0x91,0xfd,0x91,0xfd,0x91,0xfd,
0x91,0xfd,0x91,0xfd,0x91,0xfd,0x91,0xfd,0x91,0xfd,0x91,0xfd,0x91,0xfd,0x91,0xfd,0x91,0xfd,0x91,0xfd,0x91,0xfd,0x91,0xfd,
0x91,0xfd,0x91,0xfd,0x91,0xfd,0x91,0xfd,0x91,0xfd,0x91,0xfd,0x91,0xfd,0x91,0xfd,0x91,0xfd,0x91,0xfd,0x91,0xfd,0x91,0xfd,
0x91,0xfd,0x25,0x82,0x29,0xd4,0x4a,0xdc,0x38,0xff,0x39,0xff,0x39,0xff,0x9a,0xff,0x2c,0xfb,0x2c,0xfb,0x4c,0xfb,0x4d,0xfb,
0x4c,0xfb,0x2c,0xfb,0x2c,0xfb,0x38,0xff,0x18,0xff,0x18,0xff,0x2a,0xdc,0x2a,0xdc,0x45,0x82,0x70,0xfd,0x70,0xfd,0x90,0xfd,
0x91,0xfd,0x91,0xfd,0x91,0xfd,0x91,0xfd,0x91,0xfd,0x91,0xfd,0x91,0xfd,0x91,0xfd,0x91,0xfd,0x71,0xfd,0x71,0xfd,0xcb,0xd2,
0xb0,0xfb,0x31,0xfc,0x75,0xfd,0xb6,0xfd,0xd0,0xfb,0xd0,0xfb,0x55,0xfd,0x34,0xfd,0x0c,0xdb,0xaa,0xe2,0x5f,0x6e,0x3f,0x6e,
0x5f,0x6e,0x7f,0x7e,0x9d,0xff,0xbd,0xff,0x9d,0xff,0xbd,0xff,0xbd,0xff,0x9d,0xff,0x9d,0xff,0x7d,0xef,0x5e,0xdf,0x3f,0x6e,
0x3f,0x6e,0x3f,0x6e,0x3f,0x6e,0x3f,0x6e,0x3f,0x6e,0x3f,0x6e,0x3f,0x6e,0x3f,0x6e,0x3f,0x6e,0x5f,0x6e,0x3f,0x6e,0x3f,0x6e,
0x3f,0x6e,0x3f,0x6e,0x3f,0x76,0xe9,0xcb,0xe9,0xcb,0x3f,0x76,0x3f,0x6e,0x3f,0x6e,0x3f,0x6e,0x5f,0x6e,0x3f,0x76,0x5f,0x6e,
0x3f,0x76,0x5f,0x76,0x5f,0x6e,0x3f,0x6e,0x3f,0x6e,0x3f,0x6e,0x3f,0x6e,0x3f,0x6e,0x3f,0x6e,0x3f,0x6e,0x5f,0x76,0xfe,0xb6,
0xbd,0xff,0x9d,0xff,0x9d,0xff,0x9d,0xff,0x9d,0xff,0xbd,0xff,0xbd,0xff,0x9d,0xff,0xbd,0xff,0x9d,0xff,0xf3,0xe4,0x6a,0xd2,
0x92,0xfc,0x54,0xfd,0xf0,0xfb,0xd0,0xfb,0xf0,0xfb,0x55,0xfd,0x72,0xfc,0xb0,0xfb,0xab,0xd2,0x91,0xfd,0x71,0xfd,0x91,0xfd,
0x91,0xfd,0x91,0xfd,0x91,0xfd,0x91,0xfd,0x91,0xfd,0x91,0xfd,0x91,0xfd,0x91,0xfd,0x91,0xfd,0x91,0xfd,0x91,0xfd,0x91,0xfd,
0x91,0xfd,0xcd,0xfc,0xc7,0x9a,0x29,0xd4,0x0a,0x3c,0xc7,0x22,0x27,0x7b,0xc9,0xc3,0x48,0xbb,0x68,0xbb,0x28,0xb3,0xac,0x4c,
0x69,0x33,0x27,0xab,0x48,0xbb,0x68,0xc3,0x28,0xb3,0xe7,0xa2,0x25,0x72,0x08,0x6b,0x08,0x23,0x65,0x82,0x4c,0xdc,0xb1,0xfd,
0x91,0xfd,0x91,0xfd,0x91,0xfd,0x91,0xfd,0x91,0xfd,0x91,0xfd,0x91,0xfd,0x91,0xfd,0x91,0xfd,0x91,0xfd,0x91,0xfd,0x91,0xfd,
0x91,0xfd,0x91,0xfd,0x70,0xfd,0x91,0xfd,0x91,0xfd,0x91,0xfd,0x91,0xfd,0x91,0xfd,0x91,0xfd,0x91,0xfd,0x91,0xfd,0x91,0xfd,
0x91,0xfd,0x91,0xfd,0x91,0xfd,0x91,0xfd,0x91,0xfd,0x25,0x82,0x2a,0xd4,0x4a,0xdc,0x19,0xff,0x19,0xff,0x19,0xff,0x9a,0xff,
0x2c,0xfb,0x4c,0xfb,0x4c,0xfb,0x4c,0xfb,0x4c,0xfb,0x4c,0xfb,0x2c,0xfb,0x39,0xff,0x38,0xff,0x18,0xff,0x2a,0xdc,0x2a,0xdc,
0x45,0x82,0x70,0xfd,0x70,0xfd,0x91,0xfd,0x91,0xfd,0x91,0xfd,0x91,0xfd,0x91,0xfd,0x91,0xfd,0x91,0xfd,0x91,0xfd,0x91,0xfd,
0x91,0xfd,0x70,0xfd,0x71,0xfd,0xeb,0xda,0x11,0xfc,0x31,0xfc,0x34,0xfd,0x95,0xfd,0xf0,0xfb,0x11,0xfc,0x55,0xfd,0x55,0xfd,
0x4d,0xdb,0x8a,0xda,0x5f,0x76,0x3f,0x6e,0x3f,0x6e,0x5e,0xdf,0xbd,0xff,0x9d,0xff,0xbd,0xff,0x9d,0xff,0x9d,0xff,0x9d,0xff,
0xbd,0xff,0x9d,0xff,0x7d,0xef,0x5f,0x76,0x5f,0x6e,0x5f,0x6e,0x3f,0x6e,0x3f,0x6e,0x5f,0x6e,0x5f,0x6e,0x3f,0x6e,0x3f,0x6e,
0x3f,0x6e,0x3f,0x6e,0x3f,0x6e,0x3f,0x6e,0x3f,0x6e,0x3f,0x6e,0x3f,0x76,0xe9,0xcb,0xe9,0xcb,0x3f,0x76,0x3f,0x6e,0x5f,0x76,
0x3f,0x6e,0x5f,0x76,0x5f,0x6e,0x5f,0x76,0x5f,0x76,0x5f,0x6e,0x5f,0x6e,0x5f,0x6e,0x3f,0x6e,0x3f,0x6e,0x3f,0x6e,0x3f,0x6e,
0x3f,0x6e,0x3f,0x6e,0x5f,0x6e,0xde,0xa6,0x9d,0xff,0x9d,0xff,0x9d,0xff,0x9d,0xff,0x9d,0xff,0xbd,0xff,0x9d,0xff,0x9d,0xff,
0xbd,0xff,0xbd,0xff,0xb2,0xe4,0x8b,0xd2,0xf3,0xfc,0x55,0xfd,0xf1,0xfb,0xd0,0xfb,0x90,0xfb,0x34,0xfd,0x92,0xfc,0x11,0xfc,
0xcb,0xda,0x91,0xfd,0x70,0xfd,0x91,0xfd,0x91,0xfd,0x91,0xfd,0x91,0xfd,0x91,0xfd,0x91,0xfd,0x91,0xfd,0x91,0xfd,0x91,0xfd,
0x91,0xfd,0x91,0xfd,0x91,0xfd,0x91,0xfd,0x91,0xfd,0x0e,0xfd,0x27,0xa3,0x29,0xd4,0x48,0x2b,0xc9,0x2b,0xca,0x2b,0x28,0x2b,
0xc7,0x6a,0xcb,0xe4,0x8b,0xe4,0xc7,0x22,0x48,0x73,0xab,0xe4,0xab,0xe4,0x8b,0xe4,0x8b,0xe4,0xab,0xe4,0xab,0xe4,0xab,0xe4,
0xab,0xe4,0xec,0xec,0xc6,0xa2,0x70,0xfd,0x91,0xfd,0x91,0xfd,0x91,0xfd,0x91,0xfd,0x91,0xfd,0x91,0xfd,0x91,0xfd,0x91,0xfd,
0x91,0xfd,0x91,0xfd,0x91,0xfd,0x91,0xfd,0x91,0xfd,0x91,0xfd,0x91,0xfd,0x91,0xfd,0x91,0xfd,0x91,0xfd,0x91,0xfd,0x91,0xfd,
0x91,0xfd,0x91,0xfd,0x91,0xfd,0x91,0xfd,0x91,0xfd,0x91,0xfd,0x91,0xfd,0x91,0xfd,0x91,0xfd,0x25,0x82,0x2a,0xd4,0x4a,0xdc,
0x19,0xff,0x19,0xff,0x18,0xff,0x9a,0xff,0x4c,0xfb,0x4c,0xfb,0x4c,0xfb,0x4c,0xfb,0x6d,0xfb,0x6d,0xfb,0x2c,0xfb,0x18,0xff,
0x18,0xff,0x18,0xff,0x2a,0xdc,0x2a,0xdc,0x45,0x82,0x70,0xfd,0x70,0xfd,0x91,0xfd,0x71,0xfd,0x91,0xfd,0x91,0xfd,0x91,0xfd,
0x71,0xfd,0x91,0xfd,0x91,0xfd,0x91,0xfd,0x70,0xfd,0x90,0xfd,0x71,0xfd,0x6d,0xdb,0xf6,0xfd,0x75,0xfd,0x7b,0xff,0xdc,0xff,
0x75,0xfd,0xb6,0xfd,0xbc,0xff,0xbc,0xff,0xef,0xdb,0x29,0xda,0x1f,0x6e,0x7e,0xef,0x9d,0xff,0xbd,0xff,0xbd,0xff,0x9d,0xff,
0x9d,0xff,0xbd,0xff,0x9d,0xff,0xbd,0xff,0x9d,0xff,0x9d,0xff,0xbd,0xff,0x3e,0xd7,0x5e,0xef,0x5f,0x6e,0x3f,0x6e,0x3f,0x6e,
0x3f,0x6e,0x3f,0x6e,0x3f,0x6e,0x3f,0x6e,0x3f,0x6e,0x5f,0x6e,0x5f,0x6e,0x3f,0x6e,0x3f,0x6e,0x3f,0x6e,0x3f,0x76,0xe9,0xcb,
0xc9,0xcb,0x3f,0x76,0x3f,0x6e,0x5f,0x76,0x5f,0x6e,0x5f,0x6e,0x5f,0x6e,0x3f,0x76,0x5f,0x6e,0x5f,0x6e,0x3f,0x6e,0x5f,0x6e,
0x5f,0x6e,0x3f,0x6e,0x3f,0x6e,0xbd,0xff,0xbd,0xff,0xbd,0xff,0x3e,0xd7,0x3e,0xdf,0x9d,0xff,0xbd,0xff,0x9d,0xff,0x9d,0xff,
0x9d,0xff,0x9d,0xff,0xbd,0xff,0x9d,0xff,0x9d,0xff,0xbd,0xff,0xd2,0xe4,0x6a,0xd2,0xbb,0xff,0xbb,0xff,0x95,0xfd,0x14,0xfd,
0xf4,0xfc,0xbc,0xff,0x95,0xfd,0x54,0xfd,0x0c,0xdb,0x91,0xfd,0x90,0xfd,0x70,0xfd,0x70,0xfd,0x91,0xfd,0x70,0xfd,0x91,0xfd,
0x91,0xfd,0x91,0xfd,0x91,0xfd,0x91,0xfd,0x91,0xfd,0x91,0xfd,0x91,0xfd,0x91,0xfd,0x91,0xfd,0xee,0xfc,0xc5,0x92,0x48,0x5b,
0xa7,0x42,0xc9,0x2b,0x8b,0x3c,0x09,0x34,0x89,0x23,0xe9,0xcb,0xc9,0xcb,0x48,0xb3,0x2a,0xd4,0x09,0xd4,0xe9,0xd3,0x0a,0xd4,
0x2a,0xd4,0x2a,0xd4,0x0a,0xd4,0xe9,0xcb,0xea,0xcb,0x09,0xd4,0x25,0x7a,0x91,0xfd,0x91,0xfd,0x91,0xfd,0x91,0xfd,0x91,0xfd,
0x91,0xfd,0x91,0xfd,0x91,0xfd,0x91,0xfd,0x91,0xfd,0x91,0xfd,0x91,0xfd,0x91,0xfd,0x70,0xfd,0x70,0xfd,0x91,0xfd,0x91,0xfd,
0x91,0xfd,0x91,0xfd,0x91,0xfd,0x91,0xfd,0x91,0xfd,0x91,0xfd,0x91,0xfd,0x91,0xfd,0x91,0xfd,0x91,0xfd,0x91,0xfd,0x71,0xfd,
0x70,0xfd,0x25,0x82,0x09,0xd4,0x2a,0xdc,0x18,0xff,0x18,0xff,0x18,0xff,0x39,0xff,0x6d,0xfb,0x2c,0xfb,0x4c,0xfb,0x6d,0xfb,
0x6d,0xfb,0x8c,0xe3,0x11,0xfd,0x18,0xff,0x18,0xff,0x18,0xff,0x2a,0xdc,0x2a,0xd4,0x45,0x82,0x70,0xfd,0x71,0xfd,0x91,0xfd,
0x91,0xfd,0x91,0xfd,0x91,0xfd,0x91,0xfd,0x91,0xfd,0x91,0xfd,0x91,0xfd,0x91,0xfd,0x91,0xfd,0x70,0xfd,0x71,0xfd,0x4d,0xdb,
0x94,0xfd,0xd6,0xfd,0xbc,0xff,0xfc,0xff,0x55,0xfd,0x34,0xfd,0xbc,0xff,0xbc,0xff,0xcf,0xdb,0x8a,0xd2,0x9d,0xff,0x9d,0xff,
0xbd,0xff,0xbd,0xff,0x9d,0xff,0xbd,0xff,0x9d,0xff,0x9d,0xff,0xbd,0xff,0x9d,0xff,0x9d,0xff,0x9d,0xff,0x9d,0xff,0x9c,0xff,
0x9c,0xff,0x7e,0xef,0x5f,0x76,0x3f,0x6e,0x3f,0x6e,0x3f,0x6e,0x3f,0x6e,0x3f,0x6e,0x3f,0x6e,0x5f,0x6e,0x5f,0x6e,0x3f,0x6e,
0x3f,0x6e,0x3f,0x6e,0x3f,0x76,0xe9,0xcb,0xe9,0xcb,0x3f,0x76,0x5f,0x76,0x3f,0x6e,0x3f,0x6e,0x5f,0x6e,0x5f,0x6e,0x5f,0x6e,
0x5f,0x6e,0x5f,0x6e,0x3f,0x6e,0x3f,0x6e,0x3f,0x76,0x5f,0x76,0x1f,0xc7,0x9d,0xff,0x9d,0xff,0x9d,0xff,0xbd,0xff,0x9d,0xff,
0x9d,0xff,0xbd,0xff,0x9d,0xff,0x9d,0xff,0x9d,0xff,0x9d,0xff,0x9d,0xff,0x9d,0xff,0x9d,0xff,0x9d,0xff,0xd2,0xe4,0x6a,0xd2,
0x9b,0xff,0xbc,0xff,0xf6,0xfd,0x34,0xfd,0x14,0xfd,0xbc,0xff,0x74,0xfd,0x95,0xfd,0x0c,0xe3,0x91,0xfd,0x70,0xfd,0x70,0xfd,
0x70,0xfd,0x91,0xfd,0x91,0xfd,0x71,0xfd,0x91,0xfd,0x91,0xfd,0x91,0xfd,0x91,0xfd,0x91,0xfd,0x91,0xfd,0x91,0xfd,0x91,0xfd,
0x91,0xfd,0x50,0xfd,0x08,0x43,0x86,0x92,0xa7,0x2a,0xe8,0x2a,0x4a,0x34,0xab,0x3c,0x48,0x23,0x66,0x8a,0x66,0x8a,0x86,0x92,
0x66,0x8a,0x66,0x8a,0x46,0x8a,0x46,0x8a,0x46,0x82,0x46,0x82,0x66,0x8a,0x66,0x8a,0x66,0x8a,0x66,0x8a,0x25,0x72,0xb2,0xfd,
0x91,0xfd,0x91,0xfd,0x91,0xfd,0x91,0xfd,0x91,0xfd,0x91,0xfd,0x91,0xfd,0x91,0xfd,0x91,0xfd,0x91,0xfd,0x91,0xfd,0x91,0xfd,
0x70,0xfd,0x70,0xfd,0x91,0xfd,0x91,0xfd,0x91,0xfd,0x91,0xfd,0x91,0xfd,0x91,0xfd,0x91,0xfd,0x91,0xfd,0x91,0xfd,0x91,0xfd,
0x91,0xfd,0x91,0xfd,0x91,0xfd,0x91,0xfd,0x70,0xfd,0x25,0x7a,0x29,0xd4,0x4a,0xdc,0x18,0xff,0x18,0xff,0x18,0xff,0x39,0xff,
0x18,0xff,0x6d,0xf3,0xec,0xea,0x6a,0xda,0x4d,0xf3,0x39,0xff,0x18,0xff,0x18,0xff,0x18,0xff,0x18,0xff,0x2a,0xdc,0x0a,0xd4,
0x45,0x82,0x70,0xfd,0x91,0xfd,0x71,0xfd,0x70,0xfd,0x91,0xfd,0x91,0xfd,0x91,0xfd,0x91,0xfd,0x91,0xfd,0x91,0xfd,0x91,0xfd,
0x91,0xfd,0x71,0xfd,0x71,0xfd,0x0c,0xd3,0x94,0xfd,0xb6,0xfd,0xbc,0xff,0xdc,0xff,0x54,0xfd,0x75,0xfd,0xbc,0xff,0xbc,0xff,
0xce,0xdb,0x49,0xd2,0xbd,0xff,0xbd,0xff,0x9d,0xff,0x9d,0xff,0x9d,0xff,0x9d,0xff,0x9d,0xff,0x9d,0xff,0x9d,0xff,0xbd,0xff,
0x9d,0xff,0x9d,0xff,0x9d,0xff,0x9c,0xff,0x9c,0xff,0xbd,0xff,0x7d,0xf7,0x1f,0x66,0x3f,0x6e,0x5f,0x6e,0x3f,0x6e,0x5f,0x6e,
0x5f,0x6e,0x3f,0x6e,0x3f,0x6e,0x3f,0x6e,0x3f,0x6e,0x3f,0x6e,0x3f,0x76,0xe9,0xcb,0xc9,0xcb,0x3f,0x76,0x5f,0x76,0x5f,0x76,
0x5f,0x76,0x3f,0x6e,0x5f,0x6e,0x3f,0x6e,0x5f,0x6e,0x5f,0x6e,0x3f,0x6e,0x3f,0x6e,0x1e,0xcf,0x9e,0xf7,0x9d,0xff,0x9d,0xff,
0x9d,0xff,0x9d,0xff,0x9d,0xff,0x9d,0xff,0x9d,0xff,0x9d,0xff,0x9d,0xff,0xbd,0xff,0x5e,0xdf,0x3e,0xdf,0x3e,0xdf,0x9d,0xff,
0x9d,0xff,0x9d,0xff,0xd2,0xe4,0x6a,0xd2,0xdc,0xff,0xbc,0xff,0x95,0xfd,0x14,0xfd,0xf4,0xfc,0xdd,0xff,0xb5,0xfd,0x74,0xfd,
0x0c,0xdb,0x91,0xfd,0x90,0xfd,0x70,0xfd,0x91,0xfd,0x70,0xfd,0x71,0xfd,0x70,0xfd,0x71,0xfd,0x90,0xfd,0x91,0xfd,0x91,0xfd,
0x91,0xfd,0x91,0xfd,0x91,0xfd,0x91,0xfd,0x91,0xfd,0x4c,0x9c,0xa9,0x2b,0x08,0x2b,0xa7,0x22,0xee,0xf4,0x69,0x2b,0x6a,0x3c,
0xe8,0x22,0x6c,0xf4,0x6c,0xec,0x4c,0xec,0x4c,0xec,0x6c,0xf4,0x6c,0xf4,0x4c,0xec,0x6c,0xec,0x4c,0xec,0x4c,0xec,0x2c,0xec,
0x2c,0xec,0x2c,0xec,0x0b,0xec,0x91,0xfd,0x91,0xfd,0x91,0xfd,0x91,0xfd,0x91,0xfd,0x91,0xfd,0x91,0xfd,0x91,0xfd,0x91,0xfd,
0x91,0xfd,0x91,0xfd,0x91,0xfd,0x91,0xfd,0x70,0xfd,0x71,0xfd,0x71,0xfd,0x91,0xfd,0x91,0xfd,0x91,0xfd,0x91,0xfd,0x90,0xfd,
0x71,0xfd,0x91,0xfd,0x91,0xfd,0x91,0xfd,0x91,0xfd,0x91,0xfd,0x91,0xfd,0x90,0xfd,0x90,0xfd,0x25,0x82,0x29,0xd4,0x4a,0xdc,
0x18,0xff,0x5a,0xff,0x4e,0x5d,0x2f,0x65,0x18,0xff,0xf7,0xfe,0x55,0xc6,0x2c,0x3c,0x18,0xff,0x18,0xff,0x7a,0xff,0x4f,0x5d,
0x0e,0x55,0x18,0xff,0x2a,0xdc,0x0a,0xd4,0x45,0x82,0x71,0xfd,0x91,0xfd,0x91,0xfd,0x91,0xfd,0x91,0xfd,0x91,0xfd,0x91,0xfd,
0x91,0xfd,0x91,0xfd,0x91,0xfd,0x91,0xfd,0x91,0xfd,0x91,0xfd,0x91,0xfd,0x0c,0xd3,0xd0,0xfb,0xf0,0xfb,0x14,0xfd,0x95,0xfd,
0xf0,0xfb,0xb0,0xfb,0x14,0xfd,0x55,0xfd,0x4d,0xdb,0x49,0xd2,0x9d,0xff,0x9d,0xff,0xbd,0xff,0x9d,0xff,0x9d,0xff,0xbd,0xff,
0x9d,0xff,0x9c,0xff,0x3e,0xdf,0x3e,0xdf,0x5e,0xdf,0x9d,0xff,0x9d,0xff,0x9c,0xff,0x1e,0xd7,0x3e,0xd7,0x1f,0xbf,0x1f,0x66,
0x3f,0x6e,0x3f,0x6e,0x3f,0x6e,0x3f,0x6e,0x3f,0x6e,0x3f,0x6e,0x3f,0x6e,0x3f,0x6e,0x3f,0x6e,0x3f,0x6e,0x3f,0x6e,0xe9,0xcb,
0xe9,0xcb,0x5f,0x76,0x5f,0x76,0x3f,0x76,0x3f,0x6e,0x3f,0x6e,0x3f,0x6e,0x3f,0x6e,0x5f,0x6e,0x5f,0x6e,0x5f,0x6e,0x1e,0xd7,
0x9c,0xff,0x9c,0xff,0x9c,0xff,0x9c,0xff,0x9d,0xff,0x9d,0xff,0x9d,0xff,0x9d,0xff,0x9d,0xff,0x9d,0xff,0x9d,0xff,0x3e,0xdf,
0x5e,0xdf,0x3e,0xdf,0x3e,0xdf,0x3e,0xdf,0x3e,0xdf,0x5e,0xdf,0xf4,0xdc,0x8a,0xd2,0x55,0xfd,0x34,0xfd,0xf1,0xfb,0xf1,0xfb,
0x11,0xfc,0x75,0xfd,0x72,0xfc,0xb0,0xfb,0xcb,0xd2,0x91,0xfd,0x70,0xfd,0x70,0xfd,0x91,0xfd,0x91,0xfd,0x91,0xfd,0x91,0xfd,
0x91,0xfd,0x91,0xfd,0x91,0xfd,0x91,0xfd,0x91,0xfd,0x91,0xfd,0x91,0xfd,0xd2,0xfd,0xcb,0x44,0xcb,0x44,0x0b,0x45,0x2b,0x34,
0x28,0x2b,0x2f,0xfd,0x8d,0xec,0x48,0x1b,0x69,0x2b,0xee,0xfc,0x91,0xfd,0x91,0xfd,0x91,0xfd,0x91,0xfd,0x91,0xfd,0x91,0xfd,
0x91,0xfd,0x91,0xfd,0x91,0xfd,0x50,0xfd,0x2f,0xfd,0x2f,0xfd,0x2f,0xfd,0x91,0xfd,0x91,0xfd,0x91,0xfd,0x91,0xfd,0x91,0xfd,
0x91,0xfd,0x91,0xfd,0x91,0xfd,0x91,0xfd,0x91,0xfd,0x91,0xfd,0x91,0xfd,0x91,0xfd,0x70,0xfd,0x91,0xfd,0x91,0xfd,0x91,0xfd,
0x91,0xfd,0x91,0xfd,0x91,0xfd,0x91,0xfd,0x71,0xfd,0x91,0xfd,0x91,0xfd,0x91,0xfd,0x91,0xfd,0x91,0xfd,0x91,0xfd,0x91,0xfd,
0x90,0xfd,0x25,0x82,0x29,0xd4,0x2a,0xd4,0x18,0xff,0x7a,0xff,0x2e,0x55,0x2e,0x55,0x2e,0x55,0x18,0xff,0x76,0xc6,0xad,0x44,
0x18,0xff,0x0f,0x55,0x4e,0x55,0x4f,0x5d,0x4f,0x5d,0x18,0xff,0x29,0xdc,0x0a,0xd4,0x45,0x82,0x71,0xfd,0x91,0xfd,0x70,0xfd,
0x91,0xfd,0x91,0xfd,0x91,0xfd,0x91,0xfd,0x91,0xfd,0x91,0xfd,0x91,0xfd,0x91,0xfd,0x91,0xfd,0x71,0xfd,0x70,0xfd,0xcb,0xd2,
0x72,0xfc,0x11,0xfc,0x34,0xfd,0x14,0xfd,0xb0,0xfb,0xb0,0xfb,0x55,0xfd,0x75,0xfd,0x8e,0xdb,0x29,0xd2,0x5e,0xdf,0x5e,0xdf,
0x5e,0xe7,0x5e,0xdf,0x5e,0xdf,0x5e,0xdf,0x5e,0xdf,0x3e,0xdf,0x5e,0xdf,0x3e,0xdf,0x3e,0xdf,0x3e,0xdf,0x3e,0xdf,0x3f,0x6e,
0x5f,0x76,0x3f,0x6e,0x3f,0x6e,0x3f,0x6e,0x3f,0x6e,0x3f,0x6e,0x3f,0x6e,0x3f,0x6e,0x3f,0x6e,0x3f,0x6e,0x3f,0x6e,0x3f,0x6e,
0x3f,0x6e,0x3f,0x6e,0x3f,0x76,0xe9,0xcb,0xe9,0xcb,0x3f,0x76,0x5f,0x76,0x3f,0x76,0x5f,0x76,0x3f,0x6e,0x3f,0x6e,0x3f,0x6e,
0x3f,0x6e,0x3f,0x6e,0x5f,0x6e,0x3f,0xdf,0x3e,0xe7,0x3e,0xdf,0x3e,0xdf,0x3e,0xdf,0x3e,0xdf,0x3e,0xdf,0x3e,0xdf,0x5e,0xdf,
0x3e,0xdf,0x3e,0xdf,0x5e,0xdf,0x3e,0xdf,0x3e,0xdf,0x3e,0xdf,0x3e,0xdf,0x3e,0xdf,0x5e,0xdf,0x5e,0xdf,0xb3,0xd4,0x6a,0xd2,
0x55,0xfd,0xb6,0xfd,0x11,0xfc,0xf0,0xfb,0xb0,0xfb,0x34,0xfd,0x72,0xfc,0x31,0xfc,0xeb,0xd2,0x91,0xfd,0x90,0xfd,0x90,0xfd,
0x90,0xfd,0x91,0xfd,0x91,0xfd,0x91,0xfd,0x91,0xfd,0x91,0xfd,0x91,0xfd,0x91,0xfd,0x91,0xfd,0x91,0xfd,0x91,0xfd,0xf2,0xfd,
0x4b,0x34,0xcd,0x65,0x4b,0x3c,0x0a,0x34,0x49,0x23,0x4f,0xf5,0xce,0xf4,0x0b,0xe4,0x4c,0xe4,0x70,0xfd,0x70,0xfd,0x90,0xfd,
0x70,0xfd,0x70,0xfd,0x70,0xfd,0x70,0xfd,0x70,0xfd,0x71,0xfd,0x91,0xfd,0x91,0xfd,0x71,0xfd,0x70,0xfd,0x91,0xfd,0x91,0xfd,
0x91,0xfd,0x91,0xfd,0x91,0xfd,0x91,0xfd,0x91,0xfd,0x91,0xfd,0x91,0xfd,0x91,0xfd,0x91,0xfd,0x91,0xfd,0x91,0xfd,0x91,0xfd,
0x91,0xfd,0x91,0xfd,0x91,0xfd,0x91,0xfd,0x91,0xfd,0x91,0xfd,0x91,0xfd,0x90,0xfd,0x91,0xfd,0x91,0xfd,0x91,0xfd,0x91,0xfd,
0x91,0xfd,0x91,0xfd,0x91,0xfd,0x70,0xfd,0x70,0xfd,0x25,0x82,0x29,0xd4,0x2a,0xd4,0x18,0xff,0x5a,0xff,0x2e,0x55,0x4e,0x55,
0x4e,0x55,0x8f,0x5d,0x55,0xc6,0x0c,0x3c,0xb1,0x7d,0x4f,0x55,0x2e,0x55,0x2e,0x55,0x2f,0x5d,0x18,0xff,0x0a,0xdc,0x0a,0xd4,
0x45,0x82,0x71,0xfd,0x91,0xfd,0x91,0xfd,0x91,0xfd,0x91,0xfd,0x91,0xfd,0x91,0xfd,0x91,0xfd,0x91,0xfd,0x91,0xfd,0x70,0xfd,
0x91,0xfd,0x91,0xfd,0x91,0xfd,0xcb,0xd2,0x51,0xfc,0x51,0xfc,0xb7,0xfd,0xd6,0xfd,0xf0,0xfb,0xb0,0xfb,0x55,0xfd,0x14,0xfd,
0xec,0xda,0x08,0xd2,0x7f,0x8e,0x9f,0x8e,0x7f,0x8e,0x7f,0x8e,0x7f,0x8e,0x7f,0x8e,0x9f,0x8e,0x9f,0x8e,0x9f,0x8e,0x7f,0x8e,
0x9f,0x8e,0x9f,0x8e,0x9f,0x8e,0x3f,0x6e,0x5f,0x6e,0x3f,0x6e,0x3f,0x6e,0x3f,0x6e,0x3f,0x6e,0x3f,0x6e,0x3f,0x6e,0x3f,0x6e,
0x3f,0x6e,0x3f,0x6e,0x3f,0x6e,0x5f,0x6e,0x3f,0x6e,0x3f,0x6e,0x3f,0x76,0xe9,0xcb,0xe9,0xcb,0x3f,0x76,0x3f,0x6e,0x5f,0x6e,
0x5f,0x6e,0x3f,0x6e,0x5f,0x6e,0x5f,0x6e,0x3f,0x6e,0x3f,0x6e,0x3f,0x6e,0x9f,0x96,0x9e,0x9e,0x7f,0x8e,0x7f,0x8e,0x7f,0x8e,
0x9f,0x8e,0x7f,0x8e,0x7f,0x86,0x7f,0x8e,0x9f,0x8e,0x9f,0x86,0x7f,0x8e,0x7f,0x8e,0x7f,0x86,0x9f,0x8e,0x9f,0x8e,0x7f,0x8e,
0x5f,0x86,0x5f,0x7e,0x53,0xbc,0x8a,0xd2,0x14,0xfd,0xd7,0xfd,0xb0,0xfb,0xb0,0xfb,0x90,0xfb,0x96,0xfd,0xb3,0xfc,0xf0,0xfb,
0xab,0xd2,0x91,0xfd,0x90,0xfd,0x90,0xfd,0x91,0xfd,0x91,0xfd,0x91,0xfd,0x91,0xfd,0x91,0xfd,0x91,0xfd,0x91,0xfd,0x91,0xfd,
0x91,0xfd,0x91,0xfd,0x91,0xfd,0xd2,0xfd,0x8a,0x2b,0x6b,0x44,0xca,0x33,0x08,0x23,0xc7,0x42,0x69,0x33,0x2c,0xa4,0x2c,0xa4,
0x2f,0xfd,0x91,0xfd,0x70,0xfd,0x90,0xfd,0x91,0xfd,0x70,0xfd,0x71,0xfd,0x90,0xfd,0x70,0xfd,0x91,0xfd,0x91,0xfd,0x91,0xfd,
0x91,0xfd,0x91,0xfd,0x91,0xfd,0x91,0xfd,0x91,0xfd,0x91,0xfd,0x91,0xfd,0x91,0xfd,0x91,0xfd,0x91,0xfd,0x91,0xfd,0x91,0xfd,
0x91,0xfd,0x91,0xfd,0x91,0xfd,0x91,0xfd,0x91,0xfd,0x91,0xfd,0x91,0xfd,0x91,0xfd,0x91,0xfd,0x91,0xfd,0x91,0xfd,0x91,0xfd,
0x91,0xfd,0x91,0xfd,0x91,0xfd,0x91,0xfd,0x91,0xfd,0x91,0xfd,0x91,0xfd,0x70,0xfd,0x70,0xfd,0x25,0x82,0x29,0xd4,0x2a,0xd4,
0x18,0xff,0x38,0xff,0x18,0xff,0x2e,0x55,0x4f,0x5d,0x6f,0x5d,0x2e,0x55,0xec,0x3b,0x0e,0x55,0x4e,0x55,0x4f,0x5d,0x4f,0x55,
0xf7,0xfe,0x18,0xff,0x2a,0xdc,0x0a,0xd4,0x25,0x82,0x71,0xfd,0x91,0xfd,0x91,0xfd,0x91,0xfd,0x71,0xfd,0x91,0xfd,0x91,0xfd,
0x91,0xfd,0x91,0xfd,0x91,0xfd,0x91,0xfd,0x91,0xfd,0x70,0xfd,0x71,0xfd,0x4d,0xdb,0xbb,0xff,0x54,0xfd,0x9b,0xff,0xfd,0xff,
0x75,0xfd,0xb3,0xfc,0x9b,0xff,0x9b,0xff,0xee,0xdb,0xeb,0xe2,0x5f,0x6e,0x3f,0x66,0x5f,0x6e,0x3f,0x6e,0x3f,0x6e,0x3f,0x6e,
0x5f,0x6e,0x3f,0x6e,0x5f,0x6e,0x3f,0x6e,0x5f,0x6e,0x3f,0x6e,0x3f,0x6e,0x3f,0x6e,0x3f,0x6e,0x3f,0x6e,0x3f,0x6e,0x3f,0x6e,
0x3f,0x6e,0x3f,0x6e,0x3f,0x6e,0x3f,0x6e,0x3f,0x6e,0x3f,0x6e,0x3f,0x6e,0x5f,0x6e,0x3f,0x6e,0x3f,0x6e,0x3f,0x76,0xc9,0xcb,
0xc9,0xcb,0x3f,0x76,0x5f,0x6e,0x3f,0x76,0x5f,0x6e,0x3f,0x6e,0x3f,0x6e,0x3f,0x6e,0x3f,0x6e,0x3f,0x6e,0x3f,0x6e,0x3f,0x6e,
0x3f,0x6e,0x3f,0x6e,0x5f,0x6e,0x5f,0x6e,0x3f,0x6e,0x5f,0x6e,0x3f,0x6e,0x3f,0x6e,0x3f,0x6e,0x3f,0x6e,0x3f,0x6e,0x3f,0x6e,
0x3f,0x6e,0x3f,0x66,0x3f,0x6e,0x7f,0x76,0x5f,0x6e,0x3f,0x6e,0x34,0xac,0x49,0xd2,0x9b,0xff,0x9a,0xff,0xf4,0xfc,0x31,0xfc,
0x35,0xfd,0xbc,0xff,0xb5,0xfd,0x34,0xfd,0xec,0xda,0x91,0xfd,0x91,0xfd,0x71,0xfd,0x91,0xfd,0x91,0xfd,0x91,0xfd,0x91,0xfd,
0x91,0xfd,0x91,0xfd,0x91,0xfd,0x91,0xfd,0x91,0xfd,0x91,0xfd,0x91,0xfd,0xd2,0xfd,0xea,0x2b,0x6b,0x34,0x49,0x23,0xac,0xf4,
0xa7,0x42,0x6b,0x3c,0x2a,0x34,0x69,0x6b,0x70,0xfd,0x91,0xfd,0x70,0xfd,0x70,0xfd,0x91,0xfd,0x91,0xfd,0x91,0xfd,0x91,0xfd,
0x91,0xfd,0x91,0xfd,0x91,0xfd,0x91,0xfd,0x91,0xfd,0x91,0xfd,0x91,0xfd,0x91,0xfd,0x91,0xfd,0x91,0xfd,0x91,0xfd,0x91,0xfd,
0x91,0xfd,0x91,0xfd,0x91,0xfd,0x91,0xfd,0x91,0xfd,0x91,0xfd,0x91,0xfd,0x91,0xfd,0x91,0xfd,0x91,0xfd,0x91,0xfd,0x91,0xfd,
0x91,0xfd,0x91,0xfd,0x91,0xfd,0x91,0xfd,0x91,0xfd,0x91,0xfd,0x91,0xfd,0x91,0xfd,0x91,0xfd,0x91,0xfd,0x91,0xfd,0x90,0xfd,
0x70,0xfd,0x25,0x82,0x2a,0xd4,0x4a,0xd4,0x18,0xff,0x18,0xff,0x18,0xff,0x59,0xff,0x0e,0x4d,0xcd,0x4c,0xed,0x4c,0x4c,0x3c,
0xcd,0x4c,0xee,0x4c,0xcd,0x44,0x17,0xff,0x18,0xff,0x18,0xff,0x4a,0xdc,0x0a,0xd4,0x45,0x82,0x70,0xfd,0x91,0xfd,0x91,0xfd,
0x91,0xfd,0x91,0xfd,0x91,0xfd,0x91,0xfd,0x91,0xfd,0x91,0xfd,0x91,0xfd,0x91,0xfd,0x91,0xfd,0x91,0xfd,0x91,0xfd,0x4d,0xdb,
0x9c,0xff,0x55,0xfd,0x9b,0xff,0xdc,0xff,0x75,0xfd,0x9b,0xff,0x9b,0xff,0x7b,0xff,0x0f,0xdc,0x8a,0xe2,0x1f,0x66,0x50,0x4d,
0x50,0x55,0xff,0x65,0x3f,0x6e,0x3f,0x6e,0x3f,0x6e,0x3f,0x6e,0x5f,0x6e,0x3f,0x6e,0x3f,0x6e,0x3f,0x6e,0x3f,0x6e,0x3f,0x6e,
0x3f,0x6e,0x3f,0x6e,0x3f,0x6e,0x3f,0x6e,0x3f,0x6e,0x3f,0x6e,0x3f,0x6e,0x3f,0x6e,0x3f,0x6e,0x3f,0x6e,0x3f,0x6e,0x3f,0x6e,
0x3f,0x6e,0x3f,0x6e,0x3f,0x76,0xc9,0xcb,0xc9,0xcb,0x3f,0x76,0x5f,0x76,0x3f,0x76,0x3f,0x6e,0x5f,0x6e,0x3f,0x6e,0x3f,0x6e,
0x5f,0x6e,0x3f,0x6e,0x3f,0x6e,0x3f,0x6e,0x3f,0x6e,0x3f,0x6e,0x5f,0x6e,0x5f,0x6e,0x3f,0x6e,0x5f,0x6e,0x5f,0x6e,0x3f,0x6e,
0x3f,0x6e,0x3f,0x6e,0x3f,0x6e,0x3f,0x6e,0x3f,0x6e,0x5f,0x76,0x70,0x55,0x70,0x55,0xf9,0x5d,0x3f,0x6e,0x75,0xa4,0xab,0xd2,
0xb8,0xfe,0x9a,0xff,0x19,0xff,0x55,0xfd,0x14,0xfd,0x9b,0xff,0x95,0xfd,0xb5,0xfd,0x2c,0xdb,0x91,0xfd,0x91,0xfd,0x91,0xfd,
0x91,0xfd,0x91,0xfd,0x91,0xfd,0x91,0xfd,0x91,0xfd,0x91,0xfd,0x91,0xfd,0x91,0xfd,0x91,0xfd,0x91,0xfd,0x91,0xfd,0xd2,0xfd,
0x28,0x23,0xc8,0x1a,0x8c,0xf4,0xee,0xfc,0xe8,0x42,0x0a,0x34,0x4c,0x4d,0x6c,0x4d,0x69,0x1b,0x90,0xfd,0x90,0xfd,0x91,0xfd,
0x91,0xfd,0x91,0xfd,0x91,0xfd,0x91,0xfd,0x91,0xfd,0x91,0xfd,0x91,0xfd,0x91,0xfd,0x91,0xfd,0x91,0xfd,0x91,0xfd,0x91,0xfd,
0x91,0xfd,0x91,0xfd,0x91,0xfd,0x91,0xfd,0x91,0xfd,0x91,0xfd,0x91,0xfd,0x91,0xfd,0x91,0xfd,0x91,0xfd,0x91,0xfd,0x91,0xfd,
0x91,0xfd,0x91,0xfd,0x91,0xfd,0x91,0xfd,0x91,0xfd,0x71,0xfd,0x91,0xfd,0x91,0xfd,0x91,0xfd,0x91,0xfd,0x91,0xfd,0x91,0xfd,
0x91,0xfd,0x91,0xfd,0x91,0xfd,0x90,0xfd,0x70,0xfd,0x25,0x82,0x2a,0xd4,0x4a,0xdc,0x18,0xff,0x18,0xff,0x18,0xff,0x39,0xff,
0x39,0xff,0x17,0xff,0x18,0xff,0x3a,0xff,0x39,0xff,0x18,0xff,0xf7,0xfe,0x18,0xff,0x18,0xff,0xb6,0xfe,0x2a,0xdc,0x2a,0xd4,
0x45,0x8a,0x70,0xfd,0x71,0xfd,0x91,0xfd,0x91,0xfd,0x70,0xfd,0x91,0xfd,0x91,0xfd,0x91,0xfd,0x91,0xfd,0x91,0xfd,0x91,0xfd,
0x91,0xfd,0x91,0xfd,0x91,0xfd,0xeb,0xd2,0x92,0xfc,0x52,0xfc,0xdc,0xff,0xfc,0xff,0x34,0xfd,0x9a,0xff,0x9b,0xff,0x13,0xfd,
0x8e,0xe3,0xcc,0xca,0x4f,0x55,0x4f,0x55,0x6f,0x55,0x6f,0x55,0xb3,0x55,0x3f,0x6e,0x3f,0x6e,0x3f,0x6e,0x3f,0x6e,0x3f,0x6e,
0x3f,0x6e,0x3f,0x6e,0x3f,0x6e,0x3f,0x6e,0x3f,0x6e,0x3f,0x6e,0x3f,0x6e,0x3f,0x6e,0x3f,0x6e,0x3f,0x6e,0x3f,0x6e,0x3f,0x6e,
0x3f,0x6e,0x3f,0x6e,0x3f,0x6e,0x3f,0x6e,0x3f,0x6e,0x3f,0x6e,0x3f,0x76,0xe9,0xcb,0xc9,0xcb,0x3f,0x76,0x5f,0x76,0x5f,0x76,
0x5f,0x6e,0x3f,0x6e,0x5f,0x6e,0x5f,0x6e,0x5f,0x6e,0x5f,0x6e,0x5f,0x6e,0x3f,0x6e,0x3f,0x6e,0x5f,0x6e,0x3f,0x6e,0x3f,0x6e,
0x3f,0x6e,0x3f,0x6e,0x3f,0x6e,0x5f,0x6e,0x3f,0x6e,0x3f,0x6e,0x3f,0x6e,0x3f,0x6e,0x3f,0x66,0x70,0x55,0x70,0x55,0x6f,0x55,
0x6f,0x55,0x7f,0x76,0xb5,0xa4,0x6a,0xd2,0x33,0xfd,0x9b,0xff,0x9b,0xff,0x14,0xfd,0xf3,0xfc,0x58,0xfe,0x55,0xfd,0xd3,0xfc,
0xcb,0xd2,0x91,0xfd,0x91,0xfd,0x91,0xfd,0x91,0xfd,0x91,0xfd,0x91,0xfd,0x91,0xfd,0x91,0xfd,0x91,0xfd,0x91,0xfd,0x91,0xfd,
0x91,0xfd,0x71,0xfd,0x91,0xfd,0x91,0xfd,0x2f,0xfd,0x8d,0xf4,0xad,0xf4,0x8c,0xf4,0xc8,0x42,0x08,0x23,0xeb,0x44,0x0b,0x45,
0x69,0x13,0x91,0xfd,0x91,0xfd,0x91,0xfd,0x91,0xfd,0x91,0xfd,0x91,0xfd,0x70,0xfd,0x91,0xfd,0x91,0xfd,0x91,0xfd,0x91,0xfd,
0x91,0xfd,0x91,0xfd,0x91,0xfd,0x91,0xfd,0x91,0xfd,0x91,0xfd,0x91,0xfd,0x91,0xfd,0x91,0xfd,0x91,0xfd,0x91,0xfd,0x91,0xfd,
0x91,0xfd,0x91,0xfd,0x91,0xfd,0x91,0xfd,0x91,0xfd,0x91,0xfd,0x91,0xfd,0x91,0xfd,0x91,0xfd,0x91,0xfd,0x91,0xfd,0x91,0xfd,
0x91,0xfd,0x91,0xfd,0x91,0xfd,0x91,0xfd,0x91,0xfd,0x91,0xfd,0x91,0xfd,0x90,0xfd,0x70,0xfd,0x25,0x7a,0x09,0xd4,0x09,0xd4,
0xb0,0xed,0xf2,0xed,0xd1,0xed,0xd1,0xed,0xb1,0xed,0xd1,0xed,0xb1,0xed,0x90,0xed,0x90,0xed,0x90,0xed,0x90,0xed,0x90,0xed,
0xb1,0xed,0x70,0xed,0x09,0xd4,0x2a,0xd4,0x45,0x8a,0x70,0xfd,0x91,0xfd,0x91,0xfd,0x91,0xfd,0x91,0xfd,0x91,0xfd,0x91,0xfd,
0x91,0xfd,0x91,0xfd,0x91,0xfd,0x91,0xfd,0x91,0xfd,0x91,0xfd,0x91,0xfd,0xec,0xd2,0x72,0xfc,0xf0,0xfb,0xd6,0xfd,0x17,0xfe,
0xaf,0xf3,0x95,0xfd,0x57,0xfe,0x2d,0xe3,0x2c,0xbb,0x6f,0x74,0x4f,0x55,0x6f,0x55,0x8f,0x55,0x6f,0x55,0x70,0x4d,0xb8,0x55,
0x3f,0x6e,0x3f,0x6e,0x3f,0x6e,0x3f,0x6e,0x3f,0x6e,0x3f,0x6e,0x3f,0x6e,0x3f,0x6e,0x3f,0x6e,0x3f,0x6e,0x3f,0x6e,0x3f,0x6e,
0x3f,0x6e,0x3f,0x6e,0x3f,0x6e,0x3f,0x6e,0x3f,0x6e,0x3f,0x6e,0x3f,0x6e,0x3f,0x6e,0x3f,0x6e,0x3f,0x6e,0x3f,0x76,0xe9,0xcb,
0xe9,0xcb,0x3f,0x76,0x5f,0x76,0x3f,0x6e,0x5f,0x6e,0x3f,0x6e,0x5f,0x6e,0x3f,0x6e,0x5f,0x6e,0x3f,0x6e,0x3f,0x6e,0x5f,0x6e,
0x5f,0x6e,0x3f,0x6e,0x3f,0x6e,0x5f,0x6e,0x3f,0x6e,0x3f,0x6e,0x3f,0x6e,0x5f,0x6e,0x5f,0x6e,0x5f,0x6e,0x5f,0x6e,0xf9,0x65,
0xf6,0x5d,0x6f,0x55,0x6f,0x55,0x6f,0x55,0x6f,0x55,0x71,0x55,0x96,0x5d,0xf0,0x44,0xec,0xda,0x14,0xfd,0x54,0xfd,0xd0,0xfb,
0x52,0xfc,0x34,0xfd,0xd3,0xfc,0x51,0xfc,0xcb,0xda,0xb1,0xfd,0x91,0xfd,0x91,0xfd,0x91,0xfd,0x91,0xfd,0x91,0xfd,0x91,0xfd,
0x91,0xfd,0x91,0xfd,0x91,0xfd,0x91,0xfd,0x91,0xfd,0x91,0xfd,0x91,0xfd,0x70,0xfd,0x70,0xfd,0xce,0xf4,0x0f,0xfd,0xad,0xa4,
0x48,0x33,0x08,0x33,0x6b,0x3c,0x6b,0x44,0x48,0x13,0x91,0xfd,0x91,0xfd,0x91,0xfd,0x91,0xfd,0x91,0xfd,0x91,0xfd,0x91,0xfd,
0x91,0xfd,0x91,0xfd,0x91,0xfd,0x91,0xfd,0x91,0xfd,0x91,0xfd,0x91,0xfd,0x91,0xfd,0x91,0xfd,0x91,0xfd,0x91,0xfd,0x91,0xfd,
0x91,0xfd,0x91,0xfd,0x91,0xfd,0x91,0xfd,0x91,0xfd,0x91,0xfd,0x91,0xfd,0x91,0xfd,0x91,0xfd,0x91,0xfd,0x91,0xfd,0x91,0xfd,
0x91,0xfd,0x91,0xfd,0x91,0xfd,0x91,0xfd,0x91,0xfd,0x91,0xfd,0x91,0xfd,0x91,0xfd,0x91,0xfd,0x91,0xfd,0x91,0xfd,0x91,0xfd,
0x90,0xfd,0x45,0x82,0x2a,0xd4,0x09,0xd4,0x0a,0xd4,0x2a,0xd4,0x2a,0xd4,0x09,0xd4,0x09,0xd4,0x0a,0xd4,0x09,0xd4,0x09,0xd4,
0xe9,0xd3,0x09,0xd4,0x09,0xd4,0x09,0xd4,0x09,0xd4,0x09,0xd4,0x2a,0xd4,0x2a,0xd4,0x45,0x82,0x71,0xfd,0x91,0xfd,0x91,0xfd,
0x91,0xfd,0x91,0xfd,0x91,0xfd,0x91,0xfd,0x91,0xfd,0x91,0xfd,0x91,0xfd,0x91,0xfd,0x91,0xfd,0x91,0xfd,0x91,0xfd,0xab,0xd2,
0x8f,0xfb,0xcf,0xf3,0x31,0xfc,0x11,0xfc,0x8f,0xfb,0xf3,0xfc,0xf3,0xfc,0xec,0xda,0xed,0x83,0x0f,0x45,0xcf,0x65,0xef,0x6d,
0xef,0x65,0x4f,0x55,0x4f,0x55,0x2f,0x55,0x3e,0x6e,0x5f,0x6e,0x5f,0x6e,0x3f,0x6e,0x5f,0x6e,0x3f,0x6e,0x3f,0x6e,0x3f,0x6e,
0x3f,0x6e,0x3f,0x6e,0x3f,0x6e,0x3f,0x6e,0x3f,0x6e,0x3f,0x6e,0x3f,0x6e,0x3f,0x6e,0x3f,0x6e,0x5f,0x6e,0x3f,0x6e,0x3f,0x6e,
0x3f,0x6e,0x3f,0x6e,0x3f,0x76,0xe9,0xcb,0xe9,0xcb,0x3f,0x76,0x3f,0x6e,0x3f,0x6e,0x5f,0x6e,0x3f,0x6e,0x3f,0x6e,0x3f,0x6e,
0x3f,0x6e,0x5f,0x6e,0x3f,0x6e,0x3f,0x6e,0x3f,0x6e,0x3f,0x6e,0x5f,0x6e,0x5f,0x6e,0x3f,0x6e,0x5f,0x6e,0x3f,0x6e,0x5f,0x6e,
0x5f,0x76,0x5f,0x6e,0x7f,0x6e,0x50,0x55,0x4f,0x55,0x2f,0x4d,0xae,0x5d,0xef,0x65,0x6f,0x55,0x6f,0x55,0x4f,0x55,0x8f,0x45,
0x2c,0xdb,0x35,0xfe,0x72,0xfc,0x6f,0xfb,0x4e,0xfb,0x0d,0xeb,0x8f,0xfb,0x8f,0xfb,0xeb,0xd2,0x91,0xfd,0x91,0xfd,0x91,0xfd,
0x91,0xfd,0x91,0xfd,0x91,0xfd,0x91,0xfd,0x91,0xfd,0x91,0xfd,0x91,0xfd,0x91,0xfd,0x91,0xfd,0x91,0xfd,0x91,0xfd,0x91,0xfd,
0x90,0xfd,0x91,0xfd,0x6f,0xfd,0x28,0x23,0x49,0x2b,0x70,0xf5,0x29,0x23,0x69,0x2b,0xe8,0x12,0x91,0xfd,0x91,0xfd,0x91,0xfd,
0x91,0xfd,0x91,0xfd,0x91,0xfd,0x91,0xfd,0x91,0xfd,0x91,0xfd,0x91,0xfd,0x91,0xfd,0x91,0xfd,0x91,0xfd,0x91,0xfd,0x91,0xfd,
0x91,0xfd,0x91,0xfd,0x91,0xfd,0x91,0xfd,0x91,0xfd,0x91,0xfd,0x91,0xfd,0x91,0xfd,0x91,0xfd,0x91,0xfd,0x91,0xfd,0x91,0xfd,
0x91,0xfd,0x91,0xfd,0x91,0xfd,0x91,0xfd,0x91,0xfd,0x91,0xfd,0x91,0xfd,0x91,0xfd,0x91,0xfd,0x91,0xfd,0x91,0xfd,0x91,0xfd,
0x91,0xfd,0x91,0xfd,0x91,0xfd,0x91,0xfd,0x91,0xfd,0xc7,0xa2,0x45,0x82,0x45,0x82,0x45,0x8a,0x45,0x82,0x45,0x82,0x65,0x8a,
0x65,0x8a,0x45,0x8a,0x45,0x82,0x25,0x82,0x25,0x82,0x25,0x82,0x25,0x82,0x45,0x82,0x25,0x82,0x25,0x82,0x45,0x8a,0x25,0x7a,
0x85,0x8a,0x91,0xfd,0x91,0xfd,0x91,0xfd,0x91,0xfd,0x91,0xfd,0x91,0xfd,0x91,0xfd,0x91,0xfd,0x91,0xfd,0x91,0xfd,0x91,0xfd,
0x91,0xfd,0x91,0xfd,0x71,0xfd,0xae,0xf3,0x2d,0xeb,0x71,0xfc,0x0d,0xf3,0x6e,0xfb,0x11,0xfc,0xf0,0xfb,0xaa,0xba,0x6f,0x44,
0x0f,0x45,0x2f,0x45,0x6f,0x4d,0xef,0x65,0xef,0x65,0xef,0x6d,0x6f,0x55,0x6f,0x55,0x70,0x55,0x30,0x4d,0x5f,0x6e,0x3f,0x6e,
0x3f,0x6e,0x3f,0x6e,0x3f,0x6e,0x3f,0x6e,0x3f,0x6e,0x3f,0x6e,0x3f,0x6e,0x3f,0x6e,0x3f,0x6e,0x3f,0x6e,0x3f,0x6e,0x5f,0x6e,
0x3f,0x6e,0x3f,0x6e,0x3f,0x6e,0x3f,0x6e,0x3f,0x6e,0x3f,0x6e,0x3f,0x76,0xe9,0xcb,0xe9,0xcb,0x3f,0x76,0x5f,0x6e,0x5f,0x6e,
0x3f,0x6e,0x3f,0x6e,0x3f,0x6e,0x5f,0x6e,0x3f,0x6e,0x5f,0x6e,0x5f,0x6e,0x3f,0x6e,0x5f,0x6e,0x3f,0x6e,0x5f,0x6e,0x5f,0x6e,
0x5f,0x6e,0x5f,0x6e,0x5f,0x6e,0x5f,0x6e,0x5f,0x6e,0x7f,0x6e,0x50,0x55,0x6f,0x55,0x6f,0x55,0xae,0x65,0x2f,0x76,0xcf,0x65,
0xcf,0x65,0x6f,0x55,0x4f,0x55,0x0f,0x45,0x6f,0x3c,0x6b,0xda,0x6f,0xfb,0xd0,0xfb,0x4e,0xfb,0x6e,0xfb,0x10,0xfc,0xed,0xf2,
0xef,0xfb,0x2e,0xfd,0x91,0xfd,0x91,0xfd,0x91,0xfd,0x91,0xfd,0x91,0xfd,0x91,0xfd,0x91,0xfd,0x91,0xfd,0x91,0xfd,0x91,0xfd,
0x91,0xfd,0x91,0xfd,0x91,0xfd,0x91,0xfd,0x91,0xfd,0xd1,0xfd,0xc9,0x2b,0xab,0x3c,0x08,0x23,0x2f,0xfd,0xce,0xf4,0x2b,0xe4,
0x8c,0xf4,0x90,0xfd,0x91,0xfd,0x91,0xfd,0x91,0xfd,0x91,0xfd,0x91,0xfd,0x91,0xfd,0x91,0xfd,0x91,0xfd,0x91,0xfd,0x91,0xfd,
0x91,0xfd,0x91,0xfd,0x91,0xfd,0x91,0xfd,0x91,0xfd,0x91,0xfd,0x91,0xfd,0x91,0xfd,0x91,0xfd,0x91,0xfd,0x91,0xfd,0x91,0xfd,
0x91,0xfd,0x91,0xfd,0x91,0xfd,0x91,0xfd,0x91,0xfd,0x91,0xfd,0x91,0xfd,0x91,0xfd,0x91,0xfd,0x91,0xfd,0x91,0xfd,0x91,0xfd,
0x91,0xfd,0x91,0xfd,0x91,0xfd,0x91,0xfd,0x91,0xfd,0x91,0xfd,0x91,0xfd,0x91,0xfd,0x91,0xfd,0x8d,0xf4,0x4c,0xf4,0x6c,0xf4,
0x6c,0xec,0x6c,0xec,0x6c,0xf4,0x6c,0xf4,0x6c,0xf4,0x6c,0xf4,0x6c,0xf4,0x6c,0xf4,0x6c,0xf4,0x6c,0xf4,0x4c,0xf4,0x4c,0xec,
0x4c,0xf4,0x6c,0xf4,0x4c,0xf4,0x6c,0xec,0x0f,0xfd,0x91,0xfd,0x91,0xfd,0x91,0xfd,0x91,0xfd,0x91,0xfd,0x91,0xfd,0x91,0xfd,
0x91,0xfd,0x91,0xfd,0x91,0xfd,0x91,0xfd,0x91,0xfd,0x91,0xfd,0x91,0xfd,0x10,0xfc,0xb5,0xfd,0x9a,0xff,0x9b,0xff,0x17,0xfe,
0x95,0xfd,0x54,0xfd,0x6a,0xda,0xaf,0x4c,0xcf,0x3c,0x2f,0x45,0x4f,0x4d,0x2f,0x4d,0xce,0x65,0x0f,0x6e,0x70,0x7e,0x4f,0x55,
0x6f,0x55,0x30,0x4d,0x5f,0x6e,0x3f,0x6e,0x3f,0x6e,0x3f,0x6e,0x3f,0x6e,0x3f,0x6e,0x3f,0x6e,0x3f,0x6e,0x3f,0x6e,0x3f,0x6e,
0x3f,0x6e,0x3f,0x6e,0x5f,0x6e,0x3f,0x6e,0x3f,0x6e,0x3f,0x6e,0x3f,0x6e,0x3f,0x6e,0x3f,0x6e,0x3f,0x6e,0x3f,0x76,0xe9,0xcb,
0xe9,0xcb,0x3f,0x76,0x5f,0x6e,0x5f,0x6e,0x5f,0x6e,0x3f,0x6e,0x5f,0x6e,0x3f,0x6e,0x5f,0x6e,0x3f,0x6e,0x5f,0x6e,0x5f,0x6e,
0x3f,0x6e,0x5f,0x6e,0x3f,0x6e,0x5f,0x6e,0x5f,0x6e,0x5f,0x6e,0x5f,0x6e,0x5f,0x6e,0x5f,0x6e,0x70,0x55,0x6f,0x55,0x6f,0x55,
0x2e,0x76,0x2f,0x76,0x4f,0x76,0xcf,0x65,0x6f,0x55,0x6f,0x4d,0x2f,0x45,0xae,0x3c,0x2e,0x34,0xcc,0xda,0x54,0xfd,0x34,0xfd,
0x14,0xfd,0x9b,0xff,0x9a,0xff,0x14,0xfd,0x30,0xfc,0x0e,0xfd,0x71,0xfd,0x91,0xfd,0x91,0xfd,0x91,0xfd,0x91,0xfd,0x91,0xfd,
0x91,0xfd,0x91,0xfd,0x91,0xfd,0x91,0xfd,0x91,0xfd,0x91,0xfd,0x91,0xfd,0x91,0xfd,0x91,0xfd,0xb1,0xfd,0x2a,0x2c,0xab,0x3c,
0x2a,0x34,0xa7,0x1a,0x2f,0xfd,0xee,0xfc,0xb1,0xfd,0x91,0xfd,0x91,0xfd,0x91,0xfd,0x91,0xfd,0x91,0xfd,0x91,0xfd,0x91,0xfd,
0x91,0xfd,0x91,0xfd,0x91,0xfd,0x91,0xfd,0x91,0xfd,0x91,0xfd,0x91,0xfd,0x91,0xfd,0x91,0xfd,0x91,0xfd,0x91,0xfd,0x91,0xfd,
0x91,0xfd,0x91,0xfd,0x91,0xfd,0x91,0xfd,0x91,0xfd,0x91,0xfd,0x91,0xfd,0x91,0xfd,0x91,0xfd,0x91,0xfd,0x91,0xfd,0x91,0xfd,
0x91,0xfd,0x91,0xfd,0x91,0xfd,0x91,0xfd,0x91,0xfd,0x91,0xfd,0x91,0xfd,0x91,0xfd,0x91,0xfd,0x91,0xfd,0x91,0xfd,0x91,0xfd,
0x70,0xfd,0x90,0xfd,0x90,0xfd,0x91,0xfd,0x71,0xfd,0x91,0xfd,0x91,0xfd,0x91,0xfd,0x91,0xfd,0x91,0xfd,0x91,0xfd,0x91,0xfd,
0x91,0xfd,0x90,0xfd,0x90,0xfd,0x70,0xfd,0x70,0xfd,0x70,0xfd,0x91,0xfd,0x91,0xfd,0x91,0xfd,0x71,0xfd,0x91,0xfd,0x91,0xfd,
0x91,0xfd,0x91,0xfd,0x91,0xfd,0x91,0xfd,0x91,0xfd,0x91,0xfd,0x91,0xfd,0x91,0xfd,0x91,0xfd,0x71,0xfd,0x91,0xfd,0x10,0xfc,
0x11,0xfc,0x54,0xfd,0xb6,0xfd,0x75,0xfd,0x75,0xfd,0x75,0xfd,0x0c,0xdb,0x2e,0x3c,0xaf,0x3c,0xef,0x44,0x2e,0x45,0x4e,0x4d,
0x4f,0x45,0x70,0x7e,0x70,0x7e,0x4f,0x55,0x6f,0x55,0x2f,0x55,0x2f,0x55,0x3f,0x6e,0x3f,0x6e,0x3f,0x6e,0x3f,0x6e,0x3f,0x6e,
0x3f,0x6e,0x3f,0x6e,0x3f,0x6e,0x3f,0x6e,0x3f,0x6e,0x3f,0x6e,0x3f,0x6e,0x3f,0x6e,0x3f,0x6e,0x3f,0x6e,0x3f,0x6e,0x3f,0x6e,
0x3f,0x6e,0x3f,0x6e,0x3f,0x76,0xe9,0xcb,0xe9,0xcb,0x3f,0x76,0x5f,0x6e,0x3f,0x6e,0x3f,0x6e,0x3f,0x6e,0x3f,0x6e,0x3f,0x6e,
0x3f,0x6e,0x5f,0x6e,0x3f,0x6e,0x5f,0x6e,0x3f,0x6e,0x3f,0x6e,0x3f,0x6e,0x3f,0x6e,0x5f,0x6e,0x5f,0x6e,0x5f,0x6e,0x9f,0x6e,
0x4f,0x4d,0x2f,0x55,0x2f,0x76,0x2f,0x7e,0x2f,0x76,0x2f,0x76,0x6f,0x55,0x4f,0x4d,0x4f,0x4d,0x0f,0x4d,0x8e,0x3c,0xae,0x3c,
0xee,0x33,0xec,0xe2,0x31,0xfc,0x14,0xfd,0x54,0xfd,0xb6,0xfd,0x34,0xfd,0x11,0xfc,0x30,0xfc,0x2e,0xfd,0x70,0xfd,0x91,0xfd,
0x71,0xfd,0x91,0xfd,0x91,0xfd,0x91,0xfd,0x91,0xfd,0x91,0xfd,0x91,0xfd,0x91,0xfd,0x91,0xfd,0x91,0xfd,0x91,0xfd,0x91,0xfd,
0x91,0xfd,0xd2,0xfd,0xca,0x2b,0x4a,0x3c,0xeb,0x44,0x49,0x23,0xb1,0xf5,0x91,0xfd,0x91,0xfd,0x91,0xfd,0x91,0xfd,0x91,0xfd,
0x91,0xfd,0x91,0xfd,0x91,0xfd,0x91,0xfd,0x91,0xfd,0x68,0xb3,0x68,0xb3,0x91,0xfd,0x91,0xfd,0x91,0xfd,0x68,0xb3,0x68,0xb3,
0x91,0xfd,0x91,0xfd,0x91,0xfd,0x91,0xfd,0x91,0xfd,0x91,0xfd,0x91,0xfd,0x91,0xfd,0x91,0xfd,0x91,0xfd,0x91,0xfd,0x91,0xfd,
0x91,0xfd,0x91,0xfd,0x91,0xfd,0x91,0xfd,0x91,0xfd,0x91,0xfd,0x91,0xfd,0x91,0xfd,0x91,0xfd,0x91,0xfd,0x91,0xfd,0x91,0xfd,
0x91,0xfd,0x91,0xfd,0x91,0xfd,0x91,0xfd,0x91,0xfd,0x91,0xfd,0x71,0xfd,0x91,0xfd,0x91,0xfd,0x91,0xfd,0x91,0xfd,0x91,0xfd,
0x91,0xfd,0x91,0xfd,0x91,0xfd,0x91,0xfd,0x91,0xfd,0x91,0xfd,0x90,0xfd,0x91,0xfd,0x70,0xfd,0x91,0xfd,0x91,0xfd,0x91,0xfd,
0x91,0xfd,0x91,0xfd,0x91,0xfd,0x91,0xfd,0x91,0xfd,0x91,0xfd,0x91,0xfd,0x91,0xfd,0x91,0xfd,0x91,0xfd,0x91,0xfd,0x91,0xfd,
0x90,0xfd,0x91,0xfd,0x91,0xfd,0x8c,0xe3,0x8f,0xf3,0xd0,0xf3,0x0d,0xe3,0xcc,0xe2,0x4e,0xeb,0x6e,0xeb,0xab,0xda,0x4e,0x24,
0xcf,0x3c,0xae,0x44,0xef,0x6d,0x0e,0x6e,0x4f,0x4d,0x4f,0x7e,0x4f,0x7e,0xcf,0x6d,0xcf,0x6d,0xef,0x6d,0x6f,0x55,0x2e,0x4d,
0x3f,0x6e,0x3f,0x6e,0x3f,0x6e,0x5f,0x6e,0x5f,0x6e,0x3f,0x6e,0x3f,0x6e,0x3f,0x6e,0x5f,0x6e,0x3f,0x6e,0x3f,0x6e,0x3f,0x6e,
0x3f,0x6e,0x3f,0x6e,0x3f,0x6e,0x3f,0x6e,0x3f,0x6e,0x3f,0x6e,0x3f,0x76,0xe9,0xcb,0xe9,0xcb,0x3f,0x76,0x5f,0x6e,0x3f,0x6e,
0x3f,0x6e,0x5f,0x6e,0x5f,0x6e,0x5f,0x6e,0x3f,0x6e,0x3f,0x6e,0x5f,0x6e,0x5f,0x6e,0x3f,0x6e,0x5f,0x76,0x5f,0x6e,0x5f,0x6e,
0x3f,0x6e,0x5f,0x6e,0x5f,0x6e,0x9f,0x6e,0x6f,0x55,0x6f,0x55,0x0f,0x76,0x2f,0x76,0x2f,0x76,0xef,0x65,0x6f,0x55,0xef,0x6d,
0x0f,0x4d,0xaf,0x5d,0x0f,0x45,0xae,0x3c,0x0e,0x34,0xac,0xda,0x0d,0xeb,0x6e,0xeb,0x2e,0xeb,0x6e,0xf3,0x6e,0xf3,0x4e,0xeb,
0x0d,0xec,0x0e,0xf5,0x91,0xfd,0x91,0xfd,0x91,0xfd,0x91,0xfd,0x91,0xfd,0x91,0xfd,0x71,0xfd,0x91,0xfd,0x91,0xfd,0x91,0xfd,
0x91,0xfd,0x91,0xfd,0x91,0xfd,0x91,0xfd,0x91,0xfd,0xb1,0xfd,0x29,0x23,0xee,0xf5,0x4c,0x45,0x69,0x23,0x91,0xf5,0x91,0xfd,
0x91,0xfd,0x91,0xfd,0x91,0xfd,0x91,0xfd,0x91,0xfd,0x91,0xfd,0x91,0xfd,0x91,0xfd,0x89,0xbb,0x9b,0xff,0xde,0xff,0xa8,0xbb,
0x91,0xfd,0x07,0xab,0x9b,0xff,0xdd,0xff,0x48,0xb3,0x70,0xfd,0x91,0xfd,0x91,0xfd,0x91,0xfd,0x91,0xfd,0x91,0xfd,0x91,0xfd,
0x91,0xfd,0x91,0xfd,0x91,0xfd,0x91,0xfd,0x91,0xfd,0x91,0xfd,0x91,0xfd,0x91,0xfd,0x91,0xfd,0x91,0xfd,0x91,0xfd,0x91,0xfd,
0x91,0xfd,0x91,0xfd,0x91,0xfd,0x91,0xfd,0x91,0xfd,0x91,0xfd,0x91,0xfd,0x91,0xfd,0x91,0xfd,0x91,0xfd,0x71,0xfd,0x91,0xfd,
0x71,0xfd,0x91,0xfd,0x91,0xfd,0x91,0xfd,0x91,0xfd,0x91,0xfd,0x91,0xfd,0x91,0xfd,0x91,0xfd,0x91,0xfd,0x91,0xfd,0x91,0xfd,
0x90,0xfd,0x91,0xfd,0x91,0xfd,0x91,0xfd,0x91,0xfd,0x91,0xfd,0x91,0xfd,0x91,0xfd,0x91,0xfd,0x91,0xfd,0x91,0xfd,0x91,0xfd,
0x91,0xfd,0x91,0xfd,0x91,0xfd,0x91,0xfd,0x91,0xfd,0x91,0xfd,0x91,0xfd,0x4c,0xdb,0x8f,0xf3,0x51,0xfc,0x6f,0xeb,0x8e,0xeb,
0x6e,0xf3,0x4e,0xeb,0x0c,0xe3,0x4e,0x4c,0xae,0x54,0x0f,0x45,0x0f,0x6e,0xee,0x6d,0x2e,0x4d,0x0f,0x76,0xaf,0x5d,0xce,0x65,
0xcf,0x6d,0xef,0x6d,0x2f,0x4d,0x0f,0x4d,0x3e,0x6e,0x3f,0x6e,0x3f,0x6e,0x3f,0x6e,0x3f,0x6e,0x5f,0x6e,0x5f,0x76,0x3f,0x6e,
0x3f,0x6e,0x5f,0x6e,0x3f,0x6e,0x3f,0x6e,0x5f,0x6e,0x3f,0x6e,0x3f,0x6e,0x3f,0x6e,0x3f,0x6e,0x3f,0x6e,0x3f,0x76,0xe9,0xcb,
0xe9,0xcb,0x5f,0x76,0x5f,0x6e,0x5f,0x6e,0x5f,0x6e,0x5f,0x6e,0x3f,0x6e,0x3f,0x6e,0x3f,0x6e,0x3f,0x6e,0x5f,0x6e,0x3f,0x6e,
0x5f,0x6e,0x5f,0x6e,0x5f,0x6e,0x5f,0x6e,0x5f,0x6e,0x5f,0x6e,0x5f,0x6e,0x9f,0x6e,0x4f,0x55,0x4f,0x4d,0x0f,0x76,0x2f,0x76,
0x0e,0x6e,0xcf,0x6d,0x8f,0x55,0x2f,0x76,0x0f,0x4d,0xce,0x5d,0x4f,0x4d,0xce,0x3c,0x6c,0x6b,0xef,0xeb,0x10,0xec,0x6e,0xeb,
0xec,0xea,0x8f,0xfb,0xf0,0xf3,0xed,0xea,0x8b,0xe3,0x2f,0xfd,0x90,0xfd,0x91,0xfd,0x91,0xfd,0x91,0xfd,0x70,0xfd,0x91,0xfd,
0x91,0xfd,0x91,0xfd,0x91,0xfd,0x91,0xfd,0x91,0xfd,0x91,0xfd,0x91,0xfd,0x91,0xfd,0x91,0xfd,0x91,0xfd,0x70,0xfd,0x0e,0xf5,
0x2c,0x4d,0x69,0x2b,0xb1,0xfd,0x91,0xfd,0x91,0xfd,0x91,0xfd,0x91,0xfd,0x91,0xfd,0x91,0xfd,0x91,0xfd,0x91,0xfd,0xb1,0xfd,
0x28,0xab,0x7b,0xff,0x9b,0xff,0x27,0xb3,0x4f,0xfd,0x28,0xb3,0x9c,0xff,0xbc,0xff,0x28,0xab,0x70,0xfd,0x91,0xfd,0x91,0xfd,
0x91,0xfd,0x91,0xfd,0x91,0xfd,0x91,0xfd,0x91,0xfd,0x91,0xfd,0x91,0xfd,0x91,0xfd,0x91,0xfd,0x91,0xfd,0x91,0xfd,0x91,0xfd,
0x91,0xfd,0x90,0xfd,0xd1,0xfd,0xd1,0xfd,0xb1,0xfd,0xf2,0xfd,0x91,0xfd,0x91,0xfd,0x91,0xfd,0x91,0xfd,0x91,0xfd,0x91,0xfd,
0x91,0xfd,0x91,0xfd,0x91,0xfd,0x91,0xfd,0x91,0xfd,0x91,0xfd,0x91,0xfd,0x91,0xfd,0x91,0xfd,0x91,0xfd,0x91,0xfd,0x91,0xfd,
0x91,0xfd,0x91,0xfd,0x91,0xfd,0x91,0xfd,0x91,0xfd,0x91,0xfd,0x91,0xfd,0x91,0xfd,0x91,0xfd,0x71,0xfd,0x91,0xfd,0x71,0xfd,
0x71,0xfd,0x91,0xfd,0x91,0xfd,0x91,0xfd,0x91,0xfd,0x91,0xfd,0x91,0xfd,0x91,0xfd,0x70,0xfd,0x91,0xfd,0x71,0xfd,0xaa,0xc2,
0xd3,0xfc,0x17,0xfe,0xd3,0xfc,0x34,0xfd,0xd0,0xfb,0x31,0xfc,0x55,0xfd,0xab,0xd2,0x8c,0x93,0x0e,0x4d,0xef,0x6d,0x4f,0x4d,
0x2e,0x4d,0x4e,0x4d,0xae,0x5d,0xce,0x65,0xcf,0x65,0xaf,0x5d,0x0e,0x45,0x6e,0x34,0x3e,0x76,0x5e,0x6e,0x7f,0x6e,0x9f,0x76,
0x5f,0x6e,0x5f,0x6e,0x3f,0x6e,0x3f,0x6e,0x5f,0x6e,0x3f,0x6e,0x3f,0x6e,0x3f,0x6e,0x3f,0x6e,0x3f,0x6e,0x3f,0x6e,0x3f,0x6e,
0x3f,0x6e,0x3f,0x6e,0x3f,0x76,0xe9,0xcb,0xe9,0xcb,0x5f,0x76,0x5f,0x76,0x3f,0x6e,0x5f,0x6e,0x3f,0x6e,0x3f,0x6e,0x3f,0x6e,
0x3f,0x6e,0x3f,0x6e,0x3f,0x6e,0x3f,0x6e,0x5f,0x6e,0x5f,0x76,0x5f,0x6e,0x5f,0x6e,0x5f,0x6e,0x5f,0x6e,0x5f,0x6e,0x9f,0x66,
0x0f,0x55,0x4f,0x4d,0x90,0x55,0x2f,0x76,0x0f,0x6e,0x6f,0x55,0x6f,0x55,0x4f,0x7e,0x8f,0x55,0xce,0x5d,0x2f,0x55,0xae,0x2c,
0xcb,0xda,0x33,0xfd,0x17,0xfe,0x31,0xfc,0xb0,0xfb,0xd3,0xfc,0x95,0xfd,0xd3,0xfc,0xeb,0xd2,0x91,0xfd,0x91,0xfd,0x71,0xfd,
0x91,0xfd,0x91,0xfd,0x91,0xfd,0x71,0xfd,0x91,0xfd,0x91,0xfd,0x91,0xfd,0x91,0xfd,0x91,0xfd,0x91,0xfd,0x91,0xfd,0x91,0xfd,
0x91,0xfd,0x91,0xfd,0x91,0xfd,0x90,0xfd,0xec,0x54,0x28,0x2b,0xb2,0xf5,0x91,0xfd,0x91,0xfd,0x91,0xfd,0x91,0xfd,0x91,0xfd,
0x91,0xfd,0x91,0xfd,0x91,0xfd,0xb1,0xfd,0x08,0xa3,0x5b,0xff,0x9b,0xff,0x08,0xab,0xee,0xfc,0x28,0xab,0x7a,0xff,0x9c,0xff,
0x07,0xab,0x70,0xfd,0x91,0xfd,0x91,0xfd,0x91,0xfd,0x91,0xfd,0x91,0xfd,0x91,0xfd,0x91,0xfd,0x91,0xfd,0x91,0xfd,0x91,0xfd,
0x91,0xfd,0x91,0xfd,0x91,0xfd,0x91,0xfd,0x91,0xfd,0x8e,0xa4,0xe8,0x22,0xc8,0x22,0x08,0x23,0x08,0x23,0x70,0xed,0xb1,0xfd,
0x91,0xfd,0x71,0xfd,0x91,0xfd,0x91,0xfd,0x91,0xfd,0x91,0xfd,0x91,0xfd,0x70,0xfd,0x91,0xfd,0x90,0xfd,0x91,0xfd,0x91,0xfd,
0x91,0xfd,0x91,0xfd,0x91,0xfd,0x91,0xfd,0x91,0xfd,0x91,0xfd,0x91,0xfd,0x91,0xfd,0x91,0xfd,0x91,0xfd,0x70,0xfd,0x70,0xfd,
0x70,0xfd,0x70,0xfd,0x70,0xfd,0x71,0xfd,0x71,0xfd,0x71,0xfd,0x91,0xfd,0x91,0xfd,0x71,0xfd,0x71,0xfd,0x91,0xfd,0x91,0xfd,
0x91,0xfd,0x91,0xfd,0x71,0xfd,0x2d,0xdb,0x9b,0xff,0xf6,0xfd,0x9b,0xff,0xdc,0xff,0x54,0xfd,0xd0,0xfb,0x9b,0xff,0xcb,0xd2,
0xed,0x7b,0x6e,0x3c,0x2f,0x4d,0x0f,0x6e,0x2f,0x76,0x6f,0x4d,0x4f,0x76,0x6f,0x55,0x8e,0x5d,0x0e,0x4d,0xce,0x44,0x2e,0x34,
0x2e,0x2c,0x6f,0x55,0x6f,0x55,0x6f,0x55,0x53,0x55,0x5f,0x6e,0x3f,0x6e,0x3f,0x6e,0x3f,0x6e,0x3f,0x6e,0x3f,0x6e,0x3f,0x6e,
0x3f,0x6e,0x3f,0x6e,0x3f,0x6e,0x3f,0x6e,0x3f,0x6e,0x3f,0x6e,0x3f,0x6e,0xe9,0xcb,0xe9,0xcb,0x5f,0x76,0x5f,0x76,0x5f,0x6e,
0x3f,0x6e,0x3f,0x6e,0x3f,0x6e,0x3f,0x6e,0x3f,0x6e,0x3f,0x6e,0x3f,0x6e,0x3f,0x6e,0x3f,0x76,0x5f,0x76,0x3f,0x76,0x3f,0x6e,
0x3f,0x6e,0x5f,0x6e,0x5f,0x76,0xbf,0x76,0x2f,0x34,0x2f,0x45,0x6f,0x4d,0x6f,0x55,0x6f,0x4d,0x4e,0x4d,0x2f,0x76,0x4f,0x7e,
0x8f,0x55,0x2f,0x45,0xce,0x44,0x8e,0x2c,0x4d,0xdb,0xbc,0xff,0x9b,0xff,0x92,0xfc,0xd4,0xfc,0xbb,0xff,0x7a,0xff,0x16,0xfe,
0xec,0xda,0x90,0xfd,0x91,0xfd,0x91,0xfd,0x91,0xfd,0x91,0xfd,0x91,0xfd,0x91,0xfd,0x91,0xfd,0x91,0xfd,0x71,0xfd,0x91,0xfd,
0x91,0xfd,0x91,0xfd,0x91,0xfd,0x91,0xfd,0x91,0xfd,0x91,0xfd,0x91,0xfd,0x91,0xfd,0x69,0x2b,0x89,0x3b,0xb1,0xfd,0x91,0xfd,
0x91,0xfd,0x91,0xfd,0x91,0xfd,0x91,0xfd,0x91,0xfd,0x91,0xfd,0x91,0xfd,0x91,0xfd,0xc7,0x9a,0x7b,0xff,0x9c,0xff,0x08,0xab,
0x4b,0xf4,0xa7,0x9a,0x7a,0xff,0xbc,0xff,0xc7,0xa2,0x70,0xfd,0x91,0xfd,0x91,0xfd,0x91,0xfd,0x91,0xfd,0x91,0xfd,0x91,0xfd,
0x91,0xfd,0x91,0xfd,0x91,0xfd,0x91,0xfd,0x70,0xfd,0x91,0xfd,0x91,0xfd,0x91,0xfd,0x91,0xfd,0x8e,0xac,0xe8,0x22,0x8b,0x3c,
0x8b,0x3c,0xab,0x3c,0x29,0x2b,0x09,0x23,0x87,0x12,0x70,0xfd,0x91,0xfd,0x91,0xfd,0x91,0xfd,0x91,0xfd,0x91,0xfd,0x91,0xfd,
0x91,0xfd,0x91,0xfd,0x91,0xfd,0x91,0xfd,0x91,0xfd,0x91,0xfd,0x91,0xfd,0x91,0xfd,0x91,0xfd,0x91,0xfd,0x91,0xfd,0x71,0xfd,
0x91,0xfd,0x91,0xfd,0x91,0xfd,0x71,0xfd,0x91,0xfd,0x71,0xfd,0x70,0xfd,0x71,0xfd,0x71,0xfd,0x71,0xfd,0x91,0xfd,0x71,0xfd,
0x71,0xfd,0x71,0xfd,0x91,0xfd,0x91,0xfd,0x91,0xfd,0x91,0xfd,0x91,0xfd,0x2c,0xdb,0x99,0xff,0xf3,0xfc,0xdd,0xff,0xfd,0xff,
0x34,0xfd,0x75,0xfd,0x9b,0xff,0xec,0xea,0xad,0x7b,0x2e,0x3c,0x2f,0x4d,0x6f,0x55,0x30,0x76,0x6f,0x55,0xcf,0x65,0x4f,0x4d,
0x2f,0x4d,0xce,0x44,0x4e,0x34,0x6e,0x34,0x4e,0x55,0x4f,0x55,0x6f,0x55,0x4f,0x55,0x4f,0x55,0x3e,0x6e,0x3f,0x6e,0x3f,0x6e,
0x5f,0x6e,0x3f,0x6e,0x5f,0x6e,0x3f,0x6e,0x3f,0x6e,0x5f,0x6e,0x3f,0x6e,0x3f,0x6e,0x3f,0x6e,0x3f,0x6e,0x3f,0x76,0xe9,0xcb,
0xe9,0xcb,0x5f,0x76,0x5f,0x76,0x3f,0x76,0x3f,0x6e,0x3f,0x6e,0x3f,0x6e,0x3f,0x6e,0x3f,0x6e,0x5f,0x6e,0x3f,0x6e,0x3f,0x6e,
0x50,0x55,0x4f,0x55,0x6f,0x55,0x4f,0x55,0x5f,0x6e,0x3f,0x6e,0x5e,0x66,0x0e,0x34,0x0e,0x34,0xee,0x33,0x6e,0x3c,0x6f,0x55,
0x8f,0x55,0x8f,0x55,0x0f,0x6e,0x4f,0x4d,0x2e,0x4d,0x6e,0x34,0x6e,0x3c,0x2e,0x2c,0xec,0xd2,0xbc,0xff,0x55,0xfd,0xb2,0xfc,
0xb3,0xfc,0xbc,0xff,0xb5,0xfd,0xb5,0xfd,0x2d,0xdb,0xb1,0xfd,0x91,0xfd,0x91,0xfd,0x91,0xfd,0x91,0xfd,0x91,0xfd,0x70,0xfd,
0x91,0xfd,0x71,0xfd,0x91,0xfd,0x91,0xfd,0x91,0xfd,0x91,0xfd,0x91,0xfd,0x91,0xfd,0x91,0xfd,0x91,0xfd,0x91,0xfd,0x91,0xfd,
0xee,0xfc,0xee,0xfc,0x91,0xfd,0x91,0xfd,0x91,0xfd,0x91,0xfd,0x91,0xfd,0x91,0xfd,0x91,0xfd,0x91,0xfd,0x91,0xfd,0x70,0xfd,
0xa7,0x92,0x7b,0xff,0x7b,0xff,0xe7,0xa2,0x68,0xbb,0xe7,0xa2,0x7b,0xff,0x7a,0xff,0xc7,0x9a,0x70,0xfd,0x91,0xfd,0x91,0xfd,
0x91,0xfd,0x91,0xfd,0x91,0xfd,0x91,0xfd,0x91,0xfd,0x91,0xfd,0x91,0xfd,0x91,0xfd,0x70,0xfd,0x91,0xfd,0x91,0xfd,0x91,0xfd,
0x91,0xfd,0x8e,0xac,0xc8,0x22,0x4b,0x4d,0x8b,0x3c,0x8b,0x3c,0x8b,0x3c,0x8b,0x3c,0x6a,0x3c,0xd1,0xfd,0x91,0xfd,0x91,0xfd,
0x91,0xfd,0x91,0xfd,0x91,0xfd,0x91,0xfd,0x91,0xfd,0x91,0xfd,0x91,0xfd,0x91,0xfd,0x91,0xfd,0x91,0xfd,0x91,0xfd,0x91,0xfd,
0x91,0xfd,0x90,0xfd,0x91,0xfd,0x91,0xfd,0x91,0xfd,0x90,0xfd,0x90,0xfd,0x91,0xfd,0x71,0xfd,0x91,0xfd,0x70,0xfd,0x71,0xfd,
0x90,0xfd,0x71,0xfd,0x71,0xfd,0x91,0xfd,0x91,0xfd,0x91,0xfd,0x91,0xfd,0x91,0xfd,0x91,0xfd,0x91,0xfd,0x91,0xfd,0xcb,0xd2,
0x31,0xfc,0x11,0xfc,0x35,0xfd,0x34,0xfd,0xaf,0xfb,0xf0,0xfb,0x95,0xfd,0x92,0xfc,0xec,0xda,0xeb,0xe2,0x8e,0x3c,0x2f,0x4d,
0x2e,0x4d,0x6f,0x4d,0xee,0x44,0xae,0x44,0x6e,0x3c,0x0e,0x34,0xcd,0x2b,0x8f,0x5d,0x8f,0x55,0x2f,0x76,0x2f,0x76,0x2f,0x76,
0x4f,0x55,0x70,0x55,0x5f,0x6e,0x5f,0x76,0x5f,0x6e,0x3f,0x6e,0x3f,0x6e,0x5f,0x6e,0x3f,0x6e,0x3f,0x6e,0x3f,0x6e,0x3f,0x6e,
0x3f,0x6e,0x3f,0x6e,0x3f,0x76,0xe9,0xcb,0xe9,0xcb,0x5f,0x76,0x5f,0x76,0x5f,0x6e,0x5f,0x6e,0x3f,0x6e,0x5f,0x6e,0x3f,0x6e,
0x5f,0x6e,0x5f,0x6e,0x5f,0x6e,0x70,0x55,0x4f,0x55,0x4f,0x55,0x6f,0x55,0x4f,0x55,0x2f,0x55,0xcf,0x44,0xaf,0x44,0xcf,0x44,
0x2f,0x45,0x0e,0x45,0xcd,0x2b,0xef,0x44,0xee,0x44,0x8f,0x55,0x2f,0x4d,0x2e,0x4d,0x6e,0x3c,0x2e,0x2c,0x8d,0x8b,0x6a,0xd2,
0xb3,0xfc,0xb6,0xfd,0x31,0xfc,0xd0,0xfb,0xd0,0xfb,0x55,0xfd,0x51,0xfc,0xd0,0xfb,0xab,0xd2,0xb1,0xfd,0x91,0xfd,0x91,0xfd,
0x91,0xfd,0x91,0xfd,0x91,0xfd,0x71,0xfd,0x91,0xfd,0x71,0xfd,0x91,0xfd,0x91,0xfd,0x91,0xfd,0x71,0xfd,0x91,0xfd,0x91,0xfd,
0x91,0xfd,0x91,0xfd,0x91,0xfd,0x91,0xfd,0x71,0xfd,0x91,0xfd,0x91,0xfd,0x91,0xfd,0x91,0xfd,0x91,0xfd,0x91,0xfd,0x91,0xfd,
0x91,0xfd,0x70,0xfd,0x50,0xfd,0x2e,0xf5,0x48,0xab,0x3a,0xff,0x9b,0xff,0x9b,0xff,0x9c,0xff,0x7b,0xff,0x9b,0xff,0x7a,0xff,
0xc7,0x9a,0xee,0xf4,0x70,0xfd,0x91,0xfd,0x91,0xfd,0x91,0xfd,0x91,0xfd,0x91,0xfd,0x91,0xfd,0x91,0xfd,0x91,0xfd,0x91,0xfd,
0x90,0xfd,0x91,0xfd,0x91,0xfd,0x91,0xfd,0x91,0xfd,0x8e,0xac,0xe8,0x22,0x4c,0x4d,0x6c,0x4d,0xc9,0x33,0x4b,0x3c,0x8b,0x3c,
0xcb,0x3c,0x09,0x23,0x87,0x1a,0x70,0xfd,0x91,0xfd,0x91,0xfd,0x91,0xfd,0x91,0xfd,0x91,0xfd,0x91,0xfd,0x91,0xfd,0xb1,0xfd,
0xe8,0x22,0xc8,0x22,0xc8,0x22,0x08,0x23,0x08,0x23,0x09,0x23,0xc8,0x1a,0x71,0xfd,0x91,0xfd,0x91,0xfd,0x91,0xfd,0x91,0xfd,
0x91,0xfd,0x71,0xfd,0x71,0xfd,0x91,0xfd,0x71,0xfd,0x91,0xfd,0x91,0xfd,0x91,0xfd,0x91,0xfd,0x91,0xfd,0x91,0xfd,0x91,0xfd,
0x91,0xfd,0x90,0xfd,0x71,0xfd,0xec,0xd2,0x55,0xfd,0x11,0xfc,0x14,0xfd,0x14,0xfd,0xd0,0xfb,0xf0,0xfb,0x95,0xfd,0xd3,0xfc,
0x6d,0xdb,0xca,0xda,0xed,0x2b,0x8e,0x3c,0x0e,0x4d,0x2d,0x34,0x6d,0x34,0x8d,0x2b,0xcd,0x2b,0x6e,0x34,0x6f,0x4d,0x2f,0x76,
0xef,0x65,0xef,0x6d,0x0f,0x6e,0x2f,0x76,0x4f,0x7e,0x70,0x55,0x4f,0x55,0x5f,0x6e,0x5f,0x76,0x5f,0x6e,0x3f,0x6e,0x3f,0x6e,
0x3f,0x6e,0x3f,0x6e,0x3f,0x6e,0x3f,0x6e,0x3f,0x6e,0x3f,0x6e,0x3f,0x76,0xe9,0xcb,0xe9,0xcb,0x3f,0x76,0x5f,0x76,0x5f,0x76,
0x5f,0x6e,0x3f,0x6e,0x3f,0x6e,0x3f,0x6e,0x1c,0x66,0x2f,0x55,0x4f,0x4d,0x70,0x55,0xcf,0x6d,0xef,0x6d,0xef,0x6d,0x4f,0x4d,
0x6f,0x55,0x6f,0x55,0x6f,0x55,0x6f,0x55,0x8f,0x5d,0x2f,0x4d,0xcd,0x2b,0xee,0x2b,0xed,0x2b,0x8e,0x3c,0xee,0x44,0x8e,0x3c,
0x2e,0x34,0xad,0x23,0x4c,0x7b,0x6a,0xd2,0xd3,0xfc,0x95,0xfd,0x72,0xfc,0x11,0xfc,0x11,0xfc,0x14,0xfd,0x51,0xfc,0x75,0xfd,
0xeb,0xd2,0x91,0xfd,0x91,0xfd,0x91,0xfd,0x91,0xfd,0x91,0xfd,0x91,0xfd,0x91,0xfd,0x71,0xfd,0x91,0xfd,0x91,0xfd,0x91,0xfd,
0x91,0xfd,0x91,0xfd,0x91,0xfd,0x91,0xfd,0x91,0xfd,0x91,0xfd,0x91,0xfd,0x91,0xfd,0x91,0xfd,0x91,0xfd,0x91,0xfd,0x91,0xfd,
0x91,0xfd,0x91,0xfd,0x91,0xfd,0x90,0xfd,0x91,0xfd,0x71,0xfd,0xae,0xec,0x48,0xb3,0xbd,0xff,0x7a,0xff,0x9b,0xff,0x9b,0xff,
0x9b,0xff,0x9b,0xff,0x9b,0xff,0x9c,0xff,0x7b,0xff,0x69,0xb3,0x69,0xb3,0x91,0xfd,0x91,0xfd,0x91,0xfd,0x91,0xfd,0x91,0xfd,
0x91,0xfd,0x91,0xfd,0x91,0xfd,0x91,0xfd,0x91,0xfd,0x91,0xfd,0x91,0xfd,0x91,0xfd,0x91,0xfd,0x8e,0xac,0xe8,0x1a,0x4b,0x4d,
0x6b,0x4d,0x8b,0x55,0x2a,0x34,0xab,0x3c,0xab,0x3c,0xca,0x3c,0xa7,0x1a,0xb1,0xfd,0x91,0xfd,0x91,0xfd,0x90,0xfd,0x90,0xfd,
0x91,0xfd,0xe8,0x0a,0xe8,0x1a,0x87,0x1a,0xcc,0x5d,0xcc,0x5d,0xac,0x55,0x0b,0x45,0x0b,0x45,0x4b,0x34,0x4b,0x3c,0xe8,0x1a,
0x91,0xfd,0x91,0xfd,0x91,0xfd,0x91,0xfd,0x70,0xfd,0x91,0xfd,0x91,0xfd,0x71,0xfd,0x91,0xfd,0x91,0xfd,0x91,0xfd,0x91,0xfd,
0x91,0xfd,0x91,0xfd,0x91,0xfd,0x91,0xfd,0x91,0xfd,0x91,0xfd,0x70,0xfd,0xcb,0xd2,0xf3,0xfc,0x92,0xfc,0x57,0xfe,0x77,0xfe,
0xd0,0xfb,0x8f,0xfb,0x34,0xfd,0xf4,0xfc,0x2d,0xe3,0x89,0xe2,0x6c,0x23,0x4d,0x34,0x8e,0x34,0xad,0x2b,0x6c,0x23,0x8d,0x23,
0xae,0x3c,0x0e,0x45,0x8e,0x55,0xef,0x65,0x4f,0x4d,0x6f,0x4d,0x8f,0x55,0x4f,0x7e,0x4f,0x7e,0x4f,0x7e,0x2f,0x4d,0x4f,0x55,
0x9f,0x6e,0x5f,0x6e,0x5f,0x6e,0x3f,0x6e,0x3f,0x6e,0x3f,0x6e,0x5f,0x6e,0x3f,0x6e,0x5f,0x6e,0x3f,0x6e,0x3f,0x76,0xe9,0xcb,
0xe9,0xcb,0x3f,0x76,0x5f,0x76,0x5f,0x6e,0x5f,0x6e,0x3f,0x6e,0x3f,0x6e,0x71,0x4d,0x50,0x4d,0x2f,0x4d,0x4f,0x4d,0xcf,0x65,
0x4f,0x7e,0x4f,0x7e,0xcf,0x65,0x4f,0x4d,0xef,0x65,0x6f,0x55,0x6f,0x4d,0xee,0x6d,0xee,0x6d,0x2e,0x4d,0x6f,0x4d,0xce,0x3c,
0xcd,0x2b,0xcd,0x2b,0xed,0x2b,0xae,0x3c,0xee,0x2b,0xcd,0x2b,0x4c,0x73,0xab,0xd2,0x34,0xfd,0x54,0xfd,0xb0,0xfb,0xd0,0xfb,
0xf0,0xfb,0xf3,0xfc,0xf0,0xfb,0x34,0xfd,0xeb,0xd2,0x91,0xfd,0x91,0xfd,0x91,0xfd,0x91,0xfd,0x91,0xfd,0x91,0xfd,0x91,0xfd,
0x71,0xfd,0x91,0xfd,0x91,0xfd,0x91,0xfd,0x91,0xfd,0x91,0xfd,0x91,0xfd,0x91,0xfd,0x91,0xfd,0x91,0xfd,0x91,0xfd,0x91,0xfd,
0x91,0xfd,0x91,0xfd,0x91,0xfd,0xca,0x13,0xa9,0x23,0x69,0x23,0xca,0x23,0xca,0x23,0x2f,0xb5,0x70,0xfd,0x28,0xa3,0x5a,0xff,
0x9c,0xff,0x60,0x28,0x23,0x49,0x7b,0xff,0x7b,0xff,0x9c,0xff,0x43,0x51,0x5a,0xff,0x9b,0xff,0x86,0x9a,0x48,0xb3,0x90,0xfd,
0x91,0xfd,0x91,0xfd,0x91,0xfd,0x91,0xfd,0x91,0xfd,0x91,0xfd,0x91,0xfd,0x91,0xfd,0x91,0xfd,0x91,0xfd,0x91,0xfd,0x91,0xfd,
0x91,0xfd,0x6e,0xac,0xe8,0x22,0xeb,0x44,0x6b,0x55,0x6b,0x55,0x8c,0x55,0xca,0x33,0xcb,0x3c,0xaa,0x3c,0x0a,0x34,0xe8,0x1a,
0x91,0xfd,0x91,0xfd,0x91,0xfd,0x70,0xfd,0x67,0x12,0xcc,0x5d,0xcc,0x55,0x8c,0x55,0xac,0x55,0x6c,0x4d,0x6c,0x4d,0xab,0x3c,
0xea,0x33,0x69,0x2b,0xca,0x2b,0x08,0x1b,0x91,0xfd,0x91,0xfd,0x91,0xfd,0x91,0xfd,0x91,0xfd,0x91,0xfd,0x91,0xfd,0x91,0xfd,
0x91,0xfd,0x91,0xfd,0x91,0xfd,0x91,0xfd,0x91,0xfd,0x91,0xfd,0x91,0xfd,0x91,0xfd,0x91,0xfd,0x91,0xfd,0x91,0xfd,0x4d,0xdb,
0x7a,0xff,0x34,0xfd,0x9b,0xff,0xdc,0xff,0x75,0xfd,0x75,0xfd,0x9c,0xff,0x9b,0xff,0xae,0xdb,0xec,0xea,0xad,0x2b,0x8d,0x23,
0x8d,0x23,0x8d,0x23,0x8d,0x23,0xed,0x2b,0x0d,0x34,0x8e,0x3c,0x4f,0x4d,0x2e,0x4d,0x4f,0x4d,0xae,0x55,0x8e,0x55,0x4f,0x4d,
0x4f,0x7e,0x4f,0x7e,0x6f,0x55,0xcf,0x44,0x0f,0x4d,0x71,0x55,0x3f,0x6e,0x3f,0x6e,0x3f,0x6e,0x5f,0x6e,0x5f,0x6e,0x5f,0x6e,
0x5f,0x6e,0x3f,0x6e,0x3f,0x76,0xe9,0xcb,0xe9,0xcb,0x5f,0x76,0x5f,0x6e,0x3f,0x6e,0x5f,0x6e,0x5f,0x6e,0x5f,0x6e,0x0f,0x45,
0x4f,0x4d,0xaf,0x55,0xcf,0x65,0x4f,0x7e,0x4f,0x7e,0xcf,0x5d,0x0f,0x4d,0xcf,0x5d,0x6f,0x4d,0x4f,0x4d,0x6f,0x4d,0x6f,0x4d,
0x6f,0x4d,0x6e,0x34,0xcd,0x2b,0xcd,0x2b,0xed,0x2b,0xed,0x2b,0xed,0x2b,0x8d,0x23,0x8d,0x2b,0x8d,0x2b,0x6c,0x83,0x8a,0xd2,
0x7a,0xff,0xb5,0xfd,0x55,0xfd,0x95,0xfd,0xb6,0xfd,0xbc,0xff,0x95,0xfd,0x79,0xff,0xeb,0xda,0x91,0xfd,0x91,0xfd,0x91,0xfd,
0x91,0xfd,0x91,0xfd,0x91,0xfd,0x91,0xfd,0x91,0xfd,0x91,0xfd,0x91,0xfd,0x91,0xfd,0x91,0xfd,0x91,0xfd,0x91,0xfd,0x91,0xfd,
0x91,0xfd,0x91,0xfd,0x91,0xfd,0x91,0xfd,0x91,0xfd,0x90,0xfd,0x29,0x23,0xed,0x65,0xcd,0x65,0xcd,0x5d,0x6c,0x4d,0xcc,0x44,
0x69,0x23,0x6f,0xf5,0x28,0xab,0x7c,0xff,0x9b,0xff,0xe2,0x40,0x64,0x51,0x7a,0xff,0x59,0xff,0x7b,0xff,0xa5,0x59,0x5a,0xff,
0x9b,0xff,0x86,0x9a,0x48,0xb3,0x91,0xfd,0x91,0xfd,0x91,0xfd,0x91,0xfd,0x91,0xfd,0x91,0xfd,0x91,0xfd,0x91,0xfd,0x91,0xfd,
0x91,0xfd,0x91,0xfd,0x91,0xfd,0x91,0xfd,0x91,0xfd,0x6d,0xa4,0x28,0x23,0x2b,0x4d,0x8c,0x55,0x8c,0x55,0x4b,0x55,0x89,0x2b,
0xab,0x3c,0xcb,0x3c,0x4b,0x34,0x28,0x23,0x90,0xfd,0x90,0xfd,0x91,0xfd,0x6a,0x5b,0x8a,0x44,0x6b,0x4d,0x8c,0x55,0x8c,0x55,
0x8c,0x55,0x8b,0x3c,0xcb,0x3c,0x2a,0x34,0x2a,0x34,0xe8,0x22,0x87,0x1a,0xa7,0x22,0x91,0xfd,0x91,0xfd,0x91,0xfd,0x91,0xfd,
0x91,0xfd,0x91,0xfd,0x91,0xfd,0x91,0xfd,0x71,0xfd,0x91,0xfd,0x91,0xfd,0x91,0xfd,0x91,0xfd,0x91,0xfd,0x91,0xfd,0x91,0xfd,
0x91,0xfd,0x91,0xfd,0x91,0xfd,0x4d,0xdb,0x9a,0xff,0x74,0xfd,0xbc,0xff,0xfd,0xff,0x75,0xfd,0x54,0xfd,0x9b,0xff,0x9b,0xff,
0xce,0xdb,0xec,0xea,0xad,0x2b,0x8d,0x23,0x6c,0x2b,0x6c,0x23,0x8d,0x2b,0x0d,0x2c,0x0d,0x2c,0xae,0x3c,0xef,0x44,0x2f,0x4d,
0x8e,0x5d,0x6f,0x4d,0x6f,0x4d,0x4f,0x45,0x4f,0x7e,0x4f,0x7e,0x8f,0x55,0x2f,0x4d,0x50,0x4d,0x1c,0x6e,0x11,0x4d,0x5f,0x76,
0x5f,0x6e,0x3f,0x6e,0x5f,0x6e,0x3f,0x6e,0x3f,0x6e,0x3f,0x6e,0x3f,0x76,0x88,0xc3,0x88,0xc3,0x5f,0x7e,0x5f,0x76,0x3f,0x6e,
0x3f,0x6e,0x5f,0x6e,0xb4,0x5d,0x2f,0x4d,0x6f,0x55,0xae,0x5d,0x8e,0x55,0x4f,0x7e,0x4f,0x7e,0x8f,0x55,0x4f,0x4d,0x8f,0x55,
0x8e,0x5d,0x2e,0x4d,0x4e,0x4d,0x6f,0x55,0x0f,0x3d,0x2e,0x2c,0xed,0x2b,0xcd,0x2b,0xed,0x2b,0xed,0x2b,0xcd,0x2b,0x8d,0x2b,
0x8d,0x2b,0x8d,0x23,0x2c,0x7b,0x6a,0xd2,0x9a,0xff,0x9b,0xff,0xb6,0xfd,0x75,0xfd,0x14,0xfd,0x9b,0xff,0xd6,0xfd,0x9c,0xff,
0x0c,0xdb,0x91,0xfd,0x91,0xfd,0x91,0xfd,0x91,0xfd,0x91,0xfd,0x91,0xfd,0x91,0xfd,0x91,0xfd,0x91,0xfd,0x91,0xfd,0x91,0xfd,
0x91,0xfd,0x91,0xfd,0x91,0xfd,0x91,0xfd,0x91,0xfd,0x91,0xfd,0x91,0xfd,0x91,0xfd,0xb1,0xfd,0xeb,0x4b,0xa9,0x2b,0xac,0x5d,
0xad,0x5d,0x4d,0x4d,0x4c,0x4d,0xec,0x44,0xcc,0x44,0x8a,0x1b,0x08,0xa3,0x5a,0xff,0xd6,0xfd,0x37,0xfe,0x9c,0xff,0x8d,0xc4,
0x08,0xa3,0x7b,0xff,0xbd,0xff,0x78,0xfe,0x16,0xfe,0x45,0x8a,0x28,0xab,0x91,0xfd,0x91,0xfd,0x91,0xfd,0x91,0xfd,0x91,0xfd,
0x91,0xfd,0x91,0xfd,0x91,0xfd,0x91,0xfd,0x91,0xfd,0x91,0xfd,0x91,0xfd,0x91,0xfd,0x91,0xfd,0x91,0xfd,0x91,0xfd,0x87,0x1a,
0xeb,0x44,0x0b,0x4d,0x0b,0x45,0xcc,0x44,0xea,0x33,0x6a,0x34,0x4a,0x34,0xe8,0x22,0x91,0xfd,0x90,0xfd,0xb1,0xfd,0xea,0x2b,
0x6c,0x4d,0x4c,0x4d,0x2b,0x4d,0xcb,0x44,0xcb,0x3c,0xab,0x3c,0x4a,0x34,0x08,0x23,0x69,0x2b,0xae,0xb4,0xce,0xac,0x91,0xfd,
0x91,0xfd,0x91,0xfd,0x91,0xfd,0x91,0xfd,0x91,0xfd,0x91,0xfd,0x91,0xfd,0x91,0xfd,0x91,0xfd,0x91,0xfd,0x91,0xfd,0x91,0xfd,
0x91,0xfd,0x91,0xfd,0x91,0xfd,0x91,0xfd,0x91,0xfd,0x91,0xfd,0x70,0xfd,0xcb,0xd2,0xb5,0xfd,0xd3,0xfc,0x58,0xfe,0x36,0xfe,
0x11,0xfc,0x72,0xfc,0x38,0xfe,0x38,0xfe,0x4d,0xdb,0xab,0xda,0x49,0x83,0x69,0x83,0xaa,0x7b,0x8a,0x83,0x8a,0x73,0x8a,0x83,
0xca,0x7b,0x0b,0x84,0x0b,0x84,0x2b,0x8c,0x0a,0x94,0x0a,0x8c,0x0a,0x94,0x2b,0x9c,0x4a,0xa4,0x0a,0x94,0x0a,0x94,0x2b,0x94,
0x6c,0x8c,0xd1,0xa4,0x2b,0x94,0x4f,0xa4,0x6e,0xa4,0x6f,0xa4,0x6f,0xa4,0x6f,0xa4,0x6f,0xa4,0x4e,0xa4,0x4e,0xa4,0x88,0xc3,
0x88,0xc3,0x90,0xac,0x6f,0xac,0x8f,0xa4,0x8f,0xa4,0x90,0x9c,0x0b,0x8c,0x2b,0x94,0x6b,0x9c,0x6b,0x9c,0x4b,0x94,0x8a,0x9c,
0x6a,0xa4,0x4b,0x94,0x2b,0x9c,0x4b,0x9c,0x4a,0x94,0x0a,0x94,0x2a,0x94,0x4b,0x94,0xea,0x8b,0xca,0x83,0xca,0x83,0xaa,0x83,
0x8a,0x83,0x8a,0x83,0x8a,0x83,0x8a,0x7b,0x8a,0x73,0x8a,0x7b,0x2b,0xab,0x8a,0xd2,0x37,0xfe,0xd6,0xfd,0x51,0xfc,0x92,0xfc,
0x72,0xfc,0xf6,0xfd,0xb2,0xfc,0xf7,0xfd,0x0c,0xdb,0x91,0xfd,0x71,0xfd,0x91,0xfd,0x91,0xfd,0x91,0xfd,0x91,0xfd,0x91,0xfd,
0x91,0xfd,0x91,0xfd,0x91,0xfd,0x91,0xfd,0x91,0xfd,0x91,0xfd,0x91,0xfd,0x91,0xfd,0x91,0xfd,0x91,0xfd,0x91,0xfd,0x70,0xfd,
0x70,0xfd,0xca,0x33,0xad,0x5d,0x4c,0x55,0x2c,0x4d,0xac,0x44,0xac,0x3c,0x8c,0x34,0xcc,0x3c,0x49,0x13,0xc7,0x9a,0xaf,0xc4,
0x1a,0xff,0xb8,0xfe,0x9b,0xff,0xb3,0xdd,0x15,0xe6,0xbc,0xff,0x7b,0xff,0x57,0xfe,0xf9,0xfe,0x07,0xab,0x48,0xb3,0x2f,0xf5,
0x4f,0xfd,0x4f,0xfd,0x2f,0xfd,0x90,0xfd,0x91,0xfd,0x91,0xfd,0x91,0xfd,0x91,0xfd,0x91,0xfd,0x91,0xfd,0x91,0xfd,0x91,0xfd,
0x91,0xfd,0x91,0xfd,0x91,0xfd,0xe8,0x22,0xeb,0x44,0xeb,0x44,0xeb,0x44,0xeb,0x44,0x89,0x2b,0x6a,0x34,0x6a,0x34,0x49,0x2b,
0x90,0xf5,0x4f,0xfd,0x08,0x2b,0xe9,0x2b,0x6b,0x4d,0x0b,0x4d,0xec,0x4c,0x2b,0x34,0xcb,0x3c,0xcb,0x44,0x4b,0x3c,0x87,0x12,
0x87,0x1a,0x91,0xfd,0x90,0xfd,0x91,0xfd,0x91,0xfd,0x91,0xfd,0x91,0xfd,0x91,0xfd,0x91,0xfd,0x91,0xfd,0x91,0xfd,0x91,0xfd,
0x91,0xfd,0x91,0xfd,0x91,0xfd,0x91,0xfd,0x91,0xfd,0x91,0xfd,0x91,0xfd,0x91,0xfd,0x91,0xfd,0x70,0xfd,0x71,0xfd,0xeb,0xd2,
0xd3,0xfc,0xf0,0xfb,0x14,0xfd,0x95,0xfd,0xd0,0xfb,0xb0,0xfb,0xf4,0xfc,0x14,0xfd,0x2d,0xdb,0xeb,0xd2,0x88,0xc3,0xe9,0xcb,
0xe9,0xcb,0xc9,0xc3,0xa9,0xc3,0xa8,0xc3,0xa9,0xc3,0xa8,0xc3,0xc9,0xc3,0xc9,0xc3,0xc9,0xc3,0xc9,0xcb,0xc9,0xcb,0xc9,0xc3,
0xa9,0xc3,0xa9,0xc3,0xc9,0xcb,0xe9,0xcb,0xc9,0xc3,0xa8,0xc3,0xa8,0xc3,0xc9,0xcb,0xc9,0xc3,0xc9,0xc3,0xc9,0xc3,0xc9,0xc3,
0xc9,0xc3,0x88,0xc3,0x88,0xc3,0xc9,0xcb,0xe9,0xcb,0xa9,0xc3,0xa9,0xcb,0xc9,0xcb,0xc9,0xcb,0xa9,0xc3,0xa9,0xc3,0xc9,0xcb,
0xc9,0xcb,0xa8,0xcb,0xa8,0xc3,0xc9,0xcb,0xa9,0xcb,0xa8,0xc3,0xa8,0xc3,0xa8,0xc3,0xc9,0xcb,0xc9,0xcb,0xc9,0xcb,0xc9,0xcb,
0xc9,0xcb,0xc9,0xcb,0xc9,0xcb,0xc9,0xcb,0xe9,0xcb,0xe9,0xcb,0xc9,0xcb,0xe9,0xcb,0xe9,0xcb,0x88,0xc3,0x4a,0xd3,0x6a,0xca,
0x14,0xfd,0x34,0xfd,0xf0,0xfb,0xd0,0xfb,0xb0,0xfb,0x34,0xfd,0x72,0xfc,0x92,0xfc,0xcb,0xd2,0x91,0xfd,0x91,0xfd,0x91,0xfd,
0x91,0xfd,0x91,0xfd,0x91,0xfd,0x91,0xfd,0x91,0xfd,0x91,0xfd,0x91,0xfd,0x91,0xfd,0x91,0xfd,0x91,0xfd,0x91,0xfd,0x91,0xfd,
0x70,0xfd,0x71,0xfd,0x90,0xfd,0x70,0xfd,0x2f,0xfd,0x69,0x33,0xad,0x5d,0xac,0x44,0x2e,0x4d,0x8d,0x3c,0x6c,0x44,0x4c,0x3c,
0x2c,0x3c,0x08,0x23,0xad,0xec,0xa9,0xcb,0xe7,0xa2,0x7b,0xff,0x9b,0xff,0x9b,0xff,0x9b,0xff,0x9b,0xff,0x7b,0xff,0x19,0xff,
0x28,0xa3,0x4c,0xe4,0x8d,0xec,0xee,0xf4,0xed,0xf4,0x0e,0xf5,0xee,0xf4,0x90,0xfd,0x91,0xfd,0x91,0xfd,0x91,0xfd,0x91,0xfd,
0x91,0xfd,0x91,0xfd,0x91,0xfd,0x91,0xfd,0x91,0xfd,0x91,0xfd,0x92,0xfd,0x08,0x23,0x4b,0x3c,0xeb,0x44,0xeb,0x44,0x0b,0x45,
0xa9,0x2b,0xc9,0x2b,0x6a,0x34,0xab,0x44,0x06,0x1a,0x90,0xf5,0x08,0x23,0x2b,0x45,0x2b,0x4d,0x2a,0x34,0x6b,0x3c,0xab,0x3c,
0xcb,0x3c,0x0a,0x34,0x29,0x23,0xd2,0xfd,0x91,0xfd,0x90,0xfd,0x90,0xfd,0x91,0xfd,0x91,0xfd,0x91,0xfd,0x91,0xfd,0x71,0xfd,
0x91,0xfd,0x91,0xfd,0x91,0xfd,0x91,0xfd,0x91,0xfd,0x91,0xfd,0x91,0xfd,0x91,0xfd,0x91,0xfd,0x91,0xfd,0x91,0xfd,0x91,0xfd,
0x91,0xfd,0x71,0xfd,0x71,0xfd,0xcb,0xd2,0xd3,0xfc,0x10,0xfc,0x75,0xfd,0x55,0xfd,0x8f,0xfb,0xaf,0xfb,0x14,0xfd,0x34,0xfd,
0x4d,0xdb,0x6a,0xd2,0x0d,0xf5,0x10,0xfe,0xef,0xfd,0xcf,0xfd,0xef,0xfd,0xef,0xfd,0xef,0xfd,0xef,0xfd,0xef,0xfd,0xef,0xfd,
0xcf,0xfd,0xcf,0xfd,0xcf,0xfd,0xcf,0xfd,0xcf,0xfd,0xcf,0xfd,0xef,0xfd,0xcf,0xfd,0xcf,0xfd,0xcf,0xfd,0xcf,0xfd,0xcf,0xfd,
0xcf,0xfd,0xcf,0xfd,0xcf,0xfd,0xcf,0xfd,0xcf,0xfd,0xef,0xfd,0xcf,0xfd,0xae,0xfd,0xcf,0xfd,0xcf,0xfd,0xef,0xfd,0xef,0xfd,
0xef,0xfd,0xcf,0xfd,0xef,0xfd,0xef,0xfd,0xcf,0xfd,0xcf,0xfd,0xcf,0xfd,0xef,0xfd,0xef,0xfd,0xcf,0xfd,0xcf,0xfd,0xef,0xfd,
0xef,0xfd,0xef,0xfd,0xef,0xfd,0xcf,0xfd,0xef,0xfd,0xef,0xfd,0xef,0xfd,0xf0,0xfd,0xf0,0xfd,0xf0,0xfd,0xef,0xfd,0xf0,0xfd,
0x10,0xfe,0x6e,0xfd,0xcb,0xe3,0x8a,0xd2,0x75,0xfd,0xf3,0xfc,0xb0,0xfb,0xd0,0xfb,0xf0,0xfb,0x55,0xfd,0x52,0xfc,0x51,0xfc,
0xcb,0xd2,0x91,0xfd,0x91,0xfd,0x91,0xfd,0x91,0xfd,0x91,0xfd,0x91,0xfd,0x91,0xfd,0x90,0xfd,0x71,0xfd,0x91,0xfd,0x91,0xfd,
0x91,0xfd,0x91,0xfd,0x91,0xfd,0x70,0xfd,0x70,0xfd,0x90,0xfd,0xe9,0xd3,0x48,0xb3,0x88,0xbb,0x28,0x6b,0x29,0x2b,0xe7,0x5a,
0x48,0x4b,0x69,0x3b,0xa7,0x72,0xc7,0x62,0x08,0x6b,0xe8,0x3a,0x07,0xab,0x27,0xb3,0xe8,0xa2,0x9c,0xff,0x9b,0xff,0x7b,0xff,
0x7b,0xff,0x7b,0xff,0x9c,0xff,0x5a,0xff,0x26,0x7a,0xe7,0xa2,0xe7,0xaa,0xc9,0xcb,0xc9,0xcb,0xa8,0xcb,0xe7,0xa2,0x70,0xfd,
0x91,0xfd,0x91,0xfd,0x91,0xfd,0x91,0xfd,0x91,0xfd,0x91,0xfd,0x91,0xfd,0x91,0xfd,0x91,0xfd,0x91,0xfd,0xb1,0xfd,0xc7,0x22,
0x0a,0x34,0x2c,0x45,0x0b,0x45,0x0b,0x45,0xeb,0x44,0x28,0x2b,0x4a,0x3c,0xcb,0x44,0xeb,0x3c,0x29,0x23,0x8b,0x3c,0xeb,0x44,
0xca,0x33,0x2b,0x34,0xca,0x3c,0x8a,0x3c,0x89,0x2b,0xe8,0x22,0xd2,0xfd,0xb1,0xfd,0x91,0xfd,0x91,0xfd,0x91,0xfd,0x91,0xfd,
0x91,0xfd,0x91,0xfd,0x71,0xfd,0x91,0xfd,0x91,0xfd,0x91,0xfd,0x91,0xfd,0x91,0xfd,0x91,0xfd,0x91,0xfd,0x91,0xfd,0x91,0xfd,
0x91,0xfd,0x91,0xfd,0x91,0xfd,0x91,0xfd,0x91,0xfd,0x91,0xfd,0x91,0xfd,0x2d,0xdb,0xbb,0xff,0x17,0xfe,0xbc,0xff,0xfc,0xff,
0x14,0xfd,0x34,0xfd,0xbc,0xff,0xbb,0xff,0x4c,0xd3,0xcb,0xd2,0xac,0xec,0x0d,0xf5,0x2d,0xf5,0x2d,0xf5,0x0d,0xf5,0x0d,0xf5,
0x0d,0xf5,0x0d,0xf5,0x0d,0xf5,0x0d,0xf5,0x0d,0xf5,0x0d,0xf5,0x0d,0xf5,0x0d,0xf5,0x0d,0xf5,0x0d,0xf5,0x0d,0xf5,0x0d,0xf5,
0x0d,0xf5,0x0d,0xf5,0x0d,0xf5,0x0d,0xf5,0x0d,0xf5,0x0d,0xf5,0x2d,0xf5,0x0d,0xf5,0x0d,0xf5,0x0d,0xf5,0x0d,0xf5,0x0d,0xf5,
0x0d,0xf5,0x0d,0xf5,0x0d,0xf5,0x0d,0xed,0x0d,0xf5,0x0d,0xf5,0x0d,0xf5,0x0d,0xf5,0x0d,0xf5,0x0d,0xf5,0x0d,0xf5,0x0d,0xf5,
0x0d,0xf5,0x0d,0xf5,0x0d,0xf5,0x0d,0xf5,0x0d,0xf5,0x0d,0xf5,0x0d,0xf5,0x0d,0xf5,0x0d,0xf5,0x0d,0xf5,0x0d,0xf5,0x0d,0xf5,
0x0d,0xed,0x0d,0xf5,0x0d,0xf5,0xec,0xec,0xec,0xec,0xcc,0xec,0xab,0xdb,0x49,0xd2,0xbc,0xff,0x9a,0xff,0x95,0xfd,0x34,0xfd,
0xf3,0xfc,0xbc,0xff,0x95,0xfd,0x7a,0xff,0xeb,0xda,0x91,0xfd,0x91,0xfd,0x91,0xfd,0x70,0xfd,0x91,0xfd,0x91,0xfd,0x91,0xfd,
0x91,0xfd,0x91,0xfd,0x91,0xfd,0x91,0xfd,0x91,0xfd,0x91,0xfd,0x91,0xfd,0x91,0xfd,0x71,0xfd,0xb1,0xfd,0x45,0x82,0x6d,0xf5,
0x8e,0xf5,0x6d,0xf5,0x4d,0xf5,0x4d,0xf5,0x4d,0xf5,0x2d,0xf5,0x4d,0xf5,0x6e,0xf5,0x4d,0xf5,0x0c,0xf5,0x2d,0xf5,0x4d,0xf5,
0xcc,0xe4,0x8b,0xe4,0x8a,0xdc,0x8b,0xdc,0x8b,0xdc,0xab,0xe4,0xac,0xe4,0x8a,0xe4,0x6a,0xdc,0x4d,0xf5,0x2d,0xf5,0x2d,0xf5,
0x4d,0xf5,0x4d,0xf5,0x6e,0xfd,0x07,0xab,0x90,0xfd,0x91,0xfd,0x91,0xfd,0x91,0xfd,0x91,0xfd,0x91,0xfd,0x91,0xfd,0x91,0xfd,
0x91,0xfd,0x91,0xfd,0x91,0xfd,0x70,0xf5,0x69,0x2b,0x8b,0x3c,0x6a,0x3c,0xeb,0x44,0xeb,0x44,0x28,0x2b,0x6a,0x3c,0xeb,0x3c,
0xeb,0x3c,0xc8,0x22,0x4a,0x3c,0xeb,0x3c,0xa9,0x2b,0x2a,0x34,0x2a,0x34,0x4a,0x34,0x29,0x2b,0x70,0xf5,0x90,0xfd,0xb1,0xfd,
0xb1,0xfd,0x70,0xfd,0xc8,0x22,0x29,0x23,0x28,0x23,0x08,0x23,0x29,0x23,0x29,0x23,0x29,0x23,0xe8,0x2a,0x91,0xf5,0x91,0xfd,
0x91,0xfd,0x91,0xfd,0x91,0xfd,0x91,0xfd,0x91,0xfd,0x91,0xfd,0x91,0xfd,0x91,0xfd,0x91,0xfd,0x91,0xfd,0x91,0xfd,0x4d,0xdb,
0xf9,0xfe,0x54,0xfd,0xbb,0xff,0xbb,0xff,0x55,0xfd,0x95,0xfd,0x9b,0xff,0x9b,0xff,0xcf,0xdb,0xeb,0xda,0xc7,0x9a,0xe7,0xa2,
0x07,0xab,0xe7,0xaa,0xe7,0xa2,0xe7,0xaa,0xe7,0xaa,0xe7,0xa2,0xe7,0xa2,0xe7,0xa2,0xe7,0xa2,0xe7,0xa2,0xe7,0xa2,0xe7,0xa2,
0xe7,0xa2,0x07,0xab,0x07,0xab,0xe7,0xaa,0xe7,0xa2,0xe7,0xa2,0xe7,0xaa,0x07,0xab,0x07,0xab,0x07,0xab,0x07,0xab,0x07,0xab,
0x07,0xab,0xe7,0xa2,0xe7,0xa2,0x07,0xab,0xe7,0xaa,0xe7,0xa2,0xe7,0xa2,0xe7,0xaa,0xe7,0xa2,0xe7,0xa2,0xe7,0xaa,0xe7,0xaa,
0xe7,0xa2,0xe7,0xa2,0xe7,0xa2,0xe7,0xaa,0xe7,0xaa,0x07,0xab,0x07,0xab,0xe7,0xa2,0xe7,0xa2,0xe7,0xaa,0xe7,0xa2,0xe7,0xa2,
0xe7,0xa2,0xe7,0xa2,0x07,0xab,0xe7,0xaa,0xe7,0xaa,0xe7,0xa2,0xe7,0xaa,0x07,0xab,0xe7,0xa2,0xe7,0xa2,0x09,0xbb,0xcb,0xd2,
0x9c,0xff,0x9b,0xff,0x54,0xfd,0x75,0xfd,0x95,0xfd,0x9b,0xff,0xb5,0xfd,0xb6,0xfd,0x0c,0xdb,0xb1,0xfd,0x91,0xfd,0x91,0xfd,
0x91,0xfd,0x91,0xfd,0x71,0xfd,0x91,0xfd,0x91,0xfd,0x91,0xfd,0x91,0xfd,0x91,0xfd,0x91,0xfd,0x91,0xfd,0x91,0xfd,0x91,0xfd,
0x91,0xfd,0xb2,0xfd,0x45,0x82,0x2d,0xf5,0x2a,0xd4,0x2a,0xd4,0x4a,0xdc,0x2a,0xd4,0x29,0xd4,0x2a,0xd4,0x4a,0xd4,0x4a,0xd4,
0x4a,0xdc,0x6a,0xdc,0x4a,0xdc,0x4a,0xdc,0x2a,0xdc,0x29,0xd4,0x29,0xd4,0x4a,0xd4,0x4a,0xdc,0x2a,0xd4,0x29,0xd4,0x29,0xd4,
0x2a,0xd4,0x4a,0xd4,0x4a,0xd4,0x2a,0xd4,0x09,0xd4,0x09,0xd4,0x2a,0xd4,0x46,0x8a,0x91,0xfd,0x91,0xfd,0x91,0xfd,0x91,0xfd,
0x91,0xfd,0x91,0xfd,0x91,0xfd,0x91,0xfd,0x91,0xfd,0x91,0xfd,0x91,0xfd,0xb2,0xfd,0x49,0x23,0x2b,0x3c,0x2a,0x34,0xeb,0x44,
0x0b,0x45,0x89,0x2b,0x6b,0x3c,0xab,0x3c,0xcb,0x3c,0x08,0x23,0x8b,0x3c,0x6b,0x3c,0xa9,0x2b,0x4a,0x34,0x0a,0x34,0xca,0x2b,
0x09,0x33,0xb1,0xfd,0xb1,0xfd,0x50,0xe5,0x50,0xe5,0x91,0xf5,0x08,0x23,0x08,0x23,0x48,0x23,0x68,0x2b,0x69,0x2b,0x28,0x23,
0x08,0x23,0xe8,0x22,0x91,0xfd,0x91,0xfd,0x91,0xfd,0x91,0xfd,0x91,0xfd,0x91,0xfd,0x91,0xfd,0x91,0xfd,0x91,0xfd,0x90,0xfd,
0x91,0xfd,0x91,0xfd,0x91,0xfd,0x4d,0xdb,0xd8,0xfe,0xd3,0xfc,0x9c,0xff,0xdd,0xff,0x75,0xfd,0xf3,0xfc,0x5a,0xff,0x5b,0xff,
0xce,0xe3,0xab,0xda,0xa6,0xa2,0x07,0xab,0xe7,0xaa,0xc7,0xaa,0xe7,0xaa,0xe7,0xaa,0xe7,0xaa,0xe7,0xaa,0xc7,0xaa,0xc7,0xaa,
0xc7,0xaa,0xc7,0xaa,0xe7,0xaa,0xc6,0xaa,0xc7,0xaa,0xe7,0xaa,0xe7,0xaa,0xe7,0xaa,0xe7,0xaa,0xe7,0xaa,0xe7,0xaa,0x07,0xab,
0x07,0xab,0x07,0xab,0xe7,0xb2,0xe7,0xaa,0xe7,0xaa,0xe7,0xaa,0xe7,0xaa,0xe7,0xaa,0xe7,0xaa,0xe7,0xaa,0xc7,0xaa,0xc7,0xaa,
0xe7,0xaa,0xe7,0xaa,0xe7,0xaa,0xe7,0xaa,0xe7,0xaa,0xc7,0xaa,0xe7,0xaa,0xe7,0xaa,0xe7,0xaa,0xe7,0xaa,0xe7,0xaa,0xe7,0xaa,
0xe7,0xaa,0xe7,0xaa,0xc7,0xaa,0xe7,0xaa,0xe7,0xaa,0xe7,0xaa,0xe7,0xaa,0xe7,0xaa,0xe7,0xaa,0xe7,0xaa,0xc7,0xaa,0xe7,0xaa,
0xe7,0xaa,0xa6,0xa2,0xea,0xc2,0x8a,0xd2,0x3a,0xff,0x5a,0xff,0xb6,0xfd,0x75,0xfd,0x34,0xfd,0x39,0xff,0x34,0xfd,0x54,0xfd,
0x0c,0xdb,0xb1,0xfd,0x91,0xfd,0x90,0xfd,0x91,0xfd,0x91,0xfd,0x91,0xfd,0x70,0xfd,0x91,0xfd,0x91,0xfd,0x91,0xfd,0x71,0xfd,
0x91,0xfd,0x91,0xfd,0x91,0xfd,0x91,0xfd,0x91,0xfd,0xb2,0xfd,0x45,0x82,0x2c,0xf5,0x2a,0xd4,0x2a,0xdc,0x0a,0xd4,0x09,0xcc,
0x09,0xd4,0x2a,0xd4,0x0a,0xd4,0x09,0xd4,0x2a,0xd4,0x2a,0xd4,0x09,0xd4,0x09,0xd4,0x09,0xd4,0x09,0xd4,0x09,0xd4,0x09,0xd4,
0x09,0xd4,0x09,0xd4,0x09,0xd4,0x09,0xd4,0x09,0xd4,0x09,0xd4,0x09,0xd4,0x0a,0xd4,0x0a,0xd4,0x09,0xd4,0x09,0xd4,0x25,0x82,
0x90,0xfd,0x91,0xfd,0x91,0xfd,0x91,0xfd,0x91,0xfd,0x91,0xfd,0x91,0xfd,0x91,0xfd,0x91,0xfd,0x91,0xfd,0x91,0xfd,0x91,0xfd,
0xe8,0x22,0x69,0x2b,0xa9,0x2b,0x6b,0x34,0x6b,0x34,0x6a,0x34,0x49,0x2b,0x4a,0x34,0x0b,0x45,0x28,0x2b,0x4a,0x34,0xa9,0x2b,
0x4a,0x34,0x6a,0x34,0x2a,0x34,0xa8,0x1a,0x70,0xfd,0x4f,0xfd,0x90,0xf5,0x29,0x2b,0xa7,0x22,0xe8,0x22,0x6c,0x4d,0x4c,0x4d,
0x2c,0x4d,0x4b,0x4d,0x8b,0x3c,0x6b,0x3c,0x6a,0x3c,0x08,0x23,0x91,0xf5,0x91,0xfd,0x91,0xfd,0x91,0xfd,0x91,0xfd,0x91,0xfd,
0x91,0xfd,0x91,0xfd,0x91,0xfd,0x91,0xfd,0x91,0xfd,0x91,0xfd,0x91,0xfd,0xab,0xd2,0x11,0xfc,0x10,0xfc,0xf3,0xfc,0xb2,0xfc,
0x6e,0xfb,0x51,0xfc,0xd6,0xfd,0x93,0xfc,0xab,0xda,0xcb,0xda,0x2b,0xe4,0x4c,0xf4,0x2c,0xf4,0x4c,0xf4,0x4c,0xf4,0x4c,0xf4,
0x4c,0xf4,0x4c,0xf4,0x4c,0xf4,0x4c,0xf4,0x4c,0xf4,0x4c,0xf4,0x4c,0xf4,0x4c,0xf4,0x4c,0xf4,0x4c,0xf4,0x4c,0xf4,0x4c,0xf4,
0x4c,0xf4,0x4c,0xf4,0x4c,0xf4,0x4c,0xf4,0x4c,0xf4,0x2c,0xec,0x4c,0xf4,0x2c,0xf4,0x2b,0xec,0x2c,0xec,0x4c,0xf4,0x4c,0xf4,
0x4c,0xf4,0x4c,0xf4,0x4c,0xf4,0x4c,0xf4,0x4c,0xf4,0x4c,0xf4,0x4c,0xf4,0x2c,0xf4,0x4c,0xf4,0x4c,0xf4,0x2c,0xf4,0x2c,0xec,
0x2c,0xec,0x4c,0xf4,0x4c,0xf4,0x4c,0xf4,0x6c,0xf4,0x4c,0xf4,0x4c,0xf4,0x4c,0xec,0x4c,0xf4,0x2c,0xf4,0x2c,0xf4,0x2c,0xf4,
0x4c,0xf4,0x4c,0xf4,0x4c,0xf4,0x4c,0xec,0x4c,0xf4,0x6c,0xf4,0x4b,0xe3,0x49,0xca,0x75,0xfd,0x34,0xfd,0xd0,0xfb,0x6f,0xfb,
0x6f,0xfb,0x95,0xfd,0x92,0xfc,0xaf,0xfb,0x8a,0xd2,0xb1,0xfd,0x91,0xfd,0x91,0xfd,0x90,0xfd,0x91,0xfd,0x91,0xfd,0x91,0xfd,
0x91,0xfd,0x70,0xfd,0x70,0xfd,0x91,0xfd,0x91,0xfd,0x90,0xfd,0x70,0xfd,0x90,0xfd,0x90,0xfd,0xb1,0xfd,0x45,0x82,0x0c,0xf5,
0x4a,0xd4,0x65,0x8a,0xc5,0x71,0xe5,0x71,0xe5,0x79,0xc5,0x69,0xe5,0x71,0xe5,0x71,0xe5,0x71,0xe5,0x71,0x05,0x72,0xe5,0x71,
0xe5,0x71,0xe5,0x71,0xe5,0x71,0xe5,0x71,0xe5,0x71,0xe5,0x71,0xe5,0x71,0xe5,0x71,0xe5,0x71,0xe5,0x71,0xe5,0x71,0x05,0x7a,
0x86,0x92,0x2a,0xd4,0x09,0xd4,0x25,0x82,0x91,0xfd,0x91,0xfd,0x91,0xfd,0x91,0xfd,0x91,0xfd,0x91,0xfd,0x91,0xfd,0x91,0xfd,
0x91,0xfd,0x91,0xfd,0x91,0xfd,0x91,0xfd,0x90,0xfd,0xc7,0x1a,0xe8,0x22,0x4a,0x34,0x4a,0x34,0x4a,0x34,0x69,0x33,0x2a,0x34,
0xcb,0x44,0xe8,0x2a,0x89,0x2b,0xca,0x33,0xc9,0x2b,0xc7,0x1a,0xc8,0x2a,0xd2,0xfd,0x70,0xfd,0xc7,0x1a,0x89,0x2b,0x4c,0x4d,
0x4b,0x4d,0x2b,0x4d,0x4c,0x4d,0x4c,0x4d,0x2c,0x4d,0xab,0x3c,0xab,0x3c,0x6a,0x3c,0xa9,0x2b,0xa7,0x22,0xb1,0xfd,0x91,0xfd,
0x91,0xfd,0x91,0xfd,0x91,0xfd,0x91,0xfd,0x91,0xfd,0x91,0xfd,0x91,0xfd,0x91,0xfd,0x91,0xfd,0x91,0xfd,0x91,0xfd,0xac,0xe3,
0xcb,0xd2,0xcb,0xd2,0xab,0xd2,0xcb,0xda,0xcb,0xda,0xcb,0xda,0xcb,0xda,0xcc,0xda,0x4c,0xdb,0xac,0xe3,0x91,0xfd,0x91,0xfd,
0x91,0xfd,0x91,0xfd,0x70,0xfd,0x91,0xfd,0x91,0xfd,0x91,0xfd,0x91,0xfd,0x71,0xfd,0x71,0xfd,0x91,0xfd,0x71,0xfd,0x91,0xfd,
0x91,0xfd,0x91,0xfd,0x91,0xfd,0x90,0xfd,0x90,0xfd,0x91,0xfd,0x91,0xfd,0x91,0xfd,0x91,0xfd,0x91,0xfd,0x91,0xfd,0x91,0xfd,
0x91,0xfd,0x71,0xfd,0x91,0xfd,0x91,0xfd,0x91,0xfd,0x91,0xfd,0x91,0xfd,0x91,0xfd,0x91,0xfd,0x91,0xfd,0x70,0xfd,0x91,0xfd,
0x91,0xfd,0x91,0xfd,0x91,0xfd,0x91,0xfd,0x91,0xfd,0x91,0xfd,0x91,0xfd,0x91,0xfd,0x91,0xfd,0x91,0xfd,0x91,0xfd,0x91,0xfd,
0x91,0xfd,0x91,0xfd,0x91,0xfd,0x71,0xfd,0x70,0xfd,0x71,0xfd,0x91,0xfd,0x71,0xfd,0x91,0xfd,0x91,0xfd,0xae,0xf4,0xeb,0xd2,
0xcb,0xd2,0xab,0xd2,0x8b,0xd2,0xab,0xd2,0xcb,0xda,0xab,0xd2,0xab,0xd2,0xcb,0xd2,0xcd,0xdb,0x90,0xfd,0x90,0xfd,0x91,0xfd,
0x70,0xfd,0x91,0xfd,0x71,0xfd,0x91,0xfd,0x70,0xfd,0x91,0xfd,0x91,0xfd,0x91,0xfd,0x91,0xfd,0x70,0xfd,0x91,0xfd,0x90,0xfd,
0x70,0xfd,0xb1,0xfd,0x45,0x82,0xec,0xec,0x09,0xd4,0xc7,0x9a,0x05,0x6a,0x05,0x72,0xe5,0x69,0xe5,0x69,0x05,0x72,0x05,0x72,
0x05,0x72,0x05,0x72,0x05,0x72,0x05,0x72,0x05,0x72,0x25,0x7a,0x25,0x7a,0x05,0x72,0x05,0x72,0x05,0x72,0x05,0x72,0x05,0x72,
0xe5,0x71,0xe5,0x69,0xe5,0x69,0xe5,0x69,0x07,0xab,0x09,0xd4,0x09,0xd4,0x25,0x82,0x91,0xfd,0x91,0xfd,0x91,0xfd,0x91,0xfd,
0x91,0xfd,0x91,0xfd,0x91,0xfd,0x91,0xfd,0x91,0xfd,0x91,0xfd,0x91,0xfd,0x91,0xfd,0x91,0xfd,0x70,0xf5,0xb1,0xfd,0x49,0x23,
0x28,0x23,0x29,0x23,0xc8,0x22,0x28,0x2b,0xe9,0x33,0x08,0x2b,0xa8,0x22,0x08,0x23,0xe8,0x22,0x51,0xe5,0x70,0xf5,0xf2,0xfd,
0x69,0x2b,0x4b,0x45,0x2b,0x45,0x2b,0x4d,0x4b,0x4d,0x4b,0x4d,0xeb,0x44,0x4a,0x34,0x4b,0x34,0x2a,0x34,0xca,0x33,0xa9,0x2b,
0xc8,0x22,0x71,0xf5,0x91,0xfd,0x91,0xfd,0x91,0xfd,0x91,0xfd,0x91,0xfd,0x91,0xfd,0x91,0xfd,0x91,0xfd,0x91,0xfd,0x70,0xfd,
0x91,0xfd,0x91,0xfd,0x70,0xfd,0xee,0xfc,0xce,0xf4,0xcd,0xf4,0xce,0xf4,0xad,0xf4,0xad,0xf4,0xad,0xf4,0xad,0xf4,0xce,0xf4,
0x0f,0xfd,0x0f,0xfd,0x70,0xfd,0x91,0xfd,0x90,0xfd,0x70,0xfd,0x90,0xfd,0x91,0xfd,0x90,0xfd,0x71,0xfd,0x91,0xfd,0x91,0xfd,
0x70,0xfd,0x91,0xfd,0x71,0xfd,0x91,0xfd,0x91,0xfd,0x91,0xfd,0x91,0xfd,0x91,0xfd,0x71,0xfd,0x91,0xfd,0x91,0xfd,0x91,0xfd,
0x91,0xfd,0x91,0xfd,0x91,0xfd,0x91,0xfd,0x90,0xfd,0x91,0xfd,0x91,0xfd,0x91,0xfd,0x91,0xfd,0x91,0xfd,0x91,0xfd,0x91,0xfd,
0x91,0xfd,0x91,0xfd,0x91,0xfd,0x91,0xfd,0x91,0xfd,0x91,0xfd,0x91,0xfd,0x91,0xfd,0x91,0xfd,0x91,0xfd,0x91,0xfd,0x91,0xfd,
0x91,0xfd,0x91,0xfd,0x91,0xfd,0x91,0xfd,0x91,0xfd,0x91,0xfd,0x91,0xfd,0x70,0xfd,0x91,0xfd,0x70,0xfd,0x70,0xfd,0x70,0xfd,
0x70,0xfd,0x70,0xfd,0x70,0xfd,0x0f,0xfd,0xad,0xf4,0xad,0xf4,0x8d,0xf4,0x8d,0xf4,0x8d,0xf4,0xad,0xf4,0xad,0xf4,0xad,0xf4,
0x2f,0xfd,0x91,0xfd,0x90,0xfd,0x70,0xfd,0x90,0xfd,0x71,0xfd,0x71,0xfd,0x71,0xfd,0x91,0xfd,0x91,0xfd,0x90,0xfd,0x91,0xfd,
0x91,0xfd,0x91,0xfd,0x91,0xfd,0x90,0xfd,0x70,0xfd,0xb1,0xfd,0x45,0x82,0x0c,0xed,0x2a,0xd4,0xc7,0xa2,0x05,0x72,0xee,0x49,
0x93,0x5a,0xd5,0x62,0xd5,0x62,0xe5,0x69,0x45,0x6a,0x0c,0x5d,0xec,0x5c,0xc5,0xc3,0x07,0xd4,0xc6,0xd3,0x06,0x93,0x08,0x53,
0x69,0x43,0x69,0x43,0x6f,0x3b,0x8f,0x3b,0x90,0x3b,0x05,0x6a,0x05,0x6a,0x25,0x72,0xe7,0xa2,0x09,0xd4,0x09,0xd4,0x45,0x82,
0x91,0xfd,0x91,0xfd,0x91,0xfd,0x91,0xfd,0x91,0xfd,0x91,0xfd,0x91,0xfd,0x91,0xfd,0x91,0xfd,0x91,0xfd,0x91,0xfd,0x91,0xfd,
0x90,0xfd,0x91,0xfd,0xd2,0xfd,0x08,0x2b,0xe8,0x2a,0x29,0x2b,0x08,0x2b,0xc8,0x22,0xc9,0x33,0x28,0x2b,0xa7,0x22,0xab,0x73,
0x2c,0x7c,0xd2,0xf5,0xb1,0xfd,0xad,0xac,0xe9,0x33,0x4b,0x4d,0x4b,0x4d,0xeb,0x44,0xab,0x44,0xeb,0x4c,0x6a,0x3c,0x6a,0x3c,
0x6b,0x3c,0x2a,0x34,0x89,0x2b,0xaa,0x2b,0x08,0x23,0x91,0xfd,0x91,0xfd,0x91,0xfd,0x91,0xfd,0x91,0xfd,0x91,0xfd,0x91,0xfd,
0x91,0xfd,0x91,0xfd,0x91,0xfd,0x91,0xfd,0x70,0xfd,0x91,0xfd,0x91,0xfd,0x91,0xfd,0x91,0xfd,0x91,0xfd,0x91,0xfd,0x91,0xfd,
0x91,0xfd,0x91,0xfd,0x91,0xfd,0x91,0xfd,0x91,0xfd,0x91,0xfd,0x71,0xfd,0x91,0xfd,0x91,0xfd,0x70,0xfd,0x71,0xfd,0x70,0xfd,
0x91,0xfd,0x91,0xfd,0x90,0xfd,0x91,0xfd,0x91,0xfd,0x91,0xfd,0x91,0xfd,0x91,0xfd,0x91,0xfd,0x91,0xfd,0x91,0xfd,0x91,0xfd,
0x91,0xfd,0x91,0xfd,0x91,0xfd,0x91,0xfd,0x91,0xfd,0x91,0xfd,0x91,0xfd,0x70,0xfd,0x91,0xfd,0x91,0xfd,0x91,0xfd,0x71,0xfd,
0x90,0xfd,0x91,0xfd,0x91,0xfd,0x91,0xfd,0x91,0xfd,0x71,0xfd,0x91,0xfd,0x71,0xfd,0x91,0xfd,0x91,0xfd,0x91,0xfd,0x91,0xfd,
0x91,0xfd,0x91,0xfd,0x91,0xfd,0x91,0xfd,0x91,0xfd,0x91,0xfd,0x91,0xfd,0x91,0xfd,0x91,0xfd,0x91,0xfd,0x91,0xfd,0x91,0xfd,
0x71,0xfd,0x71,0xfd,0x90,0xfd,0x91,0xfd,0x91,0xfd,0x70,0xfd,0x71,0xfd,0x71,0xfd,0x91,0xfd,0x91,0xfd,0x91,0xfd,0x71,0xfd,
0x91,0xfd,0x91,0xfd,0x91,0xfd,0x91,0xfd,0x91,0xfd,0x90,0xfd,0x91,0xfd,0x70,0xfd,0x70,0xfd,0x91,0xfd,0x90,0xfd,0x91,0xfd,
0x91,0xfd,0x91,0xfd,0x91,0xfd,0x91,0xfd,0x91,0xfd,0x91,0xfd,0x91,0xfd,0x91,0xfd,0x70,0xfd,0xb1,0xfd,0x45,0x82,0xec,0xec,
0x2a,0xd4,0xc7,0xa2,0xe5,0x69,0xef,0x49,0x0f,0x5a,0xf4,0x8b,0x16,0x7b,0x27,0x72,0xec,0x64,0x2c,0x5d,0x0c,0x5d,0xa7,0xab,
0xc7,0xf5,0xa7,0xe4,0xa7,0x4b,0xa6,0x7a,0x0a,0x44,0x2a,0x44,0xed,0x6a,0xb5,0x5c,0xb5,0x64,0x51,0x3b,0x4e,0x5b,0x05,0x72,
0xe7,0xa2,0x09,0xd4,0x09,0xd4,0x45,0x82,0x91,0xfd,0x91,0xfd,0x91,0xfd,0x91,0xfd,0x91,0xfd,0xb1,0xfd,0x91,0xfd,0x91,0xfd,
0xb1,0xfd,0xb1,0xfd,0xb1,0xfd,0x90,0xfd,0x91,0xfd,0x91,0xfd,0x91,0xfd,0x70,0xfd,0x70,0xfd,0x91,0xfd,0x47,0x12,0xe8,0x22,
0x28,0x53,0x48,0x33,0x08,0x23,0x91,0xf5,0x91,0xfd,0x91,0xfd,0xb1,0xf5,0xc7,0x22,0x2b,0x4d,0x4c,0x4d,0x6c,0x4d,0xea,0x33,
0x0a,0x34,0x8b,0x3c,0xcb,0x44,0xcb,0x44,0x8b,0x3c,0x4a,0x34,0x89,0x2b,0x28,0x23,0xa8,0x2a,0x91,0xfd,0x91,0xfd,0x91,0xfd,
0x91,0xfd,0x91,0xfd,0x91,0xfd,0x91,0xfd,0x91,0xfd,0x91,0xfd,0x91,0xfd,0x91,0xfd,0x91,0xfd,0x91,0xfd,0x91,0xfd,0x91,0xfd,
0x90,0xfd,0x90,0xfd,0x91,0xfd,0x91,0xfd,0x91,0xfd,0x91,0xfd,0x91,0xfd,0x91,0xfd,0x91,0xfd,0x91,0xfd,0x91,0xfd,0x91,0xfd,
0x91,0xfd,0x71,0xfd,0x91,0xfd,0x90,0xfd,0x91,0xfd,0x91,0xfd,0x91,0xfd,0x91,0xfd,0x91,0xfd,0x91,0xfd,0x91,0xfd,0x91,0xfd,
0x91,0xfd,0x91,0xfd,0x91,0xfd,0x91,0xfd,0x91,0xfd,0x91,0xfd,0x71,0xfd,0x91,0xfd,0x91,0xfd,0x91,0xfd,0x91,0xfd,0x91,0xfd,
0x91,0xfd,0x91,0xfd,0x71,0xfd,0x91,0xfd,0x91,0xfd,0x91,0xfd,0x91,0xfd,0x91,0xfd,0x91,0xfd,0x91,0xfd,0x91,0xfd,0x91,0xfd,
0x91,0xfd,0x91,0xfd,0x91,0xfd,0x91,0xfd,0x91,0xfd,0x91,0xfd,0x71,0xfd,0x91,0xfd,0x91,0xfd,0x71,0xfd,0x91,0xfd,0x91,0xfd,
0x91,0xfd,0x91,0xfd,0x91,0xfd,0x91,0xfd,0x91,0xfd,0x91,0xfd,0x91,0xfd,0x70,0xfd,0x70,0xfd,0x70,0xfd,0x91,0xfd,0x70,0xfd,
0x91,0xfd,0x90,0xfd,0x70,0xfd,0x91,0xfd,0x70,0xfd,0x91,0xfd,0x71,0xfd,0x71,0xfd,0x71,0xfd,0x70,0xfd,0x90,0xfd,0x90,0xfd,
0x71,0xfd,0x70,0xfd,0x71,0xfd,0x70,0xfd,0x70,0xfd,0x91,0xfd,0x91,0xfd,0x91,0xfd,0x91,0xfd,0x91,0xfd,0x91,0xfd,0x91,0xfd,
0x71,0xfd,0xb1,0xfd,0x45,0x82,0xec,0xec,0x0a,0xd4,0xc6,0xa2,0xe5,0x69,0x32,0x4a,0xb2,0x62,0xd6,0x8a,0x97,0x8a,0xeb,0x32,
0x4c,0x5d,0x4c,0x5d,0x2c,0x65,0x84,0xcb,0xa7,0xe5,0x88,0xed,0xe7,0x4b,0xa6,0xa2,0xa9,0xa3,0x48,0xb3,0xed,0x82,0xb7,0x5c,
0x96,0x5c,0x92,0x3b,0x30,0x43,0x05,0x72,0xe7,0xa2,0xe9,0xd3,0x09,0xd4,0x46,0x82,0x91,0xfd,0x91,0xfd,0x91,0xfd,0x91,0xfd,
0x90,0xfd,0x09,0x23,0x08,0x23,0xe8,0x22,0xe8,0x22,0x08,0x23,0x08,0x23,0x08,0x23,0xe8,0x22,0x90,0xf5,0x70,0xfd,0x91,0xfd,
0xb1,0xfd,0x90,0xfd,0x91,0xf5,0x09,0x23,0xea,0x33,0x07,0x63,0x70,0xfd,0xb1,0xfd,0x91,0xfd,0xee,0xbc,0xc8,0x22,0xab,0x3c,
0x2c,0x4d,0x0b,0x45,0x69,0x2b,0x4b,0x34,0xeb,0x44,0xeb,0x44,0xeb,0x44,0xcb,0x44,0x4a,0x34,0x69,0x2b,0xa8,0x1a,0x09,0x43,
0x91,0xfd,0x91,0xfd,0x91,0xfd,0x91,0xfd,0x91,0xfd,0x91,0xfd,0x91,0xfd,0x91,0xfd,0x91,0xfd,0x91,0xfd,0x91,0xfd,0x91,0xfd,
0x91,0xfd,0x91,0xfd,0x91,0xfd,0x91,0xfd,0x91,0xfd,0x91,0xfd,0x91,0xfd,0x91,0xfd,0x91,0xfd,0x91,0xfd,0x91,0xfd,0x91,0xfd,
0x91,0xfd,0x91,0xfd,0x91,0xfd,0x71,0xfd,0x91,0xfd,0x91,0xfd,0x91,0xfd,0x70,0xfd,0x91,0xfd,0x90,0xfd,0x91,0xfd,0x91,0xfd,
0x91,0xfd,0x70,0xfd,0x71,0xfd,0x91,0xfd,0x71,0xfd,0x90,0xfd,0x91,0xfd,0x71,0xfd,0x91,0xfd,0x91,0xfd,0x91,0xfd,0x91,0xfd,
0x91,0xfd,0x91,0xfd,0x71,0xfd,0x91,0xfd,0x91,0xfd,0x91,0xfd,0x91,0xfd,0x91,0xfd,0x91,0xfd,0x91,0xfd,0x91,0xfd,0x91,0xfd,
0x91,0xfd,0x91,0xfd,0x91,0xfd,0x91,0xfd,0x91,0xfd,0x70,0xfd,0x91,0xfd,0x91,0xfd,0x91,0xfd,0x71,0xfd,0x71,0xfd,0x71,0xfd,
0x91,0xfd,0x91,0xfd,0x91,0xfd,0x91,0xfd,0x91,0xfd,0x91,0xfd,0x91,0xfd,0x91,0xfd,0x91,0xfd,0x91,0xfd,0x91,0xfd,0x91,0xfd,
0x91,0xfd,0x91,0xfd,0x91,0xfd,0x70,0xfd,0x91,0xfd,0x70,0xfd,0x91,0xfd,0x91,0xfd,0x91,0xfd,0x91,0xfd,0x90,0xfd,0x90,0xfd,
0x70,0xfd,0x90,0xfd,0x91,0xfd,0x91,0xfd,0x91,0xfd,0x70,0xfd,0x91,0xfd,0x70,0xfd,0x91,0xfd,0x91,0xfd,0x91,0xfd,0x91,0xfd,
0x91,0xfd,0x91,0xfd,0x91,0xfd,0x91,0xfd,0x91,0xfd,0xb2,0xfd,0x46,0x8a,0xec,0xec,0x0a,0xd4,0xc6,0x9a,0xe5,0x69,0x53,0x4a,
0x72,0x5a,0x5b,0x74,0xfb,0x8b,0x15,0x5b,0xf1,0x96,0xb1,0x96,0xb1,0x96,0xa4,0xd3,0x87,0xe5,0x67,0xed,0xe7,0x4b,0x48,0x83,
0xe8,0xe2,0xc8,0xe2,0xd1,0x63,0xd9,0x8d,0xb9,0x85,0x15,0x4c,0xb1,0x63,0x46,0x7a,0xe7,0xa2,0x09,0xd4,0x09,0xd4,0x45,0x8a,
0x91,0xfd,0x91,0xfd,0x91,0xfd,0x91,0xfd,0xd2,0xfd,0xc8,0x22,0x6a,0x34,0x6b,0x3c,0x8a,0x3c,0xab,0x3c,0xab,0x3c,0x8b,0x3c,
0xab,0x3c,0xe8,0x22,0xa8,0x22,0x67,0x12,0x70,0xfd,0x70,0xfd,0x91,0xfd,0xeb,0x7b,0x27,0x23,0x67,0x53,0xb1,0xfd,0xb1,0xfd,
0xf2,0xfd,0x69,0x23,0x2b,0x45,0x0b,0x45,0x2b,0x45,0x69,0x2b,0xcb,0x44,0xeb,0x44,0xeb,0x44,0xeb,0x44,0xcb,0x44,0x2a,0x34,
0xa9,0x2b,0xc8,0x22,0x50,0xf5,0x71,0xfd,0x91,0xfd,0x91,0xfd,0x91,0xfd,0x91,0xfd,0x91,0xfd,0x91,0xfd,0x91,0xfd,0x91,0xfd,
0x91,0xfd,0x91,0xfd,0x91,0xfd,0x91,0xfd,0x91,0xfd,0x91,0xfd,0x91,0xfd,0x91,0xfd,0x91,0xfd,0x91,0xfd,0x91,0xfd,0x91,0xfd,
0x91,0xfd,0x91,0xfd,0x91,0xfd,0x91,0xfd,0x91,0xfd,0x91,0xfd,0x91,0xfd,0x91,0xfd,0x71,0xfd,0x91,0xfd,0x91,0xfd,0x71,0xfd,
0x91,0xfd,0x70,0xfd,0x90,0xfd,0x71,0xfd,0x90,0xfd,0x70,0xfd,0x70,0xfd,0x71,0xfd,0x70,0xfd,0x71,0xfd,0x71,0xfd,0x70,0xfd,
0x71,0xfd,0x91,0xfd,0x90,0xfd,0x70,0xfd,0x90,0xfd,0x90,0xfd,0x71,0xfd,0x71,0xfd,0x91,0xfd,0x71,0xfd,0x70,0xfd,0x70,0xfd,
0x91,0xfd,0x70,0xfd,0x91,0xfd,0x91,0xfd,0x91,0xfd,0x91,0xfd,0x91,0xfd,0x91,0xfd,0x91,0xfd,0x71,0xfd,0x71,0xfd,0x91,0xfd,
0x91,0xfd,0x91,0xfd,0x91,0xfd,0x91,0xfd,0x91,0xfd,0x71,0xfd,0x71,0xfd,0x91,0xfd,0x91,0xfd,0x91,0xfd,0x71,0xfd,0x91,0xfd,
0x91,0xfd,0x71,0xfd,0x91,0xfd,0x90,0xfd,0x70,0xfd,0x90,0xfd,0x91,0xfd,0x91,0xfd,0x91,0xfd,0x91,0xfd,0x90,0xfd,0x91,0xfd,
0x71,0xfd,0x91,0xfd,0x91,0xfd,0x91,0xfd,0x91,0xfd,0x91,0xfd,0x70,0xfd,0x91,0xfd,0x71,0xfd,0x91,0xfd,0x91,0xfd,0x70,0xfd,
0x91,0xfd,0x91,0xfd,0x91,0xfd,0x91,0xfd,0x91,0xfd,0x91,0xfd,0x91,0xfd,0x91,0xfd,0x91,0xfd,0xb1,0xfd,0x45,0x82,0xec,0xec,
0x09,0xd4,0xc6,0xa2,0x45,0x82,0x73,0x4a,0x93,0x62,0x5b,0x74,0xdb,0x93,0x70,0x63,0xf1,0x9e,0xb1,0x96,0x91,0x96,0x84,0xd3,
0x87,0xed,0x87,0xed,0x48,0x44,0x28,0x93,0x87,0xd2,0x67,0xd2,0xb0,0x63,0xb9,0x85,0x55,0xd6,0x56,0x4c,0x4f,0x5b,0x46,0x7a,
0xe7,0xa2,0x09,0xd4,0x09,0xd4,0x45,0x82,0x91,0xfd,0x91,0xfd,0x91,0xfd,0x91,0xfd,0x70,0xfd,0xc8,0x22,0x4a,0x34,0x0b,0x45,
0x0b,0x45,0x2a,0x34,0x0a,0x34,0x8b,0x3c,0x8b,0x3c,0xcb,0x44,0x0a,0x34,0xca,0x33,0xa7,0x0a,0x91,0xfd,0x91,0xfd,0x91,0xfd,
0xe7,0x2a,0x87,0x63,0x70,0xfd,0x70,0xfd,0x47,0x1a,0x8a,0x44,0x0b,0x45,0x2c,0x4d,0xea,0x2b,0x2b,0x4d,0xeb,0x44,0xcb,0x44,
0xcb,0x3c,0x2a,0x34,0x2a,0x34,0x69,0x2b,0xa8,0x22,0x50,0xcd,0x91,0xfd,0x91,0xfd,0x91,0xfd,0x91,0xfd,0x91,0xfd,0x91,0xfd,
0x91,0xfd,0x91,0xfd,0x91,0xfd,0x91,0xfd,0x91,0xfd,0x91,0xfd,0x91,0xfd,0x91,0xfd,0x91,0xfd,0x91,0xfd,0x91,0xfd,0x91,0xfd,
0x91,0xfd,0x91,0xfd,0x91,0xfd,0x91,0xfd,0x91,0xfd,0x91,0xfd,0x91,0xfd,0x91,0xfd,0x91,0xfd,0x91,0xfd,0x70,0xfd,0x91,0xfd,
0x91,0xfd,0x70,0xfd,0x91,0xfd,0x91,0xfd,0x90,0xfd,0x71,0xfd,0x91,0xfd,0x70,0xfd,0x71,0xfd,0x90,0xfd,0x70,0xfd,0x70,0xfd,
0x91,0xfd,0x91,0xfd,0x70,0xfd,0x91,0xfd,0x91,0xfd,0x70,0xfd,0x91,0xfd,0x71,0xfd,0x71,0xfd,0x91,0xfd,0x90,0xfd,0x91,0xfd,
0x71,0xfd,0x71,0xfd,0x70,0xfd,0x71,0xfd,0x70,0xfd,0x91,0xfd,0x91,0xfd,0x91,0xfd,0x91,0xfd,0x91,0xfd,0x91,0xfd,0x70,0xfd,
0x91,0xfd,0x71,0xfd,0x91,0xfd,0x91,0xfd,0x91,0xfd,0x91,0xfd,0x91,0xfd,0x91,0xfd,0x71,0xfd,0x91,0xfd,0x71,0xfd,0x91,0xfd,
0x91,0xfd,0x90,0xfd,0x91,0xfd,0x91,0xfd,0x91,0xfd,0x71,0xfd,0x71,0xfd,0x91,0xfd,0x70,0xfd,0x70,0xfd,0x91,0xfd,0x91,0xfd,
0x91,0xfd,0x91,0xfd,0x90,0xfd,0x91,0xfd,0x91,0xfd,0x71,0xfd,0x91,0xfd,0x91,0xfd,0x70,0xfd,0x91,0xfd,0x91,0xfd,0x91,0xfd,
0x91,0xfd,0x91,0xfd,0x91,0xfd,0x91,0xfd,0x91,0xfd,0x91,0xfd,0x91,0xfd,0x91,0xfd,0x91,0xfd,0x91,0xfd,0x91,0xfd,0x91,0xfd,
0x91,0xfd,0xb1,0xfd,0x45,0x8a,0xec,0xec,0x0a,0xd4,0xe7,0xa2,0x45,0x7a,0x72,0x42,0x72,0x52,0xfa,0x83,0xba,0x83,0xb1,0x72,
0xf1,0x96,0xb1,0x96,0xb1,0x96,0xa4,0xd3,0x87,0xed,0x87,0xed,0x28,0x44,0x07,0x9b,0x87,0xd2,0xa8,0xda,0xd1,0x6b,0x99,0x7d,
0x99,0x7d,0x93,0x3b,0x2e,0x5b,0x26,0x7a,0xe7,0xa2,0x09,0xd4,0x09,0xd4,0x45,0x82,0x91,0xfd,0x91,0xfd,0x91,0xfd,0x91,0xfd,
0xb1,0xfd,0xa8,0x2a,0x2a,0x34,0x6c,0x4d,0x6b,0x4d,0x4b,0x4d,0x2b,0x4d,0xc9,0x33,0xab,0x3c,0xab,0x3c,0x2a,0x34,0xea,0x33,
0x08,0x23,0xd1,0xfd,0x91,0xfd,0x70,0xfd,0xe7,0x2a,0x67,0x63,0x90,0xfd,0xb0,0xfd,0x29,0x23,0x4c,0x4d,0xeb,0x44,0xeb,0x4c,
0xa9,0x2b,0x2a,0x34,0x2a,0x34,0x2a,0x34,0xea,0x33,0xea,0x33,0x4a,0x34,0x89,0x2b,0xa8,0x22,0x70,0xfd,0x91,0xfd,0x91,0xfd,
0x91,0xfd,0x91,0xfd,0x91,0xfd,0x91,0xfd,0x91,0xfd,0x91,0xfd,0x91,0xfd,0x91,0xfd,0x91,0xfd,0x91,0xfd,0x91,0xfd,0x91,0xfd,
0x91,0xfd,0x91,0xfd,0x91,0xfd,0x91,0xfd,0x91,0xfd,0x71,0xfd,0x91,0xfd,0x71,0xfd,0x91,0xfd,0x70,0xfd,0x91,0xfd,0x91,0xfd,
0x90,0xfd,0x91,0xfd,0x71,0xfd,0x71,0xfd,0x91,0xfd,0x91,0xfd,0x91,0xfd,0x91,0xfd,0x91,0xfd,0x90,0xfd,0x71,0xfd,0x71,0xfd,
0x70,0xfd,0x91,0xfd,0x90,0xfd,0x70,0xfd,0x70,0xfd,0x70,0xfd,0x71,0xfd,0x71,0xfd,0x70,0xfd,0x71,0xfd,0x90,0xfd,0x70,0xfd,
0x70,0xfd,0x70,0xfd,0x71,0xfd,0x71,0xfd,0x71,0xfd,0x71,0xfd,0x91,0xfd,0x71,0xfd,0x91,0xfd,0x71,0xfd,0x71,0xfd,0x91,0xfd,
0x91,0xfd,0x71,0xfd,0x70,0xfd,0x71,0xfd,0x71,0xfd,0x90,0xfd,0x70,0xfd,0x71,0xfd,0x91,0xfd,0x91,0xfd,0x71,0xfd,0x91,0xfd,
0x91,0xfd,0x71,0xfd,0x71,0xfd,0x91,0xfd,0x91,0xfd,0x71,0xfd,0x91,0xfd,0x71,0xfd,0x70,0xfd,0x71,0xfd,0x90,0xfd,0x71,0xfd,
0x71,0xfd,0x90,0xfd,0x71,0xfd,0x70,0xfd,0x90,0xfd,0x71,0xfd,0x91,0xfd,0x71,0xfd,0x91,0xfd,0x71,0xfd,0x70,0xfd,0x71,0xfd,
0x70,0xfd,0x91,0xfd,0x70,0xfd,0x91,0xfd,0x91,0xfd,0x91,0xfd,0x71,0xfd,0x71,0xfd,0x71,0xfd,0x71,0xfd,0x91,0xfd,0x91,0xfd,
0x91,0xfd,0x91,0xfd,0x91,0xfd,0x91,0xfd,0x91,0xfd,0xb2,0xfd,0x45,0x82,0xec,0xec,0x09,0xd4,0xe7,0xa2,0x45,0x7a,0x72,0x42,
0x92,0x4a,0x9a,0x8b,0x9b,0x83,0x71,0x72,0x11,0x9f,0xb1,0x96,0xb1,0x96,0xa4,0xd3,0x87,0xed,0x87,0xed,0x48,0x44,0xe7,0xa2,
0x87,0xe2,0xa8,0xe2,0xd1,0x63,0x58,0x6d,0x58,0x6d,0xd4,0x43,0x4f,0x5b,0x46,0x7a,0xe7,0xa2,0x09,0xd4,0x29,0xd4,0x45,0x82,
0x91,0xfd,0x91,0xfd,0x91,0xfd,0x91,0xfd,0x70,0xfd,0x50,0xfd,0x28,0x1b,0xec,0x44,0x2c,0x4d,0x4c,0x55,0x4b,0x4d,0x6c,0x4d,
0x2a,0x34,0xcb,0x3c,0xcb,0x3c,0xab,0x3c,0x49,0x23,0x69,0x43,0x91,0xfd,0x91,0xfd,0x48,0x33,0xa7,0x7b,0xb1,0xf5,0xe8,0x1a,
0x89,0x2b,0xab,0x44,0x4a,0x34,0x08,0x23,0x2a,0x3c,0x0a,0x34,0x0a,0x34,0x2a,0x34,0x2b,0x3c,0xea,0x33,0x2a,0x3c,0xe7,0x12,
0xc8,0x2a,0x91,0xfd,0x91,0xfd,0x91,0xfd,0x91,0xfd,0x91,0xfd,0x91,0xfd,0x91,0xfd,0x91,0xfd,0x91,0xfd,0x91,0xfd,0x91,0xfd,
0x91,0xfd,0x91,0xfd,0x91,0xfd,0x91,0xfd,0x91,0xfd,0x91,0xfd,0x91,0xfd,0x91,0xfd,0x91,0xfd,0x91,0xfd,0x70,0xfd,0x70,0xfd,
0x90,0xfd,0x70,0xfd,0x91,0xfd,0x91,0xfd,0x91,0xfd,0x91,0xfd,0x91,0xfd,0x91,0xfd,0x91,0xfd,0x91,0xfd,0x91,0xfd,0x91,0xfd,
0x91,0xfd,0x91,0xfd,0x91,0xfd,0x91,0xfd,0x71,0xfd,0x70,0xfd,0x70,0xfd,0x71,0xfd,0x70,0xfd,0x91,0xfd,0x70,0xfd,0x70,0xfd,
0x91,0xfd,0x70,0xfd,0x71,0xfd,0x71,0xfd,0x70,0xfd,0x70,0xfd,0x71,0xfd,0x91,0xfd,0x71,0xfd,0x71,0xfd,0x71,0xfd,0x71,0xfd,
0x91,0xfd,0x91,0xfd,0x91,0xfd,0x91,0xfd,0x71,0xfd,0x91,0xfd,0x71,0xfd,0x91,0xfd,0x90,0xfd,0x91,0xfd,0x70,0xfd,0x70,0xfd,
0x70,0xfd,0x91,0xfd,0x71,0xfd,0x71,0xfd,0x91,0xfd,0x91,0xfd,0x91,0xfd,0x91,0xfd,0x91,0xfd,0x71,0xfd,0x91,0xfd,0x70,0xfd,
0x91,0xfd,0x90,0xfd,0x70,0xfd,0x90,0xfd,0x70,0xfd,0x91,0xfd,0x91,0xfd,0x71,0xfd,0x71,0xfd,0x91,0xfd,0x71,0xfd,0x90,0xfd,
0x71,0xfd,0x71,0xfd,0x71,0xfd,0x71,0xfd,0x71,0xfd,0x70,0xfd,0x91,0xfd,0x91,0xfd,0x91,0xfd,0x91,0xfd,0x91,0xfd,0x90,0xfd,
0x91,0xfd,0x71,0xfd,0x91,0xfd,0x91,0xfd,0x91,0xfd,0x91,0xfd,0x91,0xfd,0x91,0xfd,0x91,0xfd,0xb2,0xfd,0x45,0x82,0xec,0xec,
0x0a,0xd4,0xe7,0x9a,0x45,0x82,0xb3,0x4a,0x92,0x52,0x7a,0x8b,0xbb,0x7b,0xd1,0x43,0xf2,0x9e,0xb1,0x9e,0xb2,0x9e,0x84,0xd3,
0x67,0xed,0x67,0xed,0x28,0x44,0x67,0xb2,0xa7,0xe2,0xa8,0xe2,0xb0,0x63,0x59,0x65,0xb6,0xe6,0xf5,0x43,0x70,0x63,0x46,0x82,
0xe7,0xa2,0x09,0xd4,0x0a,0xd4,0x45,0x82,0x91,0xfd,0x91,0xfd,0x91,0xfd,0x91,0xfd,0x91,0xfd,0xb1,0xfd,0xc8,0x1a,0xca,0x33,
0xea,0x33,0xeb,0x44,0x6b,0x55,0x8b,0x55,0x8c,0x55,0xca,0x33,0xaa,0x3c,0xab,0x3c,0x6a,0x34,0xe8,0x2a,0x70,0xfd,0x91,0xfd,
0x28,0x2b,0x07,0x73,0x29,0x23,0x69,0x2b,0xa9,0x2b,0x0a,0x34,0x0a,0x34,0x69,0x2b,0x2a,0x34,0xe9,0x33,0xea,0x33,0x2a,0x34,
0x29,0x23,0xe8,0x22,0xa7,0x22,0x8e,0xb4,0x91,0xfd,0x71,0xfd,0x71,0xfd,0x91,0xfd,0x91,0xfd,0x91,0xfd,0x91,0xfd,0x91,0xfd,
0x91,0xfd,0x91,0xfd,0x91,0xfd,0x91,0xfd,0x91,0xfd,0x91,0xfd,0x91,0xfd,0x91,0xfd,0x91,0xfd,0x91,0xfd,0x91,0xfd,0x91,0xfd,
0x91,0xfd,0x71,0xfd,0x70,0xfd,0x91,0xfd,0x91,0xfd,0x70,0xfd,0x91,0xfd,0x91,0xfd,0x91,0xfd,0x91,0xfd,0x91,0xfd,0x91,0xfd,
0x91,0xfd,0x91,0xfd,0x91,0xfd,0x91,0xfd,0x91,0xfd,0x91,0xfd,0x91,0xfd,0x90,0xfd,0x90,0xfd,0x91,0xfd,0x90,0xfd,0x70,0xfd,
0x71,0xfd,0x70,0xfd,0x70,0xfd,0x91,0xfd,0x71,0xfd,0x91,0xfd,0x70,0xfd,0x70,0xfd,0x70,0xfd,0x91,0xfd,0x71,0xfd,0x91,0xfd,
0x71,0xfd,0x90,0xfd,0x71,0xfd,0x91,0xfd,0x91,0xfd,0x70,0xfd,0x71,0xfd,0x91,0xfd,0x91,0xfd,0x71,0xfd,0x91,0xfd,0x70,0xfd,
0x70,0xfd,0x70,0xfd,0x70,0xfd,0x71,0xfd,0x70,0xfd,0x91,0xfd,0x91,0xfd,0x71,0xfd,0x71,0xfd,0x91,0xfd,0x91,0xfd,0x91,0xfd,
0x91,0xfd,0x91,0xfd,0x91,0xfd,0x91,0xfd,0x70,0xfd,0x71,0xfd,0x70,0xfd,0x70,0xfd,0x71,0xfd,0x71,0xfd,0x70,0xfd,0x70,0xfd,
0x91,0xfd,0x70,0xfd,0x71,0xfd,0x91,0xfd,0x70,0xfd,0x90,0xfd,0x70,0xfd,0x70,0xfd,0x91,0xfd,0x71,0xfd,0x71,0xfd,0x91,0xfd,
0x91,0xfd,0x91,0xfd,0x91,0xfd,0x91,0xfd,0x71,0xfd,0x91,0xfd,0x91,0xfd,0x71,0xfd,0x91,0xfd,0x91,0xfd,0x91,0xfd,0x91,0xfd,
0x91,0xfd,0xb2,0xfd,0x46,0x82,0x0c,0xed,0x0a,0xd4,0xc6,0x9a,0x65,0x8a,0xb3,0x52,0x72,0x5a,0xdb,0x73,0xbb,0x83,0xf2,0x4b,
0xd1,0x9e,0xb1,0x96,0xb2,0x9e,0x64,0xd3,0x66,0xed,0x47,0xed,0x48,0x44,0x06,0xba,0xa8,0xe2,0x87,0xe2,0x6f,0x5b,0x79,0x6d,
0x79,0x75,0x16,0x54,0x2f,0x5b,0x46,0x82,0xe7,0xa2,0x09,0xd4,0x29,0xd4,0x25,0x82,0x90,0xfd,0x91,0xfd,0x91,0xfd,0x91,0xfd,
0x91,0xfd,0x91,0xfd,0x71,0xfd,0x26,0x0a,0x48,0x23,0x6a,0x34,0xeb,0x44,0x6b,0x55,0x4c,0x55,0x8b,0x3c,0xc9,0x33,0xcb,0x44,
0xab,0x3c,0xc9,0x2b,0x2e,0xe5,0x70,0xfd,0x07,0x33,0x27,0x73,0x49,0x23,0x08,0x23,0xa9,0x2b,0xc9,0x2b,0x08,0x23,0x89,0x33,
0xe8,0x22,0xc8,0x22,0xa8,0x22,0xc8,0x22,0x0c,0x7c,0xd2,0xfd,0x70,0xfd,0x90,0xfd,0x91,0xfd,0x71,0xfd,0x90,0xfd,0x91,0xfd,
0x91,0xfd,0x91,0xfd,0x91,0xfd,0x91,0xfd,0x91,0xfd,0x91,0xfd,0x91,0xfd,0x91,0xfd,0x91,0xfd,0x91,0xfd,0x91,0xfd,0x91,0xfd,
0x91,0xfd,0x91,0xfd,0x91,0xfd,0x71,0xfd,0x91,0xfd,0x70,0xfd,0x70,0xfd,0x91,0xfd,0x70,0xfd,0x91,0xfd,0x91,0xfd,0x91,0xfd,
0x91,0xfd,0x91,0xfd,0x91,0xfd,0x91,0xfd,0x91,0xfd,0x91,0xfd,0x71,0xfd,0x91,0xfd,0x91,0xfd,0x91,0xfd,0x91,0xfd,0x71,0xfd,
0x71,0xfd,0x91,0xfd,0x91,0xfd,0x91,0xfd,0x91,0xfd,0x91,0xfd,0x91,0xfd,0x91,0xfd,0x91,0xfd,0x71,0xfd,0x91,0xfd,0x71,0xfd,
0x91,0xfd,0x91,0xfd,0x71,0xfd,0x91,0xfd,0x71,0xfd,0x71,0xfd,0x70,0xfd,0x71,0xfd,0x71,0xfd,0x91,0xfd,0x91,0xfd,0x91,0xfd,
0x91,0xfd,0x91,0xfd,0x71,0xfd,0x91,0xfd,0x71,0xfd,0x71,0xfd,0x70,0xfd,0x90,0xfd,0x91,0xfd,0x71,0xfd,0x91,0xfd,0x71,0xfd,
0x91,0xfd,0x91,0xfd,0x91,0xfd,0x91,0xfd,0x91,0xfd,0x91,0xfd,0x91,0xfd,0x91,0xfd,0x71,0xfd,0x70,0xfd,0x91,0xfd,0x70,0xfd,
0x91,0xfd,0x91,0xfd,0x90,0xfd,0x90,0xfd,0x91,0xfd,0x71,0xfd,0x91,0xfd,0x91,0xfd,0x71,0xfd,0x70,0xfd,0x71,0xfd,0x90,0xfd,
0x71,0xfd,0x91,0xfd,0x91,0xfd,0x91,0xfd,0x91,0xfd,0x71,0xfd,0x91,0xfd,0x91,0xfd,0x91,0xfd,0x91,0xfd,0x91,0xfd,0x91,0xfd,
0x91,0xfd,0x91,0xfd,0x91,0xfd,0x91,0xfd,0x91,0xfd,0xb2,0xfd,0x46,0x82,0x0c,0xed,0x09,0xd4,0xe7,0x9a,0xc6,0x9a,0xb3,0x4a,
0x32,0x52,0x1b,0x74,0x9b,0x8b,0x13,0x4c,0xd1,0x96,0x90,0x86,0x50,0x86,0x44,0xcb,0xc6,0xcc,0x07,0xe5,0x68,0x3c,0x26,0xa2,
0x27,0xc2,0x47,0xd2,0x90,0x5b,0x79,0x75,0x79,0x75,0x52,0x3b,0x0f,0x53,0x66,0x8a,0xe7,0xa2,0x09,0xd4,0x2a,0xd4,0x25,0x82,
0x90,0xfd,0x91,0xfd,0x91,0xfd,0x91,0xfd,0x91,0xfd,0x91,0xfd,0x91,0xfd,0x91,0xf5,0xef,0xbc,0x68,0x23,0x2a,0x34,0xcb,0x44,
0xcb,0x44,0xcb,0x44,0xeb,0x44,0xaa,0x2b,0x6b,0x34,0x2a,0x34,0xe8,0x22,0x90,0xfd,0xe7,0x52,0x07,0x7b,0x28,0x23,0x08,0x23,
0xa9,0x2b,0x08,0x23,0xe8,0x22,0xc7,0x22,0x70,0xf5,0x91,0xf5,0xb1,0xf5,0x50,0xf5,0xe8,0x22,0x08,0x23,0x29,0x2b,0xe8,0x22,
0xc8,0x22,0x09,0x23,0xb2,0xfd,0x91,0xfd,0x91,0xfd,0x91,0xfd,0x91,0xfd,0x91,0xfd,0x91,0xfd,0x91,0xfd,0x91,0xfd,0x91,0xfd,
0x91,0xfd,0x91,0xfd,0x91,0xfd,0x91,0xfd,0x91,0xfd,0x91,0xfd,0x91,0xfd,0x71,0xfd,0x91,0xfd,0x91,0xfd,0x71,0xfd,0x91,0xfd,
0x91,0xfd,0x91,0xfd,0x70,0xfd,0x91,0xfd,0x91,0xfd,0x91,0xfd,0x91,0xfd,0x91,0xfd,0x91,0xfd,0x91,0xfd,0x71,0xfd,0x71,0xfd,
0x91,0xfd,0x91,0xfd,0x91,0xfd,0x91,0xfd,0x90,0xfd,0x91,0xfd,0x91,0xfd,0x91,0xfd,0x91,0xfd,0x91,0xfd,0x71,0xfd,0x91,0xfd,
0x91,0xfd,0x91,0xfd,0x71,0xfd,0x71,0xfd,0x71,0xfd,0x91,0xfd,0x91,0xfd,0x70,0xfd,0x71,0xfd,0x71,0xfd,0x71,0xfd,0x70,0xfd,
0x71,0xfd,0x71,0xfd,0x91,0xfd,0x91,0xfd,0x91,0xfd,0x91,0xfd,0x91,0xfd,0x91,0xfd,0x91,0xfd,0x91,0xfd,0x71,0xfd,0x71,0xfd,
0x91,0xfd,0x91,0xfd,0x91,0xfd,0x91,0xfd,0x91,0xfd,0x91,0xfd,0x91,0xfd,0x91,0xfd,0x90,0xfd,0x91,0xfd,0x70,0xfd,0x70,0xfd,
0x70,0xfd,0x70,0xfd,0x70,0xfd,0x70,0xfd,0x91,0xfd,0x91,0xfd,0x71,0xfd,0x91,0xfd,0x91,0xfd,0x91,0xfd,0x91,0xfd,0x71,0xfd,
0x91,0xfd,0x91,0xfd,0x91,0xfd,0x70,0xfd,0x91,0xfd,0x91,0xfd,0x91,0xfd,0x91,0xfd,0x91,0xfd,0x91,0xfd,0x91,0xfd,0x91,0xfd,
0x91,0xfd,0x71,0xfd,0x91,0xfd,0x91,0xfd,0x91,0xfd,0x91,0xfd,0x91,0xfd,0x91,0xfd,0x90,0xfd,0xb1,0xfd,0x45,0x82,0xec,0xec,
0x0a,0xd4,0x07,0xa3,0xa6,0x92,0xb2,0x42,0xb3,0x4a,0xf6,0x7a,0x16,0x6b,0x8e,0x6a,0x0b,0x75,0xcd,0x7c,0x8d,0x7c,0x24,0xcb,
0xe9,0x6c,0xa5,0xd3,0xa6,0x6a,0x26,0x82,0xc6,0x99,0xe6,0xa9,0xcb,0x72,0xb6,0x64,0x55,0x5c,0x13,0x5c,0x2c,0x73,0xe7,0xa2,
0x27,0xb3,0x29,0xd4,0x09,0xd4,0x25,0x82,0x90,0xfd,0x91,0xfd,0x91,0xfd,0x91,0xfd,0x91,0xfd,0x91,0xfd,0x91,0xfd,0x91,0xfd,
0x71,0xe5,0xcb,0x6b,0x49,0x2b,0x6b,0x3c,0xcb,0x44,0xeb,0x44,0x0b,0x45,0xca,0x33,0xaa,0x33,0x2a,0x34,0xa7,0x22,0x70,0xfd,
0x47,0x53,0x07,0x73,0x48,0x4b,0xaa,0x63,0xa9,0x2b,0xe8,0x2a,0x6a,0x4b,0x4a,0x53,0x91,0xfd,0x0b,0x84,0x0c,0x7c,0xec,0x7b,
0x69,0x2b,0x89,0x2b,0xca,0x33,0xea,0x33,0xa9,0x33,0xaa,0x33,0xab,0x73,0x90,0xf5,0x91,0xfd,0x91,0xfd,0x91,0xfd,0x91,0xfd,
0x91,0xfd,0x91,0xfd,0x91,0xfd,0x91,0xfd,0x91,0xfd,0x91,0xfd,0x91,0xfd,0x91,0xfd,0x91,0xfd,0x91,0xfd,0x71,0xfd,0x91,0xfd,
0x70,0xfd,0x91,0xfd,0x71,0xfd,0x91,0xfd,0x91,0xfd,0x91,0xfd,0x91,0xfd,0x91,0xfd,0x71,0xfd,0x91,0xfd,0x91,0xfd,0x91,0xfd,
0x91,0xfd,0x91,0xfd,0x91,0xfd,0x91,0xfd,0x91,0xfd,0x91,0xfd,0x91,0xfd,0x91,0xfd,0x71,0xfd,0x91,0xfd,0x91,0xfd,0x91,0xfd,
0x91,0xfd,0x90,0xfd,0x71,0xfd,0x91,0xfd,0x70,0xfd,0x91,0xfd,0x91,0xfd,0x91,0xfd,0x91,0xfd,0x91,0xfd,0x91,0xfd,0x71,0xfd,
0x70,0xfd,0x71,0xfd,0x71,0xfd,0x91,0xfd,0x70,0xfd,0x71,0xfd,0x91,0xfd,0x91,0xfd,0x91,0xfd,0x91,0xfd,0x91,0xfd,0x91,0xfd,
0x91,0xfd,0x91,0xfd,0x91,0xfd,0x91,0xfd,0x91,0xfd,0x71,0xfd,0x71,0xfd,0x71,0xfd,0x71,0xfd,0x71,0xfd,0x71,0xfd,0x71,0xfd,
0x71,0xfd,0x91,0xfd,0x70,0xfd,0x70,0xfd,0x70,0xfd,0x70,0xfd,0x70,0xfd,0x70,0xfd,0x91,0xfd,0x90,0xfd,0x91,0xfd,0x91,0xfd,
0x91,0xfd,0x91,0xfd,0x91,0xfd,0x71,0xfd,0x71,0xfd,0x91,0xfd,0x71,0xfd,0x91,0xfd,0x71,0xfd,0x91,0xfd,0x71,0xfd,0x70,0xfd,
0x91,0xfd,0x91,0xfd,0x91,0xfd,0x91,0xfd,0x91,0xfd,0x91,0xfd,0x91,0xfd,0x91,0xfd,0x91,0xfd,0x91,0xfd,0x91,0xfd,0x71,0xfd,
0x70,0xfd,0xb1,0xfd,0x45,0x82,0x0c,0xed,0x09,0xd4,0x85,0x92,0xc6,0x9a,0xcf,0x52,0x11,0x5b,0x13,0x83,0xf2,0x7a,0x8c,0x7a,
0xca,0x8c,0x8c,0x8c,0x6c,0x94,0x86,0xcb,0x69,0x9c,0xc6,0xcb,0x65,0x82,0xe6,0x92,0x67,0xaa,0x66,0xaa,0xea,0x72,0xf1,0x73,
0xae,0x83,0x8f,0x6b,0x6d,0x7b,0x27,0xab,0xa6,0x9a,0x09,0xd4,0x09,0xd4,0x45,0x82,0x90,0xfd,0x91,0xfd,0x91,0xfd,0x91,0xfd,
0x91,0xfd,0x91,0xfd,0x91,0xfd,0x91,0xfd,0x91,0xfd,0x6d,0xb4,0x08,0x3b,0xaa,0x33,0xcc,0x44,0xcb,0x44,0xab,0x44,0xcb,0x44,
0x08,0x2b,0x6b,0x34,0xea,0x2b,0x91,0xe5,0x88,0x53,0x27,0x6b,0x2b,0xdc,0x90,0xfd,0x28,0x23,0x28,0x33,0x70,0xfd,0xb1,0xfd,
0x71,0xe5,0x49,0x2b,0x08,0x23,0xe8,0x22,0xca,0x2b,0x6a,0x34,0x4b,0x3c,0x8b,0x3c,0xaa,0x3c,0x0a,0x34,0xe8,0x22,0xce,0xb4,
0xb2,0xfd,0x91,0xfd,0x91,0xfd,0x91,0xfd,0x91,0xfd,0x91,0xfd,0x91,0xfd,0x91,0xfd,0x91,0xfd,0x91,0xfd,0x91,0xfd,0x91,0xfd,
0x91,0xfd,0x91,0xfd,0x91,0xfd,0x91,0xfd,0x91,0xfd,0x91,0xfd,0x91,0xfd,0x71,0xfd,0x91,0xfd,0x91,0xfd,0x90,0xfd,0x91,0xfd,
0x91,0xfd,0x71,0xfd,0x71,0xfd,0x70,0xfd,0x91,0xfd,0x71,0xfd,0x91,0xfd,0x91,0xfd,0x91,0xfd,0x91,0xfd,0x91,0xfd,0x91,0xfd,
0x91,0xfd,0x91,0xfd,0x91,0xfd,0x91,0xfd,0x91,0xfd,0x70,0xfd,0x70,0xfd,0x71,0xfd,0x71,0xfd,0x71,0xfd,0x91,0xfd,0x91,0xfd,
0x91,0xfd,0x91,0xfd,0x71,0xfd,0x91,0xfd,0x71,0xfd,0x70,0xfd,0x70,0xfd,0x91,0xfd,0x70,0xfd,0x91,0xfd,0x91,0xfd,0x91,0xfd,
0x91,0xfd,0x91,0xfd,0x91,0xfd,0x91,0xfd,0x91,0xfd,0x91,0xfd,0x91,0xfd,0x91,0xfd,0x71,0xfd,0x91,0xfd,0x91,0xfd,0x91,0xfd,
0x91,0xfd,0x91,0xfd,0x71,0xfd,0x91,0xfd,0x90,0xfd,0x71,0xfd,0x91,0xfd,0x70,0xfd,0x70,0xfd,0x70,0xfd,0x70,0xfd,0x70,0xfd,
0x71,0xfd,0x91,0xfd,0x91,0xfd,0x91,0xfd,0x91,0xfd,0x91,0xfd,0x91,0xfd,0x91,0xfd,0x71,0xfd,0x91,0xfd,0x91,0xfd,0x91,0xfd,
0x91,0xfd,0x71,0xfd,0x91,0xfd,0x91,0xfd,0x91,0xfd,0x91,0xfd,0x91,0xfd,0x91,0xfd,0x71,0xfd,0x91,0xfd,0x91,0xfd,0x91,0xfd,
0x70,0xfd,0x91,0xfd,0x91,0xfd,0x91,0xfd,0x70,0xfd,0xb1,0xfd,0x45,0x82,0xec,0xec,0x09,0xd4,0x28,0xb3,0x0c,0xed,0x0d,0xf5,
0xcb,0xec,0xec,0xec,0xec,0xec,0xcb,0xec,0xec,0xec,0x0d,0xed,0x0d,0xed,0xec,0xec,0xec,0xec,0xec,0xec,0xec,0xec,0x0c,0xf5,
0xec,0xec,0xeb,0xec,0xec,0xec,0xec,0xec,0xec,0xec,0x2d,0xed,0xec,0xec,0xcb,0xec,0x07,0xab,0x09,0xd4,0x09,0xd4,0x46,0x8a,
0x90,0xfd,0x91,0xfd,0x91,0xfd,0x91,0xfd,0x91,0xfd,0x91,0xfd,0x91,0xfd,0x91,0xfd,0x91,0xfd,0x91,0xfd,0x91,0xfd,0x08,0x23,
0x6b,0x3c,0x2a,0x34,0x0a,0x34,0x6a,0x3c,0x28,0x2b,0x6b,0x3c,0x6b,0x34,0x29,0x23,0x08,0x4b,0x87,0x73,0xb1,0xfd,0x90,0xfd,
0x07,0x23,0x07,0x23,0x91,0xfd,0xf2,0xfd,0x89,0x2b,0xea,0x33,0xea,0x33,0xea,0x33,0x0b,0x4d,0x6c,0x4d,0x8b,0x4d,0x0a,0x34,
0xcb,0x44,0xeb,0x3c,0x4b,0x34,0xe8,0x1a,0x91,0xfd,0x91,0xfd,0x91,0xfd,0x91,0xfd,0x91,0xfd,0x91,0xfd,0x91,0xfd,0x91,0xfd,
0x91,0xfd,0x91,0xfd,0x91,0xfd,0x91,0xfd,0x91,0xfd,0x91,0xfd,0x91,0xfd,0x91,0xfd,0x91,0xfd,0x91,0xfd,0x91,0xfd,0x91,0xfd,
0x91,0xfd,0x91,0xfd,0x70,0xfd,0x91,0xfd,0x91,0xfd,0x91,0xfd,0x71,0xfd,0x91,0xfd,0x91,0xfd,0x91,0xfd,0x91,0xfd,0x91,0xfd,
0x91,0xfd,0x71,0xfd,0x91,0xfd,0x91,0xfd,0x91,0xfd,0x91,0xfd,0x91,0xfd,0x91,0xfd,0x91,0xfd,0x91,0xfd,0x71,0xfd,0x71,0xfd,
0x91,0xfd,0x71,0xfd,0x91,0xfd,0x91,0xfd,0x71,0xfd,0x91,0xfd,0x91,0xfd,0x71,0xfd,0x91,0xfd,0x70,0xfd,0x70,0xfd,0x71,0xfd,
0x71,0xfd,0x71,0xfd,0x91,0xfd,0x91,0xfd,0x91,0xfd,0x91,0xfd,0x91,0xfd,0x91,0xfd,0x91,0xfd,0x91,0xfd,0x91,0xfd,0x91,0xfd,
0x71,0xfd,0x71,0xfd,0x91,0xfd,0x71,0xfd,0x71,0xfd,0x90,0xfd,0x91,0xfd,0x91,0xfd,0x91,0xfd,0x71,0xfd,0x71,0xfd,0x70,0xfd,
0x70,0xfd,0x70,0xfd,0x70,0xfd,0x70,0xfd,0x70,0xfd,0x91,0xfd,0x91,0xfd,0x91,0xfd,0x91,0xfd,0x91,0xfd,0x91,0xfd,0x91,0xfd,
0x91,0xfd,0x91,0xfd,0x91,0xfd,0x91,0xfd,0x91,0xfd,0x91,0xfd,0x90,0xfd,0x91,0xfd,0x91,0xfd,0x91,0xfd,0x91,0xfd,0x91,0xfd,
0x91,0xfd,0x91,0xfd,0x91,0xfd,0x91,0xfd,0x91,0xfd,0x90,0xfd,0x91,0xfd,0x90,0xfd,0x70,0xfd,0xb1,0xfd,0x45,0x7a,0xec,0xec,
0x2a,0xd4,0x68,0xbb,0x09,0xd4,0x09,0xd4,0x2a,0xd4,0x29,0xd4,0x29,0xd4,0x2a,0xd4,0x2a,0xd4,0x29,0xd4,0x2a,0xd4,0x09,0xd4,
0x29,0xd4,0x29,0xd4,0x4a,0xd4,0x29,0xd4,0x29,0xd4,0x2a,0xd4,0x4a,0xd4,0x2a,0xd4,0x29,0xd4,0x29,0xd4,0x2a,0xd4,0x09,0xd4,
0x07,0xab,0x09,0xd4,0x29,0xd4,0x46,0x8a,0x91,0xfd,0x91,0xfd,0x91,0xfd,0x91,0xfd,0x91,0xfd,0x91,0xfd,0x91,0xfd,0x91,0xfd,
0x91,0xfd,0x91,0xfd,0x91,0xfd,0xb1,0xfd,0xe8,0x22,0x29,0x2b,0x89,0x2b,0x2a,0x34,0x2a,0x34,0x89,0x2b,0x0a,0x34,0x49,0x2b,
0x67,0x7b,0xc8,0x7b,0xd2,0xfd,0x91,0xe5,0xe7,0x22,0x28,0x43,0x50,0xe5,0x48,0x2b,0x69,0x2b,0x2a,0x34,0xea,0x33,0xcb,0x44,
0xcb,0x44,0x8b,0x3c,0xab,0x3c,0xeb,0x44,0x8b,0x55,0xeb,0x3c,0xeb,0x44,0xc8,0x22,0xb1,0xfd,0x91,0xfd,0x91,0xfd,0x91,0xfd,
0x91,0xfd,0x91,0xfd,0x91,0xfd,0x91,0xfd,0x91,0xfd,0x71,0xfd,0x71,0xfd,0x91,0xfd,0x91,0xfd,0x91,0xfd,0x71,0xfd,0x91,0xfd,
0x91,0xfd,0x91,0xfd,0x71,0xfd,0x91,0xfd,0x91,0xfd,0x91,0xfd,0x90,0xfd,0x71,0xfd,0x91,0xfd,0x91,0xfd,0x71,0xfd,0x91,0xfd,
0x91,0xfd,0x91,0xfd,0x91,0xfd,0x91,0xfd,0x91,0xfd,0x91,0xfd,0x91,0xfd,0x91,0xfd,0x91,0xfd,0x91,0xfd,0x91,0xfd,0x91,0xfd,
0x71,0xfd,0x91,0xfd,0x71,0xfd,0x91,0xfd,0x91,0xfd,0x71,0xfd,0x91,0xfd,0x91,0xfd,0x91,0xfd,0x71,0xfd,0x91,0xfd,0x90,0xfd,
0x70,0xfd,0x70,0xfd,0x70,0xfd,0x70,0xfd,0x71,0xfd,0x70,0xfd,0x91,0xfd,0x91,0xfd,0x91,0xfd,0x91,0xfd,0x91,0xfd,0x91,0xfd,
0x91,0xfd,0x91,0xfd,0x91,0xfd,0x71,0xfd,0x91,0xfd,0x91,0xfd,0x71,0xfd,0x91,0xfd,0x71,0xfd,0x91,0xfd,0x91,0xfd,0x91,0xfd,
0x91,0xfd,0x71,0xfd,0x71,0xfd,0x90,0xfd,0x91,0xfd,0x70,0xfd,0x70,0xfd,0x70,0xfd,0x70,0xfd,0x90,0xfd,0x91,0xfd,0x91,0xfd,
0x91,0xfd,0x91,0xfd,0x91,0xfd,0x91,0xfd,0x91,0xfd,0x91,0xfd,0x71,0xfd,0x91,0xfd,0x91,0xfd,0x91,0xfd,0x91,0xfd,0x90,0xfd,
0x91,0xfd,0x70,0xfd,0x91,0xfd,0x91,0xfd,0x71,0xfd,0x91,0xfd,0x91,0xfd,0x91,0xfd,0x91,0xfd,0x91,0xfd,0x91,0xfd,0x91,0xfd,
0x71,0xfd,0xb1,0xfd,0x86,0x8a,0xec,0xec,0xe9,0xd3,0xa6,0x92,0x05,0x7a,0xe5,0x71,0xe5,0x71,0x05,0x72,0x05,0x7a,0x05,0x72,
0x05,0x7a,0xe5,0x71,0xe5,0x71,0x05,0x7a,0xe5,0x79,0xe5,0x71,0xe5,0x71,0xe5,0x71,0xe5,0x71,0x05,0x7a,0x05,0x7a,0xe5,0x71,
0xe5,0x71,0xe4,0x71,0xc4,0x69,0xe4,0x71,0x66,0x8a,0x2a,0xd4,0x0a,0xd4,0x25,0x82,0x91,0xfd,0x91,0xfd,0x91,0xfd,0x91,0xfd,
0x91,0xfd,0x91,0xfd,0x91,0xfd,0x91,0xfd,0x91,0xfd,0x91,0xfd,0x91,0xfd,0x91,0xfd,0x91,0xfd,0xa7,0x22,0xe8,0x22,0x89,0x2b,
0x0a,0x34,0x89,0x2b,0x28,0x23,0x69,0x2b,0x87,0x7b,0x88,0x73,0x70,0xfd,0x08,0x2b,0x08,0x2b,0xd1,0xdd,0x48,0x2b,0x49,0x2b,
0xc8,0x22,0xc8,0x22,0xea,0x2b,0x0a,0x2c,0xea,0x2b,0x0a,0x34,0x6a,0x34,0xeb,0x44,0xeb,0x44,0xab,0x55,0x4b,0x4d,0x8b,0x34,
0x28,0x23,0xc8,0x2a,0x91,0xfd,0x91,0xfd,0x91,0xfd,0x91,0xfd,0x91,0xfd,0x91,0xfd,0x91,0xfd,0x91,0xfd,0x91,0xfd,0x91,0xfd,
0x91,0xfd,0x91,0xfd,0x91,0xfd,0x91,0xfd,0x91,0xfd,0x91,0xfd,0x91,0xfd,0x91,0xfd,0x91,0xfd,0x71,0xfd,0x90,0xfd,0x91,0xfd,
0x91,0xfd,0x91,0xfd,0x91,0xfd,0x91,0xfd,0x91,0xfd,0x91,0xfd,0x91,0xfd,0x70,0xfd,0x71,0xfd,0x91,0xfd,0x91,0xfd,0x91,0xfd,
0x91,0xfd,0x91,0xfd,0x91,0xfd,0x91,0xfd,0x71,0xfd,0x91,0xfd,0x91,0xfd,0x91,0xfd,0x90,0xfd,0x71,0xfd,0x91,0xfd,0x91,0xfd,
0x91,0xfd,0x71,0xfd,0x71,0xfd,0x71,0xfd,0x71,0xfd,0x70,0xfd,0x70,0xfd,0x71,0xfd,0x70,0xfd,0x70,0xfd,0x70,0xfd,0x71,0xfd,
0x91,0xfd,0x91,0xfd,0x91,0xfd,0x91,0xfd,0x91,0xfd,0x91,0xfd,0x71,0xfd,0x91,0xfd,0x70,0xfd,0x91,0xfd,0x91,0xfd,0x71,0xfd,
0x91,0xfd,0x91,0xfd,0x91,0xfd,0x91,0xfd,0x91,0xfd,0x91,0xfd,0x70,0xfd,0x71,0xfd,0x70,0xfd,0x71,0xfd,0x71,0xfd,0x70,0xfd,
0x70,0xfd,0x70,0xfd,0x91,0xfd,0x91,0xfd,0x91,0xfd,0x91,0xfd,0x91,0xfd,0x71,0xfd,0x91,0xfd,0x71,0xfd,0x70,0xfd,0x91,0xfd,
0x91,0xfd,0x91,0xfd,0x70,0xfd,0x91,0xfd,0x91,0xfd,0x91,0xfd,0x91,0xfd,0x91,0xfd,0x91,0xfd,0x91,0xfd,0x91,0xfd,0x91,0xfd,
0x91,0xfd,0x91,0xfd,0x91,0xfd,0x91,0xfd,0x71,0xfd,0xb1,0xfd,0x66,0x8a,0x0c,0xed,0x0a,0xd4,0x05,0x72,0x49,0xdc,0xcb,0xec,
0xcb,0xec,0xcb,0xec,0xcb,0xe4,0xcb,0xe4,0xab,0xe4,0xab,0xe4,0xcb,0xe4,0xcb,0xe4,0xcb,0xe4,0xcb,0xe4,0xcb,0xe4,0xcb,0xe4,
0xcb,0xe4,0xab,0xe4,0xab,0xe4,0xcb,0xe4,0xcb,0xe4,0xab,0xe4,0xab,0xe4,0xcb,0xe4,0x46,0x82,0x2a,0xd4,0x2a,0xd4,0x25,0x82,
0x90,0xfd,0x91,0xfd,0x91,0xfd,0x91,0xfd,0x91,0xfd,0x91,0xfd,0x91,0xfd,0x91,0xfd,0x91,0xfd,0x91,0xfd,0x91,0xfd,0x91,0xfd,
0x91,0xfd,0x91,0xfd,0xb2,0xfd,0x28,0x23,0x08,0x23,0xa7,0x1a,0xe8,0x22,0x48,0x23,0xc6,0x8a,0x07,0x63,0xb1,0xfd,0x49,0x2b,
0xa9,0x33,0x49,0x2b,0x89,0x33,0xe9,0x42,0x70,0xfd,0x91,0xfd,0xa7,0x22,0xa7,0x1a,0xca,0x33,0x0a,0x34,0x6b,0x34,0x8a,0x34,
0x8b,0x3c,0x8b,0x3c,0x0b,0x45,0x8b,0x3c,0x69,0x2b,0x29,0x2b,0x91,0xfd,0x91,0xfd,0x91,0xfd,0x91,0xfd,0x91,0xfd,0x91,0xfd,
0x91,0xfd,0x91,0xfd,0x91,0xfd,0x91,0xfd,0x91,0xfd,0x91,0xfd,0x91,0xfd,0x71,0xfd,0x91,0xfd,0x91,0xfd,0x91,0xfd,0x91,0xfd,
0x71,0xfd,0x91,0xfd,0x91,0xfd,0x91,0xfd,0x91,0xfd,0x91,0xfd,0x91,0xfd,0x91,0xfd,0x91,0xfd,0x91,0xfd,0x91,0xfd,0x91,0xfd,
0x71,0xfd,0x91,0xfd,0x71,0xfd,0x91,0xfd,0x91,0xfd,0x91,0xfd,0x71,0xfd,0x91,0xfd,0x91,0xfd,0x71,0xfd,0x91,0xfd,0x91,0xfd,
0x71,0xfd,0x91,0xfd,0x91,0xfd,0x71,0xfd,0x91,0xfd,0x71,0xfd,0x91,0xfd,0x91,0xfd,0x71,0xfd,0x90,0xfd,0x71,0xfd,0x70,0xfd,
0x71,0xfd,0x71,0xfd,0x91,0xfd,0x71,0xfd,0x91,0xfd,0x91,0xfd,0x91,0xfd,0x91,0xfd,0x91,0xfd,0x71,0xfd,0x91,0xfd,0x91,0xfd,
0x70,0xfd,0x71,0xfd,0x91,0xfd,0x71,0xfd,0x91,0xfd,0x91,0xfd,0x71,0xfd,0x70,0xfd,0x71,0xfd,0x71,0xfd,0x71,0xfd,0x91,0xfd,
0x90,0xfd,0x71,0xfd,0x70,0xfd,0x91,0xfd,0x91,0xfd,0x70,0xfd,0x90,0xfd,0x91,0xfd,0x91,0xfd,0x91,0xfd,0x91,0xfd,0x91,0xfd,
0x71,0xfd,0x71,0xfd,0x91,0xfd,0x70,0xfd,0x91,0xfd,0x71,0xfd,0x71,0xfd,0x91,0xfd,0x91,0xfd,0x91,0xfd,0x91,0xfd,0x90,0xfd,
0x91,0xfd,0x91,0xfd,0x91,0xfd,0x91,0xfd,0x91,0xfd,0x91,0xfd,0x71,0xfd,0x91,0xfd,0x91,0xfd,0xb1,0xfd,0x66,0x8a,0xec,0xec,
0x09,0xd4,0x46,0x82,0x29,0xd4,0x2a,0xd4,0x2a,0xd4,0x2a,0xd4,0x2a,0xd4,0x2a,0xd4,0x2a,0xd4,0x2a,0xd4,0x2a,0xd4,0x2a,0xd4,
0x2a,0xd4,0x09,0xd4,0x09,0xd4,0x2a,0xd4,0x2a,0xd4,0x0a,0xd4,0x0a,0xd4,0x2a,0xd4,0x2a,0xd4,0x2a,0xd4,0x2a,0xd4,0x2a,0xd4,
0x25,0x82,0x09,0xd4,0x09,0xd4,0x46,0x82,0x91,0xfd,0x91,0xfd,0x91,0xfd,0x91,0xfd,0x91,0xfd,0x91,0xfd,0x91,0xfd,0x91,0xfd,
0x91,0xfd,0x91,0xfd,0x91,0xfd,0x91,0xfd,0x91,0xfd,0x91,0xfd,0xb1,0xfd,0xd2,0xf5,0x91,0xf5,0x0c,0x9c,0xc8,0x22,0x49,0x2b,
0xa6,0x6a,0x07,0x53,0xb1,0xfd,0x48,0x2b,0xc9,0x2b,0x28,0x23,0x88,0x2a,0xb1,0xfd,0x91,0xfd,0x70,0xfd,0x71,0xfd,0x09,0x5b,
0xc8,0x22,0x08,0x23,0x0a,0x2c,0xea,0x2b,0xc9,0x2b,0xea,0x2b,0xab,0x3c,0x8b,0x3c,0x69,0x23,0xe8,0x2a,0x91,0xfd,0x91,0xfd,
0x91,0xfd,0x91,0xfd,0x91,0xfd,0x91,0xfd,0x91,0xfd,0x91,0xfd,0x91,0xfd,0x91,0xfd,0x91,0xfd,0x91,0xfd,0x91,0xfd,0x91,0xfd,
0x91,0xfd,0x91,0xfd,0x91,0xfd,0x91,0xfd,0x71,0xfd,0x91,0xfd,0x91,0xfd,0x71,0xfd,0x91,0xfd,0x91,0xfd,0x71,0xfd,0x70,0xfd,
0x71,0xfd,0x91,0xfd,0x91,0xfd,0x91,0xfd,0x91,0xfd,0x91,0xfd,0x91,0xfd,0x91,0xfd,0x71,0xfd,0x91,0xfd,0x71,0xfd,0x71,0xfd,
0x91,0xfd,0x91,0xfd,0x71,0xfd,0x91,0xfd,0x71,0xfd,0x91,0xfd,0x71,0xfd,0x71,0xfd,0x91,0xfd,0x91,0xfd,0x71,0xfd,0x91,0xfd,
0x91,0xfd,0x91,0xfd,0x71,0xfd,0x70,0xfd,0x90,0xfd,0x70,0xfd,0x91,0xfd,0x91,0xfd,0x70,0xfd,0x91,0xfd,0x91,0xfd,0x71,0xfd,
0x91,0xfd,0x91,0xfd,0x91,0xfd,0x71,0xfd,0x90,0xfd,0x91,0xfd,0x71,0xfd,0x71,0xfd,0x71,0xfd,0x90,0xfd,0x91,0xfd,0x91,0xfd,
0x91,0xfd,0x91,0xfd,0x71,0xfd,0x91,0xfd,0x70,0xfd,0x70,0xfd,0x91,0xfd,0x91,0xfd,0x91,0xfd,0x70,0xfd,0x71,0xfd,0x91,0xfd,
0x91,0xfd,0x71,0xfd,0x71,0xfd,0x91,0xfd,0x91,0xfd,0x70,0xfd,0x91,0xfd,0x91,0xfd,0x91,0xfd,0x91,0xfd,0x91,0xfd,0x91,0xfd,
0x91,0xfd,0x91,0xfd,0x91,0xfd,0x91,0xfd,0x91,0xfd,0x91,0xfd,0x91,0xfd,0x91,0xfd,0x91,0xfd,0x91,0xfd,0x91,0xfd,0x71,0xfd,
0x91,0xfd,0xb2,0xfd,0x45,0x8a,0xcb,0xec,0xe9,0xd3,0x66,0x8a,0x4a,0xdc,0x2a,0xd4,0x2a,0xd4,0x2a,0xd4,0x2a,0xd4,0x2a,0xd4,
0x2a,0xd4,0x2a,0xd4,0x4a,0xdc,0x09,0xd4,0xc5,0x61,0xe5,0x69,0x29,0xdc,0x2a,0xd4,0x2a,0xd4,0x2a,0xd4,0x2a,0xd4,0x2a,0xd4,
0x0a,0xd4,0x2a,0xd4,0x2a,0xd4,0x2a,0xd4,0x25,0x82,0x09,0xd4,0x09,0xd4,0x25,0x82,0x91,0xfd,0x91,0xfd,0x91,0xfd,0x91,0xfd,
0x91,0xfd,0x91,0xfd,0x91,0xfd,0x91,0xfd,0x91,0xfd,0x91,0xfd,0x91,0xfd,0x91,0xfd,0x91,0xfd,0xb1,0xfd,0x91,0xfd,0x91,0xfd,
0x91,0xfd,0xb1,0xfd,0xf3,0xfd,0x08,0x23,0xa6,0x72,0x47,0x53,0x2f,0xfd,0xe8,0x22,0xa9,0x33,0xcf,0xc4,0xb1,0xfd,0x70,0xfd,
0x91,0xfd,0x90,0xfd,0x70,0xfd,0x91,0xfd,0x91,0xfd,0x70,0xfd,0xc8,0x22,0xc8,0x22,0xe8,0x22,0xea,0x33,0xc9,0x2b,0xc9,0x2b,
0x68,0x23,0x09,0x2b,0x91,0xfd,0x91,0xfd,0x91,0xfd,0x91,0xfd,0x91,0xfd,0x91,0xfd,0x91,0xfd,0x91,0xfd,0x91,0xfd,0x91,0xfd,
0x91,0xfd,0x91,0xfd,0x91,0xfd,0x91,0xfd,0x91,0xfd,0x91,0xfd,0x91,0xfd,0x91,0xfd,0x91,0xfd,0x91,0xfd,0x91,0xfd,0x91,0xfd,
0x91,0xfd,0x91,0xfd,0x91,0xfd,0x91,0xfd,0x91,0xfd,0x91,0xfd,0x91,0xfd,0x91,0xfd,0x91,0xfd,0x91,0xfd,0x91,0xfd,0x91,0xfd,
0x71,0xfd,0x91,0xfd,0x91,0xfd,0x91,0xfd,0x91,0xfd,0x91,0xfd,0x91,0xfd,0x91,0xfd,0x91,0xfd,0x71,0xfd,0x91,0xfd,0x91,0xfd,
0x91,0xfd,0x91,0xfd,0x91,0xfd,0x91,0xfd,0x91,0xfd,0x71,0xfd,0x91,0xfd,0x71,0xfd,0x91,0xfd,0x71,0xfd,0x70,0xfd,0x71,0xfd,
0x91,0xfd,0x91,0xfd,0x71,0xfd,0x91,0xfd,0x91,0xfd,0x91,0xfd,0x91,0xfd,0x71,0xfd,0x71,0xfd,0x91,0xfd,0x91,0xfd,0x91,0xfd,
0x91,0xfd,0x91,0xfd,0x91,0xfd,0x91,0xfd,0x91,0xfd,0x91,0xfd,0x91,0xfd,0x91,0xfd,0x71,0xfd,0x71,0xfd,0x91,0xfd,0x71,0xfd,
0x91,0xfd,0x91,0xfd,0x90,0xfd,0x91,0xfd,0x91,0xfd,0x91,0xfd,0x91,0xfd,0x91,0xfd,0x71,0xfd,0x71,0xfd,0x71,0xfd,0x91,0xfd,
0x91,0xfd,0x91,0xfd,0x91,0xfd,0x91,0xfd,0x91,0xfd,0x91,0xfd,0x91,0xfd,0x91,0xfd,0x91,0xfd,0x91,0xfd,0x91,0xfd,0x91,0xfd,
0x91,0xfd,0x91,0xfd,0x91,0xfd,0x91,0xfd,0x91,0xfd,0xb2,0xfd,0x46,0x82,0xcb,0xec,0x0a,0xd4,0x66,0x8a,0x2a,0xd4,0x2a,0xd4,
0x2a,0xd4,0x2a,0xd4,0x2a,0xd4,0x2a,0xd4,0x2a,0xd4,0x2a,0xd4,0x2a,0xd4,0xe5,0x61,0xe7,0x9a,0x46,0x82,0xc4,0x61,0x0a,0xd4,
0x2a,0xd4,0x2a,0xd4,0x2a,0xd4,0x2a,0xd4,0x2a,0xd4,0x2a,0xd4,0x2a,0xd4,0x2a,0xd4,0x05,0x7a,0x09,0xd4,0x0a,0xd4,0x25,0x82,
0x91,0xfd,0x91,0xfd,0x91,0xfd,0x91,0xfd,0x91,0xfd,0x91,0xfd,0x91,0xfd,0x91,0xfd,0x91,0xfd,0x91,0xfd,0x91,0xfd,0x91,0xfd,
0x91,0xfd,0xe7,0x9a,0xe7,0x9a,0xa6,0x8a,0xa6,0x8a,0xa7,0x92,0xa7,0x92,0xa7,0x22,0xa6,0x72,0xc8,0x53,0xe7,0x92,0xe8,0x22,
0xc8,0x22,0xe8,0x7a,0xa6,0x92,0xc7,0x9a,0xe7,0x9a,0xe7,0x9a,0x70,0xfd,0x91,0xfd,0x91,0xfd,0x70,0xfd,0xb1,0xfd,0x91,0xfd,
0xb1,0xfd,0xa7,0x1a,0xa7,0x22,0x08,0x23,0xe8,0x22,0xc8,0x22,0x91,0xfd,0x91,0xfd,0x91,0xfd,0x91,0xfd,0x91,0xfd,0x91,0xfd,
0x91,0xfd,0x91,0xfd,0x91,0xfd,0x91,0xfd,0x91,0xfd,0x91,0xfd,0x91,0xfd,0x91,0xfd,0x91,0xfd,0x91,0xfd,0x91,0xfd,0x91,0xfd,
0x91,0xfd,0x91,0xfd,0x91,0xfd,0x91,0xfd,0x91,0xfd,0x91,0xfd,0x91,0xfd,0x91,0xfd,0x91,0xfd,0x91,0xfd,0x91,0xfd,0x91,0xfd,
0x91,0xfd,0x91,0xfd,0x91,0xfd,0x91,0xfd,0x91,0xfd,0x91,0xfd,0x71,0xfd,0x91,0xfd,0x91,0xfd,0x91,0xfd,0x91,0xfd,0x91,0xfd,
0x91,0xfd,0x91,0xfd,0x91,0xfd,0x91,0xfd,0x91,0xfd,0x91,0xfd,0x91,0xfd,0x91,0xfd,0x91,0xfd,0x91,0xfd,0x91,0xfd,0x91,0xfd,
0x91,0xfd,0x91,0xfd,0x91,0xfd,0x91,0xfd,0x91,0xfd,0x91,0xfd,0x91,0xfd,0x91,0xfd,0x91,0xfd,0x91,0xfd,0x91,0xfd,0x91,0xfd,
0x91,0xfd,0x91,0xfd,0x91,0xfd,0x91,0xfd,0x91,0xfd,0x91,0xfd,0x91,0xfd,0x91,0xfd,0x91,0xfd,0x91,0xfd,0x91,0xfd,0x91,0xfd,
0x91,0xfd,0x91,0xfd,0x91,0xfd,0x91,0xfd,0x91,0xfd,0x91,0xfd,0x71,0xfd,0x70,0xfd,0x91,0xfd,0x91,0xfd,0x70,0xfd,0x91,0xfd,
0x91,0xfd,0x71,0xfd,0x71,0xfd,0x71,0xfd,0x91,0xfd,0x91,0xfd,0x91,0xfd,0x91,0xfd,0x91,0xfd,0x91,0xfd,0x91,0xfd,0x91,0xfd,
0x91,0xfd,0x91,0xfd,0x91,0xfd,0x91,0xfd,0x91,0xfd,0x91,0xfd,0x91,0xfd,0x91,0xfd,0x70,0xfd,0xb1,0xfd,0x45,0x82,0xec,0xec,
0x0a,0xd4,0x66,0x8a,0x2a,0xd4,0x2a,0xd4,0x2a,0xd4,0x2a,0xd4,0x2a,0xd4,0x2a,0xd4,0x2a,0xd4,0x2a,0xd4,0x2a,0xd4,0xe5,0x69,
0x66,0x82,0x25,0x7a,0x84,0x51,0x2a,0xd4,0x2a,0xd4,0x2a,0xd4,0x2a,0xd4,0x2a,0xd4,0x2a,0xd4,0x2a,0xd4,0x2a,0xd4,0x2a,0xd4,
0x05,0x7a,0x09,0xd4,0x09,0xd4,0x25,0x82,0x91,0xfd,0x91,0xfd,0x91,0xfd,0x91,0xfd,0x91,0xfd,0x91,0xfd,0x91,0xfd,0x91,0xfd,
0x91,0xfd,0x91,0xfd,0x91,0xfd,0x91,0xfd,0x0f,0xe5,0x28,0x9b,0x89,0xab,0x8a,0xab,0x8a,0xab,0x8a,0xab,0x49,0xa3,0x6a,0x43,
0x6a,0x9b,0x4b,0x6c,0x49,0xa3,0x4a,0x43,0x6a,0x43,0xcc,0xa3,0xcb,0xb3,0x8a,0xab,0x8a,0xb3,0x89,0xab,0x0f,0xed,0x91,0xfd,
0x91,0xfd,0x70,0xfd,0x91,0xfd,0xb1,0xfd,0xb1,0xfd,0xe8,0x32,0x09,0x3b,0x6a,0x43,0x49,0x3b,0x29,0x43,0x91,0xfd,0x91,0xfd,
0x91,0xfd,0x91,0xfd,0x91,0xfd,0x91,0xfd,0x91,0xfd,0x91,0xfd,0x91,0xfd,0x91,0xfd,0x91,0xfd,0x91,0xfd,0x91,0xfd,0x91,0xfd,
0x91,0xfd,0x91,0xfd,0x91,0xfd,0x91,0xfd,0x91,0xfd,0x91,0xfd,0x91,0xfd,0x91,0xfd,0x91,0xfd,0x91,0xfd,0x91,0xfd,0x91,0xfd,
0x91,0xfd,0x91,0xfd,0x91,0xfd,0x91,0xfd,0x91,0xfd,0x91,0xfd,0x91,0xfd,0x91,0xfd,0x91,0xfd,0x91,0xfd,0x91,0xfd,0x91,0xfd,
0x91,0xfd,0x91,0xfd,0x91,0xfd,0x91,0xfd,0x91,0xfd,0x91,0xfd,0x91,0xfd,0x91,0xfd,0x91,0xfd,0x91,0xfd,0x91,0xfd,0x91,0xfd,
0x91,0xfd,0x91,0xfd,0x91,0xfd,0x91,0xfd,0x91,0xfd,0x91,0xfd,0x91,0xfd,0x91,0xfd,0x91,0xfd,0x91,0xfd,0x91,0xfd,0x91,0xfd,
0x91,0xfd,0x91,0xfd,0x91,0xfd,0x91,0xfd,0x91,0xfd,0x91,0xfd,0x91,0xfd,0x91,0xfd,0x91,0xfd,0x91,0xfd,0x91,0xfd,0x91,0xfd,
0x91,0xfd,0x91,0xfd,0x91,0xfd,0x91,0xfd,0x91,0xfd,0x91,0xfd,0x91,0xfd,0x91,0xfd,0x91,0xfd,0x91,0xfd,0x91,0xfd,0x91,0xfd,
0x91,0xfd,0x91,0xfd,0x91,0xfd,0x91,0xfd,0x91,0xfd,0x91,0xfd,0x71,0xfd,0x91,0xfd,0x91,0xfd,0x91,0xfd,0x91,0xfd,0x91,0xfd,
0x91,0xfd,0x91,0xfd,0x91,0xfd,0x91,0xfd,0x91,0xfd,0x91,0xfd,0x91,0xfd,0x91,0xfd,0x91,0xfd,0x91,0xfd,0x91,0xfd,0x91,0xfd,
0x70,0xfd,0xb1,0xfd,0x45,0x82,0x8b,0xe4,0x0a,0xd4,0x66,0x8a,0x2a,0xd4,0x4a,0xd4,0x4a,0xdc,0x2a,0xd4,0x2a,0xd4,0x2a,0xd4,
0x2a,0xd4,0x2a,0xd4,0x4a,0xd4,0x4b,0xd4,0xa4,0x59,0x84,0x51,0xe9,0xd3,0x2a,0xd4,0x2a,0xd4,0x2a,0xd4,0x2a,0xd4,0x2a,0xd4,
0x2a,0xd4,0x2a,0xd4,0x2a,0xd4,0x2a,0xd4,0x05,0x7a,0x09,0xd4,0x09,0xd4,0x45,0x82,0x91,0xfd,0x91,0xfd,0x91,0xfd,0x91,0xfd,
0xb1,0xfd,0x91,0xfd,0x91,0xfd,0x91,0xfd,0x91,0xfd,0x91,0xfd,0x91,0xfd,0x91,0xfd,0x08,0xa3,0xd7,0xfe,0x96,0xfe,0xbb,0xff,
0xdd,0xff,0xdd,0xff,0xdd,0xff,0xdd,0xff,0xdd,0xff,0xdd,0xff,0xdd,0xff,0xdd,0xff,0xdd,0xff,0xdd,0xff,0xfe,0xff,0xfe,0xff,
0xdd,0xff,0xb5,0xfe,0xc7,0x9a,0x70,0xfd,0x91,0xfd,0x91,0xfd,0x91,0xfd,0x91,0xfd,0x91,0xfd,0x91,0xfd,0x91,0xfd,0x91,0xfd,
0x91,0xfd,0x91,0xfd,0x91,0xfd,0x91,0xfd,0x91,0xfd,0x91,0xfd,0x91,0xfd,0x91,0xfd,0x91,0xfd,0x91,0xfd,0x91,0xfd,0x91,0xfd,
0x91,0xfd,0x91,0xfd,0x91,0xfd,0x91,0xfd,0x91,0xfd,0x91,0xfd,0x91,0xfd,0x91,0xfd,0x91,0xfd,0x91,0xfd,0x91,0xfd,0x91,0xfd,
0x91,0xfd,0x91,0xfd,0x91,0xfd,0x91,0xfd,0x91,0xfd,0x91,0xfd,0x91,0xfd,0x91,0xfd,0x91,0xfd,0x91,0xfd,0x91,0xfd,0x91,0xfd,
0x91,0xfd,0x91,0xfd,0x91,0xfd,0x91,0xfd,0x91,0xfd,0x91,0xfd,0x91,0xfd,0x91,0xfd,0x91,0xfd,0x91,0xfd,0x91,0xfd,0x91,0xfd,
0x91,0xfd,0x91,0xfd,0x91,0xfd,0x91,0xfd,0x91,0xfd,0x91,0xfd,0x91,0xfd,0x91,0xfd,0x91,0xfd,0x91,0xfd,0x91,0xfd,0x91,0xfd,
0x91,0xfd,0x91,0xfd,0x91,0xfd,0x91,0xfd,0x91,0xfd,0x91,0xfd,0x91,0xfd,0x91,0xfd,0x91,0xfd,0x91,0xfd,0x91,0xfd,0x91,0xfd,
0x91,0xfd,0x91,0xfd,0x91,0xfd,0x91,0xfd,0x91,0xfd,0x91,0xfd,0x91,0xfd,0x91,0xfd,0x91,0xfd,0x91,0xfd,0x91,0xfd,0x91,0xfd,
0x91,0xfd,0x91,0xfd,0x91,0xfd,0x91,0xfd,0x91,0xfd,0x91,0xfd,0x91,0xfd,0x91,0xfd,0x91,0xfd,0x91,0xfd,0x91,0xfd,0x91,0xfd,
0x91,0xfd,0x91,0xfd,0x91,0xfd,0x91,0xfd,0x91,0xfd,0x91,0xfd,0x91,0xfd,0x91,0xfd,0x91,0xfd,0x91,0xfd,0x91,0xfd,0x91,0xfd,
0x91,0xfd,0x91,0xfd,0x91,0xfd,0x91,0xfd,0x70,0xfd,0xb1,0xfd,0x66,0x8a,0x8a,0xe4,0x09,0xd4,0x86,0x92,0x4a,0xdc,0x4a,0xd4,
0x4a,0xdc,0x4a,0xd4,0x4a,0xd4,0x2a,0xd4,0x2a,0xdc,0x4a,0xdc,0x4a,0xdc,0x2a,0xd4,0x09,0xcc,0x0a,0xcc,0x2a,0xd4,0x4a,0xdc,
0x2a,0xd4,0x2a,0xd4,0x2a,0xd4,0x2a,0xd4,0x2a,0xd4,0x2a,0xd4,0x2a,0xd4,0x2a,0xdc,0x25,0x82,0x09,0xd4,0x09,0xd4,0x25,0x82,
0xb1,0xfd,0xb1,0xfd,0xb1,0xfd,0x91,0xfd,0xb1,0xfd,0xb1,0xfd,0xb1,0xfd,0xb1,0xfd,0xb1,0xfd,0xb1,0xfd,0xb1,0xfd,0x70,0xfd,
0xc7,0x92,0xd6,0xfe,0xb6,0xfe,0xd7,0xfe,0xd7,0xfe,0xd7,0xfe,0xd7,0xfe,0xd7,0xfe,0xd7,0xfe,0xd7,0xfe,0xd7,0xfe,0xd7,0xfe,
0xd7,0xfe,0xd7,0xfe,0xd7,0xfe,0x96,0xf6,0x95,0xf6,0x95,0xf6,0x86,0x8a,0x91,0xfd,0x91,0xfd,0x91,0xfd,0x91,0xfd,0x91,0xfd,
0x91,0xfd,0x91,0xfd,0x91,0xfd,0x91,0xfd,0x91,0xfd,0x91,0xfd,0x91,0xfd,0x91,0xfd,0x91,0xfd,0x91,0xfd,0x91,0xfd,0x91,0xfd,
0x91,0xfd,0x91,0xfd,0x91,0xfd,0x91,0xfd,0x91,0xfd,0x91,0xfd,0x91,0xfd,0x91,0xfd,0x91,0xfd,0x91,0xfd,0x91,0xfd,0x91,0xfd,
0x91,0xfd,0x91,0xfd,0x91,0xfd,0x91,0xfd,0x91,0xfd,0x91,0xfd,0x91,0xfd,0x91,0xfd,0x91,0xfd,0x91,0xfd,0x91,0xfd,0x91,0xfd,
0x91,0xfd,0x91,0xfd,0x91,0xfd,0xb1,0xfd,0xb1,0xfd,0x91,0xfd,0x91,0xfd,0x91,0xfd,0x91,0xfd,0x91,0xfd,0x91,0xfd,0x91,0xfd,
0x91,0xfd,0x91,0xfd,0x91,0xfd,0x91,0xfd,0x91,0xfd,0x91,0xfd,0x91,0xfd,0x91,0xfd,0x91,0xfd,0x91,0xfd,0x91,0xfd,0x91,0xfd,
0x91,0xfd,0x91,0xfd,0x91,0xfd,0x91,0xfd,0x91,0xfd,0x91,0xfd,0x91,0xfd,0x91,0xfd,0x91,0xfd,0x91,0xfd,0x91,0xfd,0x91,0xfd,
0x91,0xfd,0x91,0xfd,0x91,0xfd,0x91,0xfd,0x91,0xfd,0x91,0xfd,0x91,0xfd,0x91,0xfd,0x91,0xfd,0x91,0xfd,0x91,0xfd,0x91,0xfd,
0x91,0xfd,0x91,0xfd,0x91,0xfd,0x91,0xfd,0x91,0xfd,0x91,0xfd,0x91,0xfd,0x91,0xfd,0x91,0xfd,0x91,0xfd,0x91,0xfd,0x91,0xfd,
0x91,0xfd,0x91,0xfd,0x91,0xfd,0x91,0xfd,0x91,0xfd,0x91,0xfd,0x91,0xfd,0x91,0xfd,0x91,0xfd,0x91,0xfd,0x91,0xfd,0x91,0xfd,
0x91,0xfd,0x91,0xfd,0x91,0xfd,0x91,0xfd,0x91,0xfd,0x91,0xfd,0x91,0xfd,0x91,0xfd,0x70,0xfd,0x91,0xfd,0x46,0x82,0x8a,0xe4,
0x0a,0xd4,0x86,0x92,0x4a,0xdc,0x2a,0xd4,0x2a,0xd4,0x4a,0xdc,0x4a,0xdc,0x4a,0xdc,0x4a,0xdc,0x2a,0xd4,0x2a,0xd4,0x4a,0xd4,
0x2a,0xd4,0x4a,0xd4,0x2a,0xd4,0x2a,0xd4,0x4a,0xd4,0x4a,0xdc,0x4a,0xdc,0x4a,0xdc,0x4a,0xdc,0x2a,0xd4,0x2a,0xd4,0x4a,0xd4,
0x26,0x82,0x2a,0xd4,0x09,0xd4,0x45,0x82,0xb1,0xfd,0x91,0xfd,0x91,0xfd,0x91,0xfd,0x89,0xcb,0x8a,0xcb,0x89,0xcb,0x89,0xcb,
0x89,0xcb,0x89,0xcb,0x69,0xcb,0x89,0xcb,0xc7,0x9a,0xf7,0xfe,0xd7,0xfe,0xd7,0xfe,0xd7,0xfe,0xd7,0xfe,0xd7,0xfe,0xd7,0xfe,
0xd7,0xfe,0xd7,0xfe,0xd7,0xfe,0xf7,0xfe,0xd7,0xfe,0xd7,0xfe,0xd7,0xfe,0xd7,0xfe,0xd7,0xfe,0xb6,0xf6,0xc6,0x92,0xaa,0xcb,
0x8a,0xcb,0x89,0xcb,0x89,0xcb,0x89,0xcb,0x89,0xcb,0x89,0xcb,0x89,0xcb,0x89,0xcb,0x89,0xcb,0x89,0xcb,0x89,0xcb,0x89,0xcb,
0x89,0xcb,0x89,0xcb,0x89,0xcb,0x69,0xcb,0x69,0xcb,0x89,0xcb,0x89,0xcb,0x89,0xcb,0x89,0xcb,0x89,0xcb,0x89,0xcb,0x89,0xcb,
0xaa,0xd3,0xa9,0xcb,0xa9,0xcb,0x89,0xcb,0x89,0xcb,0x89,0xcb,0x89,0xcb,0x89,0xcb,0xa9,0xcb,0x89,0xcb,0x89,0xcb,0x89,0xcb,
0x89,0xcb,0x89,0xcb,0x89,0xcb,0x89,0xcb,0x89,0xcb,0x69,0xcb,0x69,0xcb,0x69,0xcb,0x89,0xcb,0x89,0xcb,0x89,0xcb,0x89,0xcb,
0x89,0xcb,0xa9,0xcb,0xa9,0xd3,0xaa,0xd3,0xaa,0xcb,0xaa,0xcb,0x89,0xcb,0x89,0xcb,0x89,0xcb,0x89,0xcb,0x89,0xcb,0x89,0xcb,
0x89,0xcb,0x89,0xcb,0x69,0xcb,0x89,0xcb,0x89,0xcb,0x89,0xcb,0x89,0xcb,0x89,0xcb,0x89,0xcb,0x8a,0xcb,0x89,0xcb,0x89,0xcb,
0x89,0xcb,0x89,0xcb,0x89,0xcb,0x89,0xcb,0xa9,0xd3,0x89,0xcb,0x89,0xcb,0x89,0xcb,0x89,0xcb,0x89,0xcb,0x89,0xcb,0x89,0xcb,
0x89,0xcb,0x89,0xcb,0xa9,0xcb,0xaa,0xd3,0xaa,0xd3,0xa9,0xcb,0x89,0xcb,0x89,0xcb,0x89,0xcb,0x89,0xcb,0x89,0xcb,0x89,0xcb,
0x89,0xcb,0x89,0xcb,0x89,0xcb,0x89,0xcb,0x89,0xcb,0x89,0xcb,0x89,0xcb,0x89,0xcb,0x89,0xcb,0x89,0xcb,0x89,0xcb,0x89,0xcb,
0x89,0xcb,0x89,0xcb,0x89,0xcb,0x89,0xcb,0x89,0xcb,0x89,0xcb,0x89,0xcb,0x89,0xcb,0x89,0xcb,0x89,0xcb,0x89,0xcb,0xaa,0xcb,
0x89,0xcb,0xa9,0xcb,0x45,0x82,0x8b,0xe4,0x0a,0xd4,0x86,0x92,0x25,0x82,0x86,0x92,0xa6,0x92,0xa6,0x9a,0xa6,0x9a,0xa6,0x9a,
0xa6,0x9a,0xa6,0x92,0x86,0x92,0x86,0x92,0xa6,0x92,0xa6,0x92,0xa6,0x92,0xa6,0x92,0xa6,0x9a,0x86,0x92,0x86,0x92,0xa6,0x92,
0xa6,0x92,0xa6,0x92,0xa6,0x9a,0x25,0x7a,0x25,0x82,0x09,0xd4,0x09,0xd4,0x66,0x8a,0x69,0xcb,0x89,0xcb,0xaa,0xcb,0x89,0xcb,
0x4f,0xfd,0x4f,0xfd,0x4f,0xfd,0x4f,0xfd,0x4f,0xfd,0x4f,0xfd,0x4f,0xfd,0x2e,0xfd,0xe7,0x9a,0x18,0xff,0xd7,0xfe,0xd7,0xfe,
0xd7,0xfe,0xd7,0xfe,0xd7,0xfe,0xd7,0xfe,0xd7,0xfe,0xd7,0xfe,0xd7,0xfe,0xd7,0xfe,0xd7,0xfe,0xd7,0xfe,0xd7,0xfe,0xd7,0xfe,
0xd7,0xfe,0xd6,0xfe,0xa7,0x92,0x70,0xfd,0x4f,0xfd,0x4f,0xfd,0x4f,0xfd,0x4f,0xfd,0x4f,0xfd,0x4f,0xfd,0x6f,0xfd,0x6f,0xfd,
0x6f,0xfd,0x4f,0xfd,0x4f,0xfd,0x4f,0xfd,0x4f,0xfd,0x4f,0xfd,0x4f,0xfd,0x4f,0xfd,0x4f,0xfd,0x6f,0xfd,0x4f,0xfd,0x4f,0xfd,
0x4f,0xfd,0x4f,0xfd,0x4f,0xfd,0x4f,0xfd,0x4f,0xfd,0x4f,0xfd,0x4f,0xfd,0x4f,0xfd,0x4f,0xfd,0x70,0xfd,0x70,0xfd,0x6f,0xfd,
0x6f,0xfd,0x6f,0xfd,0x70,0xfd,0x70,0xfd,0x4f,0xfd,0x4f,0xfd,0x4f,0xfd,0x4f,0xfd,0x4f,0xfd,0x6f,0xfd,0x6f,0xfd,0x4f,0xfd,
0x4f,0xfd,0x6f,0xfd,0x70,0xfd,0x70,0xfd,0x70,0xfd,0x70,0xfd,0x70,0xfd,0x70,0xfd,0x70,0xfd,0x70,0xfd,0x70,0xfd,0x4f,0xfd,
0x6f,0xfd,0x70,0xfd,0x6f,0xfd,0x4f,0xfd,0x6f,0xfd,0x4f,0xfd,0x6f,0xfd,0x70,0xfd,0x70,0xfd,0x70,0xfd,0x70,0xfd,0x70,0xfd,
0x70,0xfd,0x70,0xfd,0x6f,0xfd,0x4f,0xfd,0x4f,0xfd,0x6f,0xfd,0x70,0xfd,0x70,0xfd,0x6f,0xfd,0x6f,0xfd,0x70,0xfd,0x50,0xfd,
0x4f,0xfd,0x4f,0xfd,0x6f,0xfd,0x4f,0xfd,0x70,0xfd,0x70,0xfd,0x6f,0xfd,0x4f,0xfd,0x4f,0xfd,0x70,0xfd,0x6f,0xfd,0x6f,0xfd,
0x6f,0xfd,0x70,0xfd,0x6f,0xfd,0x6f,0xfd,0x6f,0xfd,0x70,0xfd,0x70,0xfd,0x6f,0xfd,0x6f,0xfd,0x6f,0xfd,0x6f,0xfd,0x6f,0xfd,
0x6f,0xfd,0x4f,0xfd,0x4f,0xfd,0x4f,0xfd,0x4f,0xfd,0x4f,0xfd,0x4f,0xfd,0x4f,0xfd,0x4f,0xfd,0x4f,0xfd,0x6f,0xfd,0x6f,0xfd,
0x6f,0xfd,0x50,0xfd,0x4f,0xfd,0x2f,0xfd,0x6f,0xfd,0xd1,0xfd,0x45,0x82,0x8b,0xe4,0xe9,0xd3,0x46,0x82,0xab,0xe4,0xab,0xe4,
0xcb,0xe4,0xcc,0xec,0xcb,0xec,0xcc,0xec,0xcb,0xec,0xab,0xe4,0xab,0xe4,0xcb,0xec,0xab,0xec,0xcb,0xec,0xcc,0xec,0xcc,0xec,
0xcc,0xec,0xcc,0xec,0xcb,0xec,0xcb,0xec,0xcc,0xec,0xab,0xe4,0x8a,0xe4,0x8a,0xdc,0x05,0x7a,0x09,0xd4,0x2a,0xd4,0x45,0x82,
0x0e,0xfd,0x70,0xfd,0x90,0xfd,0x90,0xfd,0xee,0xf4,0xce,0xf4,0xee,0xfc,0xee,0xfc,0xce,0xfc,0xce,0xf4,0xee,0xfc,0xee,0xf4,
0xe7,0x9a,0xf8,0xfe,0xd7,0xfe,0xd7,0xfe,0xd7,0xfe,0xd7,0xfe,0xd7,0xfe,0xd7,0xfe,0xd7,0xfe,0xd7,0xfe,0xd7,0xfe,0xd7,0xfe,
0xd7,0xfe,0xd7,0xfe,0xd7,0xfe,0xd7,0xfe,0xd7,0xfe,0xd6,0xfe,0x86,0x8a,0xee,0xfc,0xee,0xfc,0xee,0xfc,0xee,0xfc,0xee,0xfc,
0xee,0xfc,0xee,0xfc,0xee,0xfc,0xee,0xfc,0xee,0xfc,0xee,0xfc,0xee,0xfc,0xee,0xfc,0xee,0xfc,0xee,0xfc,0xee,0xfc,0xee,0xf4,
0xee,0xfc,0xee,0xfc,0xee,0xfc,0xee,0xfc,0xee,0xfc,0xee,0xfc,0xee,0xfc,0xee,0xfc,0xee,0xfc,0xee,0xfc,0xee,0xfc,0x0e,0xfd,
0xee,0xfc,0xee,0xfc,0xee,0xfc,0x0e,0xfd,0xee,0xfc,0xee,0xfc,0xee,0xfc,0xee,0xfc,0x0e,0xfd,0x0e,0xfd,0x0e,0xfd,0x0e,0xfd,
0x0e,0xfd,0xee,0xfc,0xee,0xfc,0xee,0xfc,0xee,0xfc,0xee,0xfc,0xee,0xfc,0xee,0xfc,0xee,0xfc,0x0e,0xfd,0x0e,0xfd,0x0f,0xfd,
0xee,0xfc,0x0f,0xfd,0x0f,0xfd,0x0e,0xfd,0xee,0xfc,0x0e,0xfd,0x0f,0xfd,0x0e,0xfd,0xee,0xfc,0xee,0xfc,0x0e,0xfd,0x0e,0xfd,
0xee,0xfc,0xee,0xfc,0x0e,0xfd,0x0e,0xfd,0xee,0xfc,0xee,0xfc,0xee,0xfc,0xee,0xfc,0xee,0xfc,0x0e,0xfd,0x0e,0xfd,0xee,0xfc,
0xee,0xfc,0xee,0xfc,0xee,0xfc,0xee,0xfc,0xee,0xfc,0x0e,0xfd,0x0f,0xfd,0xee,0xfc,0x0e,0xfd,0xee,0xfc,0x0e,0xfd,0x0e,0xfd,
0xee,0xfc,0xee,0xfc,0xee,0xfc,0x0e,0xfd,0x0e,0xfd,0xee,0xfc,0xee,0xfc,0xee,0xfc,0xee,0xfc,0x0e,0xfd,0xee,0xfc,0x0e,0xfd,
0xee,0xfc,0xee,0xfc,0xee,0xfc,0xee,0xfc,0xee,0xfc,0xee,0xfc,0xee,0xfc,0xee,0xfc,0x0e,0xfd,0xee,0xfc,0xee,0xfc,0xee,0xfc,
0xee,0xfc,0xee,0xfc,0xee,0xfc,0xee,0xfc,0xee,0xfc,0xee,0xfc,0xee,0xfc,0xee,0xfc,0xee,0xfc,0x0e,0xfd,0x45,0x82,0xab,0xe4,
0x09,0xd4,0x25,0x7a,0x2a,0xd4,0x2a,0xd4,0x2a,0xd4,0x2a,0xdc,0x2a,0xd4,0x0a,0xd4,0x0a,0xd4,0x2a,0xd4,0x2a,0xd4,0x2a,0xd4,
0x4a,0xdc,0x4a,0xdc,0x4a,0xdc,0x4a,0xdc,0x2a,0xd4,0x2a,0xd4,0x2a,0xd4,0x2a,0xd4,0x2a,0xd4,0x2a,0xd4,0x2a,0xd4,0x29,0xd4,
0x25,0x82,0x09,0xd4,0x2a,0xd4,0x45,0x8a,0xee,0xf4,0xee,0xf4,0xee,0xf4,0xee,0xf4,0xee,0xfc,0xee,0xfc,0xee,0xfc,0xee,0xfc,
0xee,0xfc,0xee,0xfc,0xee,0xfc,0x0f,0xfd,0xa7,0x92,0xb6,0xf6,0xd7,0xfe,0xd7,0xfe,0xd7,0xfe,0xd7,0xfe,0xd7,0xfe,0xd7,0xfe,
0xd7,0xfe,0xd7,0xfe,0xd7,0xfe,0xd7,0xfe,0xd7,0xfe,0xd7,0xfe,0xd7,0xfe,0xd7,0xfe,0xd7,0xfe,0xb6,0xfe,0xa7,0x92,0xce,0xf4,
0xee,0xfc,0xee,0xfc,0xee,0xfc,0xee,0xfc,0xee,0xfc,0xee,0xfc,0xee,0xfc,0x0e,0xfd,0xee,0xfc,0xee,0xfc,0x0e,0xfd,0xee,0xfc,
0xee,0xfc,0xee,0xfc,0xee,0xfc,0xee,0xfc,0xee,0xfc,0xee,0xf4,0xee,0xfc,0xee,0xfc,0xee,0xfc,0xee,0xfc,0x0e,0xfd,0x0e,0xfd,
0x0e,0xfd,0x0e,0xfd,0x0e,0xfd,0x0e,0xfd,0xee,0xfc,0x0e,0xfd,0x0e,0xfd,0x0e,0xfd,0x0e,0xfd,0xee,0xfc,0xee,0xfc,0xee,0xfc,
0x0e,0xfd,0x0e,0xfd,0x0e,0xfd,0x0e,0xfd,0x0e,0xfd,0xee,0xfc,0xee,0xfc,0x0e,0xfd,0x0e,0xfd,0x0e,0xfd,0x0e,0xfd,0x0e,0xfd,
0x0e,0xfd,0xee,0xfc,0x0e,0xfd,0x0e,0xfd,0xee,0xfc,0xee,0xfc,0x0e,0xfd,0x0e,0xfd,0x0e,0xfd,0x0e,0xfd,0x0e,0xfd,0x0e,0xfd,
0x0e,0xfd,0x0e,0xfd,0x0e,0xfd,0x0e,0xfd,0xee,0xfc,0xee,0xfc,0x0e,0xfd,0x0e,0xfd,0x0e,0xfd,0xee,0xfc,0xee,0xfc,0x0e,0xfd,
0x0e,0xfd,0x0e,0xfd,0x0e,0xfd,0x0e,0xfd,0xee,0xfc,0xee,0xfc,0xee,0xfc,0xee,0xfc,0x0e,0xfd,0x0e,0xfd,0x0e,0xfd,0xee,0xfc,
0x0e,0xfd,0x0e,0xfd,0x0e,0xfd,0x0e,0xfd,0x0e,0xfd,0x0e,0xfd,0x0e,0xfd,0x0e,0xfd,0xee,0xfc,0x0e,0xfd,0x0e,0xfd,0x0e,0xfd,
0xee,0xfc,0x0e,0xfd,0x0e,0xfd,0x0e,0xfd,0x0e,0xfd,0x0e,0xfd,0xee,0xfc,0x0e,0xfd,0x0e,0xfd,0x0e,0xfd,0x0e,0xfd,0x0e,0xfd,
0xee,0xfc,0xee,0xfc,0xee,0xfc,0xee,0xfc,0xee,0xf4,0xee,0xfc,0xee,0xfc,0xee,0xfc,0xee,0xfc,0xee,0xfc,0x0e,0xfd,0xee,0xfc,
0xee,0xfc,0x2f,0xfd,0x45,0x82,0xab,0xe4,0x09,0xd4,0x66,0x8a,0x2a,0xdc,0x2a,0xd4,0x2a,0xd4,0x2a,0xd4,0x2a,0xd4,0x2a,0xd4,
0x2a,0xd4,0x2a,0xd4,0x2a,0xd4,0x09,0xd4,0xe5,0x69,0xe5,0x69,0x4a,0xe4,0x2a,0xd4,0x2a,0xd4,0x2a,0xd4,0x2a,0xd4,0x2a,0xd4,
0x2a,0xd4,0x2a,0xd4,0x2a,0xd4,0x4a,0xdc,0x45,0x8a,0x09,0xd4,0x29,0xd4,0x45,0x82,0x0e,0xfd,0xee,0xfc,0xee,0xf4,0xee,0xf4,
0xce,0xf4,0xee,0xf4,0xce,0xf4,0xee,0xf4,0xce,0xf4,0xce,0xf4,0xce,0xf4,0xce,0xf4,0x86,0x8a,0x95,0xf6,0xd7,0xfe,0xf7,0xfe,
0xd7,0xfe,0xd7,0xfe,0xd7,0xfe,0xd7,0xfe,0xd7,0xfe,0xd7,0xfe,0xd7,0xfe,0xd7,0xfe,0xd7,0xfe,0xd7,0xfe,0xd7,0xfe,0xd7,0xfe,
0xd7,0xfe,0xd6,0xfe,0x86,0x92,0xee,0xf4,0xee,0xfc,0xee,0xfc,0xee,0xfc,0xee,0xfc,0xee,0xfc,0xee,0xfc,0xee,0xfc,0xee,0xfc,
0x0e,0xfd,0x0e,0xfd,0xee,0xfc,0x0e,0xfd,0xee,0xfc,0xee,0xfc,0x0e,0xfd,0xee,0xfc,0xee,0xfc,0xee,0xfc,0xee,0xfc,0xee,0xfc,
0xee,0xfc,0x0e,0xfd,0x0e,0xfd,0x0e,0xfd,0x0e,0xfd,0x0e,0xfd,0x0e,0xfd,0xee,0xfc,0x0e,0xfd,0x0e,0xfd,0x0e,0xfd,0x0e,0xfd,
0x0e,0xfd,0xee,0xfc,0x0e,0xfd,0x0e,0xfd,0x0e,0xfd,0x0e,0xfd,0x0e,0xfd,0x0e,0xfd,0x0e,0xfd,0x0e,0xfd,0x0e,0xfd,0x0e,0xfd,
0x0e,0xfd,0x0e,0xfd,0x0e,0xfd,0x0e,0xfd,0x0e,0xfd,0xee,0xfc,0x0e,0xfd,0xee,0xfc,0xee,0xfc,0x0e,0xfd,0x0e,0xfd,0x0f,0xfd,
0x0f,0xfd,0x0e,0xfd,0x0e,0xfd,0x0e,0xfd,0x0e,0xfd,0x0e,0xfd,0x0e,0xfd,0x0e,0xfd,0xee,0xfc,0x0f,0xfd,0x0e,0xfd,0x0e,0xfd,
0x0e,0xfd,0x0e,0xfd,0x0e,0xfd,0x0e,0xfd,0x0e,0xfd,0x0e,0xfd,0x0e,0xfd,0x0e,0xfd,0x0e,0xfd,0xee,0xfc,0xee,0xfc,0xee,0xfc,
0xee,0xfc,0x0e,0xfd,0x0e,0xfd,0x0e,0xfd,0x0e,0xfd,0x0e,0xfd,0x0e,0xfd,0x0e,0xfd,0x0e,0xfd,0x0e,0xfd,0x0e,0xfd,0x0e,0xfd,
0x0e,0xfd,0xee,0xfc,0xee,0xfc,0x0e,0xfd,0x0e,0xfd,0x0e,0xfd,0xee,0xfc,0x0e,0xfd,0x0e,0xfd,0xee,0xfc,0x0e,0xfd,0x0e,0xfd,
0x0e,0xfd,0x0e,0xfd,0x0e,0xfd,0x0e,0xfd,0x0e,0xfd,0xee,0xf4,0xee,0xf4,0xee,0xfc,0xee,0xfc,0xee,0xfc,0xee,0xfc,0xee,0xfc,
0xee,0xfc,0xee,0xfc,0x0e,0xfd,0xee,0xfc,0xee,0xfc,0x2f,0xfd,0x45,0x8a,0xab,0xe4,0x09,0xd4,0x66,0x8a,0x2a,0xdc,0x2a,0xd4,
0x2a,0xd4,0x2a,0xd4,0x2a,0xd4,0x2a,0xd4,0x2a,0xd4,0x2a,0xd4,0x2a,0xd4,0xe5,0x61,0xe7,0x9a,0x66,0x82,0xa4,0x59,0x2a,0xd4,
0x2a,0xd4,0x2a,0xd4,0x2a,0xd4,0x2a,0xd4,0x2a,0xd4,0x2a,0xd4,0x2a,0xd4,0x4a,0xdc,0x45,0x8a,0x09,0xd4,0x29,0xd4,0x45,0x82,
0xee,0xf4,0x0e,0xfd,0xee,0xfc,0xee,0xf4,0x8d,0xec,0x8d,0xf4,0x8d,0xf4,0x8d,0xf4,0x8d,0xf4,0x8d,0xf4,0x8d,0xec,0x6c,0xec,
0x86,0x8a,0x96,0xfe,0xf7,0xfe,0xd7,0xfe,0xd7,0xfe,0xd7,0xfe,0xd7,0xfe,0xd7,0xfe,0xd7,0xfe,0xd7,0xfe,0xd7,0xfe,0xd7,0xfe,
0xd7,0xfe,0xd7,0xfe,0xd7,0xfe,0xd7,0xfe,0xd7,0xfe,0xb6,0xfe,0x86,0x8a,0xad,0xf4,0xad,0xf4,0xad,0xf4,0xad,0xf4,0xad,0xf4,
0xad,0xf4,0xad,0xf4,0xad,0xf4,0xad,0xf4,0xad,0xf4,0xad,0xf4,0xad,0xf4,0xcd,0xf4,0xcd,0xf4,0xad,0xf4,0xcd,0xf4,0xcd,0xf4,
0xcd,0xf4,0xad,0xf4,0xcd,0xf4,0xcd,0xf4,0xcd,0xf4,0xad,0xf4,0xad,0xf4,0xcd,0xf4,0xad,0xf4,0xad,0xf4,0xad,0xf4,0xad,0xf4,
0xad,0xf4,0xad,0xf4,0xad,0xf4,0xcd,0xf4,0xcd,0xf4,0xcd,0xf4,0xcd,0xf4,0xcd,0xf4,0xcd,0xf4,0xcd,0xf4,0xad,0xf4,0xad,0xf4,
0xcd,0xf4,0xad,0xf4,0xad,0xf4,0xcd,0xf4,0xcd,0xf4,0xad,0xf4,0xad,0xf4,0xad,0xf4,0xad,0xf4,0xcd,0xf4,0xcd,0xf4,0xcd,0xf4,
0xad,0xf4,0xad,0xf4,0xce,0xf4,0xce,0xf4,0xce,0xf4,0xce,0xf4,0xcd,0xf4,0xce,0xf4,0xce,0xf4,0xce,0xf4,0xee,0xf4,0xcd,0xf4,
0xce,0xf4,0xcd,0xf4,0xcd,0xf4,0xad,0xf4,0xad,0xf4,0xad,0xf4,0xcd,0xf4,0xcd,0xf4,0xcd,0xf4,0xcd,0xf4,0xad,0xf4,0xcd,0xf4,
0xcd,0xf4,0xcd,0xf4,0xcd,0xf4,0xcd,0xf4,0xcd,0xf4,0xcd,0xf4,0xce,0xf4,0xcd,0xf4,0xcd,0xf4,0xcd,0xf4,0xcd,0xf4,0xcd,0xf4,
0xad,0xf4,0xad,0xf4,0xad,0xf4,0xad,0xf4,0xad,0xf4,0xad,0xf4,0xad,0xf4,0xad,0xf4,0xcd,0xf4,0xad,0xf4,0xad,0xf4,0xad,0xf4,
0xcd,0xf4,0xad,0xf4,0xad,0xf4,0xad,0xf4,0xcd,0xf4,0xcd,0xf4,0xad,0xf4,0xad,0xf4,0xad,0xf4,0xad,0xf4,0xad,0xf4,0xcd,0xf4,
0xcd,0xf4,0xcd,0xf4,0xad,0xf4,0xad,0xf4,0xad,0xf4,0xad,0xf4,0xad,0xf4,0xad,0xf4,0xad,0xf4,0x8c,0xf4,0x45,0x82,0xcb,0xe4,
0x09,0xd4,0x66,0x8a,0x2a,0xd4,0x2a,0xd4,0x2a,0xd4,0x2a,0xd4,0x2a,0xd4,0x2a,0xd4,0x2a,0xd4,0x2a,0xd4,0x2a,0xd4,0xc4,0x69,
0x25,0x7a,0x25,0x72,0xa4,0x61,0x2a,0xdc,0x2a,0xd4,0x2a,0xd4,0x2a,0xd4,0x2a,0xd4,0x2a,0xd4,0x2a,0xd4,0x2a,0xd4,0x2a,0xd4,
0x25,0x82,0x09,0xd4,0x4a,0xdc,0x65,0x8a,0xad,0xf4,0xad,0xf4,0xad,0xf4,0xad,0xf4,0x27,0xab,0x27,0xab,0x27,0xab,0x27,0xab,
0x27,0xab,0x27,0xab,0x07,0xab,0x28,0xab,0xc7,0x9a,0xf2,0xed,0xd1,0xed,0xd7,0xfe,0xd7,0xfe,0xd7,0xfe,0xd7,0xfe,0xd7,0xfe,
0xd7,0xfe,0xd7,0xfe,0xd7,0xfe,0xd7,0xfe,0xd7,0xfe,0xd7,0xfe,0xd7,0xfe,0xd7,0xfe,0xf7,0xfe,0x13,0xf6,0xc7,0x9a,0x27,0xb3,
0x07,0xab,0x07,0xab,0x07,0xab,0x27,0xab,0x27,0xab,0x07,0xab,0x27,0xab,0x27,0xab,0x07,0xab,0x07,0xab,0x07,0xab,0x07,0xab,
0x07,0xab,0x07,0xab,0x27,0xab,0x27,0xab,0x27,0xab,0x27,0xab,0x27,0xab,0x07,0xab,0x07,0xab,0x07,0xab,0x07,0xab,0x27,0xab,
0x07,0xab,0x27,0xab,0x27,0xab,0x07,0xab,0x07,0xab,0x27,0xab,0x27,0xab,0x27,0xab,0x07,0xab,0x27,0xab,0x27,0xab,0x27,0xab,
0x27,0xab,0x27,0xab,0x27,0xab,0x48,0xab,0x27,0xab,0x27,0xab,0x27,0xab,0x27,0xab,0x27,0xab,0x07,0xab,0x07,0xab,0x07,0xab,
0x07,0xab,0x07,0xab,0x07,0xab,0x07,0xab,0x07,0xab,0x07,0xab,0x07,0xab,0x28,0xab,0x27,0xab,0x27,0xab,0x27,0xab,0x27,0xab,
0x27,0xab,0x27,0xab,0x27,0xab,0x27,0xab,0x27,0xab,0x27,0xab,0x27,0xab,0x07,0xab,0x07,0xab,0x27,0xab,0x27,0xab,0x28,0xab,
0x27,0xab,0x27,0xab,0x27,0xab,0x07,0xab,0x07,0xab,0x07,0xab,0x07,0xab,0x07,0xab,0x07,0xab,0x27,0xab,0x27,0xab,0x27,0xab,
0x27,0xab,0x27,0xab,0x27,0xab,0x27,0xab,0x27,0xab,0x27,0xab,0x27,0xab,0x27,0xab,0x27,0xab,0x27,0xab,0x27,0xab,0x27,0xab,
0x27,0xab,0x27,0xab,0x27,0xab,0x27,0xab,0x27,0xab,0x07,0xab,0x07,0xab,0x27,0xab,0x27,0xab,0x27,0xab,0x27,0xab,0x27,0xab,
0x27,0xab,0x27,0xb3,0x48,0xab,0x48,0xab,0x27,0xab,0x27,0xab,0x27,0xab,0x27,0xab,0x27,0xab,0x07,0xab,0x27,0xab,0x48,0xb3,
0x48,0xab,0x28,0xab,0x65,0x8a,0xcb,0xe4,0xe9,0xcb,0x66,0x92,0x2a,0xdc,0x2a,0xd4,0x2a,0xd4,0x2a,0xd4,0x2a,0xd4,0x2a,0xd4,
0x2a,0xd4,0x2a,0xd4,0x2a,0xd4,0x88,0xc3,0xa4,0x59,0xa4,0x59,0x88,0xc3,0x2a,0xd4,0x2a,0xd4,0x2a,0xd4,0x2a,0xd4,0x2a,0xd4,
0x2a,0xd4,0x2a,0xd4,0x2a,0xd4,0x2a,0xd4,0x25,0x82,0x09,0xd4,0x4a,0xdc,0x86,0x92,0x27,0xab,0x27,0xab,0x27,0xab,0x28,0xb3,
0xeb,0xec,0xeb,0xec,0xeb,0xec,0xcb,0xec,0xeb,0xec,0xec,0xec,0xcb,0xec,0x4a,0xdc,0xeb,0xec,0xa7,0x8a,0xe3,0x71,0xd7,0xfe,
0xd7,0xfe,0xd7,0xfe,0xd7,0xfe,0xd7,0xfe,0xd7,0xfe,0xd7,0xfe,0xd7,0xfe,0xd7,0xfe,0xd7,0xfe,0xd7,0xfe,0xd7,0xfe,0xd7,0xfe,
0x18,0xff,0x86,0x82,0x2b,0xf5,0x2b,0xf5,0x4c,0xf5,0x6c,0xfd,0x6c,0xfd,0x4c,0xf5,0x2c,0xf5,0x2c,0xf5,0x4c,0xfd,0x29,0xdc,
0x2c,0xf5,0x4c,0xfd,0x4c,0xfd,0x4c,0xfd,0x4c,0xfd,0x6c,0xfd,0x4d,0xfd,0x4c,0xfd,0x4c,0xf5,0x4c,0xf5,0x4c,0xf5,0x2c,0xf5,
0x2c,0xf5,0x4c,0xf5,0x6d,0xfd,0x0a,0xd4,0x2c,0xf5,0x4c,0xf5,0x4c,0xfd,0x4c,0xfd,0x4c,0xfd,0x4c,0xf5,0x4c,0xfd,0x4c,0xfd,
0x4c,0xfd,0x4d,0xfd,0x6d,0xfd,0x4c,0xf5,0x4c,0xf5,0x4c,0xf5,0x6d,0xfd,0x8b,0xe4,0x6c,0xfd,0x4c,0xfd,0x4c,0xf5,0x4c,0xf5,
0x4c,0xf5,0x4c,0xf5,0x4c,0xf5,0x4c,0xf5,0x4c,0xf5,0x4c,0xfd,0x4c,0xf5,0x4c,0xf5,0x4c,0xfd,0x4c,0xfd,0x6c,0xfd,0xc8,0xd3,
0x4c,0xf5,0x4c,0xf5,0x4c,0xf5,0x4c,0xf5,0x4c,0xf5,0x4c,0xf5,0x4c,0xf5,0x4c,0xf5,0x4c,0xf5,0x4c,0xf5,0x2c,0xf5,0x4c,0xf5,
0x4c,0xf5,0x4c,0xf5,0x4c,0xf5,0x2c,0xf5,0xe9,0xd3,0x4c,0xf5,0x4c,0xfd,0x4c,0xf5,0x4c,0xf5,0x4c,0xf5,0x4c,0xf5,0x4c,0xf5,
0x4c,0xf5,0x4c,0xf5,0x4c,0xfd,0x6c,0xfd,0x4c,0xf5,0x4c,0xf5,0x4c,0xf5,0x4d,0xfd,0xaa,0xe4,0x6c,0xfd,0x6c,0xfd,0x6c,0xfd,
0x4c,0xfd,0x6c,0xfd,0x6c,0xfd,0x6c,0xfd,0x6c,0xfd,0x6d,0xfd,0x6c,0xfd,0x6d,0xfd,0x6d,0xfd,0x6d,0xfd,0x6d,0xfd,0x6d,0xfd,
0x29,0xd4,0x6c,0xfd,0x6d,0xfd,0x4c,0xf5,0x4c,0xfd,0x4c,0xfd,0x6c,0xfd,0x4c,0xfd,0x4d,0xf5,0x6c,0xfd,0x4c,0xf5,0x6d,0xfd,
0x6d,0xfd,0x6d,0xfd,0x6d,0xfd,0x4a,0xdc,0x2c,0xf5,0xcf,0xfd,0x66,0x8a,0xcb,0xe4,0xe9,0xd3,0x86,0x92,0x4a,0xdc,0x2a,0xd4,
0x2a,0xd4,0x2a,0xd4,0x2a,0xd4,0x2a,0xd4,0x2a,0xd4,0x2a,0xd4,0x2a,0xd4,0x2a,0xd4,0x0a,0xd4,0x0a,0xd4,0x2a,0xd4,0x2a,0xd4,
0x2a,0xd4,0x2a,0xd4,0x2a,0xd4,0x2a,0xd4,0x2a,0xd4,0x2a,0xd4,0x2a,0xd4,0x2a,0xd4,0x45,0x82,0x09,0xd4,0x4a,0xdc,0x66,0x8a,
0x0c,0xf5,0xeb,0xec,0x0c,0xf5,0x0c,0xf5,0x2c,0xed,0x0c,0xf5,0x0c,0xf5,0x0c,0xed,0x0c,0xed,0x0c,0xed,0x2c,0xed,0x8b,0xe4,
0x0c,0xed,0x46,0x7a,0x24,0x7a,0xd7,0xfe,0xd7,0xfe,0xd7,0xfe,0xd7,0xfe,0xd7,0xfe,0xd7,0xfe,0xd7,0xfe,0xd7,0xfe,0xd7,0xfe,
0xd7,0xfe,0xd7,0xfe,0xd7,0xfe,0xd7,0xfe,0x95,0xf6,0xe7,0x9a,0xcf,0xfd,0xce,0xfd,0xce,0xfd,0xce,0xfd,0xce,0xfd,0xcf,0xfd,
0xcf,0xfd,0xae,0xfd,0xae,0xfd,0x6e,0xf5,0xce,0xfd,0xce,0xfd,0xce,0xfd,0xce,0xfd,0xce,0xfd,0xce,0xfd,0xce,0xfd,0xce,0xfd,
0xce,0xfd,0xce,0xfd,0xce,0xfd,0xae,0xfd,0xae,0xfd,0xce,0xfd,0x8e,0xf5,0x8e,0xf5,0xce,0xfd,0xae,0xfd,0xae,0xfd,0xce,0xfd,
0xce,0xfd,0xce,0xfd,0xce,0xfd,0xce,0xfd,0xce,0xfd,0xce,0xfd,0xce,0xfd,0xce,0xfd,0xae,0xfd,0xae,0xfd,0xae,0xfd,0xcb,0xe4,
0xef,0xfd,0xce,0xfd,0xae,0xfd,0xce,0xfd,0xce,0xfd,0xce,0xfd,0xce,0xfd,0xce,0xfd,0xce,0xfd,0xae,0xfd,0xae,0xfd,0xce,0xfd,
0xce,0xfd,0xce,0xfd,0xae,0xfd,0x4a,0xdc,0xae,0xf5,0xae,0xfd,0xce,0xfd,0xce,0xfd,0xae,0xfd,0xce,0xfd,0xce,0xfd,0xcf,0xfd,
0xce,0xfd,0xce,0xfd,0xce,0xfd,0xce,0xfd,0xce,0xfd,0xce,0xfd,0xce,0xfd,0xcf,0xf5,0x4a,0xdc,0xce,0xfd,0xce,0xfd,0xae,0xfd,
0xae,0xfd,0xae,0xfd,0xae,0xfd,0xce,0xfd,0xce,0xfd,0xce,0xfd,0xce,0xfd,0xce,0xfd,0xce,0xfd,0xce,0xfd,0xce,0xfd,0xef,0xfd,
0xab,0xe4,0xae,0xfd,0xce,0xfd,0xce,0xfd,0xce,0xfd,0xcf,0xfd,0xcf,0xfd,0xce,0xfd,0xcf,0xfd,0xce,0xfd,0xce,0xfd,0xcf,0xfd,
0xcf,0xfd,0xce,0xfd,0xce,0xfd,0xae,0xfd,0x8a,0xe4,0xef,0xfd,0xce,0xfd,0xce,0xfd,0xce,0xfd,0xce,0xfd,0xce,0xfd,0xce,0xfd,
0xcf,0xfd,0xcf,0xfd,0xcf,0xfd,0xce,0xfd,0xcf,0xfd,0xcf,0xfd,0xcf,0xfd,0x6a,0xe4,0x6d,0xf5,0xcf,0xfd,0x25,0x7a,0xcb,0xec,
0x2a,0xd4,0x86,0x92,0x2a,0xd4,0x0a,0xd4,0x2a,0xd4,0x2a,0xd4,0x2a,0xd4,0x2a,0xd4,0x2a,0xd4,0x2a,0xd4,0x2a,0xd4,0x2a,0xd4,
0x2a,0xd4,0x2a,0xd4,0x2a,0xd4,0x2a,0xd4,0x2a,0xd4,0x2a,0xd4,0x2a,0xd4,0x2a,0xd4,0x09,0xd4,0x09,0xd4,0x0a,0xd4,0x09,0xd4,
0x45,0x82,0x09,0xd4,0x4a,0xdc,0x46,0x82,0x2c,0xf5,0x4d,0xf5,0x6d,0xf5,0x4c,0xf5,0x4d,0xf5,0x4d,0xf5,0x4c,0xf5,0x4c,0xf5,
0x4c,0xf5,0x4c,0xf5,0x4d,0xf5,0x4d,0xf5,0x4c,0xf5,0x86,0x82,0x45,0x82,0xf7,0xfe,0xd7,0xfe,0xd7,0xfe,0xd7,0xfe,0xd7,0xfe,
0xd7,0xfe,0xd7,0xfe,0xd7,0xfe,0xd7,0xfe,0xd7,0xfe,0xd7,0xfe,0xd7,0xfe,0xd7,0xfe,0x54,0xf6,0xe7,0x92,0x10,0xfe,0x10,0xfe,
0x10,0xfe,0x10,0xfe,0x10,0xfe,0x10,0xfe,0x10,0xfe,0x10,0xfe,0x8a,0xe4,0x30,0xfe,0x0f,0xfe,0x10,0xfe,0x10,0xfe,0x10,0xfe,
0x10,0xfe,0x10,0xfe,0x10,0xfe,0x0f,0xfe,0x10,0xfe,0x10,0xfe,0x0f,0xfe,0x10,0xfe,0x10,0xfe,0x0f,0xfe,0x6d,0xf5,0x10,0xfe,
0x10,0xfe,0x10,0xfe,0x10,0xfe,0x10,0xfe,0x10,0xfe,0x10,0xfe,0x10,0xfe,0x10,0xfe,0x10,0xfe,0x10,0xfe,0x0f,0xfe,0x0f,0xfe,
0x10,0xfe,0x10,0xfe,0xef,0xfd,0x6a,0xe4,0x0f,0xfe,0x10,0xfe,0x10,0xfe,0x10,0xfe,0x10,0xfe,0x10,0xfe,0x0f,0xfe,0x10,0xfe,
0x10,0xfe,0x10,0xfe,0x10,0xfe,0x0f,0xfe,0xef,0xfd,0x0f,0xfe,0xef,0xfd,0x4a,0xe4,0x30,0xfe,0x10,0xfe,0x10,0xfe,0x10,0xfe,
0x10,0xfe,0x10,0xfe,0x10,0xfe,0x10,0xfe,0x10,0xfe,0x10,0xfe,0x10,0xfe,0x10,0xfe,0x10,0xfe,0x10,0xfe,0x10,0xfe,0x10,0xfe,
0x49,0xdc,0x10,0xfe,0x10,0xfe,0x0f,0xfe,0x10,0xfe,0x10,0xfe,0x10,0xfe,0x10,0xfe,0x10,0xfe,0x10,0xfe,0x10,0xfe,0x10,0xfe,
0x0f,0xfe,0x10,0xfe,0x0f,0xfe,0x30,0xfe,0xab,0xec,0x10,0xfe,0x10,0xfe,0x10,0xfe,0x10,0xfe,0x10,0xfe,0x10,0xfe,0x10,0xfe,
0x10,0xfe,0x10,0xfe,0x10,0xfe,0x10,0xfe,0x10,0xfe,0x10,0xfe,0x10,0xfe,0x0f,0xfe,0x0c,0xed,0x0f,0xfe,0xef,0xfd,0x0f,0xfe,
0x10,0xfe,0x10,0xfe,0x10,0xfe,0x10,0xfe,0x10,0xfe,0x10,0xfe,0x10,0xfe,0x10,0xfe,0x10,0xfe,0x10,0xfe,0x0f,0xfe,0x0c,0xed,
0x2d,0xed,0x71,0xfe,0x45,0x82,0xab,0xe4,0x2a,0xd4,0xe5,0x71,0x68,0xb3,0x68,0xbb,0x88,0xbb,0x88,0xbb,0x88,0xbb,0x68,0xb3,
0x68,0xb3,0x68,0xb3,0x68,0xb3,0x68,0xb3,0x68,0xb3,0x68,0xb3,0x68,0xb3,0x88,0xbb,0x68,0xb3,0x68,0xb3,0x68,0xb3,0x68,0xb3,
0x68,0xb3,0x48,0xb3,0x48,0xb3,0x88,0xbb,0x45,0x8a,0xe9,0xd3,0x2a,0xdc,0x86,0x8a,0x8d,0xf5,0x8d,0xf5,0x8d,0xf5,0x6d,0xf5,
0x4d,0xf5,0x4d,0xf5,0x4c,0xf5,0x4c,0xf5,0x4d,0xf5,0x4d,0xf5,0xaa,0xe4,0x4c,0xf5,0x4d,0xf5,0x86,0x8a,0x66,0x82,0xf2,0xed,
0xb7,0xfe,0xd7,0xfe,0xd7,0xfe,0xd7,0xfe,0xd7,0xfe,0xd7,0xfe,0xd7,0xfe,0xd7,0xfe,0xd7,0xfe,0xd7,0xfe,0xd7,0xfe,0x54,0xf6,
0x33,0xf6,0xc7,0x92,0x30,0xfe,0x10,0xfe,0x10,0xfe,0x10,0xfe,0x10,0xfe,0x10,0xfe,0x10,0xfe,0xef,0xfd,0x6a,0xe4,0x10,0xfe,
0x0f,0xfe,0x10,0xfe,0x0f,0xfe,0x10,0xfe,0x10,0xfe,0x10,0xfe,0x0f,0xfe,0x0f,0xfe,0x0f,0xfe,0x0f,0xfe,0x10,0xfe,0x10,0xfe,
0x10,0xfe,0x10,0xfe,0x8a,0xe4,0xef,0xfd,0x10,0xfe,0x0f,0xfe,0x10,0xfe,0x10,0xfe,0x10,0xfe,0x10,0xfe,0x10,0xfe,0x10,0xfe,
0x10,0xfe,0x10,0xfe,0x10,0xfe,0x10,0xfe,0x0f,0xfe,0x10,0xfe,0x51,0xfe,0xef,0xfd,0x10,0xfe,0x10,0xfe,0x10,0xfe,0x10,0xfe,
0x10,0xfe,0x0f,0xfe,0x0f,0xfe,0x10,0xfe,0x10,0xfe,0x10,0xfe,0x0f,0xfe,0x0f,0xfe,0x0f,0xfe,0x10,0xfe,0x0f,0xfe,0x4a,0xe4,
0x10,0xfe,0x10,0xfe,0x10,0xfe,0x10,0xfe,0x10,0xfe,0x10,0xfe,0x10,0xfe,0x10,0xfe,0x10,0xfe,0x0f,0xfe,0x10,0xfe,0x10,0xfe,
0x10,0xfe,0x10,0xfe,0x10,0xfe,0x0f,0xfe,0x4a,0xdc,0x10,0xfe,0x0f,0xfe,0x10,0xfe,0x10,0xfe,0x10,0xfe,0x10,0xfe,0x10,0xfe,
0x10,0xfe,0x10,0xfe,0x10,0xfe,0x10,0xfe,0x10,0xfe,0x10,0xfe,0x10,0xfe,0x10,0xfe,0xec,0xec,0xae,0xfd,0xae,0xfd,0xcf,0xfd,
0xcf,0xfd,0xcf,0xfd,0xce,0xfd,0xcf,0xfd,0xce,0xfd,0xce,0xfd,0xcf,0xfd,0xcf,0xfd,0xce,0xfd,0xce,0xfd,0xce,0xfd,0xce,0xfd,
0xce,0xfd,0x69,0xe4,0xef,0xfd,0x0f,0xfe,0x10,0xfe,0x10,0xfe,0x10,0xfe,0x10,0xfe,0x10,0xfe,0x10,0xfe,0x10,0xfe,0x10,0xfe,
0x10,0xfe,0x10,0xfe,0x0f,0xfe,0xef,0xfd,0x8a,0xe4,0x30,0xfe,0x66,0x8a,0x4b,0xdc,0x2a,0xd4,0xa6,0x92,0xe4,0x71,0x05,0x7a,
0x05,0x7a,0x05,0x72,0x05,0x7a,0x05,0x7a,0x05,0x7a,0x05,0x7a,0x05,0x7a,0x05,0x7a,0x05,0x7a,0x25,0x7a,0x25,0x7a,0x25,0x7a,
0x25,0x7a,0x05,0x7a,0x05,0x7a,0x05,0x7a,0x05,0x7a,0x05,0x7a,0x05,0x7a,0x25,0x7a,0x86,0x92,0xe9,0xcb,0x2a,0xd4,0xa6,0x92,
0x8d,0xf5,0x8d,0xf5,0x6d,0xf5,0x6d,0xf5,0xae,0xfd,0xae,0xfd,0x6d,0xf5,0x6d,0xf5,0x6d,0xf5,0x49,0xdc,0x4c,0xf5,0x4d,0xf5,
0x4c,0xf5,0x2c,0xed,0xec,0xec,0x86,0x8a,0x2f,0xdd,0x95,0xf6,0xd7,0xfe,0xd7,0xfe,0xd7,0xfe,0xd7,0xfe,0xd7,0xfe,0xd7,0xfe,
0xd7,0xfe,0xb6,0xfe,0xd1,0xed,0xa7,0x8a,0xa7,0x8a,0x0c,0xed,0x4d,0xf5,0x8e,0xf5,0x10,0xfe,0x10,0xfe,0x10,0xfe,0x10,0xfe,
0x10,0xfe,0x6a,0xe4,0x0f,0xfe,0x10,0xfe,0x10,0xfe,0x10,0xfe,0x10,0xfe,0x10,0xfe,0x10,0xfe,0x10,0xfe,0x10,0xfe,0x10,0xfe,
0x10,0xfe,0x10,0xfe,0x10,0xfe,0x10,0xfe,0x10,0xfe,0xef,0xfd,0xab,0xec,0xcf,0xfd,0xcf,0xfd,0xcf,0xfd,0xce,0xfd,0xcf,0xfd,
0xce,0xfd,0xcf,0xfd,0xcf,0xfd,0xcf,0xfd,0xcf,0xfd,0xcf,0xfd,0xcf,0xfd,0xce,0xfd,0xce,0xfd,0xae,0xfd,0xae,0xfd,0xae,0xfd,
0xae,0xfd,0xae,0xfd,0xae,0xfd,0xae,0xfd,0xae,0xfd,0xae,0xfd,0xae,0xfd,0xae,0xfd,0xae,0xfd,0xae,0xfd,0xae,0xfd,0xae,0xfd,
0xae,0xfd,0xae,0xfd,0xae,0xfd,0x6a,0xe4,0xf0,0xfd,0x10,0xfe,0x10,0xfe,0x10,0xfe,0x0f,0xfe,0x10,0xfe,0x0f,0xfe,0x10,0xfe,
0x10,0xfe,0x10,0xfe,0x10,0xfe,0x10,0xfe,0x10,0xfe,0x10,0xfe,0x10,0xfe,0xef,0xfd,0x49,0xdc,0x10,0xfe,0x10,0xfe,0x10,0xfe,
0x10,0xfe,0x10,0xfe,0x10,0xfe,0x10,0xfe,0x10,0xfe,0x0f,0xfe,0x10,0xfe,0x10,0xfe,0x10,0xfe,0x10,0xfe,0x10,0xfe,0x10,0xfe,
0x51,0xfe,0x10,0xfe,0x10,0xfe,0x10,0xfe,0x0f,0xfe,0x10,0xfe,0x10,0xfe,0x10,0xfe,0x10,0xfe,0x10,0xfe,0x0f,0xfe,0xef,0xfd,
0x0f,0xfe,0x0f,0xfe,0xef,0xfd,0x10,0xfe,0x10,0xfe,0xab,0xec,0x10,0xfe,0x10,0xfe,0x10,0xfe,0x10,0xfe,0x10,0xfe,0x10,0xfe,
0x10,0xfe,0x10,0xfe,0x10,0xfe,0x10,0xfe,0x10,0xfe,0x0f,0xfe,0x0f,0xfe,0x0f,0xfe,0x10,0xfe,0x09,0xd4,0x89,0xe4,0x46,0x82,
0x45,0x82,0x05,0x7a,0x09,0xd4,0x2a,0xd4,0x2a,0xd4,0x2a,0xd4,0x29,0xd4,0x29,0xd4,0x2a,0xd4,0x2a,0xd4,0x29,0xd4,0x29,0xd4,
0xa8,0xc3,0x2a,0xd4,0x09,0xd4,0x09,0xd4,0x09,0xd4,0x09,0xd4,0x0a,0xd4,0x2a,0xd4,0x0a,0xd4,0xe9,0xcb,0xe9,0xcb,0xa8,0xc3,
0x25,0x7a,0x46,0x82,0x45,0x7a,0xca,0xec,0xec,0xec,0x0f,0xfe,0x0f,0xfe,0x0f,0xfe,0x10,0xfe,0x10,0xfe,0x10,0xfe,0xef,0xfd,
0x8b,0xe4,0xef,0xfd,0xef,0xfd,0x8d,0xfd,0x2c,0xed,0xeb,0xec,0xeb,0xe4,0xab,0xe4,0x66,0x82,0xa7,0x92,0x87,0x8a,0x87,0x8a,
0x87,0x8a,0x87,0x8a,0x87,0x8a,0x86,0x8a,0xa7,0x8a,0x87,0x8a,0x66,0x82,0x0c,0xed,0x2c,0xed,0x2c,0xed,0x4d,0xf5,0xef,0xfd,
0x10,0xfe,0x10,0xfe,0x10,0xfe,0x10,0xfe,0x0f,0xfe,0x8b,0xe4,0x10,0xfe,0x0f,0xfe,0x10,0xfe,0x10,0xfe,0x10,0xfe,0x10,0xfe,
0x10,0xfe,0x10,0xfe,0x10,0xfe,0x10,0xfe,0x10,0xfe,0x10,0xfe,0x10,0xfe,0x10,0xfe,0x10,0xfe,0xcb,0xec,0x10,0xfe,0x10,0xfe,
0x10,0xfe,0x10,0xfe,0x0f,0xfe,0x0f,0xfe,0x0f,0xfe,0x10,0xfe,0x10,0xfe,0x10,0xfe,0x0f,0xfe,0x10,0xfe,0x10,0xfe,0x10,0xfe,
0x0f,0xfe,0x0f,0xfe,0x8e,0xf5,0x30,0xfe,0x10,0xfe,0x10,0xfe,0x10,0xfe,0x10,0xfe,0x10,0xfe,0x10,0xfe,0x10,0xfe,0x10,0xfe,
0x10,0xfe,0x10,0xfe,0x10,0xfe,0x10,0xfe,0x10,0xfe,0x10,0xfe,0xef,0xfd,0x8b,0xec,0x10,0xfe,0x0f,0xfe,0x10,0xfe,0x10,0xfe,
0x0f,0xfe,0x10,0xfe,0x10,0xfe,0x10,0xfe,0x0f,0xfe,0x10,0xfe,0x10,0xfe,0x10,0xfe,0x10,0xfe,0x10,0xfe,0x10,0xfe,0xef,0xfd,
0x6a,0xe4,0x8e,0xfd,0x8e,0xfd,0x8e,0xfd,0xae,0xfd,0x8e,0xfd,0xae,0xfd,0x8e,0xfd,0x8e,0xfd,0x8e,0xfd,0x8e,0xfd,0x8e,0xfd,
0x8e,0xfd,0xae,0xfd,0xae,0xfd,0xae,0xfd,0xce,0xfd,0x8a,0xe4,0x10,0xfe,0x10,0xfe,0x10,0xfe,0x10,0xfe,0x10,0xfe,0x10,0xfe,
0x10,0xfe,0x10,0xfe,0x10,0xfe,0x0f,0xfe,0x10,0xfe,0x10,0xfe,0x10,0xfe,0x10,0xfe,0x10,0xfe,0x0f,0xfe,0x8a,0xe4,0x10,0xfe,
0x10,0xfe,0x10,0xfe,0x10,0xfe,0x10,0xfe,0x10,0xfe,0x10,0xfe,0x10,0xfe,0x10,0xfe,0x10,0xfe,0x10,0xfe,0x0f,0xfe,0x0f,0xfe,
0xef,0xfd,0x29,0xdc,0x4d,0xf5,0x4c,0xf5,0xec,0xec,0xcb,0xec,0xab,0xe4,0x8a,0xdc,0x6a,0xdc,0x6a,0xdc,0x6a,0xdc,0x6a,0xdc,
0x6a,0xdc,0x6a,0xdc,0x6a,0xdc,0x6a,0xdc,0xe9,0xcb,0x8a,0xdc,0x6a,0xdc,0x8b,0xdc,0x8b,0xdc,0x8b,0xdc,0x8b,0xdc,0x8b,0xdc,
0x8b,0xdc,0xec,0xec,0x0c,0xed,0x0c,0xed,0x2c,0xed,0x0b,0xed,0x6a,0xdc,0x8e,0xf5,0x8d,0xf5,0x0f,0xfe,0x0f,0xfe,0x0f,0xfe,
0x10,0xfe,0x10,0xfe,0xef,0xfd,0xec,0xec,0xef,0xfd,0xef,0xfd,0x0f,0xfe,0xef,0xfd,0xef,0xfd,0xeb,0xec,0xec,0xec,0x0c,0xed,
0xcb,0xe4,0xec,0xe4,0xcc,0xe4,0xcc,0xdc,0xab,0xdc,0xc9,0xcb,0x8b,0xdc,0x8b,0xdc,0xab,0xdc,0xcb,0xe4,0x8a,0xdc,0xeb,0xec,
0xec,0xec,0x2c,0xf5,0xef,0xfd,0x10,0xfe,0x10,0xfe,0x10,0xfe,0x10,0xfe,0x10,0xfe,0xec,0xec,0x10,0xfe,0x10,0xfe,0x10,0xfe,
0x10,0xfe,0x10,0xfe,0x10,0xfe,0x0f,0xfe,0x10,0xfe,0x10,0xfe,0x10,0xfe,0x10,0xfe,0x10,0xfe,0x10,0xfe,0x10,0xfe,0x10,0xfe,
0x10,0xfe,0x2d,0xf5,0x10,0xfe,0x10,0xfe,0x10,0xfe,0x10,0xfe,0x10,0xfe,0x10,0xfe,0x10,0xfe,0x10,0xfe,0x10,0xfe,0x10,0xfe,
0x10,0xfe,0x10,0xfe,0x10,0xfe,0x10,0xfe,0x10,0xfe,0x30,0xfe,0xab,0xe4,0x10,0xfe,0x10,0xfe,0x10,0xfe,0x10,0xfe,0x10,0xfe,
0x10,0xfe,0x10,0xfe,0x10,0xfe,0x10,0xfe,0x10,0xfe,0x10,0xfe,0x10,0xfe,0x10,0xfe,0x10,0xfe,0x10,0xfe,0x0f,0xfe,0x10,0xfe,
0x10,0xfe,0x10,0xfe,0x10,0xfe,0x0f,0xfe,0x0f,0xfe,0x10,0xfe,0x10,0xfe,0x10,0xfe,0x0f,0xfe,0x10,0xfe,0x10,0xfe,0x10,0xfe,
0x10,0xfe,0x0f,0xfe,0x10,0xfe,0x10,0xfe,0x2d,0xf5,0x10,0xfe,0x10,0xfe,0x0f,0xfe,0x0f,0xfe,0x0f,0xfe,0x0f,0xfe,0x0f,0xfe,
0x10,0xfe,0x0f,0xfe,0x10,0xfe,0x0f,0xfe,0x10,0xfe,0x10,0xfe,0x10,0xfe,0x0f,0xfe,0x0f,0xfe,0x8b,0xe4,0x10,0xfe,0x10,0xfe,
0x10,0xfe,0x0f,0xfe,0x10,0xfe,0x10,0xfe,0x10,0xfe,0x10,0xfe,0x10,0xfe,0x10,0xfe,0x10,0xfe,0x10,0xfe,0x10,0xfe,0x10,0xfe,
0x10,0xfe,0x10,0xfe,0xcb,0xec,0x0f,0xfe,0x10,0xfe,0x10,0xfe,0x10,0xfe,0x10,0xfe,0x10,0xfe,0x10,0xfe,0x10,0xfe,0x10,0xfe,
0x10,0xfe,0x10,0xfe,0x10,0xfe,0x0f,0xfe,0x0f,0xfe,0xef,0xfd,0xec,0xec,0xef,0xfd,0xef,0xfd,0x10,0xfe,0xef,0xfd,0xcf,0xfd,
0xcf,0xfd,0xcf,0xf5,0xcf,0xfd,0xcf,0xf5,0xcf,0xf5,0xaf,0xf5,0xce,0xf5,0xae,0xf5,0xae,0xf5,0x8b,0xe4,0xae,0xfd,0xae,0xf5,
0x8e,0xf5,0x8e,0xf5,0x8e,0xf5,0x8e,0xf5,0x8e,0xf5,0xae,0xfd,0xae,0xfd,0xcf,0xfd,0xcf,0xfd,0xcf,0xfd,0xef,0xfd,0xec,0xec,
0xeb,0xec,0x0f,0xfe,0x10,0xfe,0x0f,0xfe,0x10,0xfe,0x0f,0xfe,0xef,0xfd,0xab,0xec,0x30,0xfe,0x0f,0xfe,0x0f,0xfe,0xef,0xfd,
0xef,0xfd,0x0c,0xed,0x2c,0xed,0x2c,0xed,0x0c,0xed,0x0b,0xed,0x2c,0xed,0x2c,0xed,0xcc,0xe4,0x49,0xdc,0xeb,0xec,0x0c,0xed,
0xeb,0xec,0xeb,0xec,0x0b,0xed,0x0b,0xed,0x0b,0xed,0x10,0xfe,0x10,0xfe,0x10,0xfe,0x10,0xfe,0x10,0xfe,0x10,0xfe,0x10,0xfe,
0xab,0xec,0x0f,0xfe,0x10,0xfe,0x10,0xfe,0x10,0xfe,0x10,0xfe,0x10,0xfe,0x10,0xfe,0x10,0xfe,0x10,0xfe,0x10,0xfe,0x10,0xfe,
0x10,0xfe,0x10,0xfe,0x10,0xfe,0x10,0xfe,0xcf,0xfd,0xaf,0xfd,0x10,0xfe,0x10,0xfe,0x10,0xfe,0x10,0xfe,0x10,0xfe,0x10,0xfe,
0x10,0xfe,0x10,0xfe,0x10,0xfe,0x10,0xfe,0x10,0xfe,0x10,0xfe,0x10,0xfe,0x10,0xfe,0x10,0xfe,0x0f,0xfe,0x6a,0xe4,0x0f,0xfe,
0x10,0xfe,0x10,0xfe,0x10,0xfe,0x10,0xfe,0x10,0xfe,0x10,0xfe,0x10,0xfe,0x10,0xfe,0x10,0xfe,0x10,0xfe,0x10,0xfe,0x10,0xfe,
0x10,0xfe,0x10,0xfe,0x10,0xfe,0x30,0xfe,0x10,0xfe,0x10,0xfe,0x10,0xfe,0x0f,0xfe,0x0f,0xfe,0x10,0xfe,0x10,0xfe,0x10,0xfe,
0x10,0xfe,0x10,0xfe,0x10,0xfe,0x10,0xfe,0x0f,0xfe,0x10,0xfe,0x10,0xfe,0xef,0xfd,0xae,0xfd,0xef,0xfd,0x10,0xfe,0x0f,0xfe,
0x0f,0xfe,0x0f,0xfe,0x10,0xfe,0x10,0xfe,0x10,0xfe,0x10,0xfe,0x10,0xfe,0x10,0xfe,0x10,0xfe,0x10,0xfe,0x10,0xfe,0x10,0xfe,
0x10,0xfe,0x6a,0xe4,0x10,0xfe,0x10,0xfe,0x10,0xfe,0x0f,0xfe,0x10,0xfe,0x10,0xfe,0x10,0xfe,0x10,0xfe,0x10,0xfe,0x10,0xfe,
0x10,0xfe,0x10,0xfe,0x10,0xfe,0x10,0xfe,0x10,0xfe,0x10,0xfe,0x0c,0xed,0x10,0xfe,0x10,0xfe,0x10,0xfe,0x10,0xfe,0x10,0xfe,
0x10,0xfe,0x10,0xfe,0x10,0xfe,0x10,0xfe,0x10,0xfe,0x10,0xfe,0x10,0xfe,0x10,0xfe,0x10,0xfe,0x10,0xfe,0x8a,0xe4,0x0f,0xfe,
0x10,0xfe,0x10,0xfe,0x10,0xfe,0x10,0xfe,0x10,0xfe,0x10,0xfe,0x10,0xfe,0x10,0xfe,0x10,0xfe,0x10,0xfe,0x10,0xfe,0x10,0xfe,
0xef,0xfd,0xaa,0xec,0x0f,0xfe,0xce,0xfd,0xce,0xfd,0xce,0xfd,0xce,0xfd,0xce,0xfd,0xce,0xfd,0xce,0xfd,0xce,0xfd,0x0f,0xfe,
0x0f,0xfe,0x10,0xfe,0x0f,0xfe,0xef,0xfd,0xcb,0xec,0x0f,0xfe,0x10,0xfe,0x0f,0xfe,0xae,0xfd,0xcf,0xfd,0x4d,0xf5,0x6d,0xfd,
0x8e,0xfd,0x8e,0xfd,0x8e,0xfd,0x8e,0xfd,0x8e,0xfd,0x8e,0xfd,0x8e,0xfd,0x6e,0xfd,0x8e,0xfd,0x8e,0xfd,0x8e,0xfd,0x8e,0xfd,
0x6a,0xe4,0x0f,0xfe,0x0f,0xfe,0x0f,0xfe,0x0f,0xfe,0x10,0xfe,0x10,0xfe,0x10,0xfe,0x10,0xfe,0x10,0xfe,0x10,0xfe,0x10,0xfe,
0x10,0xfe,0x10,0xfe,0x10,0xfe,0x10,0xfe,0xcb,0xec,0x10,0xfe,0x10,0xfe,0x0f,0xfe,0x10,0xfe,0x10,0xfe,0x10,0xfe,0x10,0xfe,
0x10,0xfe,0x10,0xfe,0x10,0xfe,0x10,0xfe,0x10,0xfe,0x10,0xfe,0x10,0xfe,0x10,0xfe,0xab,0xec,0x10,0xfe,0x10,0xfe,0x10,0xfe,
0x10,0xfe,0x10,0xfe,0x10,0xfe,0x10,0xfe,0x10,0xfe,0x10,0xfe,0x10,0xfe,0x10,0xfe,0x10,0xfe,0x10,0xfe,0x10,0xfe,0x10,0xfe,
0x10,0xfe,0xab,0xec,0xab,0xec,0x10,0xfe,0x10,0xfe,0x10,0xfe,0x10,0xfe,0x10,0xfe,0x10,0xfe,0x10,0xfe,0x10,0xfe,0x10,0xfe,
0x10,0xfe,0x10,0xfe,0x10,0xfe,0x10,0xfe,0x10,0xfe,0x10,0xfe,0x10,0xfe,0x31,0xfe,0x10,0xfe,0x10,0xfe,0x0f,0xfe,0x0f,0xfe,
0x10,0xfe,0x10,0xfe,0x0f,0xfe,0x0f,0xfe,0x0f,0xfe,0x0f,0xfe,0x10,0xfe,0x0f,0xfe,0x0f,0xfe,0x0f,0xfe,0xef,0xfd,0x0f,0xfe,
0xef,0xfd,0x30,0xfe,0x0f,0xfe,0x10,0xfe,0x10,0xfe,0x0f,0xfe,0x10,0xfe,0x10,0xfe,0x10,0xfe,0x10,0xfe,0x10,0xfe,0x10,0xfe,
0x10,0xfe,0x10,0xfe,0x10,0xfe,0x10,0xfe,0x0f,0xfe,0xab,0xec,0xef,0xfd,0x0f,0xfe,0x0f,0xfe,0x10,0xfe,0x10,0xfe,0x10,0xfe,
0x10,0xfe,0x10,0xfe,0x10,0xfe,0x10,0xfe,0x10,0xfe,0x10,0xfe,0x10,0xfe,0x10,0xfe,0x10,0xfe,0x10,0xfe,0x10,0xfe,0xaa,0xec,
0x0f,0xfe,0x10,0xfe,0x10,0xfe,0x10,0xfe,0x10,0xfe,0x10,0xfe,0x10,0xfe,0x10,0xfe,0x10,0xfe,0x10,0xfe,0x10,0xfe,0x10,0xfe,
0x10,0xfe,0x10,0xfe,0xef,0xfd,0xaa,0xe4,0x30,0xfe,0x10,0xfe,0x10,0xfe,0x30,0xfe,0x10,0xfe,0x10,0xfe,0x10,0xfe,0x10,0xfe,
0x10,0xfe,0x10,0xfe,0x10,0xfe,0x10,0xfe,0x10,0xfe,0x10,0xfe,0x8a,0xe4,0x0f,0xfe,0x10,0xfe,0x10,0xfe,0x10,0xfe,0x10,0xfe,
0x10,0xfe,0x10,0xfe,0x10,0xfe,0x10,0xfe,0x10,0xfe,0x10,0xfe,0x10,0xfe,0x10,0xfe,0xef,0xfd,0x30,0xfe,0x10,0xfe,0x0f,0xfe,
0x10,0xfe,0x6e,0xf5,0x10,0xfe,0x10,0xfe,0x10,0xfe,0x10,0xfe,0x10,0xfe,0x10,0xfe,0x10,0xfe,0x10,0xfe,0x10,0xfe,0x10,0xfe,
0x10,0xfe,0x0f,0xfe,0x0f,0xfe,0x8a,0xec,0xef,0xfd,0x10,0xfe,0x0f,0xfe,0x10,0xfe,0x10,0xfe,0x10,0xfe,0x10,0xfe,0x10,0xfe,
0x0f,0xfe,0x10,0xfe,0x0f,0xfe,0x10,0xfe,0x10,0xfe,0x10,0xfe,0x10,0xfe,0xab,0xec,0x10,0xfe,0x10,0xfe,0x10,0xfe,0x10,0xfe,
0x10,0xfe,0x10,0xfe,0x10,0xfe,0x10,0xfe,0x10,0xfe,0x10,0xfe,0x10,0xfe,0x10,0xfe,0x10,0xfe,0x10,0xfe,0x10,0xfe,0xef,0xfd,
0x0c,0xed,0x10,0xfe,0x10,0xfe,0x10,0xfe,0x10,0xfe,0x10,0xfe,0x10,0xfe,0x10,0xfe,0x10,0xfe,0x10,0xfe,0x10,0xfe,0x10,0xfe,
0x10,0xfe,0x10,0xfe,0x10,0xfe,0x10,0xfe,0x10,0xfe,0xab,0xec,0x30,0xfe,0x10,0xfe,0x10,0xfe,0x10,0xfe,0x10,0xfe,0x10,0xfe,
0x10,0xfe,0x10,0xfe,0x10,0xfe,0x10,0xfe,0x10,0xfe,0x10,0xfe,0x10,0xfe,0x10,0xfe,0x10,0xfe,0x10,0xfe,0x10,0xfe,0xef,0xfd,
0xcf,0xfd,0xcf,0xfd,0xcf,0xfd,0xcf,0xfd,0xcf,0xfd,0xcf,0xfd,0xce,0xfd,0xce,0xfd,0xce,0xfd,0xce,0xfd,0xce,0xfd,0xce,0xfd,
0xcf,0xfd,0xcf,0xfd,0xcf,0xfd,0xae,0xfd,0xae,0xfd,0x10,0xfe,0x10,0xfe,0x10,0xfe,0x10,0xfe,0x10,0xfe,0x0f,0xfe,0x10,0xfe,
0x10,0xfe,0x10,0xfe,0x10,0xfe,0x10,0xfe,0x10,0xfe,0x0f,0xfe,0x10,0xfe,0x0f,0xfe,0x10,0xfe,0x30,0xfe,0xcb,0xec,0xef,0xfd,
0x0f,0xfe,0x0f,0xfe,0x10,0xfe,0x10,0xfe,0x10,0xfe,0x10,0xfe,0x10,0xfe,0x10,0xfe,0x10,0xfe,0x10,0xfe,0x10,0xfe,0x10,0xfe,
0x10,0xfe,0x10,0xfe,0xef,0xfd,0x2c,0xed,0x31,0xfe,0x10,0xfe,0x10,0xfe,0x10,0xfe,0x10,0xfe,0x10,0xfe,0x10,0xfe,0x10,0xfe,
0x10,0xfe,0x10,0xfe,0x10,0xfe,0x10,0xfe,0x10,0xfe,0x10,0xfe,0x10,0xfe,0x8a,0xe4,0x10,0xfe,0x10,0xfe,0x10,0xfe,0x10,0xfe,
0x10,0xfe,0x10,0xfe,0x10,0xfe,0x10,0xfe,0x10,0xfe,0x10,0xfe,0x10,0xfe,0x10,0xfe,0x10,0xfe,0x10,0xfe,0x0f,0xfe,0xcb,0xec,
0x10,0xfe,0x10,0xfe,0x10,0xfe,0x10,0xfe,0x10,0xfe,0x10,0xfe,0x10,0xfe,0x10,0xfe,0x10,0xfe,0x10,0xfe,0x10,0xfe,0x10,0xfe,
0x10,0xfe,0xab,0xec,0xef,0xfd,0x0f,0xfe,0x10,0xfe,0x8a,0xec,0x10,0xfe,0x10,0xfe,0x10,0xfe,0x10,0xfe,0x10,0xfe,0x10,0xfe,
0x10,0xfe,0x10,0xfe,0x10,0xfe,0x10,0xfe,0x10,0xfe,0x10,0xfe,0x0f,0xfe,0x0c,0xed,0x0f,0xfe,0x0f,0xfe,0x10,0xfe,0x10,0xfe,
0x10,0xfe,0x10,0xfe,0x10,0xfe,0x10,0xfe,0x10,0xfe,0x10,0xfe,0x10,0xfe,0x10,0xfe,0x10,0xfe,0x10,0xfe,0xcf,0xf5,0xcf,0xfd,
0x10,0xfe,0x10,0xfe,0x10,0xfe,0x10,0xfe,0x10,0xfe,0x10,0xfe,0x10,0xfe,0x10,0xfe,0x10,0xfe,0x10,0xfe,0x10,0xfe,0x10,0xfe,
0x10,0xfe,0x10,0xfe,0x10,0xfe,0xab,0xec,0xf0,0xfd,0x10,0xfe,0x10,0xfe,0x10,0xfe,0x10,0xfe,0x10,0xfe,0x10,0xfe,0x10,0xfe,
0x10,0xfe,0x10,0xfe,0x10,0xfe,0x10,0xfe,0x10,0xfe,0x10,0xfe,0x10,0xfe,0x10,0xfe,0x10,0xfe,0xab,0xec,0x10,0xfe,0x10,0xfe,
0x10,0xfe,0x10,0xfe,0x10,0xfe,0x10,0xfe,0x10,0xfe,0x10,0xfe,0x10,0xfe,0x10,0xfe,0x10,0xfe,0x10,0xfe,0x10,0xfe,0x10,0xfe,
0x0f,0xfe,0x10,0xfe,0x10,0xfe,0xef,0xfd,0xef,0xfd,0x0f,0xfe,0x0f,0xfe,0xef,0xfd,0xef,0xfd,0xef,0xfd,0xef,0xfd,0xef,0xfd,
0xef,0xfd,0xef,0xfd,0xef,0xfd,0xef,0xfd,0xef,0xfd,0xef,0xfd,0xef,0xfd,0xef,0xfd,0xce,0xfd,0x30,0xfe,0x10,0xfe,0x10,0xfe,
0x10,0xfe,0x10,0xfe,0x0f,0xfe,0x10,0xfe,0x10,0xfe,0x10,0xfe,0x10,0xfe,0x10,0xfe,0x10,0xfe,0x10,0xfe,0x10,0xfe,0x10,0xfe,
0x10,0xfe,0x0f,0xfe,0xab,0xec,0x10,0xfe,0x0f,0xfe,0x10,0xfe,0x0f,0xfe,0x10,0xfe,0x10,0xfe,0x10,0xfe,0x10,0xfe,0x10,0xfe,
0x10,0xfe,0x10,0xfe,0x10,0xfe,0x10,0xfe,0x10,0xfe,0x10,0xfe,0x10,0xfe,0xef,0xfd,0xec,0xec,0x8e,0xfd,0x8e,0xfd,0x8e,0xf5,
0x8e,0xf5,0x8e,0xfd,0x8e,0xfd,0x8e,0xfd,0x8e,0xfd,0x8e,0xfd,0x8e,0xfd,0x8e,0xfd,0x8e,0xfd,0x8e,0xfd,0x6d,0xf5,0x2c,0xf5,
0xcb,0xec,0x10,0xfe,0x10,0xfe,0x10,0xfe,0x10,0xfe,0x10,0xfe,0x10,0xfe,0x10,0xfe,0x10,0xfe,0x10,0xfe,0x10,0xfe,0x10,0xfe,
0x10,0xfe,0x10,0xfe,0x10,0xfe,0x4d,0xf5,0x6d,0xf5,0xae,0xfd,0xae,0xfd,0xae,0xfd,0xae,0xfd,0x8e,0xfd,0x8e,0xfd,0x8e,0xfd,
0x8e,0xfd,0x8e,0xfd,0x8e,0xfd,0xae,0xfd,0x8e,0xfd,0x6d,0xf5,0x8a,0xe4,0x0f,0xfe,0x50,0xfe,0x2d,0xf5,0x10,0xfe,0x10,0xfe,
0x10,0xfe,0x10,0xfe,0x10,0xfe,0x10,0xfe,0x10,0xfe,0x10,0xfe,0x10,0xfe,0x10,0xfe,0x10,0xfe,0x10,0xfe,0xcf,0xfd,0x10,0xfe,
0x0f,0xfe,0x10,0xfe,0x10,0xfe,0x10,0xfe,0x10,0xfe,0x10,0xfe,0x10,0xfe,0x10,0xfe,0x10,0xfe,0x10,0xfe,0x10,0xfe,0x10,0xfe,
0x10,0xfe,0x10,0xfe,0xcb,0xec,0xef,0xfd,0x10,0xfe,0x10,0xfe,0x10,0xfe,0x10,0xfe,0x10,0xfe,0x10,0xfe,0x10,0xfe,0x10,0xfe,
0x10,0xfe,0x10,0xfe,0x10,0xfe,0x10,0xfe,0x10,0xfe,0x10,0xfe,0x10,0xfe,0x6a,0xe4,0xef,0xfd,0x10,0xfe,0x10,0xfe,0x10,0xfe,
0x10,0xfe,0x10,0xfe,0x10,0xfe,0x10,0xfe,0x10,0xfe,0x10,0xfe,0x10,0xfe,0x10,0xfe,0x10,0xfe,0x10,0xfe,0x10,0xfe,0x10,0xfe,
0x10,0xfe,0xcb,0xec,0x0f,0xfe,0x10,0xfe,0x10,0xfe,0x10,0xfe,0x10,0xfe,0x10,0xfe,0x10,0xfe,0x10,0xfe,0x10,0xfe,0x10,0xfe,
0x10,0xfe,0x10,0xfe,0x10,0xfe,0x10,0xfe,0x10,0xfe,0x10,0xfe,0xef,0xfd,0x30,0xfe,0x30,0xfe,0x10,0xfe,0x10,0xfe,0xf0,0xfd,
0xef,0xfd,0xef,0xfd,0x10,0xfe,0xef,0xfd,0xef,0xfd,0x10,0xfe,0x0f,0xfe,0x10,0xfe,0x10,0xfe,0x10,0xfe,0x10,0xfe,0x0f,0xfe,
0xcf,0xfd,0x31,0xfe,0x10,0xfe,0x10,0xfe,0x10,0xfe,0x10,0xfe,0x10,0xfe,0x10,0xfe,0x10,0xfe,0x10,0xfe,0x10,0xfe,0x10,0xfe,
0x10,0xfe,0x10,0xfe,0x10,0xfe,0x10,0xfe,0x10,0xfe,0xef,0xfd,0xcb,0xec,0x10,0xfe,0x10,0xfe,0x10,0xfe,0x10,0xfe,0x10,0xfe,
0x10,0xfe,0x10,0xfe,0x10,0xfe,0x10,0xfe,0x10,0xfe,0x10,0xfe,0x10,0xfe,0x10,0xfe,0x10,0xfe,0x10,0xfe,0x10,0xfe,0x10,0xfe,
0x69,0xe4,0x4c,0xf5,0x6d,0xf5,0x6d,0xf5,0x4d,0xf5,0x6d,0xf5,0x6d,0xf5,0x6d,0xf5,0x6d,0xf5,0x6d,0xf5,0x6d,0xf5,0x6d,0xf5,
0x6d,0xf5,0x6d,0xf5,0x4d,0xf5,0x6d,0xf5,0xcb,0xec,0xef,0xfd,0x10,0xfe,0x10,0xfe,0x10,0xfe,0x10,0xfe,0x10,0xfe,0x10,0xfe,
0x10,0xfe,0x10,0xfe,0x0f,0xfe,0x10,0xfe,0x10,0xfe,0x10,0xfe,0x10,0xfe,0xaf,0xfd,0x2c,0xf5,0x8e,0xf5,0x8e,0xfd,0x8d,0xfd,
0x6d,0xf5,0x6d,0xf5,0x6d,0xf5,0x6d,0xfd,0x6d,0xf5,0x6d,0xfd,0x6d,0xf5,0x6d,0xf5,0x6d,0xf5,0x6d,0xf5,0x8a,0xe4,0x30,0xfe,
0xab,0xec,0x0f,0xfe,0x10,0xfe,0x10,0xfe,0x10,0xfe,0x10,0xfe,0x10,0xfe,0x10,0xfe,0x10,0xfe,0x10,0xfe,0x10,0xfe,0x10,0xfe,
0x10,0xfe,0x0f,0xfe,0x6a,0xe4,0x10,0xfe,0xef,0xfd,0x0f,0xfe,0x10,0xfe,0x10,0xfe,0x10,0xfe,0x10,0xfe,0x10,0xfe,0x10,0xfe,
0x10,0xfe,0x10,0xfe,0x10,0xfe,0x10,0xfe,0x10,0xfe,0x30,0xfe,0x8b,0xe4,0x0f,0xfe,0x0f,0xfe,0x0f,0xfe,0x10,0xfe,0x10,0xfe,
0x10,0xfe,0x10,0xfe,0x10,0xfe,0x10,0xfe,0x10,0xfe,0x0f,0xfe,0x0f,0xfe,0x0f,0xfe,0x0f,0xfe,0x0f,0xfe,0x8e,0xf5,0x2d,0xf5,
0x10,0xfe,0x10,0xfe,0x10,0xfe,0x10,0xfe,0x10,0xfe,0x10,0xfe,0x10,0xfe,0x10,0xfe,0x10,0xfe,0x10,0xfe,0x10,0xfe,0x10,0xfe,
0x10,0xfe,0x10,0xfe,0x10,0xfe,0x10,0xfe,0xae,0xf5,0x8f,0xf5,0x10,0xfe,0x10,0xfe,0x10,0xfe,0x10,0xfe,0x10,0xfe,0xf0,0xfd,
0xf0,0xfd,0xf0,0xfd,0x10,0xfe,0xf2,0x75,0x12,0x76,0xf2,0x75,0x12,0x76,0xf2,0x75,0xf2,0x75,0xf2,0x75,0x12,0x76,0x13,0x76,
0x12,0x76,0x12,0x76,0xf2,0x75,0xf2,0x75,0x12,0x76,0x12,0x76,0x12,0x76,0x12,0x76,0x12,0x76,0x12,0x76,0xf2,0x75,0xf2,0x75,
0x12,0x76,0x12,0x76,0xf2,0x75,0xf2,0x75,0x12,0x76,0xf2,0x75,0xf2,0x75,0xf2,0x75,0x12,0x76,0xf2,0x75,0xf2,0x6d,0xf2,0x75,
0xf2,0x75,0x2f,0xfe,0xf0,0xfd,0x10,0xfe,0x10,0xfe,0x10,0xfe,0xf0,0xfd,0xf0,0xfd,0xf0,0xfd,0x10,0xfe,0x11,0xfe,0xcf,0xf5,
0x0f,0xfe,0x10,0xfe,0x10,0xfe,0x10,0xfe,0x10,0xfe,0x10,0xfe,0x10,0xfe,0x10,0xfe,0x10,0xfe,0x10,0xfe,0x10,0xfe,0x10,0xfe,
0x10,0xfe,0x10,0xfe,0x10,0xfe,0x0f,0xfe,0x8a,0xe4,0x30,0xfe,0x0f,0xfe,0x10,0xfe,0x10,0xfe,0x0f,0xfe,0x0f,0xfe,0x10,0xfe,
0x10,0xfe,0x10,0xfe,0x10,0xfe,0x10,0xfe,0x10,0xfe,0x10,0xfe,0x10,0xfe,0x10,0xfe,0x30,0xfe,0xae,0xf5,0x0f,0xfe,0x0f,0xfe,
0x0f,0xfe,0xef,0xfd,0x0f,0xfe,0x0f,0xfe,0xef,0xfd,0xef,0xfd,0x0f,0xfe,0x0f,0xfe,0x0f,0xfe,0x0f,0xfe,0xef,0xfd,0xef,0xfd,
0xab,0xec,0x10,0xfe,0x0f,0xfe,0xef,0xfd,0x10,0xfe,0x10,0xfe,0x10,0xfe,0x10,0xfe,0x10,0xfe,0x10,0xfe,0x10,0xfe,0x10,0xfe,
0x10,0xfe,0x10,0xfe,0x10,0xfe,0xab,0xec,0x10,0xfe,0x10,0xfe,0x10,0xfe,0x10,0xfe,0x0f,0xfe,0x10,0xfe,0x10,0xfe,0x10,0xfe,
0x10,0xfe,0x10,0xfe,0x10,0xfe,0x10,0xfe,0x10,0xfe,0xab,0xec,0x0f,0xfe,0x10,0xfe,0x10,0xfe,0x10,0xfe,0x10,0xfe,0x10,0xfe,
0x10,0xfe,0x10,0xfe,0x10,0xfe,0x10,0xfe,0x10,0xfe,0x10,0xfe,0x10,0xfe,0x10,0xfe,0x10,0xfe,0xcf,0xfd,0x4d,0xf5,0x4d,0xf5,
0x4d,0xf5,0x4d,0xf5,0x6d,0xf5,0x4d,0xf5,0x6d,0xfd,0x6d,0xf5,0x6d,0xf5,0x6d,0xf5,0x6d,0xf5,0x6d,0xf5,0x6d,0xf5,0x4d,0xf5,
0x4d,0xf5,0x4c,0xf5,0x6a,0xe4,0x10,0xfe,0x10,0xfe,0x10,0xfe,0x10,0xfe,0x10,0xfe,0x10,0xfe,0x10,0xfe,0x10,0xfe,0x10,0xfe,
0x10,0xfe,0x10,0xfe,0x10,0xfe,0x10,0xfe,0x10,0xfe,0x10,0xfe,0x10,0xfe,0x10,0xfe,0x13,0x76,0xf2,0x6d,0xf2,0x75,0xf2,0x75,
0xf2,0x75,0xf2,0x75,0xf2,0x75,0xf2,0x6d,0xf2,0x6d,0xf2,0x75,0xf2,0x75,0x74,0x86,0x94,0x86,0x74,0x86,0x74,0x86,0x74,0x86,
0x74,0x86,0x94,0x86,0x94,0x86,0x94,0x86,0x94,0x86,0x94,0x86,0x94,0x86,0x94,0x86,0x94,0x86,0x74,0x86,0x94,0x86,0x94,0x86,
0x94,0x86,0x94,0x86,0x94,0x86,0x94,0x86,0x94,0x86,0x94,0x86,0x94,0x86,0x94,0x86,0x74,0x86,0x94,0x86,0x94,0x86,0x94,0x86,
0x74,0x86,0x74,0x86,0x94,0x86,0x94,0x86,0x94,0x86,0xd1,0x6d,0xd2,0x75,0xf2,0x6d,0xf2,0x6d,0xd2,0x6d,0xd2,0x6d,0xf2,0x6d,
0xf2,0x75,0xf2,0x75,0xd1,0x6d,0xf2,0x75,0x10,0xfe,0x10,0xfe,0x10,0xfe,0x10,0xfe,0x10,0xfe,0x10,0xfe,0x10,0xfe,0x10,0xfe,
0x10,0xfe,0x10,0xfe,0x10,0xfe,0x10,0xfe,0x10,0xfe,0x10,0xfe,0x10,0xfe,0xef,0xfd,0x10,0xfe,0xaa,0xec,0x30,0xfe,0x10,0xfe,
0x0f,0xfe,0x10,0xfe,0x10,0xfe,0x10,0xfe,0x10,0xfe,0x10,0xfe,0x10,0xfe,0x10,0xfe,0x10,0xfe,0x10,0xfe,0x10,0xfe,0x10,0xfe,
0x10,0xfe,0xcb,0xec,0xef,0xfd,0x0f,0xfe,0x10,0xfe,0x10,0xfe,0x10,0xfe,0x0f,0xfe,0x0f,0xfe,0x0f,0xfe,0x0f,0xfe,0x10,0xfe,
0x10,0xfe,0x10,0xfe,0x10,0xfe,0x10,0xfe,0x10,0xfe,0xaa,0xec,0x0f,0xfe,0x10,0xfe,0x10,0xfe,0x10,0xfe,0x10,0xfe,0x10,0xfe,
0x10,0xfe,0x10,0xfe,0x10,0xfe,0x10,0xfe,0x10,0xfe,0x10,0xfe,0x10,0xfe,0x30,0xfe,0x10,0xfe,0x10,0xfe,0x10,0xfe,0x10,0xfe,
0x10,0xfe,0x10,0xfe,0x10,0xfe,0x10,0xfe,0x10,0xfe,0x10,0xfe,0x10,0xfe,0x10,0xfe,0x0f,0xfe,0xcf,0xfd,0x10,0xfe,0x0f,0xfe,
0x10,0xfe,0x0f,0xfe,0x0f,0xfe,0x10,0xfe,0x10,0xfe,0x10,0xfe,0x10,0xfe,0x10,0xfe,0x10,0xfe,0x10,0xfe,0x10,0xfe,0x10,0xfe,
0x10,0xfe,0x8a,0xe4,0x10,0xfe,0x10,0xfe,0x10,0xfe,0x10,0xfe,0x10,0xfe,0x10,0xfe,0x10,0xfe,0x10,0xfe,0x0f,0xfe,0x10,0xfe,
0x0f,0xfe,0x0f,0xfe,0x10,0xfe,0x0f,0xfe,0xef,0xfd,0x0f,0xfe,0xcb,0xec,0x30,0xfe,0x10,0xfe,0x10,0xfe,0x10,0xfe,0x10,0xfe,
0x10,0xfe,0x10,0xfe,0x10,0xfe,0xef,0xfd,0x13,0x76,0x12,0x76,0x13,0x76,0x13,0x76,0x12,0x76,0x12,0x76,0x13,0x7e,0x13,0x76,
0x74,0x86,0x94,0x86,0x74,0x86,0x74,0x86,0x94,0x86,0x74,0x86,0x74,0x86,0x74,0x86,0x74,0x86,0x74,0x86,0x74,0x86,0x74,0x86,
0x74,0x86,0x94,0x86,0x94,0x86,0x94,0x86,0x94,0x86,0x74,0x86,0x74,0x86,0x94,0x86,0x94,0x86,0x94,0x86,0x94,0x86,0x94,0x86,
0x74,0x86,0x94,0x86,0x94,0x86,0x94,0x86,0x94,0x86,0x94,0x86,0x94,0x86,0x94,0x86,0x94,0x86,0x94,0x86,0x94,0x86,0x94,0x86,
0x94,0x86,0x94,0x86,0x94,0x86,0x94,0x86,0x94,0x86,0x94,0x86,0x94,0x86,0x74,0x86,0x74,0x86,0x74,0x86,0x74,0x86,0x74,0x86,
0x74,0x86,0x74,0x86,0x74,0x86,0x74,0x86,0x74,0x86,0x74,0x86,0x74,0x86,0x74,0x86,0x33,0x7e,0x12,0x7e,0x13,0x7e,0x12,0x7e,
0x12,0x7e,0x12,0x7e,0x13,0x76,0x13,0x76,0xf0,0xfd,0xf0,0xfd,0x10,0xfe,0xf0,0xfd,0x10,0xfe,0x10,0xfe,0x10,0xfe,0x10,0xfe,
0x30,0xfe,0xcb,0xec,0x31,0xfe,0x0f,0xfe,0x0f,0xfe,0x10,0xfe,0x10,0xfe,0x10,0xfe,0x10,0xfe,0x10,0xfe,0x10,0xfe,0x10,0xfe,
0x10,0xfe,0x10,0xfe,0x10,0xfe,0x10,0xfe,0x10,0xfe,0x10,0xfe,0xab,0xec,0x0f,0xfe,0x10,0xfe,0x10,0xfe,0x10,0xfe,0x10,0xfe,
0x10,0xfe,0x10,0xfe,0x10,0xfe,0x10,0xfe,0x10,0xfe,0x10,0xfe,0x10,0xfe,0x10,0xfe,0xf0,0xfd,0xcf,0xfd,0xcf,0xfd,0x10,0xfe,
0x10,0xfe,0x10,0xfe,0x10,0xfe,0x10,0xfe,0x10,0xfe,0x10,0xfe,0x10,0xfe,0x10,0xfe,0x10,0xfe,0x10,0xfe,0x10,0xfe,0x10,0xfe,
0x10,0xfe,0x10,0xfe,0x10,0xfe,0x10,0xfe,0x10,0xfe,0x10,0xfe,0x0f,0xfe,0x10,0xfe,0x10,0xfe,0x10,0xfe,0x10,0xfe,0x10,0xfe,
0xab,0xec,0x0f,0xfe,0x10,0xfe,0x10,0xfe,0x10,0xfe,0x10,0xfe,0x10,0xfe,0x10,0xfe,0x10,0xfe,0x10,0xfe,0x10,0xfe,0x10,0xfe,
0x10,0xfe,0x30,0xfe,0x10,0xfe,0x10,0xfe,0xab,0xec,0x10,0xfe,0x0f,0xfe,0x10,0xfe,0x10,0xfe,0x10,0xfe,0x10,0xfe,0x10,0xfe,
0x10,0xfe,0x10,0xfe,0x10,0xfe,0x10,0xfe,0x10,0xfe,0x10,0xfe,0x10,0xfe,0x10,0xfe,0x30,0xfe,0xab,0xec,0xef,0xfd,0x0f,0xfe,
0x0f,0xfe,0x10,0xfe,0x10,0xfe,0x10,0xfe,0x12,0x76,0xf2,0x75,0xf2,0x75,0xf2,0x75,0x74,0x86,0x94,0x86,0x94,0x86,0x74,0x86,
0x74,0x86,0x74,0x86,0x74,0x86,0x94,0x86,0x74,0x86,0x94,0x86,0x94,0x86,0x74,0x86,0x74,0x86,0x94,0x86,0x94,0x86,0x74,0x86,
0x74,0x86,0x74,0x86,0x94,0x86,0x74,0x86,0x94,0x86,0x74,0x86,0x74,0x86,0x94,0x86,0x94,0x86,0x94,0x86,0x94,0x86,0x94,0x86,
0x94,0x86,0x74,0x86,0x74,0x86,0x94,0x86,0x94,0x86,0x74,0x86,0x74,0x86,0x74,0x86,0x94,0x86,0x94,0x86,0x94,0x86,0x94,0x86,
0x94,0x86,0x94,0x86,0x94,0x86,0x94,0x86,0x94,0x86,0x94,0x86,0x94,0x86,0x94,0x86,0x94,0x86,0x74,0x86,0x74,0x86,0x74,0x86,
0x94,0x86,0x74,0x86,0x94,0x86,0x74,0x86,0x74,0x86,0x94,0x86,0x74,0x86,0x74,0x86,0x74,0x86,0x74,0x86,0x74,0x86,0x74,0x86,
0x74,0x86,0x74,0x86,0x74,0x86,0x74,0x86,0x74,0x86,0x74,0x86,0x74,0x86,0x74,0x86,0x13,0x7e,0x12,0x76,0xf2,0x75,0xf3,0x75,
0xef,0xfd,0x0f,0xfe,0x10,0xfe,0x10,0xfe,0x10,0xfe,0x0f,0xfe,0x0c,0xed,0x10,0xfe,0x0f,0xfe,0x10,0xfe,0x10,0xfe,0x10,0xfe,
0x10,0xfe,0x10,0xfe,0x10,0xfe,0x10,0xfe,0x10,0xfe,0x10,0xfe,0x10,0xfe,0x10,0xfe,0x10,0xfe,0x10,0xfe,0xaa,0xec,0xef,0xfd,
0x10,0xfe,0x10,0xfe,0x10,0xfe,0x10,0xfe,0x10,0xfe,0x10,0xfe,0x10,0xfe,0x10,0xfe,0x10,0xfe,0x10,0xfe,0x10,0xfe,0x10,0xfe,
0x10,0xfe,0x10,0xfe,0xcb,0xec,0x0f,0xfe,0x10,0xfe,0x10,0xfe,0x10,0xfe,0x10,0xfe,0x10,0xfe,0x10,0xfe,0x10,0xfe,0x10,0xfe,
0x10,0xfe,0x10,0xfe,0x10,0xfe,0x10,0xfe,0x10,0xfe,0x10,0xfe,0x10,0xfe,0x10,0xfe,0x10,0xfe,0x10,0xfe,0x10,0xfe,0x10,0xfe,
0x10,0xfe,0x10,0xfe,0x10,0xfe,0x6a,0xe4,0x30,0xfe,0x10,0xfe,0x0f,0xfe,0x10,0xfe,0x10,0xfe,0x10,0xfe,0x10,0xfe,0x10,0xfe,
0x10,0xfe,0x10,0xfe,0x10,0xfe,0x10,0xfe,0x10,0xfe,0x10,0xfe,0x10,0xfe,0x10,0xfe,0xab,0xec,0x10,0xfe,0x10,0xfe,0x10,0xfe,
0x10,0xfe,0x10,0xfe,0x10,0xfe,0x10,0xfe,0x10,0xfe,0x10,0xfe,0x10,0xfe,0x10,0xfe,0x10,0xfe,0x10,0xfe,0x10,0xfe,0x0f,0xfe,
0x51,0xee,0xed,0xdc,0x0f,0xee,0x10,0xee,0x33,0x7e,0x53,0x86,0x54,0x86,0x54,0x7e,0x74,0x86,0x74,0x86,0x74,0x86,0x74,0x86,
0x74,0x86,0x74,0x86,0x74,0x86,0x94,0x86,0x94,0x86,0x74,0x86,0x94,0x86,0x94,0x86,0x94,0x86,0x74,0x86,0x74,0x86,0x94,0x86,
0x94,0x86,0x74,0x86,0x94,0x86,0x94,0x86,0x94,0x86,0x94,0x86,0x94,0x8e,0xf6,0xb6,0xd6,0xae,0xd6,0xae,0xd6,0xae,0xf6,0xae,
0xf6,0xb6,0xf6,0xae,0xf6,0xae,0xf6,0xae,0xd6,0xae,0xd6,0xae,0xf6,0xae,0xf6,0xae,0xf6,0xae,0xf6,0xae,0xf6,0xae,0xf6,0xb6,
0xf6,0xb6,0xf6,0xb6,0xf6,0xae,0xf6,0xae,0xf6,0xb6,0xf6,0xb6,0xf6,0xb6,0xf6,0xb6,0xf6,0xb6,0xf6,0xb6,0xf6,0xae,0xf6,0xb6,
0xf6,0xae,0xf6,0xae,0xf6,0xae,0xd6,0xae,0x95,0x96,0x74,0x86,0x74,0x86,0x74,0x86,0x74,0x86,0x74,0x86,0x94,0x86,0x74,0x86,
0x74,0x86,0x74,0x86,0x74,0x86,0x94,0x86,0x74,0x86,0x74,0x86,0x74,0x86,0x74,0x86,0x74,0x86,0x74,0x86,0x74,0x86,0x74,0x86,
0x74,0x86,0x94,0x86,0x94,0x86,0x74,0x86,0x74,0x86,0x54,0x7e,0x54,0x7e,0x53,0x7e,0x0f,0xd6,0xee,0xe5,0xcb,0xdc,0x30,0xf6,
0x10,0xfe,0x10,0xfe,0x10,0xfe,0x10,0xfe,0x10,0xfe,0x10,0xfe,0x10,0xfe,0x10,0xfe,0x10,0xfe,0x10,0xfe,0x10,0xfe,0x10,0xfe,
0x10,0xfe,0x10,0xfe,0x30,0xfe,0x8a,0xe4,0x10,0xfe,0x10,0xfe,0x10,0xfe,0x10,0xfe,0x10,0xfe,0x10,0xfe,0x10,0xfe,0x10,0xfe,
0x10,0xfe,0x10,0xfe,0x10,0xfe,0x10,0xfe,0x10,0xfe,0x10,0xfe,0x10,0xfe,0xaa,0xec,0x10,0xfe,0x10,0xfe,0x10,0xfe,0x10,0xfe,
0x10,0xfe,0x10,0xfe,0x10,0xfe,0x10,0xfe,0x10,0xfe,0x10,0xfe,0x10,0xfe,0x10,0xfe,0x10,0xfe,0x10,0xfe,0x10,0xfe,0x10,0xfe,
0x10,0xfe,0x10,0xfe,0x10,0xfe,0x10,0xfe,0x10,0xfe,0x10,0xfe,0x10,0xfe,0x6e,0xf5,0x10,0xfe,0x10,0xfe,0x10,0xfe,0x10,0xfe,
0x10,0xfe,0x10,0xfe,0x10,0xfe,0x10,0xfe,0x10,0xfe,0x10,0xfe,0x10,0xfe,0x10,0xfe,0x10,0xfe,0x10,0xfe,0x10,0xfe,0xcb,0xec,
0xcf,0xfd,0x10,0xfe,0x10,0xfe,0x10,0xfe,0x10,0xfe,0x10,0xfe,0x10,0xfe,0x10,0xfe,0x10,0xfe,0x10,0xfe,0x10,0xfe,0x0f,0xfe,
0x10,0xfe,0x2f,0xfe,0x0f,0xfe,0x10,0xfe,0x53,0x7e,0x33,0x7e,0x33,0x7e,0x53,0x7e,0x74,0x86,0x74,0x86,0x94,0x86,0x74,0x86,
0x74,0x86,0x74,0x86,0x74,0x86,0x74,0x86,0x74,0x86,0x74,0x86,0x94,0x86,0x94,0x86,0x74,0x86,0x74,0x86,0x74,0x86,0x74,0x86,
0x94,0x86,0xd6,0xae,0xf6,0xae,0xf6,0xae,0xd6,0xae,0xf6,0xae,0xd6,0xae,0xd6,0xae,0xd6,0xae,0xd6,0xae,0xf6,0xae,0x17,0xc7,
0x17,0xbf,0x17,0xc7,0x17,0xc7,0x17,0xc7,0x17,0xc7,0x37,0xc7,0x17,0xc7,0x17,0xc7,0x17,0xc7,0x17,0xc7,0x17,0xc7,0x17,0xc7,
0x17,0xc7,0x17,0xc7,0x17,0xc7,0x17,0xc7,0x17,0xbf,0x17,0xc7,0x17,0xc7,0x17,0xc7,0x17,0xc7,0x17,0xc7,0x17,0xc7,0x37,0xc7,
0x17,0xc7,0x17,0xc7,0x17,0xc7,0x17,0xbf,0x16,0xbf,0x17,0xbf,0x17,0xbf,0x17,0xbf,0xf7,0xb6,0xf6,0xae,0xf6,0xae,0xd6,0xae,
0xd6,0xae,0xf6,0xae,0xf6,0xae,0xf6,0xae,0xd6,0xae,0xd6,0xae,0xd6,0xa6,0x94,0x86,0x94,0x86,0x74,0x86,0x74,0x86,0x74,0x86,
0x74,0x86,0x74,0x86,0x74,0x86,0x94,0x86,0x74,0x86,0x74,0x86,0x74,0x86,0x74,0x86,0x94,0x86,0x74,0x86,0x74,0x86,0x74,0x86,
0x53,0x7e,0x33,0x7e,0x33,0x7e,0x13,0x76,0x30,0xfe,0x2f,0xfe,0x30,0xfe,0x10,0xfe,0x10,0xfe,0x10,0xfe,0x10,0xfe,0x10,0xfe,
0x10,0xfe,0x10,0xfe,0x10,0xfe,0x10,0xfe,0x10,0xfe,0x10,0xfe,0x10,0xfe,0x4d,0xf5,0x4d,0xf5,0x10,0xfe,0x10,0xfe,0x10,0xfe,
0x10,0xfe,0x10,0xfe,0x10,0xfe,0x10,0xfe,0x10,0xfe,0x10,0xfe,0x10,0xfe,0x10,0xfe,0x10,0xfe,0x10,0xfe,0x10,0xfe,0x6e,0xf5,
0xcf,0xfd,0x10,0xfe,0x10,0xfe,0x10,0xfe,0x10,0xfe,0x10,0xfe,0x10,0xfe,0x10,0xfe,0x10,0xfe,0x10,0xfe,0x10,0xfe,0x10,0xfe,
0x10,0xfe,0x10,0xfe,0x10,0xfe,0x10,0xfe,0x10,0xfe,0x10,0xfe,0x10,0xfe,0x10,0xfe,0x10,0xfe,0x10,0xfe,0xcf,0xfd,0x10,0xfe,
0x0f,0xfe,0x10,0xfe,0x10,0xfe,0x10,0xfe,0x10,0xfe,0x10,0xfe,0x10,0xfe,0x10,0xfe,0x10,0xfe,0x10,0xfe,0x10,0xfe,0x10,0xfe,
0x10,0xfe,0x10,0xfe,0x30,0xfe,0xab,0xe4,0x0f,0xfe,0x10,0xfe,0x10,0xfe,0x10,0xfe,0x10,0xfe,0x10,0xfe,0x10,0xfe,0x10,0xfe,
0x10,0xfe,0x10,0xfe,0x10,0xfe,0x0f,0xee,0x0f,0xee,0x34,0x76,0x33,0x7e,0x53,0x7e,0x74,0x86,0x74,0x86,0x74,0x86,0x74,0x86,
0x74,0x86,0x74,0x86,0x74,0x86,0x74,0x86,0x74,0x86,0x74,0x86,0x74,0x86,0x74,0x86,0x74,0x86,0x94,0x86,0x74,0x86,0x17,0xbf,
0x37,0xc7,0x37,0xc7,0x17,0xc7,0x16,0xbf,0x17,0xc7,0xf6,0xbe,0x17,0xc7,0x17,0xbf,0xf6,0xbe,0x16,0xbf,0x16,0xbf,0x16,0xbf,
0x16,0xbf,0x16,0xbf,0x16,0xbf,0x17,0xc7,0x17,0xc7,0x17,0xc7,0x17,0xc7,0x17,0xc7,0x17,0xc7,0x17,0xc7,0x17,0xc7,0x17,0xc7,
0x17,0xc7,0x37,0xc7,0x17,0xc7,0x17,0xc7,0x17,0xc7,0x17,0xc7,0x17,0xc7,0x17,0xc7,0x17,0xc7,0x17,0xc7,0x17,0xc7,0x17,0xc7,
0x17,0xc7,0x17,0xbf,0x17,0xc7,0x17,0xc7,0x17,0xc7,0x17,0xc7,0x17,0xbf,0x16,0xbf,0x17,0xbf,0x17,0xbf,0x17,0xbf,0x17,0xc7,
0x17,0xc7,0x16,0xbf,0x16,0xbf,0x16,0xbf,0x17,0xbf,0x17,0xbf,0x17,0xc7,0x17,0xbf,0x16,0xbf,0x16,0xbf,0x17,0xc7,0x17,0xc7,
0x16,0xc7,0x17,0xc7,0x37,0xc7,0x17,0xc7,0x37,0xc7,0x74,0x86,0x74,0x86,0x74,0x86,0x74,0x86,0x74,0x86,0x74,0x86,0x74,0x86,
0x74,0x86,0x74,0x86,0x74,0x86,0x74,0x86,0x74,0x86,0x74,0x86,0x74,0x86,0x74,0x86,0x54,0x86,0x54,0x7e,0x34,0x7e,0x10,0xf6,
0x0f,0xf6,0x10,0xfe,0x10,0xfe,0x10,0xfe,0x10,0xfe,0x10,0xfe,0x10,0xfe,0x10,0xfe,0x10,0xfe,0x10,0xfe,0x10,0xfe,0xcf,0xfd,
0xab,0xec,0x10,0xfe,0x10,0xfe,0x10,0xfe,0x10,0xfe,0x10,0xfe,0x10,0xfe,0x10,0xfe,0x10,0xfe,0x10,0xfe,0x10,0xfe,0x10,0xfe,
0x10,0xfe,0x10,0xfe,0x0f,0xfe,0x0f,0xfe,0xab,0xe4,0x10,0xfe,0x10,0xfe,0x10,0xfe,0x10,0xfe,0x10,0xfe,0x10,0xfe,0x10,0xfe,
0x10,0xfe,0x10,0xfe,0x10,0xfe,0x10,0xfe,0x10,0xfe,0x10,0xfe,0x10,0xfe,0x10,0xfe,0x10,0xfe,0x10,0xfe,0x10,0xfe,0x10,0xfe,
0x10,0xfe,0xef,0xfd,0x6a,0xe4,0x4d,0xf5,0x4c,0xf5,0x4c,0xf5,0x4d,0xf5,0x4d,0xf5,0x4d,0xf5,0x2c,0xf5,0x4d,0xf5,0x4d,0xf5,
0x4d,0xf5,0x4d,0xf5,0x4d,0xf5,0x4d,0xf5,0x4d,0xf5,0x4d,0xf5,0x2c,0xf5,0xec,0xec,0x10,0xfe,0x10,0xfe,0x10,0xfe,0x10,0xfe,
0x10,0xfe,0x10,0xfe,0x10,0xfe,0x10,0xfe,0x10,0xfe,0x31,0xee,0x30,0xee,0x74,0x86,0x74,0x86,0x74,0x86,0x74,0x86,0x74,0x86,
0x74,0x86,0x74,0x86,0x74,0x86,0x74,0x86,0x74,0x86,0x74,0x86,0x74,0x86,0x74,0x86,0x74,0x86,0x74,0x86,0x74,0x8e,0x74,0x8e,
0x17,0xbf,0x37,0xc7,0x17,0xbf,0x17,0xc7,0x16,0xbf,0xf6,0xbe,0xf6,0xbe,0x16,0xbf,0x17,0xbf,0xf6,0xbe,0x17,0xc7,0x16,0xbf,
0x16,0xbf,0xf6,0xbe,0xf6,0xb6,0x16,0xb7,0xf6,0xb6,0xf6,0xb6,0x16,0xb7,0x16,0xbf,0x74,0x86,0x94,0x8e,0x94,0x86,0x94,0x86,
0x74,0x86,0x94,0x86,0x94,0x86,0x94,0x86,0x94,0x86,0x74,0x86,0x94,0x86,0x74,0x86,0x74,0x86,0x94,0x86,0x74,0x86,0x74,0x86,
0x74,0x86,0x94,0x86,0x94,0x86,0x94,0x86,0x94,0x86,0x94,0x86,0x94,0x86,0x94,0x86,0x94,0x86,0x94,0x86,0x94,0x86,0x94,0x86,
0x94,0x86,0x74,0x86,0x94,0x86,0x94,0x86,0xf6,0xbe,0x16,0xbf,0x16,0xb7,0x16,0xbf,0x16,0xbf,0x17,0xbf,0x16,0xbf,0x16,0xbf,
0xf6,0xbe,0x16,0xbf,0x17,0xc7,0x17,0xbf,0x16,0xbf,0x17,0xc7,0x16,0xbf,0x17,0xbf,0x17,0xc7,0x37,0xc7,0x37,0xc7,0x94,0x9e,
0x74,0x8e,0x95,0x96,0x94,0x86,0x94,0x86,0x94,0x86,0x74,0x86,0x74,0x86,0x74,0x86,0x74,0x86,0x74,0x86,0x74,0x86,0x74,0x86,
0x74,0x86,0x74,0x86,0x74,0x86,0x74,0x86,0x74,0x86,0x10,0xee,0x51,0xee,0x0f,0xfe,0x10,0xfe,0x10,0xfe,0x10,0xfe,0x10,0xfe,
0x10,0xfe,0x10,0xfe,0x10,0xfe,0x10,0xfe,0xab,0xe4,0x6d,0xf5,0x4d,0xf5,0x6d,0xf5,0x6d,0xf5,0x4d,0xf5,0x4d,0xf5,0x4d,0xf5,
0x6d,0xf5,0x4d,0xf5,0x4d,0xf5,0x4d,0xf5,0x4d,0xf5,0x4d,0xf5,0x6d,0xf5,0x4d,0xf5,0xcb,0xec,0x10,0xfe,0x10,0xfe,0x10,0xfe,
0x10,0xfe,0x10,0xfe,0x10,0xfe,0x10,0xfe,0x10,0xfe,0x10,0xfe,0x10,0xfe,0x10,0xfe,0x10,0xfe,0x10,0xfe,0x10,0xfe,0x10,0xfe,
0x10,0xfe,0x10,0xfe,0x10,0xfe,0x10,0xfe,0x10,0xfe,0x8b,0xec,0x10,0xfe,0x0f,0xfe,0x0f,0xfe,0x0f,0xfe,0x10,0xfe,0x10,0xfe,
0x10,0xfe,0x10,0xfe,0x10,0xfe,0x10,0xfe,0x10,0xfe,0x10,0xfe,0x10,0xfe,0x10,0xfe,0x10,0xfe,0x30,0xfe,0xab,0xec,0x0f,0xfe,
0x10,0xfe,0x10,0xfe,0x10,0xfe,0x10,0xfe,0x10,0xfe,0x10,0xfe,0x30,0xee,0x11,0xd6,0x33,0x7e,0x54,0x86,0x74,0x86,0x74,0x86,
0x74,0x86,0x74,0x86,0x74,0x86,0x74,0x86,0x74,0x86,0x74,0x86,0x74,0x86,0x74,0x86,0x74,0x86,0x74,0x86,0x95,0x96,0xb5,0x9e,
0xb6,0x9e,0xb5,0x96,0x16,0xbf,0x17,0xbf,0x16,0xbf,0x17,0xbf,0x16,0xbf,0x17,0xbf,0x16,0xbf,0xd5,0xae,0x74,0x8e,0x74,0x86,
0x75,0x86,0x74,0x86,0x94,0x86,0x94,0x86,0x74,0x86,0x74,0x86,0x74,0x86,0x94,0x86,0x94,0x86,0x74,0x86,0x94,0x86,0x94,0x86,
0x94,0x86,0x94,0x86,0x94,0x86,0x94,0x86,0x94,0x86,0x94,0x86,0x94,0x86,0x94,0x86,0x94,0x86,0x94,0x86,0x74,0x86,0x94,0x86,
0x94,0x86,0x74,0x86,0x94,0x86,0x74,0x86,0x74,0x86,0x74,0x86,0x74,0x86,0x94,0x86,0x94,0x86,0x94,0x86,0x94,0x86,0x94,0x86,
0x94,0x86,0x94,0x86,0x94,0x86,0x94,0x86,0x94,0x86,0x94,0x86,0x94,0x86,0x74,0x86,0x74,0x86,0x74,0x86,0x74,0x86,0x74,0x86,
0x74,0x86,0x74,0x86,0x74,0x86,0x74,0x86,0x94,0x86,0x74,0x86,0x74,0x7e,0x74,0x86,0x74,0x86,0xb5,0x9e,0xd6,0xae,0xf6,0xb6,
0x17,0xbf,0x16,0xbf,0x17,0xbf,0xf6,0xbe,0x17,0xbf,0x16,0xbf,0xb5,0xa6,0xd6,0xa6,0xd6,0xa6,0xb5,0xa6,0x74,0x86,0x74,0x86,
0x74,0x86,0x74,0x86,0x74,0x86,0x74,0x86,0x74,0x86,0x74,0x86,0x74,0x86,0x74,0x86,0x74,0x86,0x54,0x86,0x54,0x86,0x12,0xb6,
0x33,0xbe,0x31,0xe6,0x10,0xfe,0x10,0xfe,0x10,0xfe,0x10,0xfe,0x10,0xfe,0x10,0xfe,0x30,0xfe,0xae,0xf5,0x30,0xfe,0x10,0xfe,
0x10,0xfe,0x10,0xfe,0x10,0xfe,0x10,0xfe,0x10,0xfe,0x10,0xfe,0x10,0xfe,0x10,0xfe,0x10,0xfe,0x10,0xfe,0x10,0xfe,0x10,0xfe,
0x10,0xfe,0x8b,0xe4,0x10,0xfe,0x10,0xfe,0x10,0xfe,0x10,0xfe,0x10,0xfe,0x10,0xfe,0x10,0xfe,0x10,0xfe,0x10,0xfe,0x10,0xfe,
0x10,0xfe,0x10,0xfe,0x10,0xfe,0x10,0xfe,0x10,0xfe,0x10,0xfe,0x10,0xfe,0x10,0xfe,0x10,0xfe,0x30,0xfe,0x10,0xfe,0x10,0xfe,
0x0f,0xfe,0x10,0xfe,0x10,0xfe,0x10,0xfe,0x10,0xfe,0x10,0xfe,0x10,0xfe,0x10,0xfe,0x10,0xfe,0x10,0xfe,0x10,0xfe,0x10,0xfe,
0x10,0xfe,0x30,0xfe,0x2d,0xf5,0x0f,0xfe,0x0f,0xfe,0x10,0xfe,0x10,0xfe,0x10,0xfe,0x10,0xfe,0x34,0x7e,0x94,0x86,0x74,0x86,
0x74,0x86,0x74,0x86,0x74,0x86,0x74,0x86,0x74,0x86,0x74,0x86,0x74,0x86,0x74,0x86,0x74,0x86,0x74,0x86,0x74,0x86,0x16,0xb7,
0xf6,0xb6,0xf6,0xb6,0x16,0xbf,0x17,0xbf,0x17,0xbf,0x17,0xbf,0x17,0xbf,0x16,0xbf,0x54,0x7e,0x74,0x86,0x74,0x86,0x74,0x86,
0x94,0x86,0x74,0x86,0x94,0x86,0x94,0x86,0x94,0x86,0x94,0x86,0x94,0x86,0x74,0x86,0x74,0x86,0x74,0x86,0x74,0x86,0x74,0x86,
0x94,0x86,0x94,0x86,0x94,0x86,0x74,0x86,0x94,0x86,0x74,0x86,0x94,0x86,0x94,0x86,0x94,0x86,0x74,0x86,0x94,0x86,0x94,0x86,
0x94,0x86,0x94,0x86,0x94,0x86,0x94,0x86,0x74,0x86,0x94,0x86,0x74,0x86,0x74,0x86,0x94,0x86,0x94,0x86,0x74,0x86,0x94,0x86,
0x94,0x86,0x94,0x86,0x94,0x86,0x94,0x86,0x94,0x86,0x94,0x86,0x74,0x86,0x94,0x86,0x74,0x86,0x94,0x86,0x94,0x86,0x94,0x86,
0x94,0x86,0x74,0x86,0x74,0x86,0x74,0x86,0x74,0x86,0x94,0x86,0x74,0x86,0x74,0x86,0x94,0x86,0x74,0x86,0x74,0x86,0x74,0x86,
0x74,0x86,0x74,0x86,0x74,0x86,0x74,0x86,0x74,0x86,0x74,0x86,0x54,0x7e,0x16,0xb7,0x16,0xbf,0x17,0xbf,0x17,0xbf,0x17,0xbf,
0x16,0xbf,0x17,0xc7,0xf6,0xb6,0xf6,0xb6,0x17,0xbf,0x94,0x8e,0x74,0x86,0x74,0x86,0x74,0x86,0x74,0x86,0x74,0x86,0x74,0x86,
0x74,0x86,0x74,0x86,0x74,0x86,0x74,0x86,0x74,0x86,0x94,0x86,0x54,0x7e,0x10,0xfe,0x10,0xfe,0x10,0xfe,0x10,0xfe,0x0f,0xfe,
0x10,0xfe,0xaa,0xec,0x10,0xfe,0x10,0xfe,0x10,0xfe,0x10,0xfe,0x10,0xfe,0x10,0xfe,0x10,0xfe,0x10,0xfe,0x10,0xfe,0x10,0xfe,
0x10,0xfe,0x10,0xfe,0x10,0xfe,0x10,0xfe,0x10,0xfe,0x2c,0xed,0x0c,0xed,0x10,0xfe,0x10,0xfe,0x10,0xfe,0x10,0xfe,0x10,0xfe,
0x10,0xfe,0x10,0xfe,0x10,0xfe,0x10,0xfe,0x10,0xfe,0x10,0xfe,0x10,0xfe,0x10,0xfe,0x0f,0xfe,0x10,0xfe,0x10,0xfe,0x10,0xfe,
0xab,0xec,0x10,0xfe,0x0f,0xfe,0x10,0xfe,0x10,0xfe,0x10,0xfe,0x10,0xfe,0x10,0xfe,0x10,0xfe,0x10,0xfe,0x10,0xfe,0x10,0xfe,
0x10,0xfe,0x10,0xfe,0x10,0xfe,0x10,0xfe,0x10,0xfe,0xcb,0xec,0x10,0xfe,0x10,0xfe,0x10,0xfe,0x10,0xfe,0x10,0xfe,0x54,0x7e,
0x74,0x86,0x74,0x86,0x74,0x86,0x74,0x86,0x74,0x86,0x74,0x86,0x74,0x86,0x74,0x86,0x74,0x86,0x74,0x86,0x74,0x86,0x74,0x86,
0x74,0x7e,0x16,0xbf,0xf6,0xbe,0x17,0xbf,0x17,0xbf,0x17,0xbf,0x17,0xbf,0x16,0xbf,0x74,0x8e,0x74,0x86,0x94,0x86,0x94,0x8e,
0x74,0x86,0x74,0x86,0x94,0x86,0x94,0x86,0x74,0x86,0x94,0x86,0x74,0x86,0x74,0x86,0x74,0x86,0x74,0x86,0x74,0x86,0x94,0x86,
0x74,0x86,0x74,0x86,0x74,0x86,0x74,0x86,0x94,0x86,0x74,0x86,0x94,0x86,0x94,0x86,0x94,0x86,0x74,0x86,0x94,0x86,0x94,0x86,
0x94,0x86,0x74,0x86,0x74,0x86,0x74,0x86,0x94,0x86,0x94,0x86,0x94,0x86,0x94,0x86,0x74,0x86,0x74,0x86,0x74,0x86,0x74,0x86,
0x74,0x86,0x94,0x86,0x94,0x86,0x74,0x86,0x94,0x86,0x94,0x86,0x94,0x86,0x94,0x86,0x74,0x86,0x94,0x86,0x74,0x86,0x74,0x86,
0x74,0x86,0x94,0x86,0x94,0x86,0x94,0x86,0x74,0x86,0x94,0x86,0x74,0x86,0x74,0x86,0x94,0x86,0x74,0x86,0x94,0x86,0x94,0x86,
0x74,0x86,0x94,0x86,0x74,0x86,0x74,0x86,0x74,0x86,0x74,0x86,0x74,0x86,0x74,0x86,0x74,0x86,0x74,0x86,0x74,0x86,0x74,0x86,
0x74,0x86,0x74,0x86,0x74,0x86,0x54,0x86,0x16,0xbf,0x17,0xbf,0x17,0xbf,0x17,0xbf,0x17,0xc7,0x17,0xc7,0x16,0xbf,0x74,0x86,
0x74,0x8e,0x74,0x86,0x94,0x86,0x74,0x86,0x74,0x86,0x74,0x86,0x74,0x86,0x74,0x86,0x74,0x86,0x74,0x86,0x74,0x86,0x75,0x8e,
0x52,0xc6,0x0f,0xfe,0x0f,0xfe,0x0f,0xfe,0xef,0xfd,0xef,0xfd,0xab,0xec,0x0f,0xfe,0x10,0xfe,0x10,0xfe,0x10,0xfe,0x10,0xfe,
0x10,0xfe,0x10,0xfe,0x10,0xfe,0x10,0xfe,0x10,0xfe,0x10,0xfe,0x10,0xfe,0x10,0xfe,0x10,0xfe,0x10,0xfe,0x8a,0xe4,0x10,0xfe,
0x10,0xfe,0x10,0xfe,0x10,0xfe,0x10,0xfe,0x10,0xfe,0x10,0xfe,0x10,0xfe,0x10,0xfe,0x10,0xfe,0x10,0xfe,0x10,0xfe,0x10,0xfe,
0x10,0xfe,0x10,0xfe,0x10,0xfe,0xab,0xec,0x0f,0xfe,0x10,0xfe,0x10,0xfe,0x10,0xfe,0x10,0xfe,0x10,0xfe,0x10,0xfe,0x10,0xfe,
0x10,0xfe,0x10,0xfe,0x10,0xfe,0x10,0xfe,0x10,0xfe,0x10,0xfe,0x10,0xfe,0x10,0xfe,0x50,0xfe,0x2c,0xf5,0x10,0xfe,0x10,0xfe,
0x30,0xfe,0x0f,0xfe,0x74,0x86,0x74,0x86,0x74,0x86,0x74,0x86,0x74,0x86,0x74,0x86,0x74,0x86,0x74,0x86,0x74,0x86,0x74,0x86,
0x74,0x86,0x74,0x86,0x75,0x96,0xf6,0xbe,0x17,0xc7,0x17,0xc7,0x17,0xbf,0x16,0xbf,0xf7,0xbe,0x74,0x8e,0x74,0x86,0x74,0x86,
0x74,0x86,0x74,0x86,0x74,0x86,0x74,0x86,0x94,0x86,0x94,0x86,0x94,0x86,0x74,0x86,0x74,0x86,0x94,0x86,0x74,0x86,0x74,0x86,
0x94,0x86,0x94,0x86,0x74,0x86,0x94,0x86,0x74,0x86,0x74,0x86,0x94,0x86,0x94,0x86,0x94,0x86,0x94,0x86,0x94,0x86,0x94,0x86,
0x94,0x86,0x74,0x86,0x94,0x86,0x94,0x86,0x74,0x86,0x94,0x86,0x94,0x86,0x94,0x86,0x74,0x86,0x74,0x86,0x74,0x86,0x74,0x86,
0x74,0x86,0x74,0x86,0x74,0x86,0x94,0x86,0x94,0x86,0x94,0x86,0x94,0x86,0x74,0x86,0x74,0x86,0x94,0x86,0x94,0x86,0x74,0x86,
0x74,0x86,0x94,0x86,0x94,0x86,0x94,0x86,0x94,0x86,0x74,0x86,0x74,0x86,0x94,0x86,0x94,0x86,0x74,0x86,0x74,0x86,0x74,0x86,
0x74,0x86,0x74,0x86,0x94,0x86,0x74,0x86,0x74,0x86,0x74,0x86,0x94,0x86,0x74,0x86,0x74,0x86,0x94,0x86,0x74,0x86,0x94,0x86,
0x94,0x86,0x74,0x86,0x74,0x86,0x74,0x86,0x74,0x86,0x74,0x86,0x74,0x86,0x74,0x86,0x74,0x86,0x74,0x86,0x74,0x86,0x17,0xbf,
0x16,0xbf,0xf6,0xbe,0x16,0xbf,0xf6,0xbe,0xf6,0xbe,0x74,0x86,0x74,0x8e,0x74,0x86,0x74,0x86,0x74,0x86,0x74,0x86,0x74,0x86,
0x74,0x86,0x74,0x86,0x74,0x86,0x74,0x86,0x74,0x86,0x54,0x86,0x10,0xfe,0x10,0xfe,0x0f,0xfe,0xef,0xfd,0x8a,0xec,0x0f,0xfe,
0x10,0xfe,0x10,0xfe,0x10,0xfe,0x10,0xfe,0x10,0xfe,0x10,0xfe,0x10,0xfe,0x10,0xfe,0x10,0xfe,0x10,0xfe,0x10,0xfe,0x10,0xfe,
0x10,0xfe,0x10,0xfe,0x10,0xfe,0xab,0xec,0x10,0xfe,0x10,0xfe,0x10,0xfe,0x10,0xfe,0x10,0xfe,0x10,0xfe,0x10,0xfe,0x10,0xfe,
0x0f,0xfe,0x10,0xfe,0x10,0xfe,0x10,0xfe,0x10,0xfe,0x10,0xfe,0xef,0xfd,0x8e,0xf5,0x10,0xfe,0x10,0xfe,0x10,0xfe,0x10,0xfe,
0x10,0xfe,0x10,0xfe,0x10,0xfe,0x10,0xfe,0x10,0xfe,0x10,0xfe,0x10,0xfe,0x10,0xfe,0x10,0xfe,0x10,0xfe,0x10,0xfe,0x10,0xfe,
0xab,0xec,0x10,0xfe,0x10,0xfe,0x0f,0xfe,0x74,0x86,0x74,0x86,0x74,0x86,0x74,0x86,0x74,0x86,0x74,0x86,0x74,0x86,0x74,0x86,
0x74,0x86,0x74,0x86,0x74,0x86,0x74,0x8e,0xf6,0xbe,0x16,0xbf,0x17,0xc7,0x17,0xbf,0xf6,0xbe,0x17,0xc7,0x95,0x8e,0x94,0x8e,
0x74,0x86,0x74,0x86,0x74,0x86,0x74,0x86,0x94,0x86,0x94,0x86,0x94,0x86,0x94,0x86,0x94,0x86,0x94,0x86,0x94,0x86,0x94,0x86,
0x94,0x86,0x94,0x86,0x74,0x86,0x74,0x86,0x74,0x86,0x94,0x86,0x94,0x86,0x74,0x86,0x74,0x86,0x74,0x86,0x74,0x86,0x74,0x86,
0x94,0x86,0x94,0x86,0x94,0x86,0x94,0x86,0x94,0x86,0x74,0x86,0x74,0x86,0x94,0x86,0x94,0x86,0x94,0x86,0x74,0x86,0x74,0x86,
0x74,0x86,0x74,0x86,0x74,0x86,0x74,0x86,0x74,0x86,0x74,0x86,0x74,0x86,0x74,0x86,0x94,0x86,0x94,0x86,0x94,0x86,0x94,0x86,
0x94,0x86,0x74,0x86,0x74,0x86,0x74,0x86,0x94,0x86,0x94,0x86,0x94,0x86,0x94,0x86,0x74,0x86,0x74,0x86,0x94,0x86,0x94,0x86,
0x94,0x86,0x94,0x86,0x94,0x86,0x74,0x86,0x74,0x86,0x74,0x86,0x74,0x86,0x74,0x86,0x74,0x86,0x74,0x86,0x74,0x86,0x94,0x86,
0x74,0x86,0x74,0x86,0x74,0x86,0x74,0x86,0x74,0x86,0x74,0x86,0x94,0x86,0x74,0x86,0x74,0x86,0x74,0x86,0x74,0x86,0x74,0x86,
0x74,0x86,0x74,0x86,0x74,0x86,0x74,0x86,0x74,0x86,0x94,0x86,0xf6,0xbe,0xf6,0xbe,0xf7,0xbe,0x17,0xbf,0x16,0xbf,0xf6,0xbe,
0x74,0x86,0x74,0x86,0x74,0x86,0x74,0x86,0x74,0x86,0x94,0x86,0x74,0x86,0x74,0x86,0x74,0x86,0x74,0x86,0x74,0x86,0x30,0xee,
0xf0,0xfd,0xf0,0xfd,0x10,0xfe,0xeb,0xec,0x0f,0xfe,0x10,0xfe,0x10,0xfe,0x10,0xfe,0x10,0xfe,0x10,0xfe,0x10,0xfe,0x10,0xfe,
0x10,0xfe,0x10,0xfe,0x10,0xfe,0x10,0xfe,0x10,0xfe,0x10,0xfe,0x10,0xfe,0xef,0xfd,0xcf,0xfd,0x10,0xfe,0x10,0xfe,0x10,0xfe,
0x10,0xfe,0x10,0xfe,0x10,0xfe,0x0f,0xfe,0x0f,0xfe,0x10,0xfe,0x10,0xfe,0x10,0xfe,0x10,0xfe,0x10,0xfe,0xab,0xe4,0x10,0xfe,
0x0f,0xfe,0x10,0xfe,0x10,0xfe,0x10,0xfe,0x10,0xfe,0x10,0xfe,0x10,0xfe,0x10,0xfe,0x10,0xfe,0x10,0xfe,0x10,0xfe,0x10,0xfe,
0x10,0xfe,0x10,0xfe,0x10,0xfe,0xef,0xfd,0x0c,0xf5,0x10,0xfe,0x10,0xfe,0x54,0x96,0x74,0x86,0x74,0x86,0x74,0x86,0x74,0x86,
0x74,0x86,0x74,0x86,0x74,0x86,0x94,0x86,0x74,0x86,0x74,0x86,0x16,0xbf,0x17,0xc7,0x16,0xbf,0x17,0xc7,0xf6,0xbe,0x74,0x8e,
0x74,0x86,0x74,0x86,0x74,0x86,0x74,0x86,0x94,0x86,0x94,0x86,0x74,0x86,0x74,0x86,0x74,0x86,0x74,0x86,0x74,0x86,0x94,0x86,
0x94,0x86,0x94,0x86,0x94,0x86,0x94,0x86,0x74,0x86,0x74,0x86,0x74,0x86,0x74,0x86,0x94,0x86,0x74,0x86,0x74,0x86,0x94,0x86,
0x94,0x86,0x74,0x86,0x74,0x86,0x94,0x86,0x94,0x86,0x74,0x86,0x94,0x86,0x94,0x86,0x94,0x86,0x94,0x86,0x94,0x86,0x74,0x86,
0x94,0x86,0x74,0x86,0x74,0x86,0x94,0x86,0x74,0x86,0x74,0x86,0x74,0x86,0x74,0x86,0x74,0x86,0x74,0x86,0x74,0x86,0x94,0x86,
0x94,0x86,0x94,0x86,0x94,0x86,0x74,0x86,0x94,0x86,0x74,0x86,0x74,0x86,0x74,0x86,0x74,0x86,0x74,0x86,0x94,0x86,0x94,0x86,
0x94,0x86,0x94,0x86,0x74,0x86,0x94,0x86,0x74,0x86,0x94,0x86,0x94,0x86,0x94,0x86,0x74,0x86,0x74,0x86,0x74,0x86,0x74,0x86,
0x74,0x86,0x94,0x86,0x74,0x86,0x74,0x86,0x94,0x86,0x94,0x86,0x74,0x86,0x74,0x86,0x74,0x86,0x74,0x86,0x74,0x86,0x74,0x86,
0x74,0x86,0x74,0x86,0x74,0x86,0x74,0x86,0x74,0x86,0x74,0x86,0x74,0x86,0x74,0x86,0x74,0x86,0x74,0x86,0x74,0x86,0x74,0x86,
0x74,0x86,0x17,0xbf,0x16,0xbf,0x17,0xbf,0x17,0xc7,0x16,0xbf,0x74,0x86,0x74,0x86,0x74,0x86,0x94,0x86,0x94,0x86,0x94,0x86,
0x74,0x86,0x74,0x86,0x74,0x86,0x53,0x8e,0x54,0x8e,0x10,0xfe,0x0f,0xfe,0x8a,0xe4,0x10,0xfe,0x10,0xfe,0x0f,0xfe,0x10,0xfe,
0x10,0xfe,0x10,0xfe,0x10,0xfe,0x10,0xfe,0x10,0xfe,0x10,0xfe,0x10,0xfe,0x10,0xfe,0x10,0xfe,0x10,0xfe,0x10,0xfe,0x0f,0xfe,
0xcb,0xec,0x10,0xfe,0x10,0xfe,0x10,0xfe,0x10,0xfe,0x10,0xfe,0x10,0xfe,0x0f,0xfe,0x10,0xfe,0x10,0xfe,0x10,0xfe,0x10,0xfe,
0x10,0xfe,0xef,0xfd,0x8a,0xe4,0x10,0xfe,0x10,0xfe,0x10,0xfe,0x10,0xfe,0x10,0xfe,0x10,0xfe,0x10,0xfe,0x10,0xfe,0x10,0xfe,
0x10,0xfe,0x10,0xfe,0x10,0xfe,0x10,0xfe,0x10,0xfe,0x10,0xfe,0x10,0xfe,0xaf,0xfd,0x30,0xfe,0xef,0xfd,0x30,0xf6,0x74,0x86,
0x74,0x86,0x74,0x86,0x74,0x86,0x74,0x86,0x74,0x86,0x74,0x86,0x74,0x86,0x74,0x86,0x74,0x86,0xf7,0xbe,0x17,0xbf,0xf6,0xbe,
0x16,0xbf,0x54,0x86,0x74,0x86,0x74,0x86,0x74,0x86,0x74,0x86,0x74,0x86,0x74,0x86,0x94,0x86,0x94,0x86,0x74,0x86,0x74,0x86,
0x74,0x86,0x94,0x86,0x94,0x86,0x74,0x86,0x74,0x86,0x94,0x86,0x94,0x86,0x74,0x86,0x94,0x86,0x94,0x86,0x94,0x86,0x74,0x86,
0x74,0x86,0x74,0x86,0x74,0x86,0x74,0x86,0x74,0x86,0x74,0x86,0x74,0x86,0x74,0x86,0x74,0x86,0x94,0x86,0x94,0x86,0x74,0x86,
0x74,0x86,0x94,0x86,0x94,0x86,0x94,0x86,0x74,0x86,0x74,0x86,0x94,0x86,0x74,0x86,0x94,0x86,0x74,0x86,0x74,0x86,0x74,0x86,
0x74,0x86,0x74,0x86,0x74,0x86,0x74,0x86,0x94,0x86,0x94,0x86,0x74,0x86,0x74,0x86,0x74,0x86,0x74,0x86,0x74,0x86,0x74,0x86,
0x74,0x86,0x74,0x86,0x74,0x86,0x74,0x86,0x74,0x86,0x94,0x86,0x94,0x86,0x74,0x86,0x94,0x86,0x74,0x86,0x74,0x86,0x74,0x86,
0x74,0x86,0x94,0x86,0x74,0x86,0x74,0x86,0x74,0x86,0x74,0x86,0x74,0x86,0x94,0x86,0x74,0x86,0x94,0x86,0x74,0x86,0x74,0x86,
0x74,0x86,0x94,0x86,0x74,0x86,0x74,0x86,0x74,0x86,0x74,0x86,0x74,0x86,0x74,0x86,0x74,0x86,0x74,0x86,0x94,0x86,0x74,0x86,
0x74,0x86,0x74,0x86,0x74,0x86,0x74,0x86,0x74,0x86,0x74,0x86,0xf6,0xa6,0x17,0xbf,0x17,0xbf,0xf6,0xbe,0xf6,0xbe,0x94,0x8e,
0x74,0x86,0x74,0x86,0x94,0x86,0x74,0x86,0x74,0x86,0x74,0x86,0x74,0x86,0x74,0x86,0x74,0x86,0x10,0xe6,0xef,0xfd,0x6d,0xf5,
0xef,0xfd,0x0f,0xfe,0x10,0xfe,0x10,0xfe,0x10,0xfe,0x10,0xfe,0x10,0xfe,0x10,0xfe,0x10,0xfe,0x10,0xfe,0x10,0xfe,0x10,0xfe,
0x10,0xfe,0x10,0xfe,0x10,0xfe,0x10,0xfe,0xab,0xe4,0x10,0xfe,0x10,0xfe,0x10,0xfe,0x10,0xfe,0x10,0xfe,0x10,0xfe,0x10,0xfe,
0x10,0xfe,0x10,0xfe,0x10,0xfe,0x10,0xfe,0x10,0xfe,0x8b,0xec,0x10,0xfe,0x0f,0xfe,0x0f,0xfe,0x10,0xfe,0x10,0xfe,0x10,0xfe,
0x10,0xfe,0x10,0xfe,0x10,0xfe,0x10,0xfe,0x10,0xfe,0x10,0xfe,0x10,0xfe,0x10,0xfe,0x10,0xfe,0x10,0xfe,0x10,0xfe,0x8a,0xe4,
0x0f,0xfe,0x10,0xfe,0x74,0x86,0x74,0x86,0x74,0x86,0x74,0x86,0x74,0x86,0x74,0x86,0x74,0x86,0x74,0x86,0x74,0x86,0x74,0x8e,
0x16,0xbf,0xf7,0xbe,0x16,0xbf,0xf7,0xc6,0x74,0x86,0x74,0x86,0x74,0x86,0x74,0x86,0x94,0x86,0x74,0x86,0x74,0x86,0x94,0x86,
0x94,0x86,0x94,0x86,0x94,0x86,0x74,0x86,0x74,0x86,0x74,0x86,0x94,0x86,0x94,0x86,0x94,0x86,0x94,0x86,0x94,0x86,0x94,0x86,
0x94,0x86,0x94,0x86,0x74,0x86,0x94,0x86,0x74,0x86,0x74,0x86,0x74,0x86,0x74,0x86,0x74,0x86,0x74,0x86,0x74,0x86,0x74,0x86,
0x94,0x86,0x74,0x86,0x94,0x86,0x74,0x86,0x74,0x86,0x94,0x86,0x74,0x86,0x94,0x86,0x74,0x86,0x74,0x86,0x74,0x86,0x94,0x86,
0x74,0x86,0x74,0x86,0x74,0x86,0x74,0x86,0x74,0x86,0x74,0x86,0x74,0x86,0x74,0x86,0x94,0x86,0x74,0x86,0x74,0x86,0x74,0x86,
0x74,0x86,0x74,0x86,0x74,0x86,0x74,0x86,0x74,0x86,0x74,0x86,0x94,0x86,0x94,0x86,0x74,0x86,0x94,0x86,0x74,0x86,0x94,0x86,
0x74,0x86,0x74,0x86,0x74,0x86,0x74,0x86,0x94,0x86,0x94,0x86,0x74,0x86,0x74,0x86,0x94,0x86,0x94,0x86,0x74,0x86,0x94,0x86,
0x74,0x86,0x74,0x86,0x94,0x86,0x74,0x86,0x74,0x86,0x74,0x86,0x74,0x86,0x74,0x86,0x74,0x86,0x74,0x86,0x74,0x86,0x74,0x86,
0x74,0x86,0x74,0x86,0x74,0x86,0x94,0x86,0x74,0x86,0x94,0x86,0x74,0x86,0x74,0x86,0x74,0x86,0x74,0x86,0x74,0x86,0x74,0x86,
0x17,0xbf,0xf6,0xbe,0x17,0xbf,0xf6,0xbe,0x74,0x86,0x74,0x86,0x94,0x86,0x94,0x86,0x74,0x86,0x74,0x86,0x74,0x86,0x74,0x86,
0x74,0x86,0x74,0x7e,0xcf,0xfd,0xef,0xfd,0x8a,0xec,0x10,0xfe,0x10,0xfe,0x10,0xfe,0x10,0xfe,0x10,0xfe,0x10,0xfe,0x10,0xfe,
0x10,0xfe,0x10,0xfe,0x10,0xfe,0x10,0xfe,0x10,0xfe,0x10,0xfe,0x10,0xfe,0x10,0xfe,0x10,0xfe,0xab,0xec,0x0f,0xfe,0x10,0xfe,
0x10,0xfe,0x10,0xfe,0x10,0xfe,0x10,0xfe,0x10,0xfe,0x10,0xfe,0x10,0xfe,0x10,0xfe,0x30,0xfe,0xcf,0xfd,0x0f,0xfe,0x10,0xfe,
0x10,0xfe,0x10,0xfe,0x10,0xfe,0x10,0xfe,0x10,0xfe,0x10,0xfe,0x10,0xfe,0x10,0xfe,0x10,0xfe,0x10,0xfe,0x10,0xfe,0x0f,0xfe,
0x10,0xfe,0x0f,0xfe,0x6e,0xf5,0x31,0xfe,0xef,0xfd,0xb1,0x6d,0x74,0x86,0x74,0x86,0x74,0x86,0x74,0x86,0x74,0x86,0x74,0x86,
0x74,0x86,0x74,0x86,0x16,0xbf,0x17,0xbf,0xf6,0xbe,0x16,0xbf,0x74,0x86,0x74,0x86,0x74,0x86,0x74,0x86,0x74,0x86,0x94,0x86,
0x94,0x86,0x74,0x86,0x74,0x86,0x74,0x86,0x74,0x86,0x94,0x86,0x74,0x86,0x94,0x86,0x94,0x86,0x74,0x86,0x94,0x86,0x74,0x86,
0x94,0x86,0x94,0x86,0x94,0x86,0x94,0x86,0x94,0x86,0x74,0x86,0x74,0x86,0x94,0x86,0x74,0x86,0x74,0x86,0x74,0x86,0x74,0x86,
0x94,0x86,0x74,0x86,0x94,0x86,0x94,0x86,0x74,0x86,0x94,0x86,0x74,0x86,0x94,0x86,0x94,0x86,0x94,0x86,0x74,0x86,0x74,0x86,
0x74,0x86,0x74,0x86,0x74,0x86,0x94,0x86,0x94,0x86,0x74,0x86,0x74,0x86,0x74,0x86,0x74,0x86,0x74,0x86,0x74,0x86,0x74,0x86,
0x74,0x86,0x74,0x86,0x74,0x86,0x74,0x86,0x74,0x86,0x74,0x86,0x74,0x86,0x74,0x86,0x74,0x86,0x94,0x86,0x94,0x86,0x74,0x86,
0x94,0x86,0x94,0x86,0x74,0x86,0x74,0x86,0x74,0x86,0x94,0x86,0x94,0x86,0x94,0x86,0x74,0x86,0x74,0x86,0x94,0x86,0x94,0x86,
0x74,0x86,0x74,0x86,0x74,0x86,0x74,0x86,0x94,0x86,0x74,0x86,0x74,0x86,0x74,0x86,0x74,0x86,0x74,0x86,0x74,0x86,0x74,0x86,
0x74,0x86,0x74,0x86,0x74,0x86,0x74,0x86,0x74,0x86,0x74,0x86,0x74,0x86,0x74,0x86,0x74,0x86,0x74,0x86,0x74,0x86,0x74,0x86,
0x74,0x86,0x74,0x86,0x74,0x86,0x74,0x86,0x74,0x86,0x74,0x86,0x16,0xbf,0xf6,0xbe,0x17,0xbf,0x95,0x9e,0x74,0x86,0x74,0x86,
0x74,0x86,0x74,0x86,0x74,0x86,0x74,0x86,0x74,0x86,0x74,0x86,0xd1,0x6d,0x0f,0xfe,0x30,0xfe,0xab,0xec,0x10,0xfe,0x10,0xfe,
0x10,0xfe,0x10,0xfe,0x10,0xfe,0x10,0xfe,0x10,0xfe,0x10,0xfe,0x10,0xfe,0x10,0xfe,0x10,0xfe,0x10,0xfe,0x10,0xfe,0x10,0xfe,
0x10,0xfe,0x10,0xfe,0xcb,0xec,0x0f,0xfe,0x10,0xfe,0x10,0xfe,0x10,0xfe,0x10,0xfe,0x10,0xfe,0x10,0xfe,0x10,0xfe,0x10,0xfe,
0xab,0xec,0xae,0xfd,0xce,0xfd,0xce,0xfd,0xce,0xfd,0xce,0xfd,0xce,0xfd,0xae,0xfd,0xae,0xfd,0xce,0xfd,0xce,0xfd,0xce,0xfd,
0xce,0xfd,0xce,0xfd,0xce,0xfd,0xae,0xfd,0xce,0xfd,0xae,0xfd,0x49,0xe4,0x10,0xfe,0x10,0xfe,0xf2,0x75,0x74,0x86,0x74,0x86,
0x74,0x86,0x74,0x86,0x74,0x86,0x74,0x86,0x74,0x86,0x74,0x86,0x16,0xbf,0x17,0xbf,0x16,0xbf,0x74,0x86,0x74,0x86,0x74,0x86,
0x74,0x86,0x74,0x86,0x74,0x86,0x74,0x86,0x74,0x86,0x74,0x86,0x74,0x86,0x74,0x86,0x94,0x86,0x74,0x86,0x74,0x86,0x74,0x86,
0x94,0x86,0x74,0x86,0x74,0x86,0x74,0x86,0x74,0x86,0x94,0x86,0x94,0x86,0x94,0x86,0x94,0x86,0x74,0x86,0x74,0x86,0x74,0x86,
0x74,0x86,0x74,0x86,0x94,0x86,0x94,0x86,0x74,0x86,0x74,0x86,0x74,0x86,0x74,0x86,0x74,0x86,0x94,0x86,0x74,0x86,0x74,0x86,
0x74,0x86,0x74,0x86,0x74,0x86,0x94,0x86,0x74,0x86,0x94,0x86,0x74,0x86,0x94,0x86,0x74,0x86,0x74,0x86,0x74,0x86,0x74,0x86,
0x74,0x86,0x74,0x86,0x74,0x86,0x74,0x86,0x74,0x86,0x74,0x86,0x74,0x86,0x74,0x86,0x94,0x86,0x94,0x86,0x74,0x86,0x74,0x86,
0x74,0x86,0x74,0x86,0x74,0x86,0x74,0x86,0x74,0x86,0x74,0x86,0x74,0x86,0x74,0x86,0x94,0x86,0x94,0x86,0x94,0x86,0x74,0x86,
0x74,0x86,0x94,0x86,0x74,0x86,0x94,0x86,0x94,0x86,0x94,0x86,0x74,0x86,0x94,0x86,0x74,0x86,0x94,0x86,0x94,0x86,0x74,0x86,
0x74,0x86,0x74,0x86,0x74,0x86,0x74,0x86,0x74,0x86,0x74,0x86,0x74,0x86,0x74,0x86,0x74,0x86,0x74,0x86,0x94,0x86,0x94,0x86,
0x74,0x86,0x74,0x86,0x94,0x86,0x74,0x86,0x74,0x86,0x74,0x86,0x74,0x86,0x74,0x86,0x74,0x86,0x74,0x86,0x74,0x86,0xf6,0xbe,
0x17,0xbf,0x16,0xbf,0x74,0x86,0x74,0x86,0x74,0x86,0x74,0x86,0x74,0x86,0x74,0x86,0x74,0x86,0x74,0x86,0xf2,0x6d,0x10,0xf6,
0x10,0xfe,0x8a,0xec,0x10,0xfe,0x10,0xfe,0x10,0xfe,0x10,0xfe,0x10,0xfe,0x10,0xfe,0x10,0xfe,0x10,0xfe,0x10,0xfe,0x10,0xfe,
0x10,0xfe,0x10,0xfe,0x10,0xfe,0x10,0xfe,0x10,0xfe,0x0f,0xfe,0x8a,0xec,0xef,0xfd,0x10,0xfe,0x10,0xfe,0x10,0xfe,0x10,0xfe,
0x10,0xfe,0x10,0xfe,0x10,0xfe,0xab,0xec,0x30,0xfe,0x10,0xfe,0x10,0xfe,0x10,0xfe,0x10,0xfe,0x0f,0xfe,0x0f,0xfe,0x10,0xfe,
0x0f,0xfe,0x10,0xfe,0x10,0xfe,0x0f,0xfe,0x0f,0xfe,0x0f,0xfe,0x10,0xfe,0x10,0xfe,0x10,0xfe,0x8b,0xec,0xef,0xfd,0x0f,0xfe,
0x50,0x5d,0x74,0x86,0x74,0x86,0x74,0x86,0x74,0x86,0x74,0x86,0x94,0x86,0x74,0x86,0x74,0x86,0x17,0xbf,0x17,0xc7,0x17,0xc7,
0xf6,0xbe,0x74,0x86,0x74,0x86,0x74,0x86,0x74,0x86,0x74,0x86,0x74,0x86,0x74,0x86,0x74,0x86,0x94,0x86,0x74,0x86,0x94,0x86,
0x74,0x86,0x94,0x86,0x74,0x86,0x94,0x86,0x74,0x86,0x74,0x86,0x94,0x86,0x94,0x86,0x94,0x86,0x94,0x86,0x94,0x86,0x94,0x86,
0x74,0x86,0x74,0x86,0x94,0x86,0x74,0x86,0x94,0x86,0x74,0x86,0x94,0x86,0x74,0x86,0x74,0x86,0x74,0x86,0x74,0x86,0x74,0x86,
0x94,0x86,0x94,0x86,0x74,0x86,0x94,0x86,0x94,0x86,0x94,0x86,0x74,0x86,0x74,0x86,0x94,0x86,0x74,0x86,0x74,0x86,0x94,0x86,
0x74,0x86,0x94,0x86,0x74,0x86,0x74,0x86,0x74,0x86,0x74,0x86,0x74,0x86,0x94,0x86,0x74,0x86,0x74,0x86,0x74,0x86,0x74,0x86,
0x74,0x86,0x74,0x86,0x94,0x86,0x74,0x86,0x74,0x86,0x74,0x86,0x74,0x86,0x74,0x86,0x74,0x86,0x74,0x86,0x94,0x86,0x74,0x86,
0x94,0x86,0x94,0x86,0x74,0x86,0x94,0x86,0x94,0x86,0x94,0x86,0x94,0x86,0x74,0x86,0x74,0x86,0x94,0x86,0x94,0x86,0x94,0x86,
0x74,0x86,0x74,0x86,0x74,0x86,0x94,0x86,0x94,0x86,0x94,0x86,0x74,0x86,0x94,0x86,0x74,0x86,0x74,0x86,0x94,0x86,0x94,0x86,
0x94,0x86,0x94,0x86,0x74,0x86,0x74,0x86,0x94,0x86,0x94,0x86,0x74,0x86,0x94,0x86,0x94,0x86,0x74,0x86,0x74,0x86,0x74,0x86,
0x74,0x86,0x74,0x86,0x74,0x86,0xb5,0x9e,0x16,0xbf,0x16,0xbf,0x17,0xbf,0x74,0x86,0x74,0x86,0x74,0x86,0x74,0x86,0x74,0x86,
0x74,0x86,0x74,0x86,0x94,0x86,0x2f,0x55,0x30,0xfe,0x30,0xfe,0x69,0xe4,0x10,0xfe,0x10,0xfe,0x10,0xfe,0x10,0xfe,0x10,0xfe,
0x10,0xfe,0x10,0xfe,0x10,0xfe,0x10,0xfe,0x10,0xfe,0x10,0xfe,0x10,0xfe,0x10,0xfe,0x10,0xfe,0x0f,0xfe,0xef,0xfd,0x8a,0xe4,
0x10,0xfe,0x10,0xfe,0x10,0xfe,0x10,0xfe,0x10,0xfe,0x10,0xfe,0x10,0xfe,0x8e,0xfd,0x10,0xfe,0x10,0xfe,0x10,0xfe,0x10,0xfe,
0x10,0xfe,0x10,0xfe,0x10,0xfe,0x0f,0xfe,0x10,0xfe,0x10,0xfe,0x0f,0xfe,0x10,0xfe,0x10,0xfe,0x10,0xfe,0x10,0xfe,0x10,0xfe,
0xef,0xfd,0xab,0xec,0x10,0xfe,0x30,0xfe,0x0f,0x55,0x74,0x86,0x74,0x86,0x74,0x86,0x74,0x86,0x74,0x86,0x94,0x86,0x74,0x86,
0x74,0x86,0x17,0xc7,0x17,0xbf,0x16,0xbf,0x74,0x86,0x74,0x86,0x74,0x86,0x74,0x86,0x94,0x86,0x74,0x86,0x74,0x86,0x74,0x86,
0x74,0x86,0x94,0x86,0x94,0x86,0x74,0x86,0x74,0x86,0x94,0x86,0x74,0x86,0x74,0x86,0x74,0x86,0x94,0x86,0x74,0x86,0x94,0x86,
0x94,0x86,0x74,0x86,0x94,0x86,0x94,0x86,0x74,0x86,0x74,0x86,0x74,0x86,0x74,0x86,0x74,0x86,0x94,0x86,0x94,0x86,0x74,0x86,
0x74,0x86,0x74,0x86,0x94,0x86,0x94,0x86,0x74,0x86,0x94,0x86,0x74,0x86,0x74,0x86,0x74,0x86,0x74,0x86,0x74,0x86,0x94,0x86,
0x94,0x86,0x74,0x86,0x74,0x86,0x74,0x86,0x74,0x86,0x74,0x86,0x74,0x86,0x94,0x86,0x94,0x86,0x74,0x86,0x74,0x86,0x94,0x86,
0x74,0x86,0x94,0x86,0x74,0x86,0x74,0x86,0x74,0x86,0x74,0x86,0x74,0x86,0x74,0x86,0x74,0x86,0x74,0x86,0x74,0x86,0x94,0x86,
0x74,0x86,0x74,0x86,0x74,0x86,0x74,0x86,0x74,0x86,0x74,0x86,0x94,0x86,0x94,0x86,0x94,0x86,0x94,0x86,0x94,0x86,0x74,0x86,
0x94,0x86,0x74,0x86,0x74,0x86,0x94,0x86,0x74,0x86,0x74,0x86,0x94,0x86,0x74,0x86,0x74,0x86,0x74,0x86,0x94,0x86,0x74,0x86,
0x74,0x86,0x94,0x86,0x74,0x86,0x94,0x86,0x74,0x86,0x94,0x86,0x74,0x86,0x74,0x86,0x74,0x86,0x94,0x86,0x74,0x86,0x74,0x86,
0x94,0x86,0x74,0x86,0x74,0x86,0x74,0x86,0x74,0x86,0x74,0x86,0x74,0x86,0x74,0x86,0xf6,0xbe,0x17,0xc7,0x17,0xc7,0x74,0x86,
0x94,0x86,0x94,0x86,0x94,0x86,0x94,0x86,0x74,0x86,0x94,0x86,0x94,0x86,0x2f,0x5d,0xef,0xfd,0xef,0xfd,0x6a,0xe4,0x6d,0xf5,
0x6d,0xf5,0x6d,0xf5,0x6d,0xf5,0x6d,0xf5,0x6d,0xf5,0x6d,0xf5,0x6d,0xf5,0x6d,0xf5,0x6d,0xf5,0x6d,0xf5,0x6d,0xf5,0x6d,0xf5,
0x6d,0xf5,0x6d,0xf5,0x6d,0xf5,0x4d,0xf5,0x6a,0xe4,0x10,0xfe,0x10,0xfe,0x10,0xfe,0x10,0xfe,0x10,0xfe,0xab,0xec,0x10,0xfe,
0x10,0xfe,0x10,0xfe,0x10,0xfe,0x10,0xfe,0x10,0xfe,0x10,0xfe,0x10,0xfe,0x10,0xfe,0x10,0xfe,0x10,0xfe,0x10,0xfe,0x10,0xfe,
0x10,0xfe,0x10,0xfe,0x10,0xfe,0x10,0xfe,0xab,0xec,0x30,0xfe,0x10,0xfe,0x30,0xfe,0x0f,0x55,0x74,0x86,0x74,0x86,0x74,0x86,
0x74,0x86,0x74,0x86,0x74,0x86,0x74,0x86,0x74,0x86,0x17,0xbf,0x17,0xc7,0x17,0xbf,0x74,0x8e,0x74,0x86,0x74,0x86,0x74,0x86,
0x74,0x86,0x74,0x86,0x74,0x86,0x74,0x86,0x74,0x86,0x94,0x86,0x74,0x86,0x74,0x86,0x74,0x86,0x94,0x86,0x74,0x86,0x94,0x86,
0x74,0x86,0x74,0x86,0x74,0x86,0x94,0x86,0x94,0x86,0x74,0x86,0x74,0x86,0x94,0x86,0x74,0x86,0x74,0x86,0x74,0x86,0x74,0x86,
0x74,0x86,0x94,0x86,0x74,0x86,0x74,0x86,0x74,0x86,0x94,0x86,0x74,0x86,0x74,0x86,0x94,0x86,0x94,0x86,0x74,0x86,0x74,0x86,
0x74,0x86,0x74,0x86,0x74,0x86,0x74,0x86,0x74,0x86,0x74,0x86,0x74,0x86,0x94,0x86,0x94,0x86,0x74,0x86,0x74,0x86,0x94,0x86,
0x74,0x86,0x74,0x86,0x74,0x86,0x74,0x86,0x94,0x86,0x74,0x86,0x74,0x86,0x74,0x86,0x74,0x86,0x74,0x86,0x94,0x86,0x74,0x86,
0x74,0x86,0x74,0x86,0x74,0x86,0x94,0x86,0x74,0x86,0x74,0x86,0x94,0x86,0x74,0x86,0x94,0x86,0x74,0x86,0x74,0x86,0x94,0x86,
0x94,0x86,0x94,0x86,0x94,0x86,0x74,0x86,0x94,0x86,0x74,0x86,0x94,0x86,0x74,0x86,0x94,0x86,0x94,0x86,0x74,0x86,0x94,0x86,
0x74,0x86,0x74,0x86,0x94,0x86,0x74,0x86,0x94,0x86,0x94,0x86,0x94,0x86,0x74,0x86,0x74,0x86,0x74,0x86,0x74,0x86,0x74,0x86,
0x74,0x86,0x94,0x86,0x94,0x86,0x94,0x86,0x94,0x86,0x74,0x86,0x74,0x86,0x74,0x86,0x74,0x86,0x74,0x86,0x94,0x86,0x74,0x86,
0x16,0xbf,0x17,0xbf,0x17,0xbf,0x74,0x86,0x74,0x86,0x94,0x86,0x74,0x86,0x74,0x86,0x94,0x86,0x94,0x86,0x94,0x86,0x2f,0x55,
0x10,0xfe,0x0f,0xfe,0x10,0xfe,0xaa,0xec,0x30,0xfe,0x10,0xfe,0x10,0xfe,0x10,0xfe,0x10,0xfe,0x10,0xfe,0x10,0xfe,0x10,0xfe,
0x10,0xfe,0x10,0xfe,0x10,0xfe,0x10,0xfe,0x10,0xfe,0x10,0xfe,0x10,0xfe,0x10,0xfe,0x8a,0xe4,0x0f,0xfe,0x10,0xfe,0x10,0xfe,
0x10,0xfe,0x6e,0xf5,0x2d,0xf5,0x10,0xfe,0x10,0xfe,0x10,0xfe,0x0f,0xfe,0x10,0xfe,0x10,0xfe,0x10,0xfe,0x10,0xfe,0x10,0xfe,
0x10,0xfe,0x10,0xfe,0x10,0xfe,0x10,0xfe,0x10,0xfe,0x10,0xfe,0x10,0xfe,0x10,0xfe,0xab,0xec,0x10,0xfe,0x10,0xfe,0x30,0xfe,
0x0f,0x55,0x74,0x86,0x74,0x86,0x94,0x86,0x74,0x86,0x74,0x86,0x74,0x86,0x74,0x86,0x74,0x86,0x16,0xbf,0x16,0xbf,0x17,0xc7,
0x94,0x86,0x74,0x86,0x74,0x86,0x74,0x86,0x74,0x86,0x74,0x86,0x94,0x86,0x74,0x86,0x74,0x86,0x74,0x86,0x74,0x86,0x94,0x86,
0x94,0x86,0x94,0x8e,0x94,0x86,0x94,0x86,0x94,0x86,0x74,0x86,0x94,0x86,0x94,0x86,0x94,0x86,0x74,0x86,0x94,0x86,0x94,0x86,
0x94,0x86,0x74,0x86,0x74,0x86,0x74,0x86,0x74,0x86,0x74,0x86,0x94,0x86,0x74,0x86,0x74,0x86,0x74,0x86,0x74,0x86,0x74,0x86,
0x94,0x86,0x74,0x86,0x94,0x86,0x74,0x86,0x94,0x86,0x94,0x86,0x74,0x86,0x94,0x86,0x74,0x86,0x74,0x86,0x74,0x86,0x94,0x86,
0x94,0x86,0x94,0x86,0x74,0x86,0x74,0x86,0x94,0x86,0x94,0x86,0x94,0x86,0x74,0x86,0x74,0x86,0x74,0x86,0x74,0x86,0x94,0x86,
0x74,0x86,0x94,0x86,0x94,0x86,0x94,0x86,0x94,0x86,0x94,0x86,0x74,0x86,0x74,0x86,0x74,0x86,0x94,0x86,0x74,0x86,0x74,0x86,
0x74,0x86,0x74,0x86,0x74,0x86,0x94,0x86,0x74,0x86,0x74,0x86,0x74,0x86,0x74,0x86,0x94,0x86,0x94,0x86,0x74,0x86,0x74,0x86,
0x94,0x86,0x74,0x86,0x94,0x86,0x74,0x86,0x74,0x86,0x94,0x86,0x94,0x86,0x94,0x86,0x94,0x86,0x74,0x86,0x94,0x86,0x74,0x86,
0x94,0x86,0x74,0x86,0x94,0x86,0x74,0x86,0x74,0x86,0x74,0x86,0x94,0x86,0x94,0x86,0x74,0x86,0x74,0x86,0x74,0x86,0x74,0x86,
0x94,0x86,0x74,0x86,0x74,0x86,0x74,0x86,0x17,0xc7,0x16,0xbf,0x16,0xbf,0x94,0x86,0x74,0x86,0x94,0x86,0x74,0x86,0x94,0x86,
0x74,0x86,0x74,0x86,0x94,0x86,0x2f,0x55,0x10,0xfe,0x10,0xfe,0x0f,0xfe,0x8a,0xec,0x30,0xfe,0x10,0xfe,0x10,0xfe,0x10,0xfe,
0x10,0xfe,0x10,0xfe,0x10,0xfe,0x10,0xfe,0x10,0xfe,0x10,0xfe,0x10,0xfe,0x10,0xfe,0x10,0xfe,0x10,0xfe,0x10,0xfe,0x10,0xfe,
0x6e,0xf5,0x0c,0xed,0x10,0xfe,0x10,0xfe,0x10,0xfe,0xab,0xec,0x10,0xfe,0x0f,0xfe,0x10,0xfe,0x10,0xfe,0x10,0xfe,0x10,0xfe,
0x10,0xfe,0x10,0xfe,0x10,0xfe,0x10,0xfe,0x10,0xfe,0x10,0xfe,0x10,0xfe,0x10,0xfe,0x10,0xfe,0x10,0xfe,0x10,0xfe,0xcf,0xfd,
0x10,0xfe,0x10,0xfe,0x10,0xfe,0x30,0xfe,0x0f,0x55,0x74,0x86,0x74,0x86,0x94,0x86,0x74,0x86,0x74,0x86,0x74,0x86,0x74,0x86,
0x74,0x86,0x17,0xc7,0x17,0xc7,0x16,0xbf,0x16,0xbf,0x74,0x8e,0x74,0x86,0x74,0x86,0x94,0x86,0x94,0x86,0x74,0x86,0x74,0x86,
0x74,0x86,0x94,0x86,0x94,0x86,0x74,0x86,0x94,0x86,0x94,0x86,0x94,0x86,0x94,0x86,0x74,0x86,0x74,0x86,0x74,0x86,0x94,0x86,
0x74,0x86,0x74,0x86,0x94,0x86,0x74,0x86,0x94,0x86,0x94,0x86,0x74,0x86,0x74,0x86,0x94,0x86,0x74,0x86,0x74,0x86,0x74,0x86,
0x74,0x86,0x74,0x86,0x94,0x86,0x94,0x86,0x74,0x86,0x74,0x86,0x74,0x86,0x74,0x86,0x74,0x86,0x94,0x86,0x74,0x86,0x74,0x86,
0x74,0x86,0x94,0x86,0x74,0x86,0x74,0x86,0x94,0x86,0x74,0x86,0x74,0x86,0x74,0x86,0x74,0x86,0x94,0x86,0x74,0x86,0x74,0x86,
0x74,0x86,0x74,0x86,0x74,0x86,0x74,0x86,0x74,0x86,0x74,0x86,0x74,0x86,0x94,0x86,0x94,0x86,0x94,0x86,0x74,0x86,0x74,0x86,
0x74,0x86,0x74,0x86,0x74,0x86,0x74,0x86,0x74,0x86,0x94,0x86,0x94,0x86,0x74,0x86,0x94,0x86,0x94,0x86,0x94,0x86,0x94,0x86,
0x94,0x86,0x94,0x86,0x94,0x86,0x94,0x86,0x94,0x86,0x94,0x86,0x74,0x86,0x94,0x86,0x94,0x86,0x74,0x86,0x94,0x86,0x94,0x86,
0x74,0x86,0x94,0x86,0x94,0x86,0x74,0x86,0x74,0x86,0x94,0x86,0x74,0x86,0x94,0x86,0x94,0x86,0x74,0x86,0x94,0x86,0x74,0x86,
0x94,0x86,0x94,0x86,0x74,0x86,0x74,0x86,0x94,0x86,0x74,0x86,0x74,0x86,0x17,0xc7,0x16,0xbf,0x16,0xbf,0x95,0x96,0x74,0x86,
0x74,0x86,0x94,0x86,0x74,0x86,0x94,0x86,0x74,0x86,0x94,0x86,0x74,0x86,0x2f,0x55,0x10,0xfe,0x10,0xfe,0x10,0xfe,0xec,0xec,
0x30,0xfe,0x10,0xfe,0x10,0xfe,0x10,0xfe,0x10,0xfe,0x10,0xfe,0x10,0xfe,0x10,0xfe,0x10,0xfe,0x10,0xfe,0x10,0xfe,0x10,0xfe,
0x10,0xfe,0x10,0xfe,0x10,0xfe,0x10,0xfe,0x10,0xfe,0xcb,0xec,0x10,0xfe,0x10,0xfe,0x2d,0xed,0x10,0xfe,0x10,0xfe,0x10,0xfe,
0x10,0xfe,0x10,0xfe,0x10,0xfe,0x10,0xfe,0x10,0xfe,0x10,0xfe,0x10,0xfe,0x10,0xfe,0x10,0xfe,0x10,0xfe,0x10,0xfe,0x10,0xfe,
0x10,0xfe,0x10,0xfe,0x10,0xfe,0xcb,0xec,0x0f,0xfe,0x10,0xfe,0x10,0xfe,0x31,0xfe,0x2f,0x5d,0x74,0x86,0x94,0x86,0x74,0x86,
0x74,0x86,0x74,0x86,0x74,0x86,0x74,0x86,0x74,0x86,0x74,0x86,0xf6,0xbe,0x16,0xbf,0x17,0xc7,0xf6,0xbe,0x74,0x86,0x74,0x86,
0x74,0x86,0x94,0x86,0x74,0x86,0x74,0x86,0x74,0x86,0x74,0x86,0x74,0x86,0x74,0x86,0x94,0x86,0x94,0x86,0x94,0x86,0x94,0x86,
0x74,0x86,0x74,0x86,0x94,0x86,0x74,0x86,0x94,0x86,0x94,0x86,0x94,0x86,0x94,0x86,0x74,0x86,0x74,0x86,0x74,0x86,0x74,0x86,
0x74,0x86,0x74,0x86,0x74,0x86,0x94,0x86,0x94,0x86,0x74,0x86,0x94,0x86,0x74,0x86,0x94,0x86,0x94,0x86,0x94,0x86,0x74,0x86,
0x94,0x86,0x74,0x86,0x74,0x86,0x74,0x86,0x74,0x86,0x74,0x86,0x74,0x86,0x74,0x86,0x74,0x86,0x74,0x86,0x74,0x86,0x74,0x86,
0x94,0x86,0x74,0x86,0x74,0x86,0x74,0x86,0x74,0x86,0x74,0x86,0x74,0x86,0x74,0x86,0x74,0x86,0x74,0x86,0x94,0x86,0x94,0x86,
0x94,0x86,0x74,0x86,0x74,0x86,0x74,0x86,0x74,0x86,0x94,0x86,0x74,0x86,0x74,0x86,0x74,0x86,0x74,0x86,0x94,0x86,0x94,0x86,
0x94,0x86,0x74,0x86,0x74,0x86,0x94,0x86,0x94,0x86,0x74,0x86,0x74,0x86,0x94,0x86,0x94,0x86,0x94,0x86,0x74,0x86,0x94,0x86,
0x74,0x86,0x74,0x86,0x94,0x86,0x94,0x86,0x94,0x86,0x74,0x86,0x94,0x86,0x94,0x86,0x94,0x86,0x94,0x86,0x94,0x86,0x94,0x86,
0x94,0x86,0x94,0x86,0x74,0x86,0x94,0x86,0x94,0x86,0x74,0x86,0x94,0x86,0x94,0x86,0x94,0x86,0x94,0x86,0x17,0xbf,0x17,0xc7,
0x17,0xbf,0x16,0xbf,0x74,0x86,0x74,0x86,0x94,0x86,0x94,0x86,0x94,0x86,0x74,0x86,0x74,0x86,0x74,0x86,0x94,0x86,0x0f,0x55,
0x10,0xfe,0x10,0xfe,0x10,0xfe,0x10,0xfe,0xab,0xec,0x10,0xfe,0x10,0xfe,0x10,0xfe,0x10,0xfe,0x10,0xfe,0x10,0xfe,0x10,0xfe,
0x10,0xfe,0x10,0xfe,0x10,0xfe,0x10,0xfe,0x10,0xfe,0x10,0xfe,0x10,0xfe,0x10,0xfe,0x10,0xfe,0x10,0xfe,0xcb,0xec,0xf0,0xfd,
0xab,0xe4,0x0f,0xfe,0x10,0xfe,0x10,0xfe,0x10,0xfe,0x10,0xfe,0x10,0xfe,0x10,0xfe,0x10,0xfe,0x10,0xfe,0x10,0xfe,0x10,0xfe,
0x10,0xfe,0x10,0xfe,0x10,0xfe,0x10,0xfe,0x10,0xfe,0x10,0xfe,0x8b,0xe4,0x30,0xfe,0x10,0xfe,0x10,0xfe,0x10,0xfe,0x50,0xfe,
0x4c,0xfd,0xef,0x54,0x74,0x86,0x74,0x86,0x74,0x86,0x74,0x86,0x94,0x86,0x74,0x86,0x74,0x86,0x74,0x86,0x74,0x86,0x16,0xbf,
0x16,0xbf,0x17,0xc7,0x16,0xc7,0x74,0x7e,0x94,0x8e,0x74,0x86,0x74,0x86,0x74,0x86,0x74,0x86,0x74,0x86,0x74,0x86,0x74,0x86,
0x74,0x86,0x94,0x8e,0x74,0x86,0x94,0x86,0x94,0x86,0x94,0x86,0x94,0x86,0x94,0x86,0x94,0x86,0x94,0x86,0x94,0x86,0x94,0x86,
0x94,0x86,0x74,0x86,0x94,0x86,0x94,0x86,0x94,0x86,0x94,0x86,0x94,0x86,0x94,0x86,0x94,0x86,0x94,0x86,0x94,0x86,0x94,0x86,
0x94,0x86,0x74,0x86,0x74,0x86,0x74,0x86,0x74,0x86,0x74,0x86,0x74,0x86,0x74,0x86,0x74,0x86,0x74,0x86,0x74,0x86,0x74,0x86,
0x74,0x86,0x74,0x86,0x74,0x86,0x94,0x86,0x74,0x86,0x94,0x86,0x74,0x86,0x74,0x86,0x94,0x86,0x74,0x86,0x94,0x86,0x74,0x86,
0x74,0x86,0x74,0x86,0x94,0x86,0x74,0x86,0x74,0x86,0x74,0x86,0x74,0x86,0x74,0x86,0x74,0x86,0x74,0x86,0x74,0x86,0x94,0x86,
0x74,0x86,0x74,0x86,0x94,0x86,0x74,0x86,0x94,0x86,0x94,0x86,0x94,0x86,0x94,0x86,0x94,0x86,0x94,0x86,0x74,0x86,0x94,0x86,
0x74,0x86,0x94,0x86,0x94,0x86,0x94,0x86,0x74,0x86,0x94,0x86,0x74,0x86,0x74,0x86,0x94,0x86,0x94,0x86,0x74,0x86,0x94,0x86,
0x74,0x86,0x74,0x86,0x74,0x86,0x94,0x86,0x94,0x86,0x94,0x86,0x94,0x86,0x74,0x86,0x94,0x86,0x74,0x86,0x74,0x86,0x94,0x86,
0x74,0x86,0xf6,0xbe,0xf6,0xbe,0x16,0xbf,0x37,0xc7,0x74,0x86,0x74,0x86,0x94,0x86,0x94,0x86,0x74,0x86,0x94,0x86,0x94,0x86,
0x74,0x86,0x74,0x86,0x30,0x55,0x0c,0xfd,0x30,0xfe,0x10,0xfe,0x10,0xfe,0x10,0xfe,0x50,0xfe,0xcb,0xec,0x10,0xfe,0x10,0xfe,
0x10,0xfe,0x10,0xfe,0x10,0xfe,0x10,0xfe,0x10,0xfe,0x10,0xfe,0x10,0xfe,0x10,0xfe,0x10,0xfe,0x10,0xfe,0x10,0xfe,0x10,0xfe,
0x10,0xfe,0x10,0xfe,0x10,0xfe,0xcb,0xec,0x0d,0xed,0x0f,0xfe,0x10,0xfe,0x10,0xfe,0x10,0xfe,0x10,0xfe,0x10,0xfe,0x10,0xfe,
0x10,0xfe,0x10,0xfe,0x10,0xfe,0x10,0xfe,0x10,0xfe,0x10,0xfe,0x10,0xfe,0x10,0xfe,0x10,0xfe,0x10,0xfe,0x8b,0xec,0x10,0xfe,
0x10,0xfe,0x10,0xfe,0x10,0xfe,0x30,0xfe,0x6e,0xf5,0xef,0x54,0x74,0x86,0x74,0x86,0x74,0x86,0x74,0x86,0x74,0x86,0x74,0x86,
0x74,0x86,0x74,0x86,0x74,0x86,0x95,0x96,0xf6,0xbe,0x17,0xc7,0xf6,0xbe,0x17,0xc7,0xb5,0x9e,0x74,0x86,0x74,0x86,0x74,0x86,
0x74,0x86,0x74,0x86,0x74,0x86,0x74,0x86,0x74,0x86,0x74,0x86,0x74,0x86,0x94,0x86,0x94,0x86,0x94,0x86,0x74,0x86,0x74,0x86,
0x94,0x86,0x94,0x86,0x94,0x86,0x74,0x86,0x94,0x86,0x94,0x86,0x74,0x86,0x94,0x86,0x94,0x86,0x74,0x86,0x94,0x86,0x74,0x86,
0x94,0x86,0x94,0x8e,0x94,0x86,0x94,0x86,0x94,0x86,0x94,0x86,0x74,0x86,0x94,0x86,0x74,0x86,0x74,0x86,0x74,0x86,0x74,0x86,
0x74,0x86,0x74,0x86,0x74,0x86,0x74,0x86,0x74,0x86,0x74,0x86,0x74,0x86,0x74,0x86,0x74,0x86,0x74,0x86,0x74,0x86,0x74,0x86,
0x94,0x86,0x74,0x86,0x74,0x86,0x74,0x86,0x74,0x86,0x74,0x86,0x74,0x86,0x74,0x86,0x94,0x86,0x94,0x86,0x74,0x86,0x74,0x86,
0x94,0x86,0x74,0x86,0x74,0x86,0x74,0x86,0x74,0x86,0x74,0x86,0x94,0x86,0x94,0x86,0x74,0x86,0x74,0x86,0x74,0x86,0x94,0x86,
0x74,0x86,0x94,0x86,0x94,0x86,0x94,0x86,0x94,0x86,0x94,0x86,0x94,0x86,0x74,0x86,0x94,0x86,0x74,0x86,0x74,0x86,0x94,0x86,
0x94,0x86,0x94,0x86,0x74,0x86,0x74,0x86,0x74,0x86,0x74,0x86,0x94,0x86,0x94,0x86,0x94,0x86,0x94,0x86,0x74,0x86,0x74,0x86,
0x74,0x86,0x74,0x86,0x74,0x86,0xd5,0xa6,0x17,0xc7,0x16,0xbf,0x17,0xbf,0xf6,0xb6,0xf6,0xb6,0x74,0x86,0x74,0x86,0x74,0x86,
0x94,0x86,0x94,0x86,0x94,0x86,0x74,0x86,0x94,0x86,0x74,0x86,0xef,0x54,0x2c,0xed,0x10,0xfe,0x10,0xfe,0x10,0xfe,0x10,0xfe,
0x10,0xfe,0x8a,0xe4,0xef,0xfd,0x0f,0xfe,0x0f,0xfe,0x10,0xfe,0x10,0xfe,0x10,0xfe,0x10,0xfe,0x10,0xfe,0x10,0xfe,0x10,0xfe,
0x10,0xfe,0x10,0xfe,0x10,0xfe,0x10,0xfe,0x10,0xfe,0x10,0xfe,0x10,0xfe,0xcb,0xec,0x0f,0xfe,0x10,0xfe,0x10,0xfe,0x10,0xfe,
0x10,0xfe,0x10,0xfe,0x10,0xfe,0x10,0xfe,0x10,0xfe,0x10,0xfe,0x10,0xfe,0x10,0xfe,0x10,0xfe,0x10,0xfe,0x10,0xfe,0x10,0xfe,
0x10,0xfe,0x10,0xfe,0x8a,0xe4,0x10,0xfe,0x10,0xfe,0x10,0xfe,0x10,0xfe,0x10,0xfe,0x30,0xfe,0x0f,0x4d,0x0f,0x5d,0x74,0x86,
0x94,0x86,0x74,0x86,0x74,0x86,0x94,0x86,0x94,0x86,0x74,0x86,0x74,0x86,0x74,0x86,0x74,0x86,0x95,0x9e,0xf6,0xbe,0x16,0xbf,
0x16,0xbf,0x17,0xbf,0x75,0x8e,0x74,0x86,0x74,0x86,0x74,0x86,0x74,0x86,0x74,0x86,0x94,0x86,0x94,0x8e,0x94,0x86,0x94,0x8e,
0x74,0x86,0x94,0x86,0x94,0x86,0x74,0x86,0x94,0x86,0x74,0x86,0x74,0x86,0x74,0x86,0x94,0x86,0x94,0x86,0x94,0x86,0x94,0x86,
0x94,0x86,0x94,0x86,0x74,0x86,0x74,0x86,0x94,0x86,0x94,0x86,0x94,0x86,0x94,0x8e,0x94,0x86,0x74,0x86,0x94,0x86,0x74,0x86,
0x74,0x86,0x74,0x86,0x74,0x86,0x74,0x86,0x94,0x86,0x74,0x86,0x74,0x86,0x74,0x86,0x74,0x86,0x94,0x86,0x74,0x86,0x94,0x86,
0x74,0x86,0x74,0x86,0x74,0x86,0x74,0x86,0x94,0x86,0x74,0x86,0x74,0x86,0x74,0x86,0x94,0x86,0x74,0x86,0x74,0x86,0x94,0x86,
0x74,0x86,0x74,0x86,0x74,0x86,0x74,0x86,0x94,0x86,0x94,0x86,0x94,0x86,0x94,0x86,0x94,0x86,0x74,0x86,0x74,0x86,0x94,0x86,
0x74,0x86,0x94,0x86,0x94,0x86,0x94,0x86,0x74,0x86,0x94,0x86,0x94,0x86,0x94,0x86,0x94,0x86,0x74,0x86,0x94,0x86,0x74,0x86,
0x74,0x86,0x74,0x86,0x94,0x86,0x94,0x86,0x74,0x86,0x94,0x86,0x74,0x86,0x94,0x86,0x74,0x86,0x74,0x86,0x74,0x86,0x74,0x86,
0x74,0x86,0x74,0x86,0x74,0x86,0x74,0x86,0x74,0x86,0x16,0xc7,0x17,0xc7,0x16,0xbf,0xf7,0xbe,0xf6,0xbe,0xf6,0xb6,0x74,0x86,
0x74,0x86,0x74,0x86,0x94,0x86,0x74,0x86,0x74,0x86,0x94,0x86,0x74,0x86,0x74,0x86,0x74,0x86,0x33,0x7e,0x0f,0x55,0x10,0xf6,
0x10,0xfe,0x10,0xfe,0x10,0xfe,0x10,0xfe,0x10,0xfe,0xab,0xe4,0xef,0xfd,0x10,0xfe,0x0f,0xfe,0x10,0xfe,0x10,0xfe,0x10,0xfe,
0x10,0xfe,0x10,0xfe,0x10,0xfe,0x10,0xfe,0x10,0xfe,0x10,0xfe,0x10,0xfe,0x10,0xfe,0x10,0xfe,0x10,0xfe,0x10,0xfe,0xcc,0xec,
0x10,0xfe,0x0f,0xfe,0x10,0xfe,0x0f,0xfe,0x10,0xfe,0x10,0xfe,0x10,0xfe,0x10,0xfe,0x10,0xfe,0x10,0xfe,0x10,0xfe,0x10,0xfe,
0x10,0xfe,0x10,0xfe,0x10,0xfe,0x10,0xfe,0x10,0xfe,0x8b,0xec,0x10,0xfe,0x10,0xfe,0x10,0xfe,0x10,0xfe,0x10,0xfe,0x10,0xfe,
0x10,0xfe,0x0c,0xf5,0xef,0x5c,0x74,0x8e,0x74,0x86,0x74,0x86,0x74,0x86,0x94,0x86,0x94,0x86,0x74,0x86,0x74,0x86,0x74,0x86,
0x74,0x86,0x74,0x86,0x74,0x86,0xf7,0xbe,0xf6,0xbe,0x17,0xc7,0xf7,0xc6,0xf6,0xbe,0xf6,0xbe,0xd5,0xae,0xd6,0xae,0x74,0x86,
0x74,0x8e,0x74,0x8e,0x94,0x86,0x94,0x86,0x94,0x86,0x94,0x86,0x94,0x86,0x74,0x86,0x94,0x86,0x94,0x86,0x74,0x86,0x74,0x86,
0x94,0x86,0x94,0x86,0x94,0x86,0x94,0x86,0x74,0x86,0x94,0x86,0x74,0x86,0x94,0x86,0x94,0x86,0x94,0x86,0x74,0x86,0x94,0x86,
0x94,0x86,0x94,0x86,0x94,0x86,0x94,0x86,0x74,0x86,0x74,0x86,0x74,0x86,0x94,0x86,0x94,0x86,0x94,0x86,0x74,0x86,0x74,0x86,
0x74,0x86,0x74,0x86,0x74,0x86,0x74,0x86,0x74,0x86,0x74,0x86,0x74,0x86,0x74,0x86,0x74,0x86,0x74,0x86,0x94,0x86,0x74,0x86,
0x74,0x86,0x74,0x86,0x74,0x86,0x74,0x86,0x74,0x86,0x94,0x86,0x94,0x86,0x74,0x86,0x74,0x86,0x74,0x86,0x94,0x86,0x74,0x86,
0x94,0x86,0x94,0x86,0x94,0x86,0x94,0x86,0x94,0x86,0x94,0x86,0x74,0x86,0x94,0x86,0x74,0x86,0x74,0x86,0x74,0x86,0x74,0x86,
0x94,0x86,0x74,0x86,0x94,0x86,0x94,0x86,0x74,0x86,0x94,0x86,0x74,0x86,0x74,0x86,0x74,0x86,0x94,0x86,0x94,0x86,0x74,0x86,
0x94,0x86,0x74,0x86,0x94,0x8e,0x74,0x86,0x74,0x86,0xb4,0x96,0x95,0x9e,0xf6,0xbe,0x17,0xbf,0x17,0xbf,0x17,0xbf,0x16,0xbf,
0xf6,0xbe,0x94,0x8e,0x94,0x86,0x94,0x86,0x94,0x86,0x94,0x86,0x94,0x86,0x94,0x86,0x74,0x86,0x94,0x86,0x74,0x86,0x74,0x86,
0x74,0x86,0xcf,0x54,0x4c,0xf5,0x10,0xfe,0x10,0xfe,0x10,0xfe,0x10,0xfe,0x0f,0xfe,0x10,0xfe,0x10,0xfe,0x8a,0xe4,0x0f,0xfe,
0x10,0xfe,0x10,0xfe,0x10,0xfe,0x10,0xfe,0x10,0xfe,0x10,0xfe,0x10,0xfe,0x10,0xfe,0x10,0xfe,0x10,0xfe,0x10,0xfe,0x10,0xfe,
0x10,0xfe,0x10,0xfe,0x10,0xfe,0x10,0xfe,0x10,0xfe,0x0f,0xfe,0x10,0xfe,0x10,0xfe,0x10,0xfe,0x10,0xfe,0x10,0xfe,0x10,0xfe,
0x10,0xfe,0x10,0xfe,0x10,0xfe,0x10,0xfe,0x10,0xfe,0x10,0xfe,0x10,0xfe,0x10,0xfe,0x10,0xfe,0xab,0xec,0x10,0xfe,0x10,0xfe,
0x10,0xfe,0x10,0xfe,0x10,0xfe,0x10,0xfe,0x10,0xfe,0x10,0xfe,0x0b,0xf5,0x2f,0x5d,0x74,0x86,0x74,0x86,0x74,0x86,0x94,0x86,
0x74,0x86,0x74,0x86,0x74,0x86,0x74,0x86,0x74,0x86,0x74,0x86,0x74,0x86,0x74,0x86,0x74,0x86,0x74,0x86,0xf6,0xbe,0xf6,0xbe,
0xf6,0xbe,0x17,0xbf,0x17,0xc7,0x17,0xc7,0x17,0xc7,0x74,0x86,0x74,0x86,0x94,0x86,0x94,0x86,0x74,0x86,0x74,0x86,0x74,0x86,
0x94,0x86,0x74,0x86,0x94,0x86,0x94,0x86,0x74,0x86,0x94,0x86,0x94,0x8e,0x94,0x86,0x94,0x86,0x74,0x86,0x74,0x86,0x74,0x86,
0x94,0x86,0x94,0x86,0x94,0x86,0x94,0x86,0x94,0x86,0x94,0x86,0x94,0x86,0x94,0x86,0x74,0x86,0x74,0x86,0x94,0x86,0x94,0x86,
0x94,0x86,0x74,0x86,0x74,0x86,0x74,0x86,0x74,0x86,0x74,0x86,0x74,0x86,0x74,0x86,0x74,0x86,0x74,0x86,0x74,0x86,0x74,0x86,
0x94,0x86,0x74,0x86,0x74,0x86,0x74,0x86,0x74,0x86,0x74,0x86,0x74,0x86,0x74,0x86,0x74,0x86,0x74,0x86,0x74,0x86,0x74,0x86,
0x74,0x86,0x94,0x86,0x74,0x86,0x74,0x86,0x94,0x86,0x74,0x86,0x94,0x86,0x94,0x86,0x74,0x86,0x94,0x86,0x94,0x86,0x94,0x86,
0x94,0x86,0x94,0x86,0x94,0x86,0x94,0x86,0x94,0x86,0x94,0x86,0x74,0x86,0x94,0x86,0x94,0x86,0x94,0x86,0x94,0x86,0x74,0x86,
0x74,0x86,0x94,0x86,0x74,0x86,0x94,0x86,0x74,0x86,0x74,0x86,0x75,0x8e,0x17,0xbf,0x17,0xbf,0x17,0xc7,0xf6,0xbe,0xf6,0xbe,
0xf6,0xbe,0xf6,0xbe,0x74,0x86,0x74,0x86,0x74,0x86,0x94,0x86,0x94,0x86,0x94,0x86,0x94,0x86,0x94,0x86,0x94,0x86,0x94,0x86,
0x74,0x86,0x74,0x86,0x74,0x86,0xf2,0x7d,0x0f,0x55,0xeb,0xec,0x10,0xfe,0x0f,0xfe,0x10,0xfe,0x10,0xfe,0x10,0xfe,0x10,0xfe,
0x0f,0xfe,0xef,0xfd,0x6a,0xe4,0x10,0xfe,0x10,0xfe,0x10,0xfe,0x10,0xfe,0x10,0xfe,0x10,0xfe,0x10,0xfe,0x10,0xfe,0x10,0xfe,
0x10,0xfe,0x10,0xfe,0x10,0xfe,0x10,0xfe,0x10,0xfe,0x10,0xfe,0x10,0xfe,0x10,0xfe,0x8e,0xfd,0x8e,0xfd,0xae,0xfd,0xae,0xfd,
0xae,0xfd,0xae,0xfd,0xae,0xfd,0x8e,0xfd,0x8e,0xfd,0x8e,0xfd,0x8e,0xfd,0x8e,0xfd,0x8e,0xfd,0x8d,0xfd,0x8e,0xfd,0x8e,0xfd,
0x8a,0xe4,0x10,0xfe,0x10,0xfe,0x10,0xfe,0x10,0xfe,0x10,0xfe,0x10,0xfe,0x10,0xfe,0x10,0xfe,0x10,0xfe,0x30,0xfe,0x2c,0xfd,
0x0f,0x5d,0x50,0x5d,0x74,0x86,0x94,0x86,0x74,0x86,0x94,0x86,0x74,0x86,0x94,0x86,0x74,0x86,0x74,0x86,0x74,0x86,0x74,0x86,
0x74,0x86,0x74,0x86,0x74,0x86,0x74,0x86,0x74,0x8e,0x17,0xbf,0x17,0xc7,0x17,0xc7,0x17,0xbf,0x16,0xbf,0x16,0xbf,0x17,0xbf,
0xf6,0xb6,0xf6,0xb6,0xf6,0xb6,0xf6,0xb6,0x74,0x86,0x74,0x86,0x74,0x86,0x94,0x86,0x94,0x86,0x94,0x8e,0x94,0x86,0x74,0x86,
0x74,0x86,0x74,0x86,0x74,0x86,0x74,0x86,0x94,0x86,0x74,0x86,0x74,0x86,0x94,0x86,0x94,0x86,0x74,0x86,0x74,0x86,0x74,0x86,
0x74,0x86,0x74,0x86,0x74,0x86,0x94,0x86,0x94,0x86,0x94,0x86,0x94,0x86,0x74,0x86,0x74,0x86,0x74,0x86,0x74,0x86,0x74,0x86,
0x74,0x86,0x74,0x86,0x74,0x86,0x74,0x86,0x74,0x86,0x74,0x86,0x94,0x86,0x74,0x86,0x94,0x86,0x94,0x86,0x74,0x86,0x94,0x86,
0x94,0x86,0x74,0x86,0x74,0x86,0x74,0x86,0x74,0x86,0x74,0x86,0x94,0x86,0x74,0x86,0x74,0x86,0x74,0x86,0x94,0x86,0x74,0x86,
0x94,0x86,0x74,0x86,0x74,0x86,0x74,0x86,0x74,0x86,0x74,0x86,0x74,0x86,0x74,0x86,0x74,0x86,0x94,0x86,0x74,0x86,0x74,0x86,
0x74,0x86,0x94,0x86,0x94,0x86,0x74,0x86,0x94,0x86,0x37,0xc7,0x17,0xbf,0x17,0xbf,0x16,0xbf,0x16,0xbf,0x16,0xbf,0x16,0xbf,
0x17,0xbf,0x16,0xbf,0x16,0xbf,0x74,0x8e,0x74,0x86,0x74,0x86,0x74,0x86,0x74,0x86,0x74,0x86,0x74,0x86,0x94,0x86,0x74,0x86,
0x94,0x86,0x74,0x86,0x94,0x86,0x74,0x86,0x74,0x86,0x94,0x86,0x2f,0x55,0xce,0x4c,0x2c,0xed,0x10,0xfe,0x10,0xfe,0x10,0xfe,
0x10,0xfe,0x10,0xfe,0x10,0xfe,0x0f,0xfe,0x0f,0xfe,0x0f,0xfe,0xf0,0xfd,0xab,0xec,0x10,0xfe,0x10,0xfe,0x10,0xfe,0x10,0xfe,
0x10,0xfe,0x10,0xfe,0x10,0xfe,0x10,0xfe,0x10,0xfe,0x10,0xfe,0x10,0xfe,0x10,0xfe,0x10,0xfe,0x10,0xfe,0x10,0xfe,0x10,0xfe,
0x10,0xfe,0x10,0xfe,0x10,0xfe,0x10,0xfe,0x10,0xfe,0x10,0xfe,0x10,0xfe,0x10,0xfe,0x10,0xfe,0x10,0xfe,0x0f,0xfe,0x10,0xfe,
0x10,0xfe,0x10,0xfe,0x10,0xfe,0xcf,0xfd,0xef,0xfd,0x10,0xfe,0x10,0xfe,0x10,0xfe,0x10,0xfe,0x10,0xfe,0x10,0xfe,0x10,0xfe,
0x10,0xfe,0x10,0xfe,0x10,0xfe,0x10,0xfe,0xea,0xf4,0x0d,0xb5,0x0f,0x4d,0xd2,0x6d,0x94,0x8e,0x74,0x86,0x74,0x86,0x94,0x86,
0x74,0x86,0x94,0x86,0x74,0x86,0x74,0x86,0x94,0x86,0x94,0x86,0x74,0x86,0x74,0x86,0x74,0x86,0x74,0x86,0x74,0x86,0x74,0x86,
0xf6,0xbe,0xf6,0xbe,0x17,0xbf,0x17,0xc7,0x17,0xbf,0x17,0xbf,0x17,0xbf,0xf6,0xbe,0x16,0xbf,0x16,0xbf,0x16,0xbf,0x17,0xbf,
0x94,0x86,0x94,0x8e,0x94,0x8e,0x94,0x86,0x94,0x86,0x74,0x86,0x74,0x86,0x74,0x86,0x74,0x86,0x74,0x86,0x74,0x86,0x94,0x86,
0x74,0x86,0x74,0x86,0x74,0x86,0x74,0x86,0x74,0x86,0x94,0x86,0x94,0x86,0x74,0x86,0x94,0x86,0x94,0x86,0x94,0x86,0x74,0x86,
0x94,0x86,0x94,0x86,0x74,0x86,0x74,0x86,0x94,0x86,0x74,0x86,0x74,0x86,0x94,0x86,0x94,0x86,0x74,0x86,0x94,0x86,0x94,0x86,
0x94,0x86,0x74,0x86,0x94,0x86,0x74,0x86,0x94,0x86,0x94,0x86,0x74,0x86,0x74,0x86,0x74,0x86,0x74,0x86,0x74,0x86,0x74,0x86,
0x74,0x86,0x74,0x86,0x74,0x86,0x74,0x86,0x94,0x86,0x74,0x86,0x74,0x86,0x74,0x86,0x74,0x86,0x94,0x86,0x94,0x86,0x94,0x86,
0x94,0x86,0x94,0x86,0x94,0x86,0x74,0x86,0x17,0xbf,0x16,0xbf,0x16,0xbf,0x16,0xbf,0x17,0xbf,0x17,0xbf,0x17,0xbf,0x17,0xbf,
0x17,0xbf,0xf7,0xbe,0x16,0xbf,0xb5,0xa6,0x74,0x86,0x94,0x86,0x94,0x86,0x94,0x86,0x74,0x86,0x74,0x86,0x94,0x86,0x74,0x86,
0x74,0x86,0x74,0x86,0x94,0x86,0x94,0x86,0x94,0x86,0x94,0x86,0x74,0x86,0x74,0x86,0x2f,0x55,0x2f,0x55,0x0c,0xf5,0xaa,0xec,
0xae,0xfd,0xae,0xfd,0xae,0xfd,0xce,0xfd,0xce,0xfd,0xae,0xfd,0xae,0xfd,0xae,0xfd,0xce,0xfd,0xce,0xfd,0xae,0xfd,0x2d,0xf5,
0xeb,0xec,0x10,0xfe,0x10,0xfe,0x10,0xfe,0x10,0xfe,0x10,0xfe,0x10,0xfe,0x10,0xfe,0x10,0xfe,0x10,0xfe,0x10,0xfe,0x10,0xfe,
0x10,0xfe,0x10,0xfe,0x10,0xfe,0x10,0xfe,0x10,0xfe,0x10,0xfe,0x10,0xfe,0x10,0xfe,0x10,0xfe,0x10,0xfe,0x10,0xfe,0x10,0xfe,
0x10,0xfe,0x10,0xfe,0x10,0xfe,0x10,0xfe,0x10,0xfe,0x10,0xfe,0x10,0xfe,0x8a,0xe4,0xae,0xfd,0xef,0xfd,0xef,0xfd,0xef,0xfd,
0xef,0xfd,0xef,0xfd,0xef,0xfd,0xef,0xfd,0xef,0xfd,0xef,0xfd,0xef,0xfd,0xef,0xfd,0xcf,0xfd,0x4d,0xdd,0xed,0xa4,0xef,0x4c,
0x70,0x5d,0x34,0x7e,0x74,0x86,0x74,0x86,0x74,0x86,0x94,0x86,0x94,0x86,0x94,0x86,0x74,0x86,0x74,0x86,0x74,0x86,0x74,0x86,
0x74,0x86,0x74,0x86,0x74,0x86,0x74,0x86,0x74,0x86,0x94,0x8e,0x74,0x86,0x17,0xc7,0x36,0xc7,0x16,0xc7,0x17,0xc7,0x17,0xbf,
0x16,0xbf,0x17,0xbf,0x17,0xc7,0x17,0xbf,0x17,0xbf,0x17,0xbf,0x17,0xbf,0x17,0xbf,0x16,0xbf,0x17,0xbf,0x17,0xc7,0x94,0x86,
0x74,0x86,0x74,0x86,0x94,0x86,0x94,0x86,0x74,0x86,0x74,0x86,0x74,0x86,0x74,0x86,0x74,0x86,0x94,0x86,0x94,0x86,0x74,0x86,
0x94,0x86,0x94,0x86,0x94,0x86,0x94,0x86,0x94,0x86,0x94,0x86,0x74,0x86,0x74,0x86,0x74,0x86,0x74,0x86,0x74,0x86,0x74,0x86,
0x74,0x86,0x74,0x86,0x94,0x86,0x74,0x86,0x94,0x86,0x94,0x86,0x94,0x86,0x94,0x86,0x94,0x86,0x74,0x86,0x74,0x86,0x74,0x86,
0x94,0x86,0x74,0x86,0x74,0x86,0x74,0x86,0x74,0x86,0x74,0x86,0x74,0x86,0x74,0x86,0x74,0x86,0x74,0x86,0x74,0x86,0x74,0x86,
0x94,0x86,0x17,0xbf,0x17,0xbf,0x17,0xbf,0x17,0xbf,0x17,0xbf,0x17,0xbf,0x16,0xbf,0x16,0xbf,0x17,0xbf,0x17,0xbf,0x16,0xbf,
0x17,0xbf,0xf6,0xb6,0xf6,0xb6,0xf6,0xbe,0xf6,0xb6,0x94,0x86,0x74,0x86,0x74,0x86,0x74,0x86,0x94,0x86,0x94,0x86,0x74,0x86,
0x94,0x86,0x94,0x86,0x94,0x86,0x74,0x86,0x94,0x86,0x94,0x86,0x94,0x86,0x94,0x86,0x74,0x86,0x74,0x86,0x74,0x86,0x2f,0x55,
0x4d,0x7d,0x4e,0x8d,0x0f,0xfe,0x30,0xfe,0x10,0xfe,0x10,0xfe,0x10,0xfe,0x10,0xfe,0x10,0xfe,0x10,0xfe,0x10,0xfe,0x10,0xfe,
0x10,0xfe,0x10,0xfe,0x10,0xfe,0x10,0xfe,0x8a,0xe4,0xef,0xfd,0xcf,0xfd,0xcf,0xfd,0xcf,0xfd,0xef,0xfd,0xef,0xfd,0xef,0xfd,
0xef,0xfd,0xef,0xfd,0xef,0xfd,0xef,0xfd,0xef,0xfd,0xef,0xfd,0xef,0xfd,0xef,0xfd,0x10,0xfe,0x10,0xfe,0x10,0xfe,0x10,0xfe,
0x10,0xfe,0x10,0xfe,0x10,0xfe,0x10,0xfe,0x10,0xfe,0x10,0xfe,0x10,0xfe,0x10,0xfe,0x10,0xfe,0x10,0xfe,0x6d,0xf5,0xf0,0xfd,
0x10,0xfe,0x10,0xfe,0x10,0xfe,0x0f,0xfe,0x0f,0xfe,0x0f,0xfe,0x0f,0xfe,0x10,0xfe,0x10,0xfe,0x0f,0xfe,0x10,0xfe,0x10,0xfe,
0x10,0xfe,0x0f,0xfe,0x10,0xfe,0xaa,0xec,0x0e,0x65,0x70,0x65,0x50,0x5d,0x90,0x65,0x94,0x86,0x74,0x86,0x74,0x8e,0x74,0x86,
0x94,0x86,0x74,0x86,0x74,0x86,0x74,0x86,0x74,0x86,0x74,0x86,0x74,0x86,0x74,0x86,0x74,0x86,0x74,0x86,0x74,0x86,0x74,0x86,
0x74,0x86,0x74,0x86,0x74,0x86,0x74,0x86,0x74,0x86,0x74,0x86,0x74,0x86,0x74,0x86,0x17,0xbf,0x17,0xc7,0x16,0xbf,0x16,0xbf,
0x16,0xbf,0x17,0xc7,0x17,0xbf,0x16,0xbf,0x17,0xc7,0x17,0xbf,0x17,0xc7,0x17,0xc7,0x17,0xc7,0x17,0xbf,0x16,0xbf,0x16,0xbf,
0x17,0xbf,0x16,0xbf,0x16,0xbf,0x17,0xbf,0x17,0xbf,0x17,0xbf,0x17,0xbf,0x17,0xbf,0x17,0xbf,0x17,0xbf,0x17,0xbf,0x17,0xbf,
0x17,0xbf,0x16,0xbf,0x17,0xbf,0x37,0xbf,0x17,0xbf,0x16,0xbf,0x16,0xbf,0x17,0xbf,0x17,0xbf,0x37,0xbf,0x37,0xbf,0x37,0xbf,
0x37,0xbf,0x17,0xbf,0x17,0xbf,0x17,0xbf,0x17,0xbf,0x17,0xbf,0x17,0xbf,0x17,0xbf,0x17,0xbf,0x17,0xbf,0x17,0xc7,0x17,0xc7,
0x17,0xc7,0x17,0xc7,0x17,0xbf,0x17,0xc7,0x17,0xbf,0xf6,0xbe,0x17,0xbf,0x17,0xc7,0x16,0xc7,0x16,0xbf,0x16,0xbf,0x16,0xbf,
0x33,0x7e,0x54,0x86,0x74,0x86,0x74,0x86,0x74,0x7e,0x74,0x86,0x74,0x86,0x74,0x86,0x94,0x86,0x74,0x86,0x94,0x86,0x94,0x86,
0x94,0x86,0x94,0x86,0x94,0x86,0x74,0x86,0x94,0x86,0x74,0x86,0x94,0x86,0x74,0x86,0x74,0x86,0x94,0x86,0x94,0x86,0x33,0x7e,
0x70,0x65,0x91,0x65,0x4f,0x5d,0xce,0x44,0x4c,0xf5,0x10,0xfe,0x10,0xfe,0x0f,0xfe,0x10,0xfe,0x10,0xfe,0x10,0xfe,0x10,0xfe,
0x10,0xfe,0x10,0xfe,0x10,0xfe,0x10,0xfe,0x10,0xfe,0x10,0xfe,0x10,0xfe,0x10,0xfe,0xef,0xfd,0xeb,0xec,0x10,0xfe,0x10,0xfe,
0x0f,0xfe,0x10,0xfe,0x0f,0xfe,0x0f,0xfe,0x10,0xfe,0x10,0xfe,0x10,0xfe,0x10,0xfe,0x10,0xfe,0x0f,0xfe,0x0f,0xfe,0x0f,0xfe,
0x0f,0xfe,0x10,0xfe,0x10,0xfe,0x10,0xfe,0x10,0xfe,0x10,0xfe,0x10,0xfe,0x10,0xfe,0x10,0xfe,0x10,0xfe,0x10,0xfe,0x10,0xfe,
0x10,0xfe,0x10,0xfe,0x2c,0xed,0x10,0xfe,0x10,0xfe,0x10,0xfe,0x10,0xfe,0x10,0xfe,0x10,0xfe,0x10,0xfe,0x10,0xfe,0x10,0xfe,
0x10,0xfe,0x10,0xfe,0x10,0xfe,0x10,0xfe,0x10,0xfe,0x10,0xfe,0x30,0xfe,0x30,0xfe,0x2c,0xf5,0x0f,0x4d,0x0f,0x55,0x50,0x5d,
0xd1,0x65,0x95,0x8e,0x95,0x8e,0x94,0x86,0x94,0x86,0x94,0x8e,0x74,0x86,0x74,0x86,0x74,0x86,0x94,0x86,0x74,0x86,0x74,0x86,
0x94,0x86,0x94,0x86,0x74,0x86,0x94,0x86,0x74,0x86,0x74,0x86,0x74,0x86,0x74,0x86,0x94,0x86,0x94,0x86,0x74,0x86,0x94,0x86,
0x74,0x86,0x74,0x86,0x74,0x86,0x74,0x86,0x74,0x86,0x74,0x86,0x74,0x86,0x17,0xc7,0x16,0xc7,0x16,0xc7,0x17,0xc7,0x17,0xc7,
0x16,0xc7,0x16,0xbf,0x16,0xbf,0x16,0xbf,0x17,0xc7,0x16,0xc7,0x16,0xc7,0x17,0xc7,0x17,0xc7,0x17,0xc7,0x17,0xc7,0x17,0xc7,
0x17,0xc7,0x17,0xc7,0x17,0xc7,0x17,0xc7,0x17,0xc7,0x17,0xc7,0x17,0xc7,0x17,0xc7,0x17,0xc7,0x17,0xc7,0x17,0xc7,0x17,0xbf,
0x17,0xc7,0x17,0xc7,0x17,0xc7,0x37,0xc7,0x17,0xc7,0x17,0xc7,0x17,0xc7,0x17,0xc7,0x17,0xc7,0x17,0xc7,0x17,0xc7,0x17,0xc7,
0x17,0xc7,0x16,0xbf,0x17,0xc7,0x17,0xc7,0x17,0xc7,0x17,0xc7,0x17,0xc7,0x17,0xbf,0x17,0xbf,0x75,0x86,0x74,0x86,0x74,0x86,
0x74,0x86,0x74,0x86,0x74,0x86,0x74,0x86,0x74,0x86,0x74,0x86,0x74,0x86,0x74,0x86,0x74,0x86,0x74,0x86,0x74,0x86,0x94,0x86,
0x74,0x86,0x74,0x86,0x94,0x86,0x94,0x86,0x94,0x86,0x74,0x86,0x94,0x86,0x74,0x86,0x74,0x86,0x74,0x86,0x94,0x86,0x94,0x86,
0x74,0x86,0xb5,0x8e,0xb5,0x8e,0x50,0x5d,0x50,0x5d,0x0f,0x55,0x0f,0x55,0x0c,0xf5,0x30,0xfe,0x10,0xfe,0x10,0xfe,0x10,0xfe,
0x10,0xfe,0x10,0xfe,0x10,0xfe,0x10,0xfe,0x10,0xfe,0x10,0xfe,0x10,0xfe,0x10,0xfe,0x10,0xfe,0x10,0xfe,0x10,0xfe,0x10,0xfe,
0x0f,0xfe,0xab,0xec,0x10,0xfe,0x10,0xfe,0x10,0xfe,0x10,0xfe,0x10,0xfe,0x10,0xfe,0x10,0xfe,0x10,0xfe,0x10,0xfe,0x10,0xfe,
0x10,0xfe,0x10,0xfe,0x10,0xfe,0x0f,0xfe,0x10,0xfe,0x10,0xfe,0x10,0xfe,0x10,0xfe,0x10,0xfe,0x10,0xfe,0x10,0xfe,0x10,0xfe,
0x10,0xfe,0x10,0xfe,0x10,0xfe,0x10,0xfe,0x10,0xfe,0x0f,0xfe,0x6a,0xe4,0x10,0xfe,0x10,0xfe,0x10,0xfe,0x10,0xfe,0x10,0xfe,
0x10,0xfe,0x10,0xfe,0x10,0xfe,0x10,0xfe,0x10,0xfe,0x10,0xfe,0x10,0xfe,0x10,0xfe,0x10,0xfe,0x10,0xfe,0x10,0xfe,0x30,0xfe,
0x10,0xfe,0x10,0xfe,0x8b,0xe4,0xeb,0xf4,0xef,0x54,0x2f,0x55,0x30,0x5d,0x33,0x7e,0x33,0x7e,0x94,0x8e,0x94,0x86,0x74,0x86,
0x74,0x86,0x74,0x86,0x74,0x86,0x74,0x86,0x94,0x86,0x74,0x86,0x94,0x86,0x94,0x86,0x74,0x86,0x94,0x86,0x74,0x86,0x94,0x86,
0x74,0x86,0x74,0x86,0x94,0x86,0x74,0x86,0x74,0x86,0x74,0x86,0x94,0x86,0x74,0x86,0x74,0x86,0x74,0x86,0x94,0x86,0x94,0x86,
0x94,0x86,0x94,0x86,0x94,0x86,0x74,0x86,0x94,0x86,0x74,0x86,0x74,0x86,0x74,0x86,0xf6,0xc6,0x16,0xbf,0x17,0xbf,0x17,0xc7,
0x17,0xc7,0x17,0xc7,0x17,0xc7,0x17,0xc7,0x17,0xc7,0x17,0xc7,0x17,0xc7,0x17,0xc7,0x17,0xc7,0x17,0xc7,0x17,0xc7,0x17,0xc7,
0x17,0xc7,0x17,0xbf,0x16,0xbf,0x17,0xbf,0x17,0xc7,0x17,0xc7,0x17,0xbf,0x17,0xc7,0x17,0xc7,0x17,0xbf,0x17,0xbf,0x17,0xbf,
0x17,0xbf,0x17,0xbf,0x17,0xbf,0x17,0xbf,0x95,0x86,0x94,0x8e,0x94,0x8e,0x74,0x86,0x94,0x86,0x94,0x86,0x94,0x86,0x94,0x86,
0x94,0x86,0x74,0x86,0x74,0x86,0x74,0x86,0x74,0x86,0x74,0x86,0x74,0x86,0x74,0x86,0x74,0x86,0x74,0x86,0x74,0x86,0x94,0x86,
0x74,0x86,0x74,0x86,0x94,0x86,0x94,0x86,0x94,0x86,0x94,0x86,0x74,0x86,0x74,0x86,0x94,0x86,0x94,0x86,0x74,0x86,0x74,0x86,
0x74,0x86,0x74,0x86,0x74,0x86,0x33,0x76,0x33,0x7e,0x50,0x5d,0x2f,0x55,0xec,0xe4,0x2c,0xed,0x6a,0xdc,0x10,0xfe,0x10,0xfe,
0x10,0xfe,0x10,0xfe,0x10,0xfe,0x10,0xfe,0x10,0xfe,0x10,0xfe,0x10,0xfe,0x10,0xfe,0x10,0xfe,0x10,0xfe,0x10,0xfe,0x10,0xfe,
0x10,0xfe,0x10,0xfe,0x10,0xfe,0x10,0xfe,0x10,0xfe,0x6a,0xe4,0x0f,0xfe,0x10,0xfe,0x10,0xfe,0x10,0xfe,0x10,0xfe,0x10,0xfe,
0x10,0xfe,0x10,0xfe,0x10,0xfe,0x10,0xfe,0x10,0xfe,0x10,0xfe,0x10,0xfe,0x10,0xfe,0x10,0xfe,0x10,0xfe,0x10,0xfe,0x10,0xfe,
0x10,0xfe,0x10,0xfe,0x10,0xfe,0x10,0xfe,0x10,0xfe,0x10,0xfe,0x10,0xfe,0x10,0xfe,0x10,0xfe,0x8b,0xec,0x10,0xfe,0x10,0xfe,
0x10,0xfe,0x10,0xfe,0x10,0xfe,0x10,0xfe,0x10,0xfe,0x10,0xfe,0x10,0xfe,0x10,0xfe,0x10,0xfe,0x10,0xfe,0x10,0xfe,0x10,0xfe,
0x10,0xfe,0x10,0xfe,0x10,0xfe,0x10,0xfe,0x10,0xfe,0x10,0xfe,0xab,0xec,0x10,0xfe,0x10,0xf6,0x4d,0xf5,0xca,0xec,0x0f,0x55,
0x2f,0x5d,0xce,0x4c,0xee,0x54,0x2f,0x5d,0x2f,0x5d,0x74,0x86,0x74,0x86,0x94,0x86,0x94,0x86,0x94,0x86,0x94,0x86,0x94,0x86,
0x94,0x86,0x94,0x86,0x74,0x86,0x74,0x86,0x94,0x86,0x74,0x86,0x74,0x86,0x94,0x86,0x94,0x86,0x94,0x86,0x94,0x86,0x94,0x86,
0x74,0x86,0x74,0x86,0x94,0x86,0x74,0x86,0x74,0x86,0x94,0x8e,0x74,0x86,0x74,0x86,0x74,0x86,0x74,0x86,0x74,0x86,0x74,0x86,
0x74,0x86,0x74,0x86,0x74,0x86,0x94,0x8e,0x94,0x8e,0x94,0x86,0x94,0x86,0x94,0x86,0x94,0x86,0x74,0x86,0x74,0x86,0x74,0x86,
0x74,0x86,0x74,0x86,0x74,0x86,0x74,0x86,0x74,0x86,0x74,0x86,0x74,0x86,0x74,0x86,0x74,0x86,0x74,0x86,0x94,0x86,0x94,0x86,
0x74,0x86,0x94,0x86,0x94,0x86,0x74,0x86,0x74,0x86,0x74,0x86,0x94,0x86,0x74,0x86,0x74,0x86,0x94,0x8e,0x94,0x8e,0x94,0x86,
0x94,0x86,0x94,0x86,0x74,0x86,0x74,0x86,0x94,0x86,0x74,0x86,0x74,0x86,0x74,0x86,0x74,0x86,0x94,0x86,0x74,0x86,0x94,0x86,
0x94,0x86,0x74,0x86,0x94,0x86,0x74,0x86,0x74,0x86,0x74,0x86,0x94,0x86,0x74,0x86,0x94,0x86,0x74,0x86,0x74,0x86,0x74,0x86,
0x94,0x86,0x94,0x86,0x94,0x86,0x50,0x5d,0x2f,0x5d,0x2f,0x5d,0xef,0x4c,0x0f,0x55,0x0f,0x55,0x0c,0xf5,0x2d,0xf5,0xef,0xfd,
0xef,0xfd,0x6a,0xe4,0x10,0xfe,0x10,0xfe,0x10,0xfe,0x10,0xfe,0x10,0xfe,0x10,0xfe,0x10,0xfe,0x10,0xfe,0x10,0xfe,0x10,0xfe,
0x10,0xfe,0x10,0xfe,0x10,0xfe,0x10,0xfe,0x10,0xfe,0x10,0xfe,0x10,0xfe,0x10,0xfe,0x10,0xfe,0x10,0xfe,0x8b,0xec,0x10,0xfe,
0x10,0xfe,0x10,0xfe,0x10,0xfe,0x10,0xfe,0x10,0xfe,0x10,0xfe,0x10,0xfe,0x10,0xfe,0x10,0xfe,0x10,0xfe,0x10,0xfe,0x10,0xfe,
0x10,0xfe,0x10,0xfe,0x10,0xfe,0x10,0xfe,0x10,0xfe,0x10,0xfe,0x10,0xfe,0x10,0xfe,0x10,0xfe,0x10,0xfe,0x10,0xfe,0x0f,0xfe,
0x0f,0xfe,0x8a,0xe4,0x10,0xfe,0x10,0xfe,0x10,0xfe,0x10,0xfe,0x10,0xfe,0x10,0xfe,0x10,0xfe,0x10,0xfe,0x10,0xfe,0x10,0xfe,
0x10,0xfe,0x10,0xfe,0x10,0xfe,0x10,0xfe,0x10,0xfe,0x10,0xfe,0x10,0xfe,0x10,0xfe,0x10,0xfe,0x2d,0xed,0x0c,0xf5,0x10,0xfe,
0x10,0xfe,0x10,0xfe,0x10,0xfe,0x4d,0xf5,0x4c,0xf5,0xee,0x3c,0x2f,0x4d,0x50,0x4d,0x50,0x4d,0x2f,0x55,0x0f,0x55,0x2f,0x5d,
0x0f,0x55,0x94,0x86,0x94,0x86,0x94,0x86,0x74,0x86,0x94,0x86,0x94,0x86,0x74,0x86,0x74,0x86,0x94,0x86,0x94,0x86,0x94,0x86,
0x94,0x86,0x94,0x86,0x74,0x86,0x94,0x86,0x94,0x86,0x94,0x86,0x74,0x86,0x94,0x86,0x94,0x86,0x94,0x86,0x74,0x86,0x94,0x86,
0x94,0x86,0x74,0x86,0x74,0x86,0x74,0x86,0x74,0x86,0x74,0x86,0x94,0x86,0x94,0x86,0x94,0x86,0x94,0x86,0x94,0x86,0x94,0x86,
0x74,0x86,0x94,0x86,0x94,0x86,0x94,0x86,0x74,0x86,0x74,0x86,0x74,0x86,0x74,0x86,0x74,0x86,0x74,0x86,0x74,0x86,0x74,0x86,
0x74,0x86,0x94,0x86,0x74,0x86,0x94,0x86,0x94,0x86,0x94,0x86,0x94,0x86,0x94,0x86,0x94,0x86,0x94,0x86,0x94,0x86,0x74,0x86,
0x74,0x86,0x94,0x86,0x94,0x86,0x94,0x86,0x74,0x86,0x74,0x86,0x74,0x86,0x94,0x86,0x74,0x86,0x94,0x86,0x94,0x86,0x94,0x86,
0x94,0x86,0x94,0x86,0x74,0x86,0x74,0x86,0x74,0x86,0x74,0x86,0x74,0x86,0x74,0x86,0x74,0x86,0x74,0x86,0x94,0x86,0x94,0x86,
0x94,0x86,0x74,0x86,0x74,0x86,0x71,0x65,0x2f,0x5d,0x2f,0x55,0x2f,0x55,0x90,0x55,0x70,0x55,0x50,0x55,0x30,0x45,0x6d,0xf5,
0x6d,0xfd,0x10,0xfe,0x10,0xfe,0x10,0xfe,0x10,0xfe,0xcb,0xec,0x8e,0xf5,0x10,0xfe,0x10,0xfe,0x10,0xfe,0x10,0xfe,0x10,0xfe,
0x10,0xfe,0x10,0xfe,0x10,0xfe,0x10,0xfe,0x10,0xfe,0x10,0xfe,0x10,0xfe,0x10,0xfe,0x10,0xfe,0x10,0xfe,0x10,0xfe,0x10,0xfe,
0x10,0xfe,0x10,0xfe,0xab,0xe4,0x0f,0xfe,0x10,0xfe,0x10,0xfe,0x10,0xfe,0x10,0xfe,0x10,0xfe,0x10,0xfe,0x10,0xfe,0x10,0xfe,
0x10,0xfe,0x10,0xfe,0x10,0xfe,0x10,0xfe,0x10,0xfe,0x10,0xfe,0x10,0xfe,0x10,0xfe,0x10,0xfe,0x10,0xfe,0x10,0xfe,0x10,0xfe,
0x10,0xfe,0x10,0xfe,0x10,0xfe,0x10,0xfe,0x6a,0xe4,0x30,0xfe,0x10,0xfe,0x10,0xfe,0x10,0xfe,0x10,0xfe,0x10,0xfe,0x10,0xfe,
0x10,0xfe,0x10,0xfe,0x10,0xfe,0x10,0xfe,0x10,0xfe,0x10,0xfe,0x10,0xfe,0x10,0xfe,0x10,0xfe,0x10,0xfe,0x10,0xfe,0x10,0xfe,
0x10,0xfe,0xcb,0xec,0xef,0xfd,0x10,0xfe,0x10,0xfe,0x10,0xfe,0x10,0xfe,0x10,0xfe,0x10,0xfe,0xef,0xfd,0xef,0xfd,0x6d,0xf5,
0xad,0xfd,0x4f,0x5d,0x2e,0x55,0x2f,0x55,0x2f,0x55,0x0f,0x55,0x0f,0x55,0x2f,0x5d,0x0f,0x55,0x74,0x86,0x74,0x86,0x74,0x86,
0x74,0x86,0x74,0x86,0x74,0x86,0x94,0x8e,0x94,0x8e,0x94,0x86,0x94,0x86,0x94,0x86,0x94,0x86,0x74,0x86,0x94,0x86,0x94,0x86,
0x94,0x86,0x94,0x86,0x94,0x86,0x94,0x86,0x74,0x86,0x74,0x86,0x74,0x86,0x74,0x86,0x74,0x86,0x74,0x86,0x94,0x86,0x94,0x86,
0x94,0x86,0x94,0x86,0x94,0x86,0x94,0x86,0x94,0x86,0x74,0x86,0x74,0x86,0x94,0x86,0x94,0x86,0x94,0x86,0x74,0x86,0x94,0x86,
0x74,0x86,0x74,0x86,0x74,0x86,0x74,0x86,0x94,0x86,0x94,0x86,0x94,0x86,0x74,0x86,0x94,0x86,0x94,0x86,0x94,0x86,0x94,0x86,
0x94,0x86,0x94,0x86,0x94,0x86,0x74,0x86,0x94,0x86,0x94,0x86,0x94,0x86,0x94,0x86,0x94,0x86,0x94,0x86,0x94,0x86,0x74,0x86,
0x94,0x86,0x94,0x86,0x94,0x86,0x94,0x86,0x94,0x86,0x74,0x86,0x94,0x86,0x74,0x86,0x94,0x86,0x94,0x86,0x74,0x86,0x74,0x86,
0x74,0x86,0x74,0x86,0x74,0x86,0x0f,0x55,0x2f,0x55,0x0f,0x55,0x0f,0x55,0x4f,0x55,0x2f,0x55,0x4f,0x55,0x50,0x5d,0x2c,0xf5,
0x8e,0xf5,0xef,0xfd,0xef,0xfd,0x10,0xfe,0x10,0xfe,0x10,0xfe,0x10,0xfe,0x10,0xfe,0x10,0xfe,0x10,0xfe,0xab,0xec,0x10,0xfe,
0x10,0xfe,0x10,0xfe,0x10,0xfe,0x10,0xfe,0x10,0xfe,0x10,0xfe,0x10,0xfe,0x10,0xfe,0x10,0xfe,0x10,0xfe,0x10,0xfe,0x10,0xfe,
0x10,0xfe,0x10,0xfe,0x10,0xfe,0x10,0xfe,0x10,0xfe,0x10,0xfe,0x10,0xfe,0x6a,0xe4,0x10,0xfe,0x10,0xfe,0x10,0xfe,0x10,0xfe,
0x10,0xfe,0x10,0xfe,0x10,0xfe,0x10,0xfe,0x10,0xfe,0x10,0xfe,0x10,0xfe,0x10,0xfe,0x10,0xfe,0x10,0xfe,0x10,0xfe,0x10,0xfe,
0x10,0xfe,0x10,0xfe,0x10,0xfe,0x10,0xfe,0x10,0xfe,0x10,0xfe,0x10,0xfe,0xef,0xfd,0xab,0xec,0x10,0xfe,0x10,0xfe,0x10,0xfe,
0x10,0xfe,0x10,0xfe,0x10,0xfe,0x10,0xfe,0x10,0xfe,0x10,0xfe,0x10,0xfe,0x10,0xfe,0x10,0xfe,0x10,0xfe,0x10,0xfe,0x10,0xfe,
0x10,0xfe,0x10,0xfe,0x10,0xfe,0x10,0xfe,0x10,0xfe,0xcb,0xec,0x10,0xfe,0x10,0xfe,0x10,0xfe,0x10,0xfe,0x10,0xfe,0x10,0xfe,
0x10,0xfe,0x10,0xfe,0x10,0xfe,0x10,0xfe,0x10,0xfe,0x4d,0xf5,0x4c,0xf5,0x4d,0xf5,0x2e,0xcd,0x2e,0x5d,0x2f,0x5d,0x0e,0x55,
0x2e,0x55,0x0f,0x55,0x0f,0x55,0x2f,0x55,0x2f,0x55,0x30,0x5d,0x94,0x8e,0x94,0x86,0x94,0x8e,0x94,0x86,0x94,0x86,0x94,0x86,
0x94,0x86,0x94,0x8e,0x94,0x8e,0x94,0x8e,0x94,0x8e,0x94,0x86,0x74,0x86,0x74,0x86,0x74,0x86,0x74,0x86,0x74,0x86,0x94,0x86,
0x94,0x86,0x94,0x86,0x94,0x86,0x94,0x86,0x94,0x86,0x94,0x86,0x74,0x86,0x74,0x86,0x74,0x86,0x94,0x86,0x74,0x86,0x74,0x86,
0x74,0x86,0x74,0x86,0x94,0x86,0x74,0x86,0x74,0x86,0x74,0x86,0x74,0x86,0x74,0x86,0x74,0x86,0x94,0x86,0x94,0x86,0x94,0x86,
0x94,0x86,0x94,0x86,0x94,0x86,0x94,0x86,0x94,0x86,0x94,0x86,0x94,0x86,0x74,0x86,0x94,0x86,0x74,0x86,0x94,0x86,0x94,0x86,
0x94,0x86,0x94,0x86,0x94,0x86,0x74,0x86,0x74,0x86,0x74,0x86,0x94,0x86,0x94,0x86,0x94,0x86,0x94,0x86,0x94,0x86,0x94,0x86,
0x74,0x86,0x94,0x8e,0x50,0x5d,0x2f,0x55,0x2f,0x5d,0x4f,0x5d,0x2f,0x5d,0x2e,0x65,0x4f,0x65,0x0e,0x5d,0x2f,0x65,0x4c,0xe5,
0x6d,0xf5,0x4d,0xf5,0x6d,0xf5,0x10,0xfe,0x10,0xfe,0x10,0xfe,0x10,0xfe,0x10,0xfe,0x10,0xfe,0x10,0xfe,0x10,0xfe,0x10,0xfe,
0x10,0xfe,0x10,0xfe,0xcb,0xec,0x10,0xfe,0x10,0xfe,0x10,0xfe,0x10,0xfe,0x10,0xfe,0x10,0xfe,0x10,0xfe,0x10,0xfe,0x10,0xfe,
0x10,0xfe,0x10,0xfe,0x10,0xfe,0x10,0xfe,0x10,0xfe,0x10,0xfe,0x10,0xfe,0x10,0xfe,0x0f,0xfe,0x10,0xfe,0x0f,0xfe,0x4d,0xf5,
0x8e,0xfd,0x10,0xfe,0x10,0xfe,0x10,0xfe,0x10,0xfe,0x10,0xfe,0x10,0xfe,0x10,0xfe,0x10,0xfe,0x10,0xfe,0x10,0xfe,0x10,0xfe,
0x10,0xfe,0x10,0xfe,0x10,0xfe,0x10,0xfe,0x10,0xfe,0x10,0xfe,0x10,0xfe,0x10,0xfe,0x10,0xfe,0x10,0xfe,0x10,0xfe,0xef,0xfd,
0x8e,0xf5,0x10,0xfe,0x10,0xfe,0x10,0xfe,0x10,0xfe,0x10,0xfe,0x10,0xfe,0x10,0xfe,0x10,0xfe,0x10,0xfe,0x10,0xfe,0x10,0xfe,
0x10,0xfe,0x10,0xfe,0x10,0xfe,0x10,0xfe,0x10,0xfe,0x10,0xfe,0x10,0xfe,0x10,0xfe,0x30,0xfe,0xaf,0xfd,0x10,0xfe,0x10,0xfe,
0x10,0xfe,0x10,0xfe,0x10,0xfe,0x10,0xfe,0x10,0xfe,0x10,0xfe,0x10,0xfe,0x10,0xfe,0x10,0xfe,0x10,0xfe,0x10,0xfe,0x10,0xfe,
0x10,0xfe,0x30,0xfe,0x10,0xfe,0x30,0xfe,0xce,0xfd,0x0f,0x45,0x6f,0x55,0x4f,0x55,0x2f,0x4d,0x4f,0x4d,0x30,0x55,0x2f,0x5d,
0x2f,0x5d,0x2f,0x5d,0x2f,0x5d,0x2f,0x5d,0x2f,0x5d,0x95,0x8e,0x74,0x86,0x74,0x86,0x74,0x86,0x94,0x86,0x74,0x86,0x74,0x86,
0x74,0x86,0x74,0x86,0x74,0x86,0x74,0x86,0x94,0x86,0x74,0x86,0x94,0x86,0x74,0x86,0x74,0x86,0x94,0x86,0x74,0x86,0x94,0x86,
0x74,0x86,0x74,0x86,0x74,0x86,0x94,0x86,0x74,0x86,0x94,0x86,0x74,0x86,0x74,0x86,0x74,0x86,0x74,0x86,0x74,0x86,0x74,0x86,
0x94,0x86,0x74,0x86,0x74,0x86,0x94,0x86,0x74,0x86,0x94,0x86,0x94,0x86,0x94,0x86,0x94,0x86,0x74,0x86,0x94,0x86,0x74,0x86,
0x74,0x86,0x74,0x86,0x74,0x86,0x74,0x86,0x74,0x86,0x74,0x86,0x74,0x86,0x74,0x86,0x74,0x86,0x74,0x86,0x74,0x86,0x30,0x5d,
0x30,0x5d,0x2f,0x55,0x2f,0x55,0x2f,0x55,0x2f,0x5d,0x2f,0x55,0x2f,0x4d,0x6f,0x4d,0x4f,0x55,0x6f,0x55,0x4f,0x4d,0x6d,0xf5,
0x0f,0xfe,0xef,0xfd,0xf0,0xfd,0x10,0xfe,0x10,0xfe,0x10,0xfe,0x10,0xfe,0x10,0xfe,0x10,0xfe,0x10,0xfe,0x10,0xfe,0x10,0xfe,
0x10,0xfe,0x10,0xfe,0x10,0xfe,0x10,0xfe,0x10,0xfe,0x10,0xfe,0xef,0xfd,0x71,0xfe,0x10,0xfe,0x10,0xfe,0x10,0xfe,0x10,0xfe,
0x10,0xfe,0x10,0xfe,0x10,0xfe,0x10,0xfe,0x10,0xfe,0x10,0xfe,0x30,0xfe,0x10,0xfe,0x10,0xfe,0x10,0xfe,0x10,0xfe,0x10,0xfe,
0x10,0xfe,0x10,0xfe,0x10,0xfe,0x51,0xfe,0xcc,0xec,0x10,0xfe,0x10,0xfe,0x10,0xfe,0x10,0xfe,0x10,0xfe,0x10,0xfe,0x10,0xfe,
0x10,0xfe,0x10,0xfe,0x10,0xfe,0x10,0xfe,0x10,0xfe,0x10,0xfe,0x10,0xfe,0x10,0xfe,0x10,0xfe,0x10,0xfe,0x10,0xfe,0x10,0xfe,
0x10,0xfe,0x10,0xfe,0x0f,0xfe,0x8a,0xec,0x10,0xfe,0x10,0xfe,0x10,0xfe,0x10,0xfe,0x10,0xfe,0x10,0xfe,0x10,0xfe,0x10,0xfe,
0x10,0xfe,0x10,0xfe,0x10,0xfe,0x10,0xfe,0x10,0xfe,0x10,0xfe,0x10,0xfe,0x10,0xfe,0x10,0xfe,0x10,0xfe,0x10,0xfe,0x10,0xfe,
0x8a,0xe4,0x30,0xfe,0x30,0xfe,0x10,0xfe,0x10,0xfe,0x10,0xfe,0x10,0xfe,0x10,0xfe,0x10,0xfe,0x10,0xfe,0x10,0xfe,0x10,0xfe,
0x10,0xfe,0x10,0xfe,0x10,0xfe,0x10,0xfe,0x10,0xfe,0x10,0xfe,0x10,0xfe,0x30,0xfe,0x10,0xfe,0x30,0xfe,0x51,0xfe,0x2d,0xed,
0x0f,0xfe,0xef,0xfd,0x0c,0xf5,0xeb,0xf4,0x0b,0xf5,0x0b,0xf5,0xeb,0xf4,0xeb,0xf4,0x0b,0xf5,0x30,0x4d,0x2f,0x5d,0x2f,0x5d,
0x2f,0x5d,0x2f,0x5d,0x0f,0x5d,0x0f,0x5d,0x0f,0x5d,0x30,0x5d,0x30,0x65,0x71,0x65,0x71,0x65,0x70,0x65,0x91,0x65,0x70,0x65,
0x70,0x65,0x71,0x65,0x71,0x65,0x71,0x65,0x70,0x65,0x91,0x6d,0xb1,0x6d,0xb1,0x6d,0xb1,0x6d,0xb1,0x6d,0xb1,0x6d,0x91,0x6d,
0x91,0x6d,0x91,0x6d,0x91,0x6d,0x71,0x65,0x91,0x65,0x91,0x65,0x91,0x65,0x70,0x65,0x70,0x65,0x71,0x65,0x91,0x65,0x91,0x65,
0x91,0x65,0x70,0x65,0x70,0x65,0x91,0x6d,0x71,0x65,0x50,0x5d,0x50,0x5d,0x30,0x5d,0x2f,0x5d,0x30,0x5d,0x30,0x5d,0x30,0x5d,
0x2f,0x5d,0x0f,0x5d,0x0f,0x5d,0x0b,0xf5,0x2b,0xf5,0x0b,0xf5,0x0b,0xf5,0x0b,0xf5,0x0b,0xf5,0xeb,0xf4,0x10,0xfe,0x10,0xfe,
0xab,0xe4,0xef,0xfd,0x10,0xfe,0x10,0xfe,0x10,0xfe,0x10,0xfe,0x10,0xfe,0x10,0xfe,0x10,0xfe,0x10,0xfe,0x10,0xfe,0x10,0xfe,
0x10,0xfe,0x10,0xfe,0x10,0xfe,0x10,0xfe,0x10,0xfe,0x10,0xfe,0x10,0xfe,0x10,0xfe,0x10,0xfe,0x10,0xfe,0x10,0xfe,0xab,0xec,
0xae,0xfd,0xae,0xfd,0xae,0xfd,0xae,0xfd,0xae,0xfd,0xae,0xfd,0xae,0xfd,0xae,0xfd,0xae,0xfd,0xce,0xfd,0xae,0xfd,0xae,0xfd,
0xae,0xfd,0xae,0xfd,0xae,0xfd,0xae,0xfd,0xae,0xfd,0xae,0xfd,0xae,0xfd,0xae,0xfd,0x8a,0xe4,0xef,0xfd,0x10,0xfe,0x10,0xfe,
0x10,0xfe,0x10,0xfe,0x10,0xfe,0x10,0xfe,0x10,0xfe,0x10,0xfe,0x10,0xfe,0x10,0xfe,0x10,0xfe,0x10,0xfe,0x10,0xfe,0x10,0xfe,
0x10,0xfe,0x10,0xfe,0x10,0xfe,0x10,0xfe,0x10,0xfe,0x0f,0xfe,0x4d,0xf5,0x10,0xfe,0x10,0xfe,0x10,0xfe,0x10,0xfe,0x10,0xfe,
0x10,0xfe,0x10,0xfe,0x10,0xfe,0x10,0xfe,0x10,0xfe,0x10,0xfe,0x10,0xfe,0x10,0xfe,0x10,0xfe,0x10,0xfe,0x10,0xfe,0x10,0xfe,
0x10,0xfe,0x10,0xfe,0x10,0xfe,0x10,0xfe,0xec,0xec,0xae,0xfd,0xce,0xfd,0xae,0xfd,0xae,0xfd,0xae,0xfd,0xae,0xfd,0xae,0xfd,
0xce,0xfd,0xae,0xfd,0xce,0xfd,0xce,0xfd,0xce,0xfd,0xae,0xfd,0xae,0xfd,0xce,0xfd,0xce,0xfd,0xce,0xfd,0xce,0xfd,0xce,0xfd,
0xce,0xfd,0xcf,0xfd,0x6d,0xfd,0x2d,0xf5,0x10,0xfe,0x10,0xfe,0x10,0xfe,0x10,0xfe,0x10,0xfe,0x10,0xfe,0x10,0xfe,0x10,0xfe,
0x10,0xfe,0x2c,0xf5,0x2c,0xf5,0x2c,0xf5,0x0b,0xf5,0x0b,0xf5,0x0b,0xf5,0x0b,0xf5,0x2b,0xf5,0x0b,0xf5,0x2b,0xf5,0x2f,0x5d,
0x2f,0x5d,0x0f,0x55,0x0f,0x55,0x2f,0x5d,0x0f,0x5d,0x0f,0x55,0x0f,0x55,0x0f,0x55,0x0f,0x5d,0x0f,0x5d,0x2f,0x5d,0x30,0x5d,
0x30,0x5d,0x0f,0x5d,0x0f,0x5d,0x0f,0x5d,0x0f,0x5d,0x0f,0x55,0x0f,0x5d,0x0f,0x5d,0x0f,0x55,0x0f,0x55,0x10,0x5d,0x2f,0x55,
0x0f,0x55,0x0f,0x55,0x0f,0x55,0x0f,0x55,0x0f,0x5d,0x0f,0x55,0x0f,0x55,0x2f,0x5d,0x0f,0x5d,0x2c,0xf5,0x2c,0xf5,0x2b,0xf5,
0x2b,0xf5,0x2c,0xf5,0x2b,0xf5,0x0b,0xed,0x0b,0xed,0x0b,0xf5,0xce,0xfd,0x10,0xfe,0x10,0xfe,0x10,0xfe,0x10,0xfe,0x10,0xfe,
0x10,0xfe,0xef,0xfd,0x10,0xfe,0x10,0xfe,0xf0,0xfd,0x30,0xfe,0x10,0xfe,0x0f,0xfe,0x0f,0xfe,0x10,0xfe,0x10,0xfe,0x10,0xfe,
0x10,0xfe,0x10,0xfe,0x30,0xfe,0x10,0xfe,0x10,0xfe,0x10,0xfe,0x10,0xfe,0x10,0xfe,0x10,0xfe,0x10,0xfe,0x10,0xfe,0x10,0xfe,
0x10,0xfe,0x10,0xfe,0x10,0xfe,0x6a,0xe4,0x10,0xfe,0x10,0xfe,0x10,0xfe,0x10,0xfe,0x10,0xfe,0x10,0xfe,0x10,0xfe,0x10,0xfe,
0x10,0xfe,0x10,0xfe,0x10,0xfe,0x10,0xfe,0x10,0xfe,0x10,0xfe,0x10,0xfe,0x10,0xfe,0x10,0xfe,0x10,0xfe,0x10,0xfe,0x10,0xfe,
0x10,0xfe,0xcc,0xec,0x10,0xfe,0x10,0xfe,0x10,0xfe,0x10,0xfe,0x10,0xfe,0x10,0xfe,0x10,0xfe,0x10,0xfe,0x10,0xfe,0x10,0xfe,
0x10,0xfe,0x10,0xfe,0x10,0xfe,0x10,0xfe,0x10,0xfe,0x10,0xfe,0x10,0xfe,0x10,0xfe,0x10,0xfe,0x10,0xfe,0x8a,0xe4,0x10,0xfe,
0x10,0xfe,0x10,0xfe,0x10,0xfe,0x10,0xfe,0x10,0xfe,0x10,0xfe,0x10,0xfe,0x10,0xfe,0x10,0xfe,0x10,0xfe,0x10,0xfe,0x10,0xfe,
0x10,0xfe,0x10,0xfe,0x10,0xfe,0x10,0xfe,0x10,0xfe,0x10,0xfe,0x10,0xfe,0x6e,0xf5,0x6d,0xf5,0x10,0xfe,0x10,0xfe,0x10,0xfe,
0x10,0xfe,0x10,0xfe,0x10,0xfe,0x10,0xfe,0x10,0xfe,0x10,0xfe,0x10,0xfe,0x10,0xfe,0x10,0xfe,0x10,0xfe,0x10,0xfe,0x10,0xfe,
0x10,0xfe,0x10,0xfe,0x10,0xfe,0x10,0xfe,0x10,0xfe,0x0f,0xfe,0x8b,0xec,0x10,0xfe,0x10,0xfe,0x10,0xfe,0x10,0xfe,0x10,0xfe,
0x10,0xfe,0x10,0xfe,0x10,0xfe,0x10,0xfe,0x10,0xfe,0x10,0xfe,0x10,0xfe,0x10,0xfe,0x10,0xfe,0x10,0xfe,0x10,0xfe,0x10,0xfe,
0x10,0xfe,0x10,0xfe,0x10,0xfe,0x8d,0xf5,0x8d,0xf5,0x8d,0xfd,0x6d,0xf5,0x29,0xdc,0x4c,0xf5,0x4d,0xf5,0x4d,0xf5,0x6d,0xf5,
0x8d,0xfd,0x8d,0xfd,0x6d,0xf5,0x6d,0xf5,0x6d,0xf5,0x4d,0xf5,0x4c,0xf5,0x4c,0xf5,0x4c,0xf5,0x6c,0xf5,0x4c,0xf5,0x4c,0xf5,
0x4d,0xf5,0x6d,0xf5,0x6d,0xf5,0x6d,0xf5,0x6d,0xf5,0x6d,0xf5,0x6d,0xf5,0x6d,0xf5,0x4a,0xdc,0x6d,0xfd,0x6d,0xf5,0x6d,0xf5,
0x6d,0xf5,0x10,0xfe,0x10,0xfe,0x10,0xfe,0x10,0xfe,0x10,0xfe,0x10,0xfe,0x10,0xfe,0x10,0xfe,0x10,0xfe,0x10,0xfe,0x10,0xfe,
0x10,0xfe,0x10,0xfe,0x10,0xfe,0x10,0xfe,0x10,0xfe,0x10,0xfe,0x10,0xfe,0x10,0xfe,0x10,0xfe,0x0c,0xf5,0xae,0xfd,0xae,0xfd,
0xae,0xfd,0xae,0xfd,0xce,0xfd,0xae,0xfd,0xae,0xfd,0xce,0xfd,0xce,0xfd,0xce,0xfd,0xcf,0xfd,0xcf,0xfd,0xce,0xfd,0xce,0xfd,
0xce,0xfd,0xce,0xfd,0xce,0xfd,0xce,0xfd,0xce,0xfd,0xae,0xfd,0xae,0xfd,0xae,0xfd,0x0d,0xed,0x10,0xfe,0x10,0xfe,0x10,0xfe,
0x10,0xfe,0x10,0xfe,0x10,0xfe,0x10,0xfe,0x10,0xfe,0x10,0xfe,0x0f,0xfe,0x10,0xfe,0x10,0xfe,0x10,0xfe,0x10,0xfe,0x10,0xfe,
0x10,0xfe,0x10,0xfe,0x10,0xfe,0x10,0xfe,0x10,0xfe,0xab,0xec,0x10,0xfe,0x10,0xfe,0x10,0xfe,0x10,0xfe,0x10,0xfe,0x10,0xfe,
0x10,0xfe,0x10,0xfe,0x10,0xfe,0x10,0xfe,0xcf,0xfd,0xcf,0xfd,0xcf,0xfd,0xcf,0xfd,0xcf,0xfd,0xae,0xfd,0xae,0xfd,0xae,0xfd,
0xce,0xfd,0x8b,0xe4,0x10,0xfe,0x10,0xfe,0x10,0xfe,0x10,0xfe,0x10,0xfe,0x10,0xfe,0x10,0xfe,0x10,0xfe,0x10,0xfe,0x10,0xfe,
0x10,0xfe,0x10,0xfe,0x10,0xfe,0x10,0xfe,0x10,0xfe,0x10,0xfe,0x10,0xfe,0x10,0xfe,0x10,0xfe,0x10,0xfe,0x10,0xfe,0xab,0xec,
0x10,0xfe,0x10,0xfe,0x10,0xfe,0x10,0xfe,0x10,0xfe,0x10,0xfe,0x10,0xfe,0x10,0xfe,0x10,0xfe,0x10,0xfe,0x10,0xfe,0x10,0xfe,
0x10,0xfe,0x10,0xfe,0x10,0xfe,0x10,0xfe,0x10,0xfe,0x10,0xfe,0x10,0xfe,0x10,0xfe,0x10,0xfe,0x0f,0xfe,0xab,0xe4,0x10,0xfe,
0x10,0xfe,0x10,0xfe,0x10,0xfe,0x10,0xfe,0x10,0xfe,0x10,0xfe,0x10,0xfe,0x10,0xfe,0x10,0xfe,0x10,0xfe,0x10,0xfe,0x10,0xfe,
0x10,0xfe,0x10,0xfe,0x10,0xfe,0x10,0xfe,0x10,0xfe,0x10,0xfe,0x10,0xfe,0x10,0xfe,0x10,0xfe,0x10,0xfe,0x10,0xfe,0x8b,0xe4,
0x10,0xfe,0x10,0xfe,0x10,0xfe,0x10,0xfe,0x10,0xfe,0x10,0xfe,0x10,0xfe,0x10,0xfe,0x10,0xfe,0x10,0xfe,0x10,0xfe,0x10,0xfe,
0x10,0xfe,0x10,0xfe,0x10,0xfe,0x10,0xfe,0x10,0xfe,0x10,0xfe,0x10,0xfe,0x10,0xfe,0x10,0xfe,0x10,0xfe,0x10,0xfe,0x30,0xfe,
0xab,0xe4,0x10,0xfe,0x10,0xfe,0x10,0xfe,0x10,0xfe,0x10,0xfe,0x10,0xfe,0x10,0xfe,0x10,0xfe,0x10,0xfe,0x10,0xfe,0x10,0xfe,
0x10,0xfe,0x10,0xfe,0x10,0xfe,0x10,0xfe,0x10,0xfe,0x10,0xfe,0x10,0xfe,0x10,0xfe,0x10,0xfe,0x10,0xfe,0x10,0xfe,0x10,0xfe,
0x10,0xfe,0xab,0xe4,0xef,0xfd,0x0f,0xfe,0x10,0xfe,0x10,0xfe,0x10,0xfe,0x10,0xfe,0x10,0xfe,0x10,0xfe,0x10,0xfe,0x10,0xfe,
0x10,0xfe,0x10,0xfe,0x10,0xfe,0x10,0xfe,0x10,0xfe,0x10,0xfe,0x10,0xfe,0x10,0xfe,0x10,0xfe,0x10,0xfe,0x10,0xfe,0x10,0xfe,
0xab,0xec,0x0f,0xfe,0x10,0xfe,0x10,0xfe,0x10,0xfe,0x10,0xfe,0x10,0xfe,0x10,0xfe,0x10,0xfe,0x10,0xfe,0x10,0xfe,0x10,0xfe,
0x10,0xfe,0x10,0xfe,0x10,0xfe,0x10,0xfe,0x10,0xfe,0x10,0xfe,0x10,0xfe,0x10,0xfe,0x10,0xfe,0x30,0xfe,0xab,0xec,0x10,0xfe,
0x10,0xfe,0x10,0xfe,0x10,0xfe,0x10,0xfe,0x10,0xfe,0x10,0xfe,0x10,0xfe,0x10,0xfe,0x10,0xfe,0x10,0xfe,0x10,0xfe,0x10,0xfe,
0x10,0xfe,0x10,0xfe,0x10,0xfe,0x10,0xfe,0x0f,0xfe,0x6a,0xe4,0x10,0xfe,0x10,0xfe,0x10,0xfe,0x10,0xfe,0x10,0xfe,0x10,0xfe,
0x10,0xfe,0x10,0xfe,0x10,0xfe,0x10,0xfe,0x10,0xfe,0x10,0xfe,0x10,0xfe,0x10,0xfe,0x10,0xfe,0x10,0xfe,0x10,0xfe,0x10,0xfe,
0x10,0xfe,0x10,0xfe,0x30,0xfe,0xcb,0xec,0x10,0xfe,0x10,0xfe,0x10,0xfe,0x10,0xfe,0x10,0xfe,0x10,0xfe,0x10,0xfe,0x10,0xfe,
0x10,0xfe,0x10,0xfe,0x10,0xfe,0x10,0xfe,0x10,0xfe,0x10,0xfe,0x10,0xfe,0x10,0xfe,0x10,0xfe,0x10,0xfe,0x10,0xfe,0x10,0xfe,
0x10,0xfe,0x10,0xfe,0xab,0xe4,0x10,0xfe,0x10,0xfe,0x10,0xfe,0x10,0xfe,0x10,0xfe,0x10,0xfe,0x10,0xfe,0x10,0xfe,0x10,0xfe,
0x10,0xfe,0x10,0xfe,0x10,0xfe,0x10,0xfe,0x10,0xfe,0x10,0xfe,0x10,0xfe,0x10,0xfe,0x10,0xfe,0x10,0xfe,0x10,0xfe,0x10,0xfe,
0x10,0xfe,0x10,0xfe,0x0f,0xfe,0x8b,0xec,0x10,0xfe,0x10,0xfe,0x10,0xfe,0x10,0xfe,0x10,0xfe,0x10,0xfe,0x10,0xfe,0x30,0xfe,
0x10,0xfe,0x10,0xfe,0x10,0xfe,0x10,0xfe,0x10,0xfe,0x10,0xfe,0x10,0xfe,0x10,0xfe,0x10,0xfe,0x10,0xfe,0x10,0xfe,0x10,0xfe,
0x10,0xfe,0x10,0xfe,0x30,0xfe,0x30,0xfe,0x8a,0xe4,0x10,0xfe,0x10,0xfe,0x10,0xfe,0x10,0xfe,0x10,0xfe,0x10,0xfe,0x10,0xfe,
0x10,0xfe,0x10,0xfe,0x10,0xfe,0x10,0xfe,0x10,0xfe,0x10,0xfe,0x10,0xfe,0x10,0xfe,0x10,0xfe,0x10,0xfe,0x10,0xfe,0x10,0xfe,
0x10,0xfe,0x10,0xfe,0x10,0xfe,0x10,0xfe,0x10,0xfe,0x8b,0xe4,0xef,0xfd,0x10,0xfe,0x10,0xfe,0x10,0xfe,0x10,0xfe,0x10,0xfe,
0x10,0xfe,0x10,0xfe,0x10,0xfe,0x10,0xfe,0x10,0xfe,0x10,0xfe,0x10,0xfe,0x10,0xfe,0x10,0xfe,0x10,0xfe,0x10,0xfe,0x10,0xfe,
0x10,0xfe,0x10,0xfe,0x10,0xfe,0x10,0xfe,0x8e,0xf5,0x30,0xfe,0x10,0xfe,0x10,0xfe,0x10,0xfe,0x10,0xfe,0x10,0xfe,0x10,0xfe,
0x10,0xfe,0x10,0xfe,0x10,0xfe,0x10,0xfe,0x10,0xfe,0x10,0xfe,0x10,0xfe,0x10,0xfe,0x10,0xfe,0x10,0xfe,0x10,0xfe,0x10,0xfe,
0x10,0xfe,0x10,0xfe,0x6a,0xe4,0x10,0xfe,0x10,0xfe,0x10,0xfe,0x10,0xfe,0x10,0xfe,0x10,0xfe,0x10,0xfe,0x10,0xfe,0x10,0xfe,
0x10,0xfe,0x10,0xfe,0x10,0xfe,0x10,0xfe,0x10,0xfe,0x10,0xfe,0x10,0xfe,0x10,0xfe,0xef,0xfd,0x6a,0xe4,0x10,0xfe,0x10,0xfe,
0x10,0xfe,0x10,0xfe,0x10,0xfe,0x10,0xfe,0x10,0xfe,0x10,0xfe,0x10,0xfe,0x10,0xfe,0x10,0xfe,0x10,0xfe,0x10,0xfe,0x10,0xfe,
0x10,0xfe,0x10,0xfe,0x10,0xfe,0x10,0xfe,0x10,0xfe,0x10,0xfe,0x30,0xfe,0xab,0xec,0x10,0xfe,0x10,0xfe,0x10,0xfe,0x10,0xfe,
0x10,0xfe,0x10,0xfe,0x10,0xfe,0x10,0xfe,0x10,0xfe,0x10,0xfe,0x10,0xfe,0x10,0xfe,0x10,0xfe,0x10,0xfe,0x10,0xfe,0x10,0xfe,
0x10,0xfe,0x10,0xfe,0x10,0xfe,0x10,0xfe,0x10,0xfe,0x4d,0xf5,0xab,0xec,0x10,0xfe,0x10,0xfe,0x10,0xfe,0x10,0xfe,0x10,0xfe,
0x10,0xfe,0x10,0xfe,0x10,0xfe,0x10,0xfe,0x10,0xfe,0x10,0xfe,0x10,0xfe,0x10,0xfe,0x10,0xfe,0x10,0xfe,0x10,0xfe,0x10,0xfe,
0x10,0xfe,0x10,0xfe,0x10,0xfe,0x10,0xfe,0x10,0xfe,0x10,0xfe,0x10,0xfe,0x8b,0xec,0x10,0xfe,0x10,0xfe,0x10,0xfe,0x10,0xfe,
0x10,0xfe,0x10,0xfe,0x30,0xfe,0x10,0xfe,0x10,0xfe,0x10,0xfe,0x10,0xfe,0x10,0xfe,0x10,0xfe,0x10,0xfe,0x10,0xfe,0x10,0xfe,
0x10,0xfe,0x10,0xfe,0x10,0xfe,0x10,0xfe,0x10,0xfe,0x10,0xfe,0x10,0xfe,0x30,0xfe,0x8a,0xe4,0x10,0xfe,0x10,0xfe,0x10,0xfe,
0x10,0xfe,0x10,0xfe,0x10,0xfe,0x10,0xfe,0x10,0xfe,0x10,0xfe,0x10,0xfe,0x10,0xfe,0x10,0xfe,0x10,0xfe,0x10,0xfe,0x10,0xfe,
0x10,0xfe,0x10,0xfe,0x10,0xfe,0x10,0xfe,0x10,0xfe,0x10,0xfe,0x10,0xfe,0x10,0xfe,0x10,0xfe,0xab,0xe4,0xaf,0xfd,0x10,0xfe,
0x10,0xfe,0x10,0xfe,0x10,0xfe,0x10,0xfe,0x10,0xfe,0x10,0xfe,0x10,0xfe,0x10,0xfe,0x10,0xfe,0x10,0xfe,0x10,0xfe,0x10,0xfe,
0x10,0xfe,0x10,0xfe,0x10,0xfe,0x10,0xfe,0x10,0xfe,0x10,0xfe,0x10,0xfe,0x10,0xfe,0xaf,0xf5,0xef,0xfd,0x10,0xfe,0x10,0xfe,
0x10,0xfe,0x10,0xfe,0x10,0xfe,0x10,0xfe,0x10,0xfe,0x10,0xfe,0x10,0xfe,0x10,0xfe,0x10,0xfe,0x10,0xfe,0x10,0xfe,0x10,0xfe,
0x10,0xfe,0x10,0xfe,0x10,0xfe,0x10,0xfe,0x10,0xfe,0x10,0xfe,0x8a,0xe4,0x10,0xfe,0x10,0xfe,0x10,0xfe,0x10,0xfe,0x10,0xfe,
0x10,0xfe,0x10,0xfe,0x10,0xfe,0x10,0xfe,0x10,0xfe,0x10,0xfe,0x10,0xfe,0x10,0xfe,0x10,0xfe,0x10,0xfe,0x10,0xfe,0x10,0xfe,
0x8b,0xec,0x6d,0xfd,0x6d,0xf5,0x6d,0xfd,0x6d,0xf5,0x6d,0xfd,0x6d,0xfd,0x6d,0xfd,0x6d,0xfd,0x6d,0xfd,0x6d,0xf5,0x6d,0xfd,
0x8d,0xfd,0x6d,0xf5,0x6d,0xfd,0x6d,0xf5,0x6d,0xfd,0x8d,0xfd,0x6d,0xfd,0x6d,0xfd,0x6d,0xf5,0x6d,0xf5,0xeb,0xec,0x10,0xfe,
0x10,0xfe,0x10,0xfe,0x10,0xfe,0x10,0xfe,0x10,0xfe,0x10,0xfe,0x10,0xfe,0x10,0xfe,0x10,0xfe,0x10,0xfe,0x10,0xfe,0x10,0xfe,
0x10,0xfe,0x10,0xfe,0x10,0xfe,0x10,0xfe,0x10,0xfe,0x10,0xfe,0x10,0xfe,0x10,0xfe,0x30,0xfe,0x8b,0xe4,0x10,0xfe,0x0f,0xfe,
0x10,0xfe,0x10,0xfe,0x10,0xfe,0x10,0xfe,0x10,0xfe,0x10,0xfe,0x30,0xfe,0x10,0xfe,0x10,0xfe,0x10,0xfe,0x10,0xfe,0x10,0xfe,
0x10,0xfe,0x10,0xfe,0x10,0xfe,0x10,0xfe,0x10,0xfe,0x10,0xfe,0x10,0xfe,0x10,0xfe,0x10,0xfe,0x10,0xfe,0x10,0xfe,0xab,0xec,
0x10,0xfe,0x10,0xfe,0x10,0xfe,0x10,0xfe,0x10,0xfe,0x10,0xfe,0x10,0xfe,0x10,0xfe,0x10,0xfe,0x10,0xfe,0x10,0xfe,0x10,0xfe,
0x10,0xfe,0x10,0xfe,0x10,0xfe,0x10,0xfe,0x10,0xfe,0x10,0xfe,0x10,0xfe,0x10,0xfe,0x10,0xfe,0x10,0xfe,0x10,0xfe,0x10,0xfe,
0x6a,0xe4,0x10,0xfe,0x10,0xfe,0x10,0xfe,0x10,0xfe,0x10,0xfe,0x10,0xfe,0x10,0xfe,0x10,0xfe,0x10,0xfe,0x10,0xfe,0x10,0xfe,
0x10,0xfe,0x10,0xfe,0x10,0xfe,0x30,0xfe,0x10,0xfe,0x10,0xfe,0x10,0xfe,0x10,0xfe,0x10,0xfe,0x10,0xfe,0x10,0xfe,0x10,0xfe,
0x10,0xfe,0x10,0xfe,0x8b,0xe4,0x10,0xfe,0x10,0xfe,0x10,0xfe,0x10,0xfe,0x10,0xfe,0x10,0xfe,0x10,0xfe,0x10,0xfe,0x10,0xfe,
0x10,0xfe,0x10,0xfe,0x10,0xfe,0x10,0xfe,0x10,0xfe,0x10,0xfe,0x10,0xfe,0x10,0xfe,0x10,0xfe,0x10,0xfe,0x10,0xfe,0x10,0xfe,
0x10,0xfe,0x8b,0xec,0x10,0xfe,0x10,0xfe,0x10,0xfe,0x10,0xfe,0x10,0xfe,0x10,0xfe,0x10,0xfe,0x10,0xfe,0x10,0xfe,0x10,0xfe,
0x10,0xfe,0x10,0xfe,0x10,0xfe,0x10,0xfe,0x10,0xfe,0x10,0xfe,0x10,0xfe,0x10,0xfe,0x10,0xfe,0x10,0xfe,0x10,0xfe,0xab,0xec,
0xae,0xfd,0xae,0xfd,0xae,0xfd,0xae,0xfd,0xae,0xfd,0xcf,0xfd,0xce,0xfd,0xae,0xfd,0x10,0xfe,0x10,0xfe,0x10,0xfe,0x10,0xfe,
0x10,0xfe,0x10,0xfe,0x10,0xfe,0xf0,0xfd,0xcb,0xec,0x10,0xfe,0x10,0xfe,0x10,0xfe,0x10,0xfe,0x10,0xfe,0x10,0xfe,0x10,0xfe,
0x10,0xfe,0x10,0xfe,0x0f,0xfe,0x10,0xfe,0x10,0xfe,0x10,0xfe,0x10,0xfe,0x10,0xfe,0x10,0xfe,0x10,0xfe,0x10,0xfe,0x10,0xfe,
0x10,0xfe,0x50,0xfe,0x8b,0xe4,0x10,0xfe,0x10,0xfe,0x10,0xfe,0x10,0xfe,0x10,0xfe,0x10,0xfe,0x10,0xfe,0x10,0xfe,0x10,0xfe,
0x10,0xfe,0x10,0xfe,0x10,0xfe,0x10,0xfe,0x10,0xfe,0x10,0xfe,0x10,0xfe,0x10,0xfe,0x10,0xfe,0x10,0xfe,0x10,0xfe,0x10,0xfe,
0x10,0xfe,0x8b,0xe4,0xae,0xfd,0xae,0xfd,0xae,0xfd,0xce,0xfd,0xce,0xfd,0xae,0xfd,0xce,0xfd,0xae,0xfd,0xcf,0xfd,0xae,0xfd,
0xae,0xfd,0xae,0xfd,0xae,0xfd,0xae,0xfd,0xae,0xfd,0xcf,0xfd,0xcf,0xfd,0xae,0xfd,0xae,0xfd,0xae,0xfd,0xae,0xfd,0xae,0xfd,
0xae,0xfd,0xae,0xfd,0xae,0xfd,0x6a,0xe4,0xae,0xfd,0xce,0xfd,0xcf,0xfd,0xae,0xfd,0xcf,0xfd,0xcf,0xfd,0xae,0xfd,0xae,0xfd,
0xae,0xfd,0xae,0xfd,0xce,0xfd,0xae,0xfd,0xce,0xfd,0xcf,0xfd,0xcf,0xfd,0xce,0xfd,0xae,0xfd,0xce,0xfd,0xae,0xfd,0xae,0xfd,
0xae,0xfd,0xae,0xfd,0xae,0xfd,0xae,0xfd,0x4a,0xe4,0xce,0xfd,0xce,0xfd,0xae,0xfd,0xce,0xfd,0xae,0xfd,0xae,0xfd,0xae,0xfd,
0xae,0xfd,0xae,0xfd,0xae,0xfd,0xae,0xfd,0xce,0xfd,0xae,0xfd,0xae,0xfd,0xae,0xfd,0xae,0xfd,0xae,0xfd,0xae,0xfd,0xae,0xfd,
0xae,0xfd,0xae,0xfd,0xce,0xfd,0xae,0xfd,0xae,0xfd,0xae,0xfd,0xab,0xe4,0x10,0xfe,0x10,0xfe,0x10,0xfe,0x10,0xfe,0x10,0xfe,
0x10,0xfe,0x10,0xfe,0x10,0xfe,0x10,0xfe,0x10,0xfe,0x10,0xfe,0x10,0xfe,0x10,0xfe,0x10,0xfe,0x10,0xfe,0x10,0xfe,0x10,0xfe,
0x10,0xfe,0x10,0xfe,0x10,0xfe,0x10,0xfe,0x10,0xfe,0x6a,0xe4,0x10,0xfe,0x10,0xfe,0x10,0xfe,0x10,0xfe,0x10,0xfe,0x10,0xfe,
0x10,0xfe,0x10,0xfe,0x10,0xfe,0x10,0xfe,0x10,0xfe,0x10,0xfe,0x10,0xfe,0x10,0xfe,0x10,0xfe,0x10,0xfe,0x10,0xfe,0x10,0xfe,
0x10,0xfe,0x10,0xfe,0x10,0xfe,0xab,0xec,0xef,0xfd,0x0f,0xfe,0x10,0xfe,0x10,0xfe,0x10,0xfe,0x10,0xfe,0x10,0xfe,0x10,0xfe,
0x10,0xfe,0x10,0xfe,0x10,0xfe,0x10,0xfe,0x10,0xfe,0x10,0xfe,0x10,0xfe,0xab,0xec,0x10,0xfe,0x10,0xfe,0x10,0xfe,0x10,0xfe,
0x10,0xfe,0x10,0xfe,0x10,0xfe,0x10,0xfe,0x10,0xfe,0x10,0xfe,0x10,0xfe,0x10,0xfe,0x10,0xfe,0x10,0xfe,0x10,0xfe,0x10,0xfe,
0x10,0xfe,0x10,0xfe,0x10,0xfe,0x10,0xfe,0x10,0xfe,0xcb,0xec,0x10,0xfe,0x10,0xfe,0x10,0xfe,0x10,0xfe,0x10,0xfe,0x10,0xfe,
0x10,0xfe,0x10,0xfe,0x10,0xfe,0x10,0xfe,0x10,0xfe,0x10,0xfe,0x10,0xfe,0x10,0xfe,0x10,0xfe,0x10,0xfe,0x10,0xfe,0x10,0xfe,
0x10,0xfe,0x10,0xfe,0x10,0xfe,0x10,0xfe,0x10,0xfe,0xcb,0xec,0x0f,0xfe,0xef,0xfd,0xef,0xfd,0xef,0xfd,0xef,0xfd,0xef,0xfd,
0xef,0xfd,0xef,0xfd,0xef,0xfd,0xef,0xfd,0xef,0xfd,0xef,0xfd,0xef,0xfd,0xef,0xfd,0xef,0xfd,0xef,0xfd,0xef,0xfd,0xef,0xfd,
0xef,0xfd,0xef,0xfd,0xef,0xfd,0xef,0xfd,0xef,0xfd,0xef,0xfd,0x0c,0xed,0x8e,0xfd,0x10,0xfe,0x10,0xfe,0x10,0xfe,0x10,0xfe,
0x10,0xfe,0x10,0xfe,0x10,0xfe,0x10,0xfe,0x10,0xfe,0x10,0xfe,0x10,0xfe,0x10,0xfe,0x10,0xfe,0x10,0xfe,0x10,0xfe,0x10,0xfe,
0x10,0xfe,0x10,0xfe,0x10,0xfe,0x10,0xfe,0x0f,0xfe,0x10,0xfe,0x0f,0xfe,0x0f,0xfe,0x4d,0xf5,0x0b,0xed,0xef,0xfd,0xef,0xfd,
0xef,0xfd,0xef,0xfd,0xef,0xfd,0xef,0xfd,0xef,0xfd,0xef,0xfd,0xef,0xfd,0xef,0xfd,0xef,0xfd,0xef,0xfd,0xef,0xfd,0xcf,0xfd,
0xef,0xfd,0xef,0xfd,0xef,0xfd,0xef,0xfd,0xef,0xfd,0xef,0xfd,0xef,0xfd,0xef,0xfd,0xef,0xfd,0xef,0xfd,0xab,0xec,0xef,0xfd,
0x10,0xfe,0x10,0xfe,0x10,0xfe,0x10,0xfe,0x10,0xfe,0x10,0xfe,0x10,0xfe,0x10,0xfe,0x10,0xfe,0x10,0xfe,0x10,0xfe,0x10,0xfe,
0x10,0xfe,0x10,0xfe,0x10,0xfe,0x10,0xfe,0x10,0xfe,0x10,0xfe,0x10,0xfe,0x10,0xfe,0x10,0xfe,0x10,0xfe,0xab,0xec,0x10,0xfe,
0x10,0xfe,0x10,0xfe,0x10,0xfe,0x10,0xfe,0x10,0xfe,0x10,0xfe,0x10,0xfe,0x10,0xfe,0x10,0xfe,0x10,0xfe,0x10,0xfe,0x10,0xfe,
0x10,0xfe,0x10,0xfe,0x10,0xfe,0x10,0xfe,0x10,0xfe,0x10,0xfe,0x10,0xfe,0x10,0xfe,0xab,0xec,0x10,0xfe,0x10,0xfe,0x10,0xfe,
0x10,0xfe,0x10,0xfe,0x10,0xfe,0x10,0xfe,0x10,0xfe,0x10,0xfe,0x10,0xfe,0x10,0xfe,0x10,0xfe,0x10,0xfe,0xef,0xfd,0x4d,0xf5,
0x10,0xfe,0x10,0xfe,0x10,0xfe,0x10,0xfe,0x10,0xfe,0x10,0xfe,0x10,0xfe,0x10,0xfe,0x10,0xfe,0x10,0xfe,0x10,0xfe,0x10,0xfe,
0x10,0xfe,0x10,0xfe,0x10,0xfe,0x10,0xfe,0x10,0xfe,0x10,0xfe,0x10,0xfe,0x10,0xfe,0x10,0xfe,0x8a,0xe4,0x10,0xfe,0x10,0xfe,
0x10,0xfe,0x10,0xfe,0x10,0xfe,0x10,0xfe,0x10,0xfe,0x10,0xfe,0x10,0xfe,0x10,0xfe,0x10,0xfe,0x10,0xfe,0x10,0xfe,0x10,0xfe,
0x10,0xfe,0x10,0xfe,0x10,0xfe,0x10,0xfe,0x10,0xfe,0x10,0xfe,0x10,0xfe,0x10,0xfe,0x2d,0xf5,0xcf,0xfd,0x10,0xfe,0x10,0xfe,
0x10,0xfe,0x10,0xfe,0x10,0xfe,0x10,0xfe,0x10,0xfe,0x10,0xfe,0x10,0xfe,0x10,0xfe,0x10,0xfe,0x10,0xfe,0x10,0xfe,0x10,0xfe,
0x10,0xfe,0x10,0xfe,0x10,0xfe,0x10,0xfe,0x10,0xfe,0x10,0xfe,0x10,0xfe,0x10,0xfe,0x10,0xfe,0x10,0xfe,0x6a,0xe4,0x10,0xfe,
0x10,0xfe,0x10,0xfe,0x10,0xfe,0x10,0xfe,0x10,0xfe,0x10,0xfe,0x10,0xfe,0x10,0xfe,0x10,0xfe,0x10,0xfe,0x10,0xfe,0x10,0xfe,
0x10,0xfe,0x10,0xfe,0x10,0xfe,0x10,0xfe,0x10,0xfe,0x10,0xfe,0x10,0xfe,0x10,0xfe,0x10,0xfe,0x10,0xfe,0x10,0xfe,0x0f,0xfe,
0xef,0xfd,0x8a,0xe4,0x10,0xfe,0x10,0xfe,0x10,0xfe,0x10,0xfe,0x10,0xfe,0x10,0xfe,0x10,0xfe,0x10,0xfe,0x10,0xfe,0x10,0xfe,
0x10,0xfe,0x10,0xfe,0x10,0xfe,0x10,0xfe,0x10,0xfe,0x10,0xfe,0x10,0xfe,0x10,0xfe,0x10,0xfe,0x10,0xfe,0x10,0xfe,0x10,0xfe,
0x10,0xfe,0x10,0xfe,0x2d,0xf5,0xcf,0xfd,0x10,0xfe,0x10,0xfe,0x10,0xfe,0x10,0xfe,0x10,0xfe,0x10,0xfe,0x10,0xfe,0x10,0xfe,
0x10,0xfe,0x10,0xfe,0x10,0xfe,0x10,0xfe,0x10,0xfe,0x10,0xfe,0x10,0xfe,0x10,0xfe,0x10,0xfe,0x10,0xfe,0x10,0xfe,0x10,0xfe,
0x10,0xfe,0x10,0xfe,0x8b,0xec,0x10,0xfe,0x10,0xfe,0x10,0xfe,0x10,0xfe,0x10,0xfe,0x10,0xfe,0x10,0xfe,0x10,0xfe,0x10,0xfe,
0x10,0xfe,0x10,0xfe,0x10,0xfe,0x10,0xfe,0x10,0xfe,0x10,0xfe,0x10,0xfe,0x10,0xfe,0x10,0xfe,0x10,0xfe,0x10,0xfe,0x10,0xfe,
0x10,0xfe,0x10,0xfe,0x10,0xfe,0x10,0xfe,0x10,0xfe,0x10,0xfe,0x10,0xfe,0x10,0xfe,0x10,0xfe,0x10,0xfe,0x10,0xfe,0x10,0xfe,
0x10,0xfe,0x10,0xfe,0xab,0xec,0x10,0xfe,0x10,0xfe,0x0f,0xfe,0x10,0xfe,0x10,0xfe,0x10,0xfe,0x10,0xfe,0x10,0xfe,0x10,0xfe,
0x10,0xfe,0x10,0xfe,0x10,0xfe,0x10,0xfe,0x10,0xfe,0x10,0xfe,0x10,0xfe,0x10,0xfe,0x10,0xfe,0x10,0xfe,0x10,0xfe,0x30,0xfe,
0xeb,0xec,0x6a,0xdc,0x10,0xfe,0x10,0xfe,0x10,0xfe,0x10,0xfe,0x10,0xfe,0x10,0xfe,0x10,0xfe,0x10,0xfe,0x10,0xfe,0x10,0xfe,
0x10,0xfe,0x10,0xfe,0x10,0xfe,0x10,0xfe,0x10,0xfe,0x10,0xfe,0x10,0xfe,0x10,0xfe,0x10,0xfe,0x10,0xfe,0x10,0xfe,0x10,0xfe,
0x8b,0xe4,0x10,0xfe,0x10,0xfe,0x10,0xfe,0x10,0xfe,0x10,0xfe,0x10,0xfe,0x10,0xfe,0x10,0xfe,0x10,0xfe,0x10,0xfe,0x10,0xfe,
0x10,0xfe,0x10,0xfe,0x10,0xfe,0x10,0xfe,0x10,0xfe,0x10,0xfe,0x10,0xfe,0x10,0xfe,0x10,0xfe,0x10,0xfe,0x10,0xfe,0x10,0xfe,
0x10,0xfe,0x10,0xfe,0x4a,0xdc,0x10,0xfe,0x10,0xfe,0x10,0xfe,0x10,0xfe,0x10,0xfe,0x10,0xfe,0x10,0xfe,0x10,0xfe,0x10,0xfe,
0x10,0xfe,0x10,0xfe,0x10,0xfe,0x10,0xfe,0x10,0xfe,0x10,0xfe,0x10,0xfe,0x10,0xfe,0x10,0xfe,0x10,0xfe,0x10,0xfe,0x10,0xfe,
0x10,0xfe,0x10,0xfe,0x10,0xfe,0x10,0xfe,0x0f,0xfe,0x6a,0xe4,0x10,0xfe,0x10,0xfe,0x10,0xfe,0x10,0xfe,0x10,0xfe,0x10,0xfe,
0x10,0xfe,0x10,0xfe,0x10,0xfe,0x10,0xfe,0x10,0xfe,0x10,0xfe,0x10,0xfe,0x10,0xfe,0x10,0xfe,0x10,0xfe,0x10,0xfe,0x10,0xfe,
0x10,0xfe,0x10,0xfe,0x10,0xfe,0x10,0xfe,0x10,0xfe,0x10,0xfe,0x10,0xfe,0xab,0xec,0x10,0xfe,0x10,0xfe,0x10,0xfe,0x10,0xfe,
0x10,0xfe,0x10,0xfe,0x10,0xfe,0x10,0xfe,0x10,0xfe,0x10,0xfe,0x10,0xfe,0x10,0xfe,0x10,0xfe,0x10,0xfe,0x10,0xfe,0x10,0xfe,
0x10,0xfe,0x10,0xfe,0x10,0xfe,0x10,0xfe,0x10,0xfe,0x10,0xfe,0x6a,0xe4,0x30,0xfe,0x10,0xfe,0x10,0xfe,0x10,0xfe,0x10,0xfe,
0x10,0xfe,0x10,0xfe,0x10,0xfe,0x10,0xfe,0x10,0xfe,0x10,0xfe,0x10,0xfe,0x10,0xfe,0x10,0xfe,0x10,0xfe,0x10,0xfe,0x10,0xfe,
0x10,0xfe,0x10,0xfe,0x10,0xfe,0x10,0xfe,0x10,0xfe,0x8a,0xe4,0x10,0xfe,0x10,0xfe,0x10,0xfe,0x10,0xfe,0x10,0xfe,0x10,0xfe,
0x10,0xfe,0x10,0xfe,0x10,0xfe,0x10,0xfe,0x10,0xfe,0x10,0xfe,0x8b,0xec,0x10,0xfe,0x10,0xfe,0x10,0xfe,0x10,0xfe,0x10,0xfe,
0x10,0xfe,0x10,0xfe,0x10,0xfe,0x10,0xfe,0x10,0xfe,0x10,0xfe,0x10,0xfe,0x10,0xfe,0x10,0xfe,0x10,0xfe,0x10,0xfe,0x10,0xfe,
0x10,0xfe,0x10,0xfe,0x10,0xfe,0x10,0xfe,0xcb,0xec,0x10,0xfe,0x10,0xfe,0x10,0xfe,0x10,0xfe,0x10,0xfe,0x10,0xfe,0x10,0xfe,
0x10,0xfe,0x10,0xfe,0x10,0xfe,0x10,0xfe,0x10,0xfe,0x10,0xfe,0x10,0xfe,0x10,0xfe,0x10,0xfe,0x10,0xfe,0x10,0xfe,0x10,0xfe,
0x10,0xfe,0x10,0xfe,0x10,0xfe,0x10,0xfe,0xab,0xec,0x10,0xfe,0x10,0xfe,0x10,0xfe,0x10,0xfe,0x30,0xfe,0x10,0xfe,0x30,0xfe,
0x10,0xfe,0x10,0xfe,0x10,0xfe,0x10,0xfe,0x10,0xfe,0x10,0xfe,0x10,0xfe,0x10,0xfe,0x10,0xfe,0x10,0xfe,0x10,0xfe,0x10,0xfe,
0x10,0xfe,0x10,0xfe,0x10,0xfe,0x10,0xfe,0x10,0xfe,0x10,0xfe,0x6a,0xe4,0x10,0xfe,0x10,0xfe,0x10,0xfe,0x10,0xfe,0x10,0xfe,
0x10,0xfe,0x30,0xfe,0x10,0xfe,0x10,0xfe,0x10,0xfe,0x10,0xfe,0x10,0xfe,0x10,0xfe,0x10,0xfe,0x10,0xfe,0x10,0xfe,0x10,0xfe,
0x10,0xfe,0x10,0xfe,0x10,0xfe,0x10,0xfe,0x10,0xfe,0x10,0xfe,0x10,0xfe,0x10,0xfe,0x10,0xfe,0x6a,0xe4,0x10,0xfe,0x10,0xfe,
0x10,0xfe,0x10,0xfe,0x10,0xfe,0x10,0xfe,0x10,0xfe,0x10,0xfe,0x10,0xfe,0x30,0xfe,0x10,0xfe,0x10,0xfe,0x10,0xfe,0x10,0xfe,
0x10,0xfe,0x10,0xfe,0x10,0xfe,0x10,0xfe,0x10,0xfe,0x10,0xfe,0x10,0xfe,0x10,0xfe,0x10,0xfe,0x10,0xfe,0x10,0xfe,0x8b,0xec,
0x10,0xfe,0x10,0xfe,0x10,0xfe,0x10,0xfe,0x10,0xfe,0x10,0xfe,0x10,0xfe,0x10,0xfe,0x10,0xfe,0x10,0xfe,0x10,0xfe,0x10,0xfe,
0x10,0xfe,0x10,0xfe,0x10,0xfe,0x10,0xfe,0x10,0xfe,0x10,0xfe,0x10,0xfe,0x10,0xfe,0x10,0xfe,0x10,0xfe,0x10,0xfe,0xcb,0xec,
0x30,0xfe,0x10,0xfe,0x10,0xfe,0x10,0xfe,0x10,0xfe,0x10,0xfe,0x10,0xfe,0x10,0xfe,0x10,0xfe,0x10,0xfe,0x10,0xfe,0x10,0xfe,
0x10,0xfe,0x10,0xfe,0x10,0xfe,0x10,0xfe,0x10,0xfe,0x10,0xfe,0x10,0xfe,0x10,0xfe,0x10,0xfe,0xab,0xec,0x10,0xfe,0x10,0xfe,
0x10,0xfe,0x10,0xfe,0x10,0xfe,0x10,0xfe,0x10,0xfe,0x10,0xfe,0x10,0xfe,0x10,0xfe,0x10,0xfe,0xec,0xec,0x30,0xfe,0x10,0xfe,
0x10,0xfe,0x10,0xfe,0x10,0xfe,0x10,0xfe,0x10,0xfe,0x10,0xfe,0x10,0xfe,0x10,0xfe,0x10,0xfe,0x10,0xfe,0x10,0xfe,0x10,0xfe,
0x10,0xfe,0x10,0xfe,0x10,0xfe,0x10,0xfe,0x10,0xfe,0x10,0xfe,0x10,0xfe,0x10,0xfe,0x8b,0xec,0x10,0xfe,0x10,0xfe,0x10,0xfe,
0x10,0xfe,0x10,0xfe,0x10,0xfe,0x10,0xfe,0x10,0xfe,0x10,0xfe,0x10,0xfe,0x10,0xfe,0x10,0xfe,0x10,0xfe,0x10,0xfe,0x10,0xfe,
0x10,0xfe,0x10,0xfe,0x10,0xfe,0x10,0xfe,0x10,0xfe,0x10,0xfe,0x10,0xfe,0x10,0xfe,0xab,0xec,0x10,0xfe,0x10,0xfe,0x10,0xfe,
0x10,0xfe,0x10,0xfe,0x10,0xfe,0x10,0xfe,0x10,0xfe,0x10,0xfe,0x30,0xfe,0x10,0xfe,0x30,0xfe,0x10,0xfe,0x10,0xfe,0x10,0xfe,
0x10,0xfe,0x10,0xfe,0x10,0xfe,0x10,0xfe,0x10,0xfe,0x10,0xfe,0x10,0xfe,0x10,0xfe,0x10,0xfe,0x10,0xfe,0x4a,0xdc,0x10,0xfe,
0x10,0xfe,0x10,0xfe,0x10,0xfe,0x10,0xfe,0x10,0xfe,0x10,0xfe,0x10,0xfe,0x10,0xfe,0x10,0xfe,0x10,0xfe,0x10,0xfe,0x10,0xfe,
0x10,0xfe,0x10,0xfe,0x10,0xfe,0x10,0xfe,0x10,0xfe,0x10,0xfe,0x10,0xfe,0x10,0xfe,0x10,0xfe,0x10,0xfe,0x10,0xfe,0x10,0xfe,
0x10,0xfe,0x8b,0xe4,0x10,0xfe,0x10,0xfe,0x10,0xfe,0x10,0xfe,0x10,0xfe,0x10,0xfe,0x10,0xfe,0x10,0xfe,0x10,0xfe,0x10,0xfe,
0x10,0xfe,0x10,0xfe,0x10,0xfe,0x10,0xfe,0x10,0xfe,0x10,0xfe,0x10,0xfe,0x10,0xfe,0x10,0xfe,0x10,0xfe,0x10,0xfe,0x10,0xfe,
0x10,0xfe,0x10,0xfe,0x10,0xfe,0xab,0xec,0x10,0xfe,0x10,0xfe,0x10,0xfe,0x10,0xfe,0x10,0xfe,0x10,0xfe,0x10,0xfe,0x10,0xfe,
0x10,0xfe,0x10,0xfe,0x10,0xfe,0x10,0xfe,0x10,0xfe,0x10,0xfe,0x10,0xfe,0x10,0xfe,0x10,0xfe,0x10,0xfe,0x10,0xfe,0x10,0xfe,
0x10,0xfe,0x10,0xfe,0x10,0xfe,0xab,0xe4,0x30,0xfe,0x10,0xfe,0x10,0xfe,0x10,0xfe,0x10,0xfe,0x10,0xfe,0x10,0xfe,0x10,0xfe,
0x10,0xfe,0x10,0xfe,0x10,0xfe,0x10,0xfe,0x10,0xfe,0x10,0xfe,0x10,0xfe,0x10,0xfe,0x10,0xfe,0x10,0xfe,0x10,0xfe,0x10,0xfe,
0x10,0xfe,0x10,0xfe,0xab,0xec,0x10,0xfe,0x10,0xfe,0x10,0xfe,0x10,0xfe,0x10,0xfe,
};
static const lv_image_dsc_t room_day = {.header = {.magic=LV_IMAGE_HEADER_MAGIC, .cf=LV_COLOR_FORMAT_RGB565, .w=184, .h=152, .stride=368}, .data_size=sizeof(room_day_data), .data=room_day_data};
static const uint8_t room_night_data[] = {
0x75,0x6b,0x75,0x6b,0x96,0x6b,0x75,0x6b,0x95,0x6b,0x95,0x6b,0x96,0x6b,0x96,0x6b,0x96,0x6b,0x96,0x6b,0x96,0x6b,0x75,0x6b,
0x75,0x6b,0x95,0x6b,0x96,0x6b,0x96,0x6b,0x96,0x6b,0x96,0x6b,0x95,0x6b,0x95,0x6b,0x96,0x6b,0x95,0x6b,0x75,0x6b,0x95,0x6b,
0x95,0x6b,0x95,0x6b,0x95,0x6b,0x95,0x6b,0x95,0x6b,0x96,0x6b,0x95,0x6b,0x95,0x6b,0x96,0x6b,0x96,0x6b,0x95,0x6b,0x95,0x6b,
0x95,0x6b,0x95,0x6b,0x95,0x6b,0x96,0x6b,0x95,0x6b,0x95,0x6b,0x75,0x6b,0x96,0x6b,0x96,0x6b,0x75,0x6b,0x75,0x6b,0x75,0x6b,
0x75,0x63,0x75,0x6b,0x75,0x63,0x75,0x6b,0x75,0x6b,0x95,0x6b,0x75,0x6b,0x96,0x6b,0x96,0x6b,0x75,0x6b,0x95,0x6b,0x75,0x6b,
0x75,0x63,0x75,0x6b,0x75,0x6b,0x75,0x6b,0x75,0x6b,0x95,0x6b,0x95,0x6b,0x96,0x6b,0x96,0x6b,0x75,0x63,0x75,0x6b,0x75,0x6b,
0x75,0x6b,0x75,0x6b,0x96,0x6b,0x96,0x6b,0x75,0x6b,0x75,0x6b,0x75,0x63,0x75,0x63,0x75,0x63,0x75,0x63,0x96,0x6b,0x76,0x6b,
0x75,0x6b,0x76,0x6b,0x96,0x6b,0x75,0x6b,0x75,0x6b,0x75,0x6b,0x95,0x6b,0x76,0x6b,0x75,0x63,0x75,0x63,0x75,0x6b,0x75,0x6b,
0x96,0x6b,0x96,0x6b,0x95,0x6b,0x75,0x63,0x75,0x63,0x75,0x6b,0x75,0x6b,0x75,0x6b,0x75,0x63,0x75,0x63,0x75,0x63,0x75,0x6b,
0x75,0x63,0x75,0x6b,0x75,0x6b,0x95,0x6b,0x95,0x6b,0x96,0x6b,0x95,0x6b,0x75,0x6b,0x96,0x6b,0x96,0x6b,0x96,0x6b,0x95,0x6b,
0x75,0x6b,0x95,0x6b,0x75,0x6b,0x75,0x6b,0x95,0x6b,0x75,0x6b,0x96,0x6b,0x76,0x6b,0x75,0x6b,0x75,0x63,0x75,0x63,0x76,0x6b,
0x75,0x6b,0x75,0x6b,0x75,0x6b,0x75,0x6b,0x95,0x6b,0x95,0x6b,0x96,0x6b,0x95,0x6b,0x95,0x6b,0x95,0x6b,0x75,0x6b,0x95,0x6b,
0x96,0x6b,0x95,0x6b,0x95,0x6b,0x96,0x6b,0x96,0x6b,0x96,0x6b,0x96,0x6b,0x95,0x6b,0x96,0x6b,0x75,0x6b,0x75,0x6b,0x75,0x6b,
0x95,0x6b,0x75,0x6b,0x75,0x6b,0x75,0x6b,0x75,0x6b,0x75,0x6b,0x75,0x6b,0x75,0x6b,0x75,0x6b,0x95,0x6b,0x96,0x6b,0x96,0x6b,
0x95,0x6b,0x95,0x6b,0x95,0x6b,0x95,0x6b,0x75,0x6b,0x96,0x6b,0x96,0x6b,0x95,0x6b,0x95,0x6b,0x75,0x6b,0x95,0x6b,0x95,0x6b,
0x95,0x6b,0x95,0x6b,0x96,0x6b,0x95,0x6b,0x75,0x6b,0x75,0x6b,0x75,0x6b,0x75,0x6b,0x95,0x6b,0x96,0x6b,0x76,0x6b,0x96,0x6b,
0x75,0x6b,0x96,0x6b,0x95,0x6b,0x95,0x6b,0x95,0x6b,0x95,0x6b,0x96,0x6b,0x96,0x6b,0x96,0x6b,0x96,0x6b,0x96,0x6b,0x96,0x6b,
0x96,0x6b,0x95,0x6b,0x96,0x6b,0x95,0x6b,0x95,0x6b,0x95,0x6b,0x96,0x6b,0x96,0x6b,0x96,0x6b,0x96,0x6b,0x95,0x6b,0x96,0x6b,
0x96,0x6b,0x95,0x6b,0x96,0x6b,0x75,0x6b,0x95,0x6b,0x95,0x6b,0x96,0x6b,0x96,0x6b,0x96,0x6b,0x95,0x6b,0x95,0x6b,0x96,0x6b,
0x96,0x6b,0x75,0x6b,0x75,0x6b,0x75,0x6b,0x75,0x6b,0x75,0x6b,0x75,0x6b,0x75,0x6b,0x75,0x6b,0x75,0x6b,0x75,0x6b,0x95,0x6b,
0x76,0x6b,0x75,0x6b,0x75,0x6b,0x75,0x6b,0x75,0x6b,0x75,0x6b,0x75,0x6b,0x75,0x6b,0x75,0x6b,0x75,0x6b,0x75,0x6b,0x95,0x6b,
0x76,0x6b,0x76,0x6b,0x75,0x6b,0x75,0x6b,0x75,0x6b,0x76,0x6b,0x76,0x6b,0x76,0x6b,0x75,0x6b,0x75,0x63,0x75,0x63,0x75,0x63,
0x75,0x6b,0x75,0x63,0x75,0x6b,0x75,0x6b,0x75,0x6b,0x75,0x6b,0x75,0x6b,0x75,0x6b,0x75,0x6b,0x75,0x6b,0x75,0x6b,0x75,0x6b,
0x75,0x6b,0x75,0x63,0x75,0x63,0x75,0x6b,0x75,0x6b,0x75,0x6b,0x75,0x6b,0x75,0x6b,0x75,0x6b,0x75,0x6b,0x75,0x6b,0x75,0x6b,
0x75,0x6b,0x75,0x6b,0x75,0x6b,0x76,0x6b,0x75,0x63,0x75,0x6b,0x75,0x6b,0x75,0x6b,0x75,0x6b,0x75,0x6b,0x75,0x6b,0x75,0x6b,
0x75,0x6b,0x75,0x6b,0x75,0x6b,0x75,0x6b,0x95,0x6b,0x95,0x6b,0x95,0x6b,0x75,0x6b,0x75,0x6b,0x75,0x6b,0x95,0x6b,0x75,0x6b,
0x75,0x6b,0x75,0x6b,0x75,0x6b,0x75,0x6b,0x95,0x6b,0x95,0x6b,0x95,0x6b,0x95,0x6b,0x95,0x6b,0x96,0x6b,0x96,0x6b,0x95,0x6b,
0x96,0x6b,0x95,0x6b,0x75,0x6b,0x95,0x6b,0x96,0x6b,0x96,0x6b,0x96,0x6b,0x96,0x6b,0x96,0x6b,0x96,0x6b,0x96,0x6b,0x95,0x6b,
0x95,0x6b,0x75,0x6b,0x75,0x6b,0x75,0x6b,0x75,0x6b,0x75,0x6b,0x75,0x6b,0x75,0x6b,0x75,0x6b,0x75,0x6b,0x76,0x6b,0x76,0x6b,
0x75,0x6b,0x96,0x6b,0x96,0x6b,0x96,0x6b,0x95,0x6b,0x96,0x6b,0x75,0x6b,0x96,0x6b,0x96,0x6b,0x96,0x6b,0x96,0x6b,0x96,0x6b,
0x75,0x6b,0x95,0x6b,0x95,0x6b,0x95,0x6b,0x75,0x6b,0x95,0x6b,0x95,0x6b,0x75,0x6b,0x75,0x6b,0x95,0x6b,0x95,0x6b,0x95,0x6b,
0x95,0x6b,0x75,0x6b,0x96,0x6b,0x96,0x6b,0x96,0x6b,0x95,0x6b,0x96,0x6b,0x95,0x6b,0x96,0x6b,0x96,0x6b,0x95,0x6b,0x95,0x6b,
0x96,0x6b,0x96,0x6b,0x96,0x6b,0x96,0x6b,0x96,0x6b,0x96,0x6b,0x95,0x6b,0x75,0x6b,0x96,0x6b,0x96,0x6b,0x96,0x6b,0x75,0x6b,
0x75,0x6b,0x95,0x6b,0x95,0x6b,0x95,0x6b,0x96,0x6b,0x96,0x6b,0x96,0x6b,0x95,0x6b,0x75,0x6b,0x95,0x6b,0x95,0x6b,0x96,0x6b,
0x95,0x6b,0x96,0x6b,0x75,0x6b,0x95,0x6b,0x75,0x6b,0x75,0x6b,0x75,0x6b,0x75,0x6b,0x75,0x63,0x75,0x6b,0x75,0x6b,0x75,0x6b,
0x75,0x6b,0x75,0x6b,0x75,0x6b,0x95,0x6b,0x75,0x6b,0x75,0x6b,0x75,0x6b,0x75,0x6b,0x75,0x6b,0x75,0x6b,0x75,0x6b,0x75,0x6b,
0x95,0x6b,0x75,0x6b,0x75,0x6b,0x75,0x6b,0x75,0x6b,0x75,0x6b,0x75,0x6b,0x75,0x6b,0x75,0x6b,0x75,0x6b,0x75,0x6b,0x75,0x6b,
0x75,0x6b,0x75,0x6b,0x75,0x6b,0x75,0x6b,0x75,0x6b,0x75,0x6b,0x75,0x6b,0x75,0x6b,0x75,0x6b,0x75,0x6b,0x75,0x6b,0x75,0x6b,
0x75,0x63,0x75,0x6b,0x75,0x6b,0x75,0x6b,0x75,0x6b,0x75,0x6b,0x75,0x63,0x75,0x6b,0x75,0x6b,0x75,0x6b,0x75,0x6b,0x75,0x6b,
0x75,0x6b,0x75,0x6b,0x75,0x6b,0x75,0x6b,0x75,0x6b,0x75,0x6b,0x75,0x6b,0x75,0x6b,0x75,0x6b,0x75,0x6b,0x75,0x6b,0x75,0x6b,
0x75,0x6b,0x75,0x6b,0x75,0x63,0x75,0x63,0x75,0x63,0x75,0x6b,0x75,0x6b,0x75,0x6b,0x95,0x6b,0x75,0x6b,0x75,0x6b,0x75,0x6b,
0x76,0x6b,0x75,0x63,0x75,0x6b,0x75,0x6b,0x75,0x6b,0x75,0x6b,0x75,0x6b,0x95,0x6b,0x75,0x6b,0x95,0x6b,0x76,0x6b,0x76,0x6b,
0x75,0x6b,0x75,0x6b,0x95,0x6b,0x95,0x6b,0x75,0x6b,0x96,0x6b,0x96,0x6b,0x76,0x6b,0x95,0x6b,0x95,0x6b,0x96,0x6b,0x95,0x6b,
0x96,0x6b,0x95,0x6b,0x96,0x6b,0x75,0x6b,0x75,0x6b,0x95,0x6b,0x75,0x6b,0x75,0x6b,0x75,0x6b,0x75,0x6b,0x75,0x6b,0x75,0x6b,
0x75,0x6b,0x75,0x6b,0x75,0x6b,0x75,0x6b,0x75,0x6b,0x96,0x6b,0x96,0x6b,0x95,0x6b,0x95,0x6b,0x95,0x6b,0x95,0x6b,0x96,0x6b,
0x96,0x6b,0x95,0x6b,0x95,0x6b,0x95,0x6b,0x75,0x6b,0x95,0x6b,0x95,0x6b,0x75,0x6b,0x96,0x6b,0x76,0x6b,0x95,0x6b,0x95,0x6b,
0x75,0x6b,0x95,0x6b,0x96,0x6b,0x75,0x6b,0x95,0x6b,0x96,0x6b,0x96,0x6b,0x95,0x6b,0x96,0x6b,0x95,0x6b,0x96,0x6b,0x95,0x6b,
0x96,0x6b,0x95,0x6b,0x96,0x6b,0x95,0x6b,0x95,0x6b,0x96,0x6b,0x96,0x6b,0x96,0x6b,0x96,0x6b,0x96,0x6b,0x95,0x6b,0x76,0x6b,
0x95,0x6b,0x96,0x6b,0x96,0x6b,0x75,0x6b,0x95,0x6b,0x95,0x6b,0x95,0x6b,0x96,0x6b,0x95,0x6b,0x96,0x6b,0x95,0x6b,0x95,0x6b,
0x95,0x6b,0x75,0x6b,0x95,0x6b,0x95,0x6b,0x95,0x6b,0x75,0x6b,0x95,0x6b,0x95,0x6b,0x95,0x6b,0x95,0x6b,0x75,0x6b,0x75,0x6b,
0x75,0x63,0x75,0x6b,0x75,0x6b,0x75,0x6b,0x75,0x6b,0x75,0x6b,0x75,0x6b,0x75,0x6b,0x75,0x6b,0x75,0x6b,0x75,0x6b,0x75,0x6b,
0x75,0x6b,0x75,0x6b,0x75,0x6b,0x75,0x6b,0x75,0x6b,0x75,0x6b,0x75,0x6b,0x75,0x6b,0x75,0x6b,0x75,0x6b,0x75,0x6b,0x75,0x6b,
0x75,0x6b,0x75,0x6b,0x75,0x6b,0x75,0x6b,0x75,0x6b,0x75,0x6b,0x75,0x6b,0x75,0x6b,0x75,0x63,0x75,0x6b,0x75,0x6b,0x75,0x6b,
0x75,0x6b,0x75,0x6b,0x75,0x6b,0x75,0x6b,0x75,0x6b,0x75,0x6b,0x75,0x6b,0x75,0x6b,0x75,0x6b,0x75,0x6b,0x75,0x6b,0x75,0x6b,
0x75,0x6b,0x75,0x6b,0x75,0x6b,0x75,0x6b,0x75,0x6b,0x75,0x6b,0x76,0x6b,0x75,0x6b,0x75,0x6b,0x75,0x6b,0x75,0x6b,0x75,0x6b,
0x75,0x6b,0x75,0x6b,0x75,0x6b,0x75,0x6b,0x75,0x6b,0x75,0x6b,0x75,0x6b,0x75,0x6b,0x75,0x6b,0x75,0x63,0x75,0x63,0x75,0x6b,
0x75,0x6b,0x75,0x6b,0x75,0x6b,0x75,0x6b,0x75,0x6b,0x75,0x6b,0x75,0x6b,0x75,0x6b,0x75,0x6b,0x75,0x6b,0x75,0x6b,0x75,0x6b,
0x75,0x6b,0x75,0x6b,0x75,0x6b,0x75,0x6b,0x75,0x6b,0x95,0x6b,0x95,0x6b,0x75,0x6b,0x76,0x6b,0x76,0x6b,0x75,0x6b,0x95,0x6b,
0x96,0x6b,0x95,0x6b,0x96,0x6b,0x95,0x6b,0x75,0x6b,0x95,0x6b,0x95,0x6b,0x96,0x6b,0x75,0x6b,0x75,0x6b,0x75,0x6b,0x75,0x6b,
0x75,0x6b,0x75,0x6b,0x4b,0x5a,0x09,0x52,0x0a,0x52,0x75,0x6b,0x75,0x6b,0x75,0x6b,0x75,0x6b,0x75,0x6b,0x75,0x6b,0x95,0x6b,
0x75,0x6b,0x95,0x6b,0x75,0x6b,0x75,0x6b,0x95,0x6b,0x95,0x6b,0x95,0x6b,0x95,0x6b,0x95,0x6b,0x75,0x6b,0x75,0x6b,0x75,0x6b,
0x75,0x6b,0x96,0x6b,0x95,0x6b,0x95,0x6b,0x95,0x6b,0x95,0x6b,0x95,0x6b,0x95,0x6b,0x95,0x6b,0x75,0x6b,0x95,0x6b,0x75,0x6b,
0x75,0x6b,0x96,0x6b,0x95,0x6b,0x96,0x6b,0x75,0x6b,0x75,0x6b,0x75,0x6b,0x95,0x6b,0x96,0x6b,0x96,0x6b,0x96,0x6b,0x96,0x6b,
0x95,0x6b,0x96,0x6b,0x95,0x6b,0x95,0x6b,0x95,0x6b,0x95,0x6b,0x95,0x6b,0x75,0x6b,0x95,0x6b,0x95,0x6b,0x95,0x6b,0x96,0x6b,
0x96,0x6b,0x96,0x6b,0x95,0x6b,0x95,0x6b,0x95,0x6b,0x75,0x6b,0x95,0x6b,0x95,0x6b,0x95,0x6b,0x95,0x6b,0x75,0x6b,0x96,0x6b,
0x95,0x6b,0x95,0x6b,0x95,0x6b,0x75,0x6b,0x75,0x6b,0x75,0x6b,0x75,0x6b,0x75,0x6b,0x75,0x6b,0x75,0x6b,0x75,0x6b,0x75,0x6b,
0x75,0x6b,0x75,0x6b,0x75,0x6b,0x75,0x6b,0x75,0x6b,0x75,0x6b,0x75,0x6b,0x75,0x6b,0x75,0x6b,0x75,0x6b,0x75,0x63,0x75,0x6b,
0x75,0x6b,0x75,0x6b,0x75,0x6b,0x75,0x6b,0x75,0x6b,0x75,0x6b,0x75,0x6b,0x75,0x6b,0x75,0x6b,0x55,0x63,0x75,0x6b,0x75,0x6b,
0x75,0x6b,0x75,0x6b,0x75,0x6b,0x75,0x6b,0x75,0x6b,0x75,0x6b,0x75,0x6b,0x75,0x6b,0x75,0x6b,0x75,0x6b,0x75,0x6b,0x75,0x6b,
0x75,0x6b,0x75,0x6b,0x75,0x6b,0x75,0x6b,0x75,0x6b,0x75,0x6b,0x75,0x6b,0x75,0x6b,0x75,0x6b,0x75,0x6b,0x75,0x6b,0x75,0x6b,
0x75,0x6b,0x75,0x6b,0x75,0x6b,0x75,0x63,0x75,0x6b,0x75,0x6b,0x75,0x6b,0x75,0x6b,0x75,0x63,0x75,0x63,0x75,0x6b,0x75,0x6b,
0x75,0x6b,0x75,0x6b,0x75,0x6b,0x75,0x6b,0x75,0x6b,0x75,0x6b,0x75,0x6b,0x75,0x6b,0x75,0x6b,0x75,0x6b,0x75,0x6b,0x75,0x6b,
0x75,0x6b,0x75,0x6b,0x75,0x6b,0x75,0x6b,0x75,0x6b,0x75,0x6b,0x75,0x6b,0x75,0x6b,0x75,0x6b,0x75,0x6b,0x95,0x6b,0x95,0x6b,
0x95,0x6b,0x95,0x6b,0x75,0x6b,0x96,0x6b,0x96,0x6b,0x95,0x6b,0x96,0x6b,0x95,0x6b,0x95,0x6b,0x95,0x6b,0x75,0x6b,0x75,0x6b,
0x75,0x6b,0x75,0x6b,0x75,0x63,0x75,0x6b,0x75,0x6b,0x75,0x6b,0x68,0x39,0x6c,0x62,0x47,0x31,0x75,0x6b,0x75,0x6b,0x75,0x6b,
0x75,0x6b,0x75,0x6b,0x75,0x6b,0x75,0x6b,0x95,0x6b,0x75,0x6b,0x95,0x6b,0x95,0x6b,0x75,0x6b,0x75,0x6b,0x95,0x6b,0x95,0x6b,
0x75,0x6b,0x75,0x6b,0x75,0x6b,0x95,0x6b,0x75,0x6b,0x75,0x6b,0x75,0x6b,0x95,0x6b,0x95,0x6b,0x95,0x6b,0x95,0x6b,0x75,0x6b,
0x75,0x6b,0x75,0x6b,0x75,0x6b,0x75,0x6b,0x75,0x6b,0x75,0x6b,0x95,0x6b,0x95,0x6b,0x75,0x6b,0x75,0x6b,0x75,0x6b,0x75,0x6b,
0x75,0x6b,0x75,0x6b,0x96,0x6b,0x96,0x6b,0x96,0x6b,0x95,0x6b,0x95,0x6b,0x75,0x6b,0x95,0x6b,0x95,0x6b,0x95,0x6b,0x75,0x6b,
0x75,0x6b,0x75,0x6b,0x96,0x6b,0x95,0x6b,0x95,0x6b,0x96,0x6b,0x95,0x6b,0x75,0x6b,0x75,0x6b,0x75,0x6b,0x75,0x6b,0x75,0x6b,
0x95,0x6b,0x75,0x6b,0x95,0x6b,0x75,0x6b,0x95,0x6b,0x95,0x6b,0x75,0x6b,0x75,0x6b,0x75,0x6b,0x75,0x6b,0x75,0x63,0x95,0x6b,
0x95,0x6b,0x95,0x63,0x76,0x6b,0x96,0x63,0x96,0x63,0x96,0x63,0x96,0x63,0x95,0x6b,0x95,0x6b,0xb6,0x6b,0xb6,0x6b,0x95,0x6b,
0x95,0x6b,0x75,0x63,0x95,0x63,0x95,0x63,0x95,0x63,0x95,0x6b,0x95,0x63,0x95,0x6b,0x75,0x63,0x95,0x6b,0x95,0x6b,0x75,0x6b,
0x75,0x63,0x75,0x63,0x75,0x63,0x95,0x63,0x95,0x63,0x95,0x6b,0x95,0x63,0x95,0x6b,0x95,0x6b,0x95,0x63,0x96,0x6b,0x95,0x6b,
0x95,0x6b,0x95,0x6b,0x95,0x6b,0x74,0x63,0x75,0x63,0x95,0x63,0x95,0x6b,0x75,0x63,0x95,0x63,0x95,0x63,0x75,0x63,0x95,0x63,
0x74,0x63,0x95,0x63,0x95,0x63,0x75,0x63,0x95,0x63,0x95,0x6b,0x95,0x6b,0x95,0x63,0x95,0x63,0x75,0x63,0x95,0x63,0x75,0x63,
0x75,0x63,0x75,0x63,0x95,0x63,0x95,0x63,0x95,0x63,0x95,0x63,0x95,0x63,0x95,0x63,0x95,0x63,0x95,0x63,0x95,0x63,0x95,0x6b,
0x96,0x6b,0x96,0x6b,0xb6,0x63,0x96,0x63,0x95,0x6b,0x95,0x6b,0x95,0x6b,0x96,0x6b,0x95,0x6b,0x75,0x6b,0x76,0x6b,0x75,0x6b,
0x75,0x6b,0x75,0x6b,0x75,0x6b,0x75,0x6b,0x75,0x6b,0x75,0x6b,0x75,0x6b,0x75,0x6b,0x75,0x6b,0x75,0x6b,0x96,0x6b,0x95,0x6b,
0x96,0x6b,0x75,0x6b,0x75,0x6b,0x75,0x63,0x75,0x6b,0x75,0x6b,0x75,0x63,0x75,0x6b,0x75,0x6b,0xd0,0x5a,0xa9,0x41,0x33,0x63,
0x27,0x29,0x53,0x63,0x75,0x6b,0x75,0x63,0x75,0x6b,0x75,0x6b,0x75,0x6b,0x95,0x6b,0x95,0x6b,0x96,0x6b,0x96,0x6b,0x96,0x6b,
0x95,0x6b,0x75,0x6b,0x75,0x6b,0x75,0x6b,0x75,0x6b,0x75,0x6b,0x95,0x6b,0x95,0x6b,0x75,0x6b,0x75,0x6b,0x75,0x6b,0x75,0x6b,
0x75,0x6b,0x75,0x6b,0x75,0x6b,0x95,0x6b,0x95,0x6b,0x75,0x6b,0x75,0x6b,0x95,0x6b,0x95,0x6b,0x75,0x6b,0x75,0x6b,0x95,0x6b,
0x95,0x6b,0x95,0x6b,0x95,0x6b,0x95,0x6b,0x95,0x6b,0x75,0x6b,0x95,0x6b,0x96,0x6b,0x95,0x6b,0x95,0x6b,0x75,0x6b,0x75,0x6b,
0x95,0x6b,0x75,0x6b,0x75,0x6b,0x95,0x6b,0x95,0x6b,0x75,0x6b,0x96,0x6b,0x75,0x6b,0x75,0x6b,0x75,0x6b,0x95,0x6b,0x75,0x6b,
0x75,0x6b,0x75,0x6b,0x75,0x6b,0x75,0x6b,0x95,0x6b,0x95,0x6b,0x95,0x6b,0x76,0x6b,0x95,0x6b,0x75,0x6b,0x75,0x6b,0x75,0x6b,
0x75,0x6b,0x75,0x6b,0xed,0x72,0x2a,0x5a,0x88,0x39,0xae,0x49,0x27,0x31,0x88,0x41,0xa9,0x49,0xa8,0x41,0x88,0x41,0xcb,0x49,
0xad,0x41,0x0e,0x4a,0x87,0x41,0xa8,0x41,0x87,0x41,0x87,0x41,0x87,0x41,0x87,0x41,0x87,0x41,0x87,0x41,0x87,0x41,0x87,0x41,
0x87,0x41,0x87,0x41,0x87,0x41,0x88,0x41,0x87,0x41,0x87,0x39,0x87,0x39,0x87,0x41,0x87,0x41,0x88,0x41,0x88,0x41,0x87,0x41,
0x88,0x41,0x87,0x41,0x87,0x41,0x87,0x41,0x87,0x41,0x87,0x41,0x87,0x41,0x87,0x41,0x87,0x41,0x87,0x41,0x88,0x41,0x88,0x41,
0x88,0x41,0xa8,0x41,0x88,0x41,0x88,0x41,0x87,0x41,0x87,0x41,0x87,0x41,0x88,0x41,0xa8,0x41,0x88,0x41,0x88,0x41,0x87,0x41,
0x87,0x41,0x87,0x41,0x87,0x41,0xa7,0x41,0x88,0x41,0x88,0x41,0x87,0x41,0x87,0x41,0x88,0x41,0x88,0x41,0xa8,0x41,0x88,0x41,
0x88,0x41,0x87,0x41,0x88,0x41,0xee,0x51,0xce,0x49,0x68,0x41,0x88,0x41,0x88,0x41,0x88,0x41,0xaa,0x41,0xae,0x49,0x88,0x41,
0x2a,0x5a,0xed,0x72,0x75,0x6b,0x75,0x6b,0x75,0x6b,0x75,0x6b,0x95,0x6b,0x75,0x6b,0x75,0x6b,0x75,0x6b,0x75,0x6b,0x75,0x6b,
0x75,0x6b,0x95,0x6b,0x75,0x6b,0x75,0x6b,0x95,0x6b,0x75,0x6b,0x75,0x6b,0x75,0x6b,0x75,0x6b,0x75,0x6b,0x75,0x6b,0x75,0x6b,
0x75,0x6b,0xaa,0x41,0x6e,0x52,0x54,0x63,0x54,0x63,0x67,0x41,0x55,0x63,0x75,0x6b,0x75,0x6b,0x75,0x6b,0x95,0x6b,0x96,0x6b,
0x76,0x6b,0x75,0x6b,0x76,0x6b,0x95,0x6b,0x95,0x6b,0x95,0x6b,0x75,0x6b,0x75,0x6b,0x75,0x6b,0x75,0x6b,0x75,0x6b,0x75,0x6b,
0x75,0x6b,0x75,0x6b,0x75,0x6b,0x75,0x6b,0x75,0x6b,0x75,0x6b,0x75,0x6b,0x75,0x6b,0x95,0x6b,0x95,0x6b,0x95,0x6b,0x95,0x6b,
0x75,0x6b,0x75,0x6b,0x95,0x6b,0x75,0x6b,0x95,0x6b,0x95,0x6b,0x75,0x6b,0x96,0x6b,0x75,0x6b,0x75,0x6b,0x95,0x6b,0x96,0x6b,
0x95,0x6b,0x75,0x6b,0x95,0x6b,0x95,0x6b,0x75,0x6b,0x95,0x6b,0x95,0x6b,0x95,0x6b,0x96,0x6b,0x96,0x6b,0x95,0x6b,0x75,0x6b,
0x95,0x6b,0x95,0x6b,0x96,0x6b,0x75,0x6b,0x75,0x6b,0x75,0x6b,0x75,0x6b,0x75,0x6b,0x95,0x6b,0x95,0x6b,0x96,0x6b,0x96,0x6b,
0x95,0x6b,0x75,0x6b,0x75,0x6b,0x75,0x6b,0x75,0x6b,0x75,0x63,0xc8,0x49,0xaf,0x93,0x6e,0x8b,0x32,0x62,0x70,0x8b,0x6e,0x8b,
0xd0,0x7a,0x2e,0x83,0xd0,0x93,0x53,0x62,0x53,0x62,0xd0,0x49,0x8f,0x93,0x8e,0x93,0x8e,0x93,0x8e,0x93,0x6e,0x93,0x6e,0x93,
0x6e,0x8b,0x6e,0x8b,0x6e,0x8b,0x6e,0x93,0x8e,0x93,0x8e,0x93,0x8e,0x93,0x8e,0x8b,0x8e,0x93,0x6e,0x8b,0x8e,0x93,0x6e,0x8b,
0x8e,0x8b,0x8e,0x93,0x8e,0x93,0x8e,0x93,0x6e,0x8b,0x6e,0x8b,0x6e,0x93,0x8e,0x93,0x6e,0x8b,0x6e,0x8b,0x6e,0x8b,0x6e,0x8b,
0x8e,0x93,0x8e,0x93,0x8f,0x93,0x8e,0x93,0x8f,0x93,0xaf,0x93,0xaf,0x93,0x8f,0x93,0x8f,0x93,0x8e,0x93,0x8e,0x93,0x8f,0x93,
0x8f,0x93,0x8f,0x93,0x6e,0x93,0x6e,0x8b,0x8e,0x8b,0x8e,0x93,0x8f,0x93,0x8f,0x93,0x8e,0x93,0x8e,0x8b,0x6e,0x8b,0x6e,0x8b,
0x8e,0x8b,0x8e,0x93,0x6e,0x8b,0x6e,0x8b,0x6e,0x8b,0x6e,0x8b,0xef,0x82,0xf0,0x59,0x53,0x62,0xaf,0x93,0x8f,0x93,0xf0,0x61,
0x73,0x72,0x90,0x8b,0x12,0x5a,0xab,0x72,0xaf,0x93,0x88,0x39,0x55,0x63,0x75,0x6b,0x75,0x6b,0x75,0x6b,0x75,0x6b,0x75,0x6b,
0x75,0x6b,0x75,0x6b,0x75,0x6b,0x75,0x6b,0x95,0x6b,0x75,0x6b,0x95,0x6b,0x95,0x6b,0x95,0x6b,0x95,0x6b,0x75,0x6b,0x75,0x6b,
0x75,0x6b,0x75,0x63,0x75,0x6b,0x75,0x6b,0x75,0x6b,0x67,0x31,0xd1,0x5a,0x96,0x6b,0x96,0x6b,0x47,0x31,0x54,0x63,0x75,0x6b,
0x75,0x6b,0x95,0x6b,0x75,0x6b,0x75,0x6b,0x75,0x6b,0x75,0x6b,0x95,0x6b,0x75,0x6b,0x96,0x6b,0x95,0x6b,0x75,0x6b,0x75,0x6b,
0x75,0x6b,0x75,0x6b,0x75,0x6b,0x75,0x6b,0x75,0x6b,0x75,0x6b,0x75,0x63,0x75,0x63,0x75,0x6b,0x95,0x6b,0x75,0x6b,0x75,0x6b,
0x75,0x6b,0x96,0x6b,0x95,0x6b,0x95,0x6b,0x75,0x6b,0x75,0x6b,0x75,0x6b,0x75,0x6b,0x75,0x6b,0x75,0x6b,0x96,0x6b,0x76,0x6b,
0x75,0x6b,0x75,0x6b,0x75,0x6b,0x95,0x6b,0x96,0x6b,0x95,0x6b,0x95,0x6b,0x95,0x6b,0x95,0x6b,0x75,0x6b,0x75,0x6b,0x95,0x6b,
0x96,0x6b,0x96,0x6b,0x95,0x6b,0x96,0x6b,0x96,0x6b,0x95,0x6b,0x95,0x6b,0x96,0x6b,0x75,0x6b,0x95,0x6b,0x75,0x6b,0x75,0x6b,
0x95,0x6b,0x95,0x6b,0x96,0x6b,0x95,0x6b,0x75,0x6b,0x75,0x6b,0x75,0x63,0x75,0x6b,0x75,0x6b,0x75,0x6b,0xa8,0x41,0xc8,0x49,
0xa7,0x41,0xae,0x49,0xaa,0x41,0x67,0x39,0xc8,0x49,0x09,0x52,0xa8,0x49,0x4d,0x41,0x8f,0x41,0x0a,0x52,0xac,0x72,0x0d,0x83,
0x0d,0x83,0x0d,0x83,0x0d,0x83,0x0d,0x7b,0x0d,0x7b,0x0d,0x7b,0xed,0x7a,0x0d,0x7b,0x0d,0x7b,0x0d,0x83,0x0d,0x7b,0x0d,0x83,
0x0d,0x83,0x0d,0x7b,0x0d,0x7b,0x0d,0x7b,0x0d,0x7b,0x0d,0x7b,0x0d,0x7b,0x0d,0x7b,0xed,0x7a,0x0d,0x7b,0x0d,0x83,0x0d,0x83,
0x0d,0x7b,0x0d,0x7b,0x0d,0x7b,0x0d,0x7b,0xed,0x7a,0x0d,0x7b,0x0d,0x83,0x0d,0x83,0x0d,0x83,0x0d,0x83,0x0d,0x7b,0x0d,0x7b,
0xed,0x7a,0x0d,0x7b,0x0d,0x7b,0x0d,0x7b,0xed,0x7a,0xec,0x7a,0xec,0x7a,0xec,0x7a,0xed,0x7a,0xec,0x7a,0x0d,0x7b,0x0d,0x83,
0x0d,0x7b,0x0d,0x7b,0x0d,0x7b,0x0d,0x7b,0x0d,0x7b,0xed,0x7a,0xed,0x7a,0xed,0x7a,0xec,0x7a,0xec,0x7a,0x8c,0x6a,0xca,0x49,
0x2c,0x31,0xc8,0x49,0xc9,0x49,0xc9,0x49,0xe9,0x49,0xa9,0x41,0x6e,0x41,0xc8,0x49,0x88,0x41,0x67,0x39,0x75,0x6b,0x75,0x6b,
0x75,0x6b,0x75,0x6b,0x75,0x6b,0x75,0x6b,0x75,0x6b,0x75,0x6b,0x75,0x6b,0x75,0x6b,0x95,0x6b,0x75,0x6b,0x75,0x6b,0x75,0x6b,
0x75,0x6b,0x75,0x6b,0x75,0x6b,0x75,0x6b,0x75,0x63,0x75,0x63,0x75,0x6b,0x75,0x6b,0x95,0x6b,0x47,0x31,0x55,0x63,0x75,0x6b,
0x75,0x6b,0x27,0x29,0xea,0x41,0x75,0x6b,0x75,0x6b,0x75,0x6b,0x75,0x6b,0x76,0x6b,0x75,0x6b,0x75,0x6b,0x75,0x6b,0x75,0x6b,
0x75,0x6b,0x75,0x6b,0x75,0x6b,0x75,0x6b,0x75,0x6b,0x75,0x6b,0x75,0x6b,0x75,0x6b,0x75,0x6b,0x75,0x6b,0x76,0x6b,0x75,0x6b,
0x75,0x6b,0x75,0x6b,0x95,0x6b,0x95,0x6b,0x95,0x6b,0x96,0x6b,0x95,0x6b,0x96,0x6b,0x95,0x6b,0x95,0x6b,0x95,0x6b,0x95,0x6b,
0x96,0x6b,0x95,0x6b,0x95,0x6b,0x95,0x6b,0x75,0x6b,0x95,0x6b,0x95,0x6b,0x95,0x6b,0x95,0x6b,0x95,0x6b,0x96,0x6b,0x76,0x6b,
0x95,0x6b,0x75,0x6b,0x75,0x6b,0x95,0x6b,0x96,0x6b,0x95,0x6b,0x95,0x6b,0x95,0x6b,0x95,0x6b,0x75,0x6b,0x75,0x6b,0x75,0x6b,
0x75,0x6b,0x95,0x6b,0x75,0x6b,0x75,0x6b,0x95,0x6b,0x95,0x6b,0x95,0x6b,0x75,0x6b,0x75,0x6b,0x75,0x6b,0x75,0x6b,0x75,0x6b,
0x75,0x6b,0x55,0x63,0x47,0x39,0x47,0x31,0x69,0x39,0xd0,0x51,0xcf,0x49,0xcf,0x49,0xce,0x49,0xef,0x51,0x10,0x52,0xb0,0x49,
0xf2,0x51,0xa8,0x41,0x88,0x41,0xa8,0x41,0xa8,0x41,0xa8,0x41,0xa8,0x41,0xa8,0x41,0xa8,0x41,0xa8,0x49,0xa8,0x41,0xa8,0x49,
0xa8,0x49,0xa8,0x49,0xa8,0x49,0xa8,0x41,0xa8,0x49,0xa8,0x41,0xa8,0x41,0xa8,0x41,0xa8,0x41,0xa8,0x41,0xa8,0x41,0xa8,0x49,
0xa8,0x49,0xa8,0x49,0xc8,0x49,0xa8,0x49,0xa8,0x49,0xa8,0x49,0xa8,0x49,0xc8,0x49,0xa8,0x49,0xa8,0x41,0xa8,0x49,0xa8,0x49,
0xa8,0x49,0xa8,0x49,0xa8,0x49,0xa8,0x41,0xa8,0x49,0xa8,0x49,0xa8,0x49,0xa8,0x49,0xa8,0x41,0xa8,0x41,0xa8,0x41,0xa8,0x41,
0xa8,0x41,0xa8,0x41,0xa8,0x49,0xa8,0x49,0xa8,0x49,0xa8,0x49,0xa8,0x49,0xa8,0x49,0xa8,0x41,0xa8,0x49,0xa8,0x49,0xa8,0x49,
0xa8,0x49,0x87,0x41,0x87,0x41,0xcb,0x49,0xf0,0x51,0x30,0x52,0xce,0x49,0xef,0x49,0xef,0x49,0xcf,0x49,0xd0,0x49,0xcf,0x49,
0x46,0x31,0x67,0x39,0x75,0x6b,0x75,0x6b,0x75,0x6b,0x96,0x6b,0x75,0x6b,0x75,0x6b,0x75,0x6b,0x75,0x6b,0x76,0x6b,0x75,0x6b,
0x75,0x6b,0x75,0x6b,0x75,0x6b,0x75,0x6b,0x75,0x6b,0x75,0x6b,0x75,0x6b,0x75,0x6b,0x75,0x63,0x75,0x6b,0x75,0x6b,0x75,0x6b,
0x2a,0x52,0xd1,0x5a,0x75,0x6b,0x75,0x6b,0x75,0x6b,0x96,0x6b,0x47,0x31,0x75,0x63,0x75,0x6b,0x75,0x6b,0x75,0x6b,0x75,0x6b,
0x75,0x6b,0x75,0x6b,0x75,0x6b,0x75,0x6b,0x75,0x6b,0x75,0x6b,0x75,0x6b,0x75,0x6b,0x75,0x6b,0x75,0x6b,0x75,0x6b,0x75,0x6b,
0x75,0x6b,0x75,0x6b,0x75,0x6b,0x75,0x6b,0x96,0x6b,0x95,0x6b,0x96,0x6b,0x96,0x6b,0x95,0x6b,0x95,0x6b,0x96,0x6b,0x96,0x6b,
0x96,0x6b,0x95,0x6b,0x75,0x6b,0x75,0x6b,0x75,0x6b,0x75,0x6b,0x95,0x6b,0x75,0x6b,0x75,0x6b,0x75,0x6b,0x76,0x6b,0x95,0x6b,
0x75,0x6b,0x95,0x6b,0x75,0x6b,0x95,0x6b,0x75,0x6b,0x95,0x6b,0x96,0x6b,0x95,0x6b,0x96,0x6b,0x95,0x6b,0x96,0x6b,0x95,0x6b,
0x96,0x6b,0x75,0x6b,0x75,0x6b,0x75,0x6b,0x95,0x6b,0x95,0x6b,0x75,0x6b,0x75,0x6b,0x95,0x6b,0x95,0x6b,0x95,0x6b,0x95,0x6b,
0x95,0x6b,0x75,0x6b,0x75,0x6b,0x75,0x6b,0x75,0x6b,0x75,0x63,0xb1,0x52,0xb1,0x52,0xb0,0x51,0xaf,0x49,0x8e,0x49,0xaf,0x51,
0x8f,0x49,0x8f,0x49,0xd1,0x51,0xd0,0x51,0xaf,0x49,0x89,0x41,0xa8,0x41,0xa8,0x41,0xa8,0x41,0xa8,0x49,0xa8,0x41,0xa8,0x49,
0xa8,0x49,0xa8,0x49,0xc8,0x49,0xa8,0x49,0xa8,0x49,0xa8,0x49,0xa8,0x49,0xa8,0x49,0xa8,0x49,0xa8,0x41,0xa7,0x41,0xa8,0x41,
0xa8,0x41,0xa8,0x41,0xa8,0x49,0xc8,0x49,0xa8,0x49,0xa8,0x49,0xa8,0x49,0xc8,0x49,0xa8,0x49,0xa8,0x49,0xa8,0x49,0xa8,0x41,
0xc8,0x41,0xa8,0x49,0xa8,0x49,0xc8,0x49,0xc8,0x49,0xa8,0x49,0xa8,0x49,0xa8,0x49,0xa8,0x49,0xa8,0x49,0xa8,0x49,0xa8,0x49,
0xa8,0x49,0xa8,0x49,0xa8,0x49,0xa8,0x49,0xc8,0x49,0xa8,0x49,0xa8,0x49,0xa8,0x41,0xa8,0x49,0xa8,0x49,0xa8,0x49,0xa8,0x49,
0xc8,0x49,0xc8,0x49,0xc8,0x49,0xa8,0x49,0xc8,0x49,0xa8,0x49,0x87,0x41,0x0c,0x31,0xd1,0x59,0xd0,0x51,0x8e,0x49,0xaf,0x49,
0xaf,0x49,0xaf,0x49,0x8f,0x49,0xaf,0x49,0x91,0x5a,0xb1,0x52,0x75,0x6b,0x75,0x6b,0x95,0x6b,0x95,0x6b,0x95,0x6b,0x75,0x6b,
0x75,0x6b,0x96,0x6b,0x76,0x6b,0x75,0x6b,0x75,0x6b,0x75,0x6b,0x75,0x6b,0x75,0x6b,0x75,0x6b,0x75,0x6b,0x75,0x6b,0x75,0x6b,
0x75,0x6b,0x75,0x6b,0x75,0x6b,0xb5,0x73,0x6b,0x52,0x33,0x63,0x75,0x6b,0x75,0x6b,0x95,0x6b,0x95,0x6b,0x26,0x31,0xd6,0x6b,
0x75,0x6b,0x75,0x6b,0x75,0x6b,0x75,0x6b,0x75,0x6b,0x96,0x6b,0x75,0x6b,0x75,0x6b,0x75,0x6b,0x75,0x6b,0x95,0x6b,0x95,0x6b,
0x95,0x6b,0x75,0x6b,0x75,0x6b,0x75,0x6b,0x75,0x6b,0x75,0x6b,0x75,0x6b,0x75,0x6b,0x95,0x6b,0x95,0x6b,0x96,0x6b,0x96,0x6b,
0x96,0x6b,0x96,0x6b,0x96,0x6b,0x95,0x6b,0x96,0x6b,0x96,0x6b,0x96,0x6b,0x75,0x6b,0x95,0x6b,0x95,0x6b,0x95,0x6b,0x95,0x6b,
0x95,0x6b,0x75,0x6b,0x75,0x6b,0x76,0x6b,0x75,0x6b,0x95,0x6b,0x95,0x6b,0x95,0x6b,0x76,0x6b,0x95,0x6b,0x95,0x6b,0x75,0x6b,
0x95,0x6b,0x95,0x6b,0x75,0x6b,0x75,0x6b,0x75,0x6b,0x75,0x6b,0x75,0x6b,0x75,0x6b,0x75,0x6b,0x75,0x6b,0x75,0x6b,0x75,0x6b,
0x75,0x6b,0x75,0x6b,0x96,0x6b,0x96,0x6b,0x95,0x6b,0x76,0x6b,0x96,0x6b,0x75,0x6b,0x75,0x6b,0x75,0x6b,0x75,0x6b,0xd0,0x51,
0x94,0x72,0xb5,0x72,0x98,0x8b,0x57,0x83,0x74,0x6a,0xb5,0x72,0x77,0x8b,0x57,0x83,0x16,0x7b,0xf0,0x51,0x8e,0x19,0x8e,0x19,
0x8e,0x19,0x8e,0x19,0x8e,0x19,0x8e,0x19,0x8e,0x19,0x8e,0x19,0x8e,0x19,0x8e,0x19,0x8e,0x19,0x8e,0x19,0x8e,0x19,0x8e,0x19,
0x8e,0x19,0x8e,0x19,0x8e,0x19,0x8e,0x19,0x8e,0x19,0x8e,0x19,0x8e,0x19,0x8e,0x19,0x8e,0x19,0x8e,0x19,0x8e,0x19,0x8e,0x19,
0x8e,0x19,0x8e,0x19,0x8e,0x19,0xe9,0x51,0xe9,0x51,0x8e,0x19,0x8e,0x19,0x8e,0x19,0x8e,0x19,0x8e,0x19,0x8e,0x19,0x8e,0x19,
0x8e,0x19,0x8e,0x19,0x8e,0x19,0x8e,0x19,0x8e,0x19,0x8e,0x19,0x8e,0x19,0x8e,0x19,0x6e,0x19,0x8e,0x19,0x8e,0x19,0x8e,0x19,
0x8e,0x19,0x8e,0x19,0x8e,0x19,0x8e,0x19,0x8e,0x19,0x8e,0x19,0x8e,0x19,0x8e,0x19,0x8d,0x19,0x8d,0x19,0x6e,0x21,0x8f,0x49,
0x57,0x8b,0x16,0x83,0x74,0x6a,0x94,0x72,0x73,0x6a,0x57,0x83,0xb5,0x72,0x94,0x6a,0xf0,0x51,0x75,0x63,0x75,0x6b,0x95,0x6b,
0x95,0x6b,0x95,0x6b,0x96,0x6b,0x95,0x6b,0x95,0x6b,0x76,0x6b,0x95,0x6b,0x75,0x6b,0x75,0x6b,0x75,0x6b,0x75,0x6b,0x75,0x6b,
0x75,0x6b,0x95,0x6b,0x75,0x6b,0x75,0x6b,0x75,0x6b,0x75,0x6b,0x75,0x63,0x68,0x39,0xa9,0x41,0x75,0x6b,0x75,0x6b,0x75,0x6b,
0x75,0x6b,0x75,0x6b,0xf2,0x5a,0x67,0x39,0xe9,0x49,0x75,0x6b,0x75,0x6b,0x75,0x6b,0x75,0x6b,0x75,0x6b,0x75,0x6b,0x75,0x6b,
0x96,0x6b,0x95,0x6b,0x95,0x6b,0x96,0x6b,0x96,0x6b,0x75,0x6b,0x75,0x6b,0x75,0x6b,0x75,0x6b,0x75,0x6b,0x75,0x6b,0x96,0x6b,
0x75,0x6b,0x95,0x6b,0x95,0x6b,0x96,0x6b,0x95,0x6b,0x96,0x6b,0x96,0x6b,0x96,0x6b,0x95,0x6b,0x95,0x6b,0x95,0x6b,0x95,0x6b,
0x95,0x6b,0x75,0x6b,0x75,0x6b,0x95,0x6b,0x75,0x6b,0x75,0x6b,0x75,0x6b,0x75,0x6b,0x95,0x6b,0x75,0x6b,0x96,0x6b,0x75,0x6b,
0x96,0x6b,0x95,0x6b,0x96,0x6b,0x75,0x6b,0x75,0x6b,0x75,0x6b,0x75,0x6b,0x75,0x6b,0x95,0x6b,0x75,0x6b,0x75,0x6b,0x75,0x6b,
0x75,0x6b,0x75,0x6b,0x75,0x6b,0x75,0x6b,0x75,0x6b,0x95,0x6b,0x75,0x6b,0x95,0x6b,0x75,0x6b,0x76,0x6b,0x75,0x6b,0x96,0x6b,
0x75,0x6b,0x75,0x6b,0x75,0x6b,0xd0,0x51,0x16,0x83,0xd6,0x7a,0x97,0x8b,0x57,0x83,0x74,0x6a,0xd5,0x7a,0x57,0x83,0x77,0x8b,
0x97,0x8b,0xf1,0x59,0x8e,0x19,0x8e,0x19,0x8e,0x19,0x8e,0x19,0x8e,0x19,0x8e,0x19,0x8e,0x19,0x8e,0x19,0x8e,0x19,0x8e,0x19,
0x8e,0x19,0x8e,0x19,0x8e,0x19,0x8e,0x21,0x8e,0x19,0x8e,0x19,0x8e,0x19,0x8e,0x19,0x8e,0x19,0x8e,0x19,0x8e,0x19,0x8e,0x19,
0x8e,0x19,0x8e,0x19,0x8e,0x19,0x8e,0x19,0x8e,0x19,0x8e,0x19,0x8e,0x19,0xe9,0x51,0xe9,0x51,0x6e,0x19,0x8e,0x19,0x8e,0x19,
0x8e,0x19,0x8e,0x19,0x8e,0x19,0x8e,0x19,0x8e,0x19,0x8e,0x19,0x8e,0x19,0x8e,0x19,0x8e,0x19,0x8e,0x19,0x8e,0x19,0x8e,0x19,
0x8e,0x19,0x6e,0x19,0x8e,0x19,0x8e,0x19,0x8e,0x19,0x8e,0x19,0x8e,0x19,0x8e,0x19,0x8e,0x19,0x8e,0x19,0x8e,0x19,0x8e,0x19,
0x8e,0x19,0x6d,0x19,0x8e,0x21,0xb0,0x51,0x57,0x83,0x77,0x8b,0x94,0x72,0x74,0x6a,0x74,0x6a,0x77,0x8b,0xd6,0x7a,0x94,0x6a,
0xaf,0x49,0x75,0x63,0x75,0x6b,0x96,0x6b,0x95,0x6b,0x95,0x6b,0x95,0x6b,0x95,0x6b,0x75,0x6b,0x95,0x6b,0x95,0x6b,0x76,0x6b,
0x95,0x6b,0x75,0x6b,0x75,0x6b,0x75,0x6b,0x75,0x6b,0x95,0x6b,0x95,0x6b,0x95,0x6b,0x75,0x6b,0x75,0x6b,0x54,0x63,0x47,0x31,
0x95,0x6b,0x75,0x6b,0x75,0x6b,0x75,0x6b,0x75,0x6b,0x95,0x6b,0x75,0x63,0xc9,0x49,0xe9,0x49,0x95,0x6b,0x75,0x6b,0x75,0x6b,
0x75,0x6b,0x75,0x6b,0x75,0x6b,0x75,0x6b,0x75,0x6b,0x75,0x6b,0x75,0x6b,0x75,0x6b,0x75,0x6b,0x75,0x6b,0x75,0x6b,0x75,0x6b,
0x75,0x6b,0x75,0x6b,0x75,0x6b,0x75,0x6b,0x75,0x6b,0x95,0x6b,0x96,0x6b,0x96,0x6b,0x95,0x6b,0x75,0x6b,0x95,0x6b,0x95,0x6b,
0x95,0x6b,0x95,0x6b,0x95,0x6b,0x95,0x6b,0x75,0x6b,0x75,0x6b,0x75,0x6b,0x75,0x6b,0x95,0x6b,0x75,0x6b,0x75,0x6b,0x75,0x6b,
0x75,0x6b,0x75,0x6b,0x75,0x6b,0x75,0x6b,0x95,0x6b,0x75,0x6b,0x75,0x6b,0x75,0x6b,0x75,0x6b,0x95,0x6b,0x75,0x6b,0x75,0x6b,
0x75,0x6b,0x95,0x6b,0x75,0x6b,0x75,0x6b,0x75,0x6b,0x75,0x6b,0x96,0x6b,0x96,0x6b,0x95,0x6b,0x95,0x6b,0x75,0x6b,0x75,0x6b,
0x75,0x6b,0x75,0x6b,0x75,0x6b,0x75,0x6b,0x75,0x6b,0x75,0x6b,0x75,0x6b,0xf0,0x51,0x1b,0xad,0xb8,0x93,0x7c,0xbd,0x9c,0xbd,
0x78,0x8b,0xb8,0x93,0x5b,0xb5,0x3b,0xb5,0x7c,0xbd,0xf1,0x59,0x8e,0x19,0x8d,0x19,0x8e,0x19,0x8e,0x19,0x8e,0x19,0x8e,0x19,
0x8e,0x21,0x8e,0x21,0x8e,0x19,0x8e,0x19,0x8e,0x19,0x8e,0x21,0x8e,0x19,0x8e,0x21,0x8e,0x19,0x8e,0x21,0x8e,0x21,0x8e,0x19,
0x8e,0x19,0x8e,0x19,0x8e,0x19,0x8e,0x19,0x8e,0x19,0x8e,0x21,0x8e,0x19,0x8e,0x19,0x8e,0x19,0x8e,0x19,0x8e,0x19,0x6b,0x6a,
0x6a,0x6a,0x8e,0x19,0x8e,0x19,0x8e,0x19,0x8e,0x19,0x8e,0x19,0x8e,0x19,0x8e,0x19,0x8e,0x19,0x8e,0x19,0x8e,0x19,0x8e,0x19,
0x8e,0x19,0x8e,0x19,0x8e,0x19,0x8e,0x19,0x8e,0x19,0x8e,0x19,0x8e,0x19,0x8e,0x19,0x8e,0x19,0x8e,0x19,0x8e,0x21,0x8e,0x19,
0x8e,0x19,0x8e,0x19,0x8e,0x19,0x8e,0x19,0x8e,0x19,0x8e,0x19,0x8e,0x21,0x6e,0x41,0x3b,0xb5,0x9c,0xbd,0x98,0x8b,0x57,0x83,
0x57,0x83,0x7c,0xbd,0x98,0x8b,0x78,0x8b,0xf1,0x51,0x75,0x6b,0x75,0x6b,0x75,0x6b,0x95,0x6b,0x96,0x6b,0x96,0x6b,0x95,0x6b,
0x95,0x6b,0x95,0x6b,0x75,0x6b,0x75,0x6b,0x75,0x6b,0x75,0x6b,0x75,0x6b,0x75,0x6b,0x75,0x6b,0x95,0x6b,0x75,0x6b,0x95,0x63,
0x8b,0x1a,0x4b,0x1a,0x88,0x41,0xa8,0x19,0xc8,0x11,0x75,0x6b,0x75,0x6b,0x75,0x6b,0x95,0x6b,0x95,0x6b,0x49,0x12,0x47,0x41,
0x67,0x39,0x2b,0x1a,0x4a,0x12,0x75,0x6b,0x75,0x6b,0x75,0x6b,0x75,0x6b,0x75,0x6b,0x75,0x6b,0x75,0x6b,0x75,0x6b,0x75,0x6b,
0x96,0x6b,0x96,0x6b,0x75,0x6b,0x75,0x6b,0x75,0x6b,0x75,0x6b,0x75,0x6b,0x75,0x63,0x75,0x6b,0x75,0x6b,0x96,0x6b,0x95,0x6b,
0x75,0x6b,0x75,0x6b,0x75,0x6b,0x95,0x6b,0x95,0x6b,0x75,0x6b,0x95,0x6b,0x95,0x6b,0x75,0x6b,0x75,0x6b,0x75,0x6b,0x75,0x6b,
0x75,0x6b,0x75,0x6b,0x75,0x6b,0x75,0x6b,0x75,0x6b,0x75,0x6b,0x75,0x6b,0x75,0x6b,0x75,0x6b,0x75,0x6b,0x75,0x6b,0x95,0x6b,
0x75,0x6b,0x95,0x6b,0x75,0x6b,0x75,0x6b,0x75,0x6b,0x95,0x6b,0x75,0x6b,0x75,0x6b,0x75,0x6b,0x75,0x6b,0x75,0x6b,0x75,0x6b,
0x75,0x6b,0x95,0x6b,0x75,0x6b,0x75,0x6b,0x75,0x6b,0x75,0x6b,0x75,0x6b,0x75,0x6b,0x95,0x6b,0x95,0x6b,0x75,0x6b,0xf1,0x51,
0x1b,0xad,0x78,0x8b,0x5b,0xb5,0x9c,0xbd,0x98,0x8b,0x77,0x8b,0x3b,0xb5,0x3b,0xb5,0x3b,0xb5,0xf1,0x59,0x8e,0x19,0x8e,0x19,
0x8e,0x19,0x8e,0x19,0x8e,0x21,0x8e,0x21,0x8e,0x19,0x8e,0x21,0x8e,0x21,0x8e,0x21,0x8e,0x21,0x8e,0x21,0x8e,0x21,0x8e,0x21,
0x8e,0x21,0x8e,0x19,0x8e,0x19,0x8e,0x19,0x8e,0x21,0x8e,0x21,0x8e,0x21,0x8e,0x21,0x8e,0x19,0x8e,0x19,0x8e,0x21,0x8e,0x21,
0x8e,0x21,0x8e,0x19,0x8e,0x19,0x8b,0x6a,0x8b,0x6a,0x8e,0x19,0x8e,0x19,0x8e,0x19,0x8e,0x19,0x8e,0x19,0x8e,0x19,0x8e,0x19,
0x8e,0x19,0x8e,0x19,0x8e,0x19,0x8e,0x19,0x8e,0x21,0x8e,0x21,0x8e,0x19,0x8e,0x19,0x8e,0x19,0x8e,0x19,0x8e,0x19,0x8e,0x19,
0x8e,0x19,0x8e,0x19,0x8e,0x21,0x8e,0x19,0x8e,0x19,0x8e,0x21,0x8e,0x21,0x8e,0x19,0x8e,0x19,0x8e,0x19,0x8e,0x21,0x6e,0x41,
0x5b,0xbd,0x7b,0xbd,0x57,0x83,0x57,0x83,0x57,0x83,0x5b,0xb5,0x37,0x83,0x58,0x83,0xf1,0x51,0x75,0x6b,0x95,0x6b,0x95,0x6b,
0x75,0x6b,0x95,0x6b,0x96,0x6b,0x75,0x6b,0x95,0x6b,0x95,0x6b,0x75,0x6b,0x75,0x6b,0x75,0x6b,0x75,0x6b,0x75,0x6b,0x75,0x6b,
0x75,0x6b,0x75,0x6b,0x75,0x63,0xec,0x22,0xcc,0x22,0xcc,0x22,0x88,0x29,0xec,0x1a,0x8b,0x1a,0x2b,0x1a,0x55,0x63,0x75,0x6b,
0xb5,0x6b,0x8c,0x22,0xed,0x22,0xa8,0x21,0x26,0x21,0x2c,0x23,0x4d,0x2b,0x8b,0x1a,0x75,0x6b,0x75,0x6b,0x75,0x6b,0x95,0x6b,
0x95,0x6b,0x75,0x6b,0x75,0x6b,0x75,0x6b,0x75,0x6b,0x75,0x6b,0x75,0x6b,0x75,0x6b,0x75,0x6b,0x75,0x6b,0x75,0x6b,0x75,0x6b,
0x75,0x6b,0x95,0x6b,0x95,0x6b,0x95,0x6b,0x95,0x6b,0x95,0x6b,0x95,0x6b,0x95,0x6b,0x75,0x6b,0x95,0x6b,0x95,0x6b,0x75,0x6b,
0x95,0x6b,0x75,0x6b,0x95,0x6b,0x95,0x6b,0x75,0x6b,0x4a,0x62,0x67,0x39,0x66,0x39,0x67,0x39,0x67,0x41,0x67,0x41,0x87,0x41,
0x87,0x41,0x67,0x41,0x67,0x41,0x67,0x41,0x67,0x39,0x67,0x39,0x67,0x41,0x67,0x41,0x67,0x41,0x67,0x41,0x87,0x41,0x46,0x39,
0x2a,0x62,0x75,0x6b,0x75,0x6b,0x75,0x6b,0x75,0x6b,0x95,0x6b,0x75,0x6b,0x75,0x6b,0x95,0x6b,0x95,0x6b,0x75,0x6b,0x75,0x6b,
0x75,0x6b,0x95,0x6b,0x76,0x6b,0xf1,0x51,0xda,0xa4,0x98,0x8b,0x7c,0xbd,0x9b,0xbd,0x77,0x8b,0x77,0x8b,0x5b,0xb5,0x5b,0xb5,
0x5b,0xb5,0xf1,0x51,0x8e,0x19,0x8e,0x19,0x8e,0x19,0x8e,0x19,0x8e,0x21,0x8e,0x19,0x8e,0x19,0x8e,0x19,0x8e,0x21,0xae,0x21,
0x8e,0x21,0x8e,0x21,0x8e,0x19,0x8e,0x21,0x8e,0x21,0x8e,0x21,0x8e,0x21,0x8e,0x19,0x8e,0x21,0x8e,0x21,0x8e,0x19,0x8e,0x19,
0x8e,0x19,0x8e,0x21,0x8e,0x21,0x8e,0x21,0x8e,0x21,0x8e,0x19,0x8e,0x19,0x8b,0x6a,0x8b,0x6a,0x8e,0x19,0x8e,0x21,0x8e,0x19,
0x8e,0x21,0x8e,0x19,0x8e,0x19,0x8e,0x19,0x8e,0x19,0x8e,0x19,0x8e,0x19,0x8e,0x19,0x8e,0x19,0x8e,0x21,0xae,0x21,0x8e,0x21,
0x8e,0x21,0x8e,0x21,0x8e,0x19,0x8e,0x21,0x8e,0x19,0x8e,0x21,0x8e,0x19,0x8e,0x19,0x8e,0x21,0x8e,0x19,0x8e,0x21,0x8e,0x21,
0x8e,0x19,0x8e,0x21,0x8e,0x21,0x6f,0x41,0x7b,0xbd,0x5b,0xb5,0x37,0x83,0x57,0x83,0x77,0x83,0x7b,0xbd,0x57,0x83,0x78,0x8b,
0xf0,0x51,0x75,0x6b,0x96,0x6b,0x95,0x6b,0x95,0x6b,0x96,0x6b,0x75,0x6b,0x75,0x6b,0x75,0x6b,0x75,0x6b,0x95,0x6b,0x75,0x6b,
0x95,0x6b,0x95,0x6b,0x75,0x6b,0x75,0x6b,0x95,0x6b,0x96,0x6b,0x8b,0x1a,0x8e,0x2b,0x4d,0x2b,0x0c,0x23,0x2a,0x1a,0x6d,0x23,
0x2c,0x23,0xec,0x22,0x09,0x0a,0x54,0x63,0x88,0x09,0x6b,0x12,0x2d,0x23,0xab,0x22,0xec,0x22,0xcc,0x22,0xcc,0x22,0xa9,0x11,
0x75,0x63,0x75,0x6b,0x75,0x6b,0x75,0x6b,0x75,0x6b,0x75,0x6b,0x75,0x6b,0x75,0x6b,0x75,0x6b,0x75,0x6b,0x75,0x6b,0x75,0x6b,
0x75,0x6b,0x75,0x6b,0x95,0x6b,0x95,0x6b,0x75,0x6b,0x95,0x6b,0x96,0x6b,0x96,0x6b,0x75,0x6b,0x95,0x6b,0x95,0x6b,0x95,0x6b,
0x75,0x6b,0x95,0x6b,0x95,0x6b,0x95,0x6b,0x95,0x6b,0x75,0x6b,0x95,0x6b,0x95,0x6b,0x95,0x6b,0x09,0x52,0x09,0x5a,0x09,0x52,
0x09,0x52,0x09,0x52,0x09,0x52,0x09,0x52,0x09,0x52,0x09,0x52,0x09,0x52,0xe9,0x51,0xe9,0x51,0x09,0x52,0x09,0x52,0x29,0x5a,
0x09,0x52,0x09,0x52,0xe9,0x51,0xe9,0x51,0xe9,0x51,0x75,0x6b,0x75,0x6b,0x75,0x6b,0x75,0x6b,0x75,0x6b,0x75,0x6b,0x75,0x6b,
0x75,0x6b,0x95,0x6b,0x75,0x6b,0x75,0x6b,0x75,0x6b,0x95,0x6b,0x96,0x6b,0xf1,0x51,0x7a,0xa4,0x37,0x83,0xfb,0xb4,0x7b,0xbd,
0x77,0x8b,0x37,0x83,0xda,0xac,0x1b,0xb5,0x5b,0xbd,0xf1,0x59,0x8e,0x21,0x8e,0x19,0x8e,0x19,0x8e,0x19,0x8e,0x19,0x8e,0x21,
0x8e,0x21,0x8e,0x21,0x8e,0x21,0x8e,0x21,0x8e,0x21,0x8e,0x19,0x8e,0x21,0x8e,0x21,0x8e,0x21,0x8e,0x19,0x8e,0x21,0x8e,0x21,
0x8e,0x21,0x8e,0x19,0x8e,0x19,0x8e,0x21,0x8e,0x19,0x8e,0x21,0x8e,0x21,0xae,0x21,0x8e,0x21,0x8e,0x19,0x8e,0x19,0x8b,0x72,
0x8b,0x72,0x8e,0x19,0x8e,0x19,0x8e,0x19,0x8e,0x19,0x8e,0x21,0x8e,0x19,0x8e,0x19,0x8e,0x19,0x8e,0x19,0x8e,0x19,0x8e,0x19,
0x8e,0x19,0x8e,0x21,0xae,0x21,0xae,0x21,0xae,0x21,0x8e,0x21,0x8e,0x19,0x8e,0x19,0x8e,0x19,0x8e,0x21,0x8e,0x21,0x8e,0x19,
0x8e,0x19,0x8e,0x19,0x8e,0x21,0x8e,0x19,0x8e,0x21,0x8e,0x19,0x8e,0x21,0x6f,0x41,0xba,0xac,0xdb,0xac,0x17,0x83,0x57,0x8b,
0x56,0x83,0xda,0xac,0x16,0x7b,0x57,0x83,0xd0,0x51,0x75,0x63,0x96,0x6b,0x96,0x6b,0x95,0x6b,0x95,0x6b,0x75,0x6b,0x75,0x6b,
0x75,0x6b,0x76,0x6b,0x96,0x6b,0x75,0x6b,0x95,0x6b,0x75,0x6b,0x75,0x6b,0x75,0x6b,0x95,0x6b,0x95,0x6b,0x4a,0x1a,0xcc,0x22,
0xed,0x22,0x0c,0x23,0x2a,0x1a,0x2d,0x23,0x0c,0x23,0xec,0x22,0x4b,0x1a,0xf1,0x4a,0x88,0x09,0x09,0x12,0x0d,0x23,0x8b,0x1a,
0xec,0x2a,0xcc,0x22,0x09,0x12,0xea,0x19,0x75,0x6b,0x75,0x6b,0x75,0x6b,0x75,0x6b,0x75,0x6b,0x75,0x6b,0x75,0x6b,0x75,0x6b,
0x75,0x6b,0x75,0x6b,0x75,0x6b,0x75,0x6b,0x75,0x6b,0x75,0x6b,0x75,0x6b,0x95,0x6b,0x75,0x6b,0x95,0x6b,0x95,0x6b,0x95,0x6b,
0x95,0x6b,0x95,0x6b,0x75,0x6b,0x75,0x6b,0x75,0x6b,0x96,0x6b,0x95,0x6b,0x95,0x6b,0x95,0x6b,0x95,0x6b,0x95,0x6b,0x96,0x6b,
0x95,0x6b,0x46,0x31,0xab,0x72,0xab,0x72,0xab,0x72,0xab,0x72,0xcb,0x72,0xab,0x72,0xab,0x72,0xab,0x72,0xab,0x72,0xab,0x72,
0xab,0x72,0xab,0x72,0xab,0x72,0xab,0x72,0xab,0x72,0xab,0x72,0xcb,0x72,0xcc,0x72,0x87,0x39,0x75,0x6b,0x75,0x6b,0x75,0x6b,
0x75,0x6b,0x95,0x6b,0x95,0x6b,0x96,0x6b,0x95,0x6b,0x95,0x6b,0x95,0x6b,0x75,0x6b,0x95,0x6b,0x95,0x6b,0x76,0x6b,0xaf,0x49,
0x16,0x83,0xf6,0x7a,0x57,0x83,0x57,0x83,0x74,0x6a,0x74,0x6a,0x57,0x83,0x37,0x83,0x57,0x83,0xf1,0x59,0x8e,0x19,0x8e,0x19,
0x8e,0x19,0x8e,0x21,0xae,0x21,0x8e,0x21,0xae,0x21,0x8e,0x21,0xae,0x21,0x6d,0x19,0xae,0x21,0x8e,0x21,0x8e,0x21,0x8e,0x21,
0x8e,0x21,0x8e,0x21,0x8e,0x21,0x8e,0x19,0x8e,0x19,0x8e,0x21,0xae,0x21,0x8e,0x21,0x8e,0x19,0xaf,0x21,0xf6,0xfe,0xaf,0x21,
0x8e,0x21,0x8e,0x19,0x8e,0x19,0x8b,0x6a,0x8b,0x72,0x8e,0x19,0x8e,0x19,0x8e,0x19,0x8e,0x21,0x8e,0x21,0x8e,0x21,0x8e,0x19,
0x8e,0x19,0x8e,0x19,0x8e,0x19,0x8e,0x21,0x8e,0x21,0x8f,0x4a,0x74,0xe6,0xd3,0xcd,0x51,0x84,0x8e,0x21,0x8e,0x21,0x8e,0x21,
0x8e,0x21,0x8e,0x21,0x8e,0x19,0x8e,0x21,0x8e,0x21,0x8e,0x21,0x8e,0x19,0x8e,0x19,0x8e,0x19,0x8e,0x19,0x8e,0x21,0xb0,0x49,
0x57,0x83,0x37,0x83,0x74,0x6a,0x54,0x6a,0x33,0x62,0x37,0x83,0xd5,0x72,0x74,0x6a,0xf1,0x51,0x75,0x63,0x96,0x6b,0x96,0x6b,
0x96,0x6b,0x95,0x6b,0x75,0x6b,0x75,0x6b,0x95,0x6b,0x95,0x6b,0x96,0x6b,0x95,0x6b,0x95,0x6b,0x95,0x6b,0x75,0x6b,0x75,0x6b,
0x95,0x6b,0x75,0x6b,0x34,0x63,0xea,0x11,0xa9,0x11,0xec,0x1a,0x4a,0x1a,0xab,0x22,0xcb,0x22,0xcc,0x1a,0x4b,0x1a,0x88,0x11,
0xc9,0x11,0x6a,0x1a,0xab,0x1a,0x8b,0x1a,0x0a,0x12,0x4b,0x1a,0xea,0x19,0xb1,0x52,0x54,0x63,0x75,0x6b,0x75,0x6b,0x75,0x6b,
0x75,0x6b,0x75,0x6b,0x75,0x6b,0x75,0x6b,0x75,0x6b,0x75,0x6b,0x75,0x6b,0x95,0x6b,0x75,0x6b,0x75,0x6b,0x95,0x6b,0x75,0x6b,
0x95,0x6b,0x95,0x6b,0x95,0x6b,0x95,0x6b,0x75,0x6b,0x75,0x6b,0x95,0x6b,0x95,0x6b,0x95,0x6b,0x95,0x6b,0x75,0x6b,0x95,0x6b,
0x95,0x6b,0x95,0x6b,0x95,0x6b,0x75,0x6b,0x95,0x6b,0x47,0x31,0xab,0x72,0xcb,0x72,0x96,0x9c,0xf8,0xa4,0xf8,0xa4,0xd8,0xa4,
0xf8,0xa4,0xf8,0xac,0x18,0xad,0x39,0xad,0x19,0xad,0x19,0xad,0xf8,0xac,0xd7,0xa4,0xf7,0xa4,0xd8,0xa4,0xab,0x72,0xcc,0x7a,
0x88,0x39,0x75,0x6b,0x95,0x6b,0x75,0x6b,0x75,0x6b,0x95,0x6b,0x75,0x6b,0x76,0x6b,0x95,0x6b,0x95,0x6b,0x75,0x6b,0x95,0x6b,
0x96,0x6b,0x96,0x6b,0x75,0x6b,0xaf,0x49,0xd6,0x7a,0x94,0x72,0x77,0x8b,0x57,0x83,0x74,0x6a,0x74,0x6a,0x77,0x83,0x77,0x83,
0x77,0x83,0xf1,0x59,0x8e,0x19,0x8e,0x19,0x8e,0x19,0x8e,0x21,0xae,0x21,0xae,0x21,0x8e,0x21,0x8e,0x21,0xae,0x21,0x92,0xcd,
0xcf,0x29,0xaf,0x21,0xae,0x21,0x8e,0x21,0xae,0x21,0xae,0x21,0x8e,0x21,0x8e,0x21,0x8e,0x21,0x8e,0x21,0xae,0x21,0x8e,0x21,
0x8e,0x21,0x8e,0x21,0xae,0x21,0x8f,0x21,0x8f,0x21,0x8f,0x21,0x8e,0x19,0xab,0x72,0xab,0x72,0x8e,0x19,0x8e,0x21,0x8e,0x21,
0x8f,0x21,0xaf,0x21,0x8e,0x19,0x8e,0x21,0x8e,0x19,0x8e,0x21,0x8e,0x19,0xae,0x21,0x54,0xee,0x94,0xee,0x55,0xe6,0x8f,0x19,
0x8e,0x21,0x8e,0x21,0x8e,0x21,0x8e,0x19,0xae,0x21,0x8e,0x21,0x8e,0x21,0xae,0x21,0xaf,0x21,0x8e,0x21,0x8e,0x19,0x8e,0x19,
0x8e,0x21,0x8e,0x21,0x8e,0x21,0x8f,0x49,0x77,0x8b,0x57,0x83,0x74,0x6a,0x54,0x6a,0x53,0x62,0x77,0x83,0xf5,0x7a,0x53,0x6a,
0xd0,0x51,0x76,0x63,0x96,0x6b,0x96,0x6b,0x95,0x6b,0x95,0x6b,0x96,0x6b,0x95,0x6b,0x96,0x6b,0x96,0x6b,0x95,0x6b,0x75,0x6b,
0x95,0x6b,0x75,0x6b,0x95,0x6b,0x95,0x6b,0x95,0x6b,0x4a,0x22,0xec,0x22,0xab,0x1a,0x2a,0x12,0xa8,0x11,0xc9,0x11,0xc9,0x11,
0xc9,0x11,0xc9,0x11,0x88,0x11,0xe9,0x11,0xe9,0x11,0x88,0x11,0x88,0x11,0x88,0x11,0xc9,0x11,0x6b,0x1a,0x4a,0x1a,0x2a,0x1a,
0x09,0x12,0x6c,0x5a,0x96,0x6b,0x75,0x6b,0x75,0x6b,0x75,0x6b,0x75,0x6b,0x75,0x6b,0x75,0x6b,0x75,0x6b,0x75,0x6b,0x75,0x6b,
0x76,0x6b,0x75,0x6b,0x95,0x6b,0x75,0x6b,0x95,0x6b,0x95,0x6b,0x95,0x6b,0x95,0x6b,0x75,0x6b,0x75,0x6b,0x75,0x6b,0x95,0x6b,
0x95,0x6b,0x96,0x6b,0x96,0x6b,0x95,0x6b,0x95,0x6b,0x96,0x6b,0x95,0x6b,0x96,0x6b,0x95,0x6b,0x67,0x39,0xcc,0x7a,0xec,0x7a,
0xd8,0xa4,0xf9,0xac,0xf9,0xac,0x19,0xad,0x19,0xad,0x19,0xad,0x19,0xad,0x19,0xad,0x19,0xad,0xf9,0xac,0x19,0xad,0x19,0xad,
0x19,0xad,0x19,0xad,0x8b,0x72,0xcc,0x7a,0x67,0x39,0x75,0x6b,0x95,0x6b,0x75,0x6b,0x95,0x6b,0x96,0x6b,0x75,0x6b,0x76,0x6b,
0x75,0x6b,0x75,0x6b,0x95,0x6b,0x95,0x6b,0x95,0x6b,0x95,0x6b,0x95,0x6b,0xf1,0x51,0xdb,0xac,0xd8,0x93,0xbc,0xc5,0xdc,0xc5,
0xd8,0x93,0x57,0x83,0x1b,0xb5,0x7c,0xbd,0xbc,0xbd,0xf1,0x59,0xae,0x21,0x8e,0x21,0xae,0x19,0xae,0x21,0x8f,0x21,0x8f,0x21,
0xae,0x19,0x8e,0x21,0x8f,0x21,0xaf,0x21,0xaf,0x21,0xaf,0x21,0xaf,0x21,0xae,0x21,0x8f,0x21,0xaf,0x21,0xaf,0x21,0x8f,0x21,
0x8f,0x21,0xaf,0x21,0xaf,0x21,0xaf,0x21,0xaf,0x21,0xae,0x21,0xaf,0x21,0xaf,0x21,0xaf,0x21,0x8e,0x21,0x8f,0x19,0xab,0x72,
0xab,0x72,0xaf,0x19,0xae,0x21,0xaf,0x21,0xaf,0x21,0x8e,0x21,0xaf,0x21,0xae,0x21,0xae,0x21,0xaf,0x21,0xaf,0x21,0x33,0xde,
0x72,0xee,0x73,0xee,0x8f,0x29,0xaf,0x21,0xaf,0x21,0xaf,0x21,0xae,0x21,0xaf,0x21,0x8e,0x19,0xae,0x21,0xaf,0x21,0xae,0x21,
0xaf,0x21,0xaf,0x19,0xae,0x21,0x8e,0x21,0xae,0x21,0xaf,0x21,0xaf,0x21,0x4e,0x41,0x3b,0xb5,0x9b,0xbd,0xf8,0x93,0xb8,0x93,
0x77,0x83,0x1b,0xad,0x98,0x8b,0x98,0x8b,0xf0,0x51,0x75,0x6b,0x96,0x6b,0x96,0x6b,0x96,0x6b,0x96,0x6b,0x96,0x6b,0x96,0x6b,
0x96,0x6b,0x96,0x6b,0x95,0x6b,0x95,0x6b,0x75,0x6b,0x75,0x6b,0x75,0x6b,0xb6,0x73,0xcc,0x22,0x6d,0x2b,0xcb,0x1a,0x2a,0x12,
0xa9,0x11,0x47,0x31,0x6b,0x6a,0xec,0x7a,0xab,0x6a,0x67,0x09,0xec,0x22,0xec,0x1a,0x0c,0x1b,0xe9,0x09,0xcc,0x72,0xed,0x7a,
0xec,0x7a,0x88,0x11,0xab,0x1a,0x4d,0x2b,0x8d,0x2b,0x2a,0x1a,0x95,0x6b,0x75,0x6b,0x75,0x6b,0x75,0x6b,0x75,0x6b,0x75,0x6b,
0x75,0x6b,0x75,0x6b,0x75,0x6b,0x75,0x6b,0x75,0x6b,0x95,0x6b,0x95,0x6b,0x95,0x6b,0x75,0x6b,0x95,0x6b,0x95,0x6b,0x95,0x6b,
0x95,0x6b,0x95,0x6b,0x95,0x6b,0x96,0x6b,0x95,0x6b,0x96,0x6b,0x96,0x6b,0x95,0x6b,0x95,0x6b,0x95,0x6b,0x95,0x6b,0x96,0x6b,
0x95,0x6b,0x67,0x39,0xcc,0x7a,0xcc,0x7a,0xf8,0xac,0x19,0xad,0x19,0xad,0x19,0xad,0x19,0xad,0x19,0xad,0x19,0xad,0x19,0xad,
0xf9,0xac,0x19,0xad,0x19,0xad,0x19,0xad,0x19,0xad,0x19,0xad,0x8b,0x72,0xec,0x7a,0x67,0x39,0x75,0x6b,0x95,0x6b,0x75,0x6b,
0x95,0x6b,0x95,0x6b,0x95,0x6b,0x96,0x6b,0x96,0x6b,0x75,0x6b,0x75,0x6b,0x75,0x6b,0x95,0x6b,0x95,0x6b,0x75,0x6b,0x11,0x5a,
0x7c,0xbd,0xb8,0x93,0x5b,0xb5,0xbc,0xc5,0x98,0x8b,0x77,0x8b,0x5b,0xb5,0x5b,0xbd,0x5b,0xb5,0xf1,0x59,0xaf,0x21,0xaf,0x21,
0xaf,0x21,0xaf,0x21,0xaf,0x21,0xaf,0x21,0xaf,0x21,0xaf,0x21,0xaf,0x21,0xaf,0x21,0xaf,0x21,0xaf,0x21,0xaf,0x21,0xaf,0x21,
0xaf,0x21,0xaf,0x21,0xaf,0x21,0xaf,0x21,0xaf,0x21,0xaf,0x21,0xaf,0x21,0xaf,0x21,0xaf,0x21,0xaf,0x21,0xaf,0x21,0xaf,0x21,
0xaf,0x21,0xaf,0x21,0xaf,0x21,0xab,0x72,0xab,0x72,0xaf,0x19,0xaf,0x21,0xaf,0x21,0xaf,0x21,0xaf,0x21,0xaf,0x21,0xaf,0x21,
0xaf,0x21,0xaf,0x21,0xaf,0x21,0xf4,0xfe,0x94,0xee,0x94,0xee,0xaf,0x29,0xaf,0x21,0xaf,0x21,0xaf,0x21,0xaf,0x21,0xaf,0x21,
0xaf,0x21,0xaf,0x21,0xaf,0x21,0xaf,0x21,0xaf,0x21,0xae,0x21,0xae,0x21,0xaf,0x21,0xaf,0x21,0xaf,0x21,0xaf,0x21,0x8f,0x49,
0x7b,0xbd,0x5b,0xb5,0xb8,0x93,0xb8,0x8b,0xb7,0x8b,0x5b,0xb5,0x78,0x8b,0xd8,0x93,0xf1,0x51,0x96,0x6b,0x96,0x6b,0x96,0x6b,
0x96,0x6b,0x96,0x6b,0x95,0x6b,0x95,0x6b,0x95,0x6b,0x95,0x6b,0x95,0x6b,0x75,0x6b,0x75,0x6b,0x75,0x6b,0x75,0x6b,0xb6,0x73,
0x6b,0x1a,0xec,0x22,0x6a,0x1a,0x88,0x11,0xe9,0x11,0x09,0x52,0xcc,0x72,0xab,0x72,0x8b,0x6a,0xe9,0x11,0x6d,0x23,0x6d,0x23,
0x4c,0x23,0xe9,0x11,0xec,0x7a,0xcc,0x72,0xab,0x72,0xe9,0x41,0x4a,0x12,0x0c,0x23,0x4d,0x23,0xc9,0x11,0x13,0x5b,0x95,0x6b,
0x95,0x6b,0x75,0x6b,0x75,0x6b,0x75,0x6b,0x75,0x6b,0x75,0x6b,0x75,0x6b,0x75,0x6b,0x75,0x6b,0x95,0x6b,0x96,0x6b,0x96,0x6b,
0x75,0x6b,0x95,0x6b,0x96,0x6b,0x95,0x6b,0x95,0x6b,0x96,0x6b,0x96,0x6b,0x96,0x6b,0x96,0x6b,0x96,0x6b,0x95,0x6b,0x95,0x6b,
0x95,0x6b,0x96,0x6b,0x95,0x6b,0x96,0x6b,0x95,0x6b,0x67,0x39,0xcc,0x7a,0xcc,0x72,0xf9,0xac,0x19,0xad,0x19,0xad,0x3a,0xad,
0xf4,0xa3,0x55,0xac,0x5a,0xb5,0x14,0xa4,0xf9,0xac,0xf4,0xa3,0x35,0xac,0x19,0xad,0x19,0xad,0x19,0xad,0xab,0x72,0xec,0x7a,
0x87,0x39,0x75,0x6b,0x75,0x6b,0x95,0x6b,0x75,0x6b,0x75,0x6b,0x95,0x6b,0x95,0x6b,0x76,0x6b,0x95,0x6b,0x75,0x6b,0x95,0x6b,
0x75,0x6b,0x95,0x6b,0x75,0x6b,0xf1,0x51,0x7c,0xbd,0xb8,0x8b,0x5b,0xb5,0x7c,0xbd,0x78,0x8b,0x98,0x8b,0x7c,0xbd,0x7c,0xbd,
0x3b,0xb5,0xf1,0x59,0xaf,0x21,0xaf,0x21,0xaf,0x21,0xaf,0x21,0xaf,0x21,0xaf,0x21,0xaf,0x21,0xaf,0x21,0xaf,0x21,0xaf,0x21,
0xaf,0x21,0xaf,0x21,0xaf,0x21,0xaf,0x21,0xaf,0x21,0xaf,0x21,0xaf,0x21,0xaf,0x21,0xaf,0x21,0xaf,0x21,0xaf,0x21,0xaf,0x21,
0xaf,0x21,0xaf,0x21,0xaf,0x21,0xaf,0x21,0xaf,0x21,0xaf,0x21,0xaf,0x21,0xab,0x72,0xab,0x72,0xaf,0x21,0xaf,0x21,0xaf,0x21,
0xaf,0x21,0xaf,0x21,0xaf,0x21,0xaf,0x21,0xaf,0x21,0xaf,0x21,0xaf,0x21,0xf4,0xf6,0x93,0xee,0x94,0xee,0xef,0x31,0xaf,0x21,
0xaf,0x21,0xaf,0x21,0xaf,0x21,0xaf,0x21,0xaf,0x21,0xaf,0x21,0xaf,0x21,0xaf,0x21,0xaf,0x21,0xaf,0x21,0xaf,0x21,0x53,0x8c,
0xaf,0x21,0xaf,0x21,0xaf,0x21,0xb0,0x49,0x9c,0xbd,0x7b,0xbd,0x78,0x8b,0xb8,0x8b,0x97,0x8b,0x7b,0xbd,0x98,0x8b,0x98,0x8b,
0xf1,0x51,0x96,0x6b,0x96,0x6b,0x96,0x6b,0x96,0x6b,0x76,0x6b,0x95,0x6b,0x95,0x6b,0x95,0x6b,0x95,0x6b,0x95,0x6b,0x95,0x6b,
0x75,0x6b,0x95,0x6b,0x75,0x6b,0xb6,0x73,0x2a,0x1a,0xac,0x22,0x0a,0x12,0xc9,0x39,0x09,0x12,0x29,0x52,0xec,0x7a,0xac,0x72,
0xcc,0x7a,0x2a,0x32,0xec,0x1a,0x4d,0x2b,0x8d,0x2b,0x2a,0x1a,0xcc,0x72,0xcc,0x7a,0xcc,0x7a,0xab,0x6a,0xe9,0x11,0xcc,0x22,
0x2d,0x23,0x67,0x39,0x13,0x63,0x75,0x6b,0x75,0x6b,0x95,0x6b,0x95,0x6b,0x76,0x6b,0x75,0x6b,0x75,0x6b,0x75,0x6b,0x95,0x6b,
0x76,0x6b,0x96,0x6b,0x96,0x6b,0x96,0x6b,0x96,0x6b,0x95,0x6b,0x96,0x6b,0x96,0x6b,0x96,0x6b,0x95,0x6b,0x96,0x6b,0x96,0x6b,
0x95,0x6b,0x96,0x6b,0x95,0x6b,0x96,0x6b,0x96,0x6b,0x96,0x6b,0x95,0x6b,0x96,0x6b,0x95,0x6b,0x67,0x39,0xcc,0x7a,0xcc,0x72,
0x19,0xad,0x19,0xad,0x19,0xad,0x5a,0xad,0x2d,0x9a,0xaf,0xa2,0x5a,0xad,0x2d,0x9a,0x19,0xb5,0x4e,0x9a,0x2d,0x9a,0x39,0xad,
0x39,0xad,0x19,0xad,0x8a,0x72,0xcc,0x7a,0x87,0x39,0x75,0x6b,0x95,0x6b,0x75,0x6b,0x75,0x6b,0x95,0x6b,0x96,0x6b,0x95,0x6b,
0x96,0x6b,0x96,0x6b,0x75,0x6b,0x75,0x6b,0x75,0x6b,0x75,0x6b,0x75,0x6b,0xd0,0x51,0x33,0x62,0x16,0x7b,0x37,0x83,0x37,0x83,
0x74,0x6a,0x94,0x6a,0x37,0x83,0x57,0x83,0x77,0x8b,0xd0,0x51,0xaf,0x21,0xaf,0x21,0xaf,0x21,0xaf,0x21,0xaf,0x21,0xaf,0x21,
0xaf,0x21,0xaf,0x21,0xaf,0x21,0xaf,0x21,0xaf,0x21,0xaf,0x21,0xaf,0x21,0xaf,0x21,0xaf,0x21,0xaf,0x21,0xaf,0x21,0xaf,0x21,
0xaf,0x21,0xaf,0x21,0xaf,0x21,0xaf,0x21,0xaf,0x21,0xaf,0x21,0xaf,0x21,0xaf,0x21,0xaf,0x21,0xaf,0x21,0xaf,0x19,0x8b,0x72,
0xab,0x72,0xaf,0x21,0xaf,0x21,0xaf,0x21,0xaf,0x21,0xaf,0x21,0xaf,0x21,0xaf,0x21,0xaf,0x21,0xaf,0x21,0xaf,0x21,0x14,0xf7,
0x93,0xee,0x94,0xee,0x54,0xe6,0xcf,0x29,0xaf,0x21,0xaf,0x21,0xaf,0x21,0xaf,0x21,0xaf,0x21,0xaf,0x21,0xaf,0x21,0xaf,0x21,
0xaf,0x21,0xaf,0x21,0xaf,0x21,0xaf,0x21,0xaf,0x21,0xaf,0x21,0xaf,0x21,0xb0,0x49,0x16,0x7b,0x57,0x83,0x53,0x6a,0x33,0x62,
0x53,0x62,0x57,0x83,0x16,0x7b,0x53,0x62,0xd0,0x51,0x76,0x6b,0x96,0x6b,0x95,0x6b,0x96,0x6b,0x96,0x6b,0x95,0x6b,0x96,0x6b,
0x75,0x6b,0x95,0x6b,0x96,0x6b,0x95,0x6b,0x95,0x6b,0x95,0x6b,0x75,0x6b,0xb7,0x73,0xc9,0x11,0xe9,0x11,0xc8,0x49,0x8a,0x62,
0x6b,0x1a,0xc8,0x49,0xab,0x72,0xcc,0x7a,0xcc,0x7a,0xcb,0x72,0xe9,0x11,0x4d,0x23,0x6d,0x2b,0xe9,0x11,0xcc,0x7a,0xcc,0x7a,
0xcc,0x7a,0xec,0x7a,0xa8,0x11,0xe9,0x19,0xcc,0x22,0x67,0x39,0x14,0x63,0x95,0x6b,0x95,0x6b,0x75,0x6b,0x96,0x6b,0x96,0x6b,
0x95,0x6b,0x75,0x6b,0x95,0x6b,0x95,0x6b,0x96,0x6b,0x96,0x6b,0x96,0x6b,0x96,0x6b,0x96,0x6b,0x96,0x6b,0x96,0x6b,0x96,0x6b,
0x96,0x6b,0x96,0x6b,0x96,0x6b,0x96,0x6b,0x96,0x6b,0x95,0x6b,0x95,0x6b,0x96,0x6b,0x96,0x6b,0x96,0x6b,0x96,0x6b,0x96,0x6b,
0x95,0x6b,0x67,0x39,0xcc,0x7a,0xcc,0x72,0x19,0xad,0x19,0xad,0x19,0xad,0x7a,0xad,0x2d,0xa2,0x2d,0x9a,0x2d,0x9a,0x4d,0xa2,
0x4d,0xa2,0x4d,0xa2,0x4d,0x9a,0x39,0xad,0x19,0xad,0x19,0xad,0x8b,0x72,0xcb,0x7a,0x87,0x39,0x75,0x6b,0x95,0x6b,0x95,0x6b,
0x95,0x6b,0x96,0x6b,0x96,0x6b,0x96,0x6b,0x96,0x6b,0x95,0x6b,0x96,0x6b,0x75,0x6b,0x95,0x6b,0x75,0x6b,0x75,0x6b,0xd0,0x49,
0x74,0x6a,0xd5,0x72,0x78,0x8b,0xb8,0x93,0x74,0x6a,0x74,0x6a,0x77,0x8b,0x57,0x83,0x77,0x83,0xf1,0x59,0xaf,0x21,0xaf,0x21,
0xaf,0x21,0xaf,0x21,0xaf,0x21,0xaf,0x21,0xaf,0x21,0xaf,0x21,0xaf,0x21,0xaf,0x21,0xaf,0x21,0xaf,0x21,0xaf,0x21,0xaf,0x21,
0xaf,0x21,0xaf,0x21,0xaf,0x21,0xaf,0x21,0xaf,0x21,0xaf,0x21,0xaf,0x21,0xaf,0x21,0xaf,0x21,0xaf,0x21,0xaf,0x21,0xaf,0x21,
0xaf,0x21,0xaf,0x21,0xaf,0x21,0xab,0x72,0xab,0x72,0xaf,0x21,0xaf,0x21,0xaf,0x21,0xaf,0x21,0xaf,0x21,0xaf,0x21,0xaf,0x21,
0xaf,0x21,0xaf,0x21,0xaf,0x21,0x93,0xc5,0x94,0xee,0x73,0xee,0x74,0xee,0x74,0xe6,0xcf,0x21,0xaf,0x21,0xcf,0x21,0xd0,0x4a,
0xef,0x29,0xaf,0x21,0xaf,0x21,0xaf,0x21,0xaf,0x21,0xaf,0x21,0xaf,0x21,0xaf,0x21,0xaf,0x21,0xaf,0x21,0xaf,0x21,0xaf,0x49,
0xf6,0x7a,0x77,0x8b,0x94,0x72,0x74,0x6a,0x53,0x6a,0x77,0x8b,0xd6,0x72,0x75,0x72,0xd0,0x51,0x75,0x6b,0x76,0x6b,0x95,0x6b,
0x96,0x6b,0x96,0x6b,0x96,0x6b,0x96,0x6b,0x96,0x6b,0x95,0x6b,0x95,0x6b,0x95,0x6b,0x75,0x6b,0x95,0x6b,0x75,0x6b,0x75,0x6b,
0x75,0x6b,0xf3,0x52,0xc8,0x49,0xec,0x72,0x6b,0x1a,0x47,0x11,0xe8,0x51,0xab,0x6a,0x6a,0x62,0x4a,0x62,0x2a,0x5a,0x0d,0x23,
0x2a,0x12,0xc8,0x49,0x2a,0x62,0x6a,0x62,0x4a,0x62,0xe9,0x51,0x88,0x41,0xa8,0x41,0xc9,0x11,0x67,0x39,0x75,0x6b,0x95,0x6b,
0x96,0x6b,0x96,0x6b,0x96,0x6b,0x96,0x6b,0x96,0x6b,0x96,0x6b,0x96,0x6b,0x96,0x6b,0x95,0x6b,0x96,0x6b,0x96,0x6b,0x96,0x6b,
0x96,0x6b,0x96,0x6b,0x96,0x6b,0x96,0x6b,0x96,0x6b,0x96,0x6b,0x96,0x6b,0x96,0x6b,0x96,0x6b,0x96,0x6b,0x96,0x6b,0x96,0x6b,
0x96,0x6b,0x95,0x6b,0x95,0x6b,0x95,0x6b,0x96,0x6b,0x67,0x39,0xcc,0x7a,0xcc,0x72,0x19,0xad,0x19,0xad,0x19,0xad,0x5a,0xad,
0x2d,0xa2,0x2d,0xa2,0x4d,0xa2,0x4d,0xa2,0x2d,0xa2,0x4d,0xa2,0x4d,0xa2,0x19,0xad,0x19,0xad,0x19,0xad,0x8a,0x72,0xcb,0x7a,
0x67,0x39,0x95,0x6b,0x96,0x6b,0x96,0x6b,0x96,0x6b,0x96,0x6b,0x95,0x6b,0x96,0x6b,0x95,0x6b,0x95,0x6b,0x75,0x6b,0x95,0x6b,
0x96,0x6b,0x76,0x6b,0x75,0x6b,0xd0,0x51,0x74,0x6a,0xf5,0x7a,0x98,0x8b,0xb8,0x8b,0x74,0x6a,0x74,0x6a,0x97,0x8b,0x77,0x8b,
0x77,0x83,0xf0,0x51,0xaf,0x21,0xaf,0x21,0xaf,0x21,0xaf,0x21,0x6e,0x11,0x4f,0x11,0xaf,0x21,0xaf,0x21,0xaf,0x21,0xaf,0x21,
0xaf,0x21,0xaf,0x21,0xcf,0x21,0xcf,0x21,0xaf,0x21,0xaf,0x21,0xaf,0x21,0xaf,0x21,0xaf,0x21,0xaf,0x21,0xaf,0x21,0xaf,0x21,
0xaf,0x21,0xcf,0x21,0xcf,0x21,0xcf,0x21,0xaf,0x21,0xaf,0x21,0xaf,0x21,0xab,0x72,0xab,0x72,0xaf,0x21,0xaf,0x21,0xaf,0x21,
0xaf,0x21,0xaf,0x21,0xaf,0x21,0xaf,0x21,0xcf,0x21,0xcf,0x21,0xd0,0x21,0xd0,0x21,0x54,0xe6,0x94,0xee,0x94,0xee,0x73,0xe6,
0x74,0xe6,0x14,0xff,0x13,0xff,0x71,0x32,0xb0,0x21,0xcf,0x21,0xaf,0x21,0xaf,0x21,0xaf,0x21,0xaf,0x21,0xaf,0x21,0xaf,0x21,
0xaf,0x21,0xaf,0x21,0xaf,0x21,0xb0,0x51,0x36,0x83,0x57,0x8b,0x94,0x72,0x94,0x72,0x74,0x6a,0x77,0x8b,0xd6,0x72,0x95,0x72,
0xf0,0x51,0x75,0x6b,0x95,0x6b,0x96,0x6b,0x96,0x6b,0x96,0x6b,0x95,0x6b,0x96,0x6b,0x95,0x6b,0x95,0x6b,0x95,0x6b,0x95,0x6b,
0x95,0x6b,0x95,0x6b,0x95,0x6b,0x75,0x6b,0x95,0x6b,0x34,0x63,0x09,0x52,0xaa,0x6a,0xe9,0x11,0x4a,0x1a,0x4b,0x1a,0xe9,0x11,
0xc8,0x49,0x8e,0x8b,0x8e,0x8b,0xa8,0x11,0x09,0x32,0x6e,0x8b,0x8e,0x93,0x6e,0x93,0x8f,0x93,0x6e,0x93,0x4e,0x8b,0x6e,0x8b,
0x6e,0x93,0x4e,0x8b,0x09,0x52,0x75,0x6b,0x96,0x6b,0x96,0x6b,0x96,0x6b,0x96,0x6b,0x96,0x6b,0x96,0x6b,0x96,0x6b,0x96,0x6b,
0x95,0x6b,0x96,0x6b,0x96,0x6b,0x96,0x6b,0x96,0x6b,0x96,0x6b,0x96,0x6b,0x96,0x6b,0x96,0x6b,0x96,0x6b,0x96,0x6b,0x95,0x6b,
0x96,0x6b,0x96,0x6b,0x96,0x6b,0x96,0x6b,0x96,0x6b,0x95,0x6b,0x95,0x6b,0x95,0x6b,0x95,0x6b,0x67,0x39,0xcc,0x7a,0xcc,0x72,
0x19,0xad,0x19,0xad,0x19,0xad,0x5a,0xb5,0x4d,0xa2,0x2d,0xa2,0x4d,0xa2,0x4d,0xa2,0x4d,0xa2,0x4d,0xa2,0x4e,0xa2,0x19,0xad,
0x19,0xad,0x19,0xad,0x8a,0x72,0xcb,0x7a,0x87,0x39,0x95,0x6b,0x95,0x6b,0x96,0x6b,0x96,0x6b,0x96,0x6b,0x96,0x6b,0x96,0x6b,
0x75,0x6b,0x95,0x6b,0x75,0x6b,0x96,0x6b,0x96,0x6b,0x96,0x6b,0x76,0x6b,0xf1,0x51,0x5a,0xa4,0x98,0x93,0x5b,0xb5,0x5b,0xb5,
0x57,0x83,0x97,0x8b,0x7b,0xbd,0x7c,0xbd,0x7b,0xbd,0xd0,0x51,0xaf,0x21,0xaf,0x21,0xaf,0x21,0xcf,0x21,0xcf,0x21,0xaf,0x21,
0xaf,0x21,0xaf,0x21,0xaf,0x21,0xd0,0x21,0xb0,0x21,0xaf,0x21,0xcf,0x21,0xcf,0x21,0xcf,0x21,0xaf,0x21,0xaf,0x21,0xcf,0x21,
0xcf,0x21,0xaf,0x21,0xaf,0x21,0xcf,0x21,0xcf,0x21,0xd0,0x21,0xd0,0x21,0xaf,0x21,0xd0,0x21,0xaf,0x21,0xaf,0x21,0xab,0x72,
0x8b,0x6a,0xd0,0x21,0xcf,0x21,0xd0,0x21,0xb0,0x21,0xaf,0x21,0xaf,0x21,0xcf,0x21,0xcf,0x21,0xd0,0x21,0xd0,0x21,0xcf,0x21,
0xcf,0x21,0x6f,0x11,0x14,0xde,0x73,0xe6,0x74,0xe6,0x13,0xb5,0xf0,0x29,0xd0,0x21,0xcf,0x21,0xd0,0x21,0xaf,0x21,0xcf,0x21,
0xaf,0x21,0xaf,0x21,0xaf,0x21,0xaf,0x21,0xaf,0x21,0xaf,0x21,0xaf,0x21,0x6e,0x41,0x7c,0xbd,0x5b,0xb5,0x78,0x8b,0x77,0x8b,
0xb7,0x8b,0x5b,0xb5,0x57,0x83,0x57,0x83,0xf1,0x51,0x75,0x6b,0x96,0x6b,0x96,0x6b,0x95,0x6b,0x95,0x6b,0x95,0x6b,0x96,0x6b,
0x96,0x6b,0x76,0x6b,0x95,0x6b,0x96,0x6b,0x95,0x6b,0x95,0x6b,0x75,0x6b,0x95,0x6b,0x96,0x6b,0x13,0x5b,0xc8,0x49,0x6a,0x2a,
0x88,0x29,0x4a,0x1a,0xec,0x22,0x6a,0x1a,0x0a,0x12,0xcb,0x72,0x8a,0x6a,0x4a,0x5a,0xab,0x72,0xab,0x72,0xab,0x72,0xcb,0x72,
0xcb,0x72,0xcb,0x72,0xab,0x72,0xab,0x72,0xab,0x72,0xab,0x6a,0x26,0x31,0x55,0x6b,0x95,0x6b,0x96,0x6b,0x96,0x6b,0x96,0x6b,
0x96,0x6b,0x96,0x6b,0x96,0x6b,0x96,0x6b,0x96,0x6b,0x96,0x6b,0x96,0x6b,0x96,0x6b,0x75,0x6b,0x95,0x6b,0x96,0x6b,0x96,0x6b,
0x96,0x6b,0x96,0x6b,0x96,0x6b,0x95,0x6b,0x96,0x6b,0x96,0x6b,0x96,0x6b,0x96,0x6b,0x95,0x6b,0x95,0x6b,0x95,0x6b,0x95,0x6b,
0x75,0x6b,0x67,0x39,0xcb,0x7a,0xcc,0x72,0x19,0xad,0x19,0xad,0x19,0xad,0x59,0xb5,0x6f,0x92,0x0c,0x92,0x4d,0x9a,0x6e,0xa2,
0x6e,0xa2,0x0d,0x92,0xf1,0x92,0x39,0xad,0x19,0xad,0x19,0xad,0x8a,0x72,0xcb,0x7a,0x87,0x39,0x95,0x6b,0x96,0x6b,0x96,0x6b,
0x96,0x6b,0x96,0x6b,0x96,0x6b,0x96,0x6b,0x96,0x6b,0x95,0x6b,0x95,0x6b,0x96,0x6b,0x95,0x6b,0x75,0x6b,0x75,0x6b,0x11,0x5a,
0x57,0x83,0xb8,0x93,0x3b,0xb5,0xbc,0xbd,0x97,0x8b,0x77,0x8b,0x5b,0xb5,0x5b,0xbd,0xbc,0xc5,0xf1,0x59,0xaf,0x21,0xaf,0x21,
0xcf,0x21,0xd0,0x21,0xaf,0x21,0xaf,0x21,0xaf,0x21,0xaf,0x21,0xcf,0x21,0xd0,0x21,0xd0,0x21,0xb0,0x21,0xcf,0x21,0xaf,0x21,
0xaf,0x21,0xd0,0x21,0xcf,0x21,0xcf,0x21,0xcf,0x21,0xaf,0x21,0xaf,0x21,0xd0,0x21,0xd0,0x21,0xd0,0x21,0xd0,0x21,0xd0,0x21,
0xd0,0x21,0xcf,0x21,0xaf,0x21,0xab,0x72,0xab,0x72,0xd0,0x21,0xd0,0x21,0xd0,0x21,0xb0,0x21,0xd0,0x21,0xd0,0x21,0xd0,0x21,
0xd0,0x21,0xd0,0x21,0xd0,0x21,0xd0,0x21,0xcf,0x21,0xd0,0x21,0xd0,0x21,0xd0,0x21,0xcf,0x21,0xd0,0x21,0xd0,0x21,0xd0,0x21,
0xd0,0x21,0xd0,0x21,0xd0,0x21,0xd0,0x21,0xd0,0x21,0xb0,0x21,0xcf,0x21,0xaf,0x21,0xaf,0x21,0xaf,0x21,0xaf,0x21,0x6e,0x41,
0x5c,0xbd,0x9c,0xbd,0xd8,0x93,0x77,0x8b,0x77,0x8b,0x7b,0xbd,0xd8,0x93,0xb8,0x93,0xf1,0x51,0x75,0x6b,0x96,0x6b,0x96,0x6b,
0x96,0x6b,0x96,0x6b,0x96,0x6b,0x96,0x6b,0x96,0x6b,0x96,0x6b,0x96,0x6b,0x96,0x6b,0x96,0x6b,0x95,0x6b,0x75,0x6b,0x75,0x6b,
0x95,0x6b,0x14,0x5b,0x2a,0x1a,0xe9,0x51,0xa8,0x11,0xc9,0x19,0x8a,0x1a,0x0c,0x23,0x2a,0x12,0x67,0x39,0x67,0x39,0x67,0x39,
0x67,0x39,0x67,0x39,0x67,0x39,0x67,0x39,0x67,0x39,0x67,0x39,0x67,0x39,0x67,0x39,0x67,0x39,0x67,0x39,0x26,0x31,0x75,0x6b,
0x95,0x6b,0x96,0x6b,0x96,0x6b,0x96,0x6b,0x96,0x6b,0x96,0x6b,0x96,0x6b,0x96,0x6b,0x96,0x6b,0x95,0x6b,0x96,0x6b,0x75,0x6b,
0x75,0x6b,0x95,0x6b,0x95,0x6b,0x96,0x6b,0x96,0x6b,0x96,0x6b,0x96,0x6b,0x95,0x6b,0x96,0x6b,0x96,0x6b,0x96,0x6b,0x96,0x6b,
0x95,0x6b,0x95,0x6b,0x95,0x6b,0x95,0x6b,0x75,0x6b,0x67,0x39,0xcb,0x7a,0xcc,0x7a,0x19,0xad,0x19,0xad,0x19,0xad,0xf9,0xac,
0xd8,0xac,0x8a,0x89,0x2d,0x92,0xab,0x79,0x0d,0x92,0x39,0xad,0xf9,0xac,0x19,0xad,0x19,0xad,0x39,0xad,0x8a,0x72,0xcb,0x7a,
0x87,0x39,0x75,0x6b,0x95,0x6b,0x95,0x6b,0x96,0x6b,0x96,0x6b,0x96,0x6b,0x96,0x6b,0x96,0x6b,0x95,0x6b,0x96,0x6b,0x96,0x6b,
0x96,0x6b,0x75,0x6b,0x75,0x6b,0xf0,0x51,0x77,0x8b,0x19,0x9c,0x7b,0xbd,0x5b,0xb5,0x17,0x83,0x16,0x83,0x7b,0xb5,0x9b,0xbd,
0x9c,0xbd,0xf0,0x51,0xaf,0x21,0xaf,0x21,0xaf,0x21,0xcf,0x21,0xcf,0x21,0xaf,0x21,0xcf,0x21,0xb0,0x21,0xd0,0x21,0xd0,0x21,
0xb0,0x21,0xaf,0x21,0xcf,0x21,0xaf,0x21,0xaf,0x21,0xaf,0x19,0xd0,0x21,0xd0,0x21,0xd0,0x21,0xd0,0x21,0xd0,0x21,0xd0,0x21,
0xd0,0x21,0xd0,0x21,0xd0,0x21,0xd0,0x21,0xd0,0x21,0xd0,0x21,0xd0,0x21,0xab,0x72,0xab,0x72,0xd0,0x21,0xd0,0x21,0xd0,0x21,
0xd0,0x21,0xd0,0x21,0xd0,0x21,0xd0,0x21,0xd0,0x21,0xd0,0x21,0xd0,0x21,0xd0,0x21,0xd0,0x21,0xd0,0x21,0xd0,0x21,0xd0,0x21,
0xd0,0x21,0xd0,0x21,0xd0,0x21,0xd0,0x21,0xd0,0x21,0xd0,0x21,0xd0,0x21,0xd0,0x21,0xb0,0x21,0xaf,0x21,0xaf,0x21,0xaf,0x21,
0xaf,0x21,0xaf,0x21,0xb0,0x21,0x8f,0x49,0x7b,0xbd,0x5b,0xb5,0x97,0x8b,0x97,0x8b,0x97,0x8b,0x9b,0xbd,0x77,0x83,0x77,0x83,
0xf1,0x51,0x76,0x6b,0x96,0x6b,0x96,0x6b,0x96,0x6b,0x96,0x6b,0x96,0x6b,0x95,0x6b,0x96,0x6b,0x75,0x6b,0x75,0x6b,0x95,0x6b,
0x96,0x6b,0x75,0x6b,0x75,0x6b,0x75,0x6b,0x75,0x6b,0xeb,0x21,0x2a,0x12,0x67,0x09,0x88,0x11,0x54,0x5b,0xe9,0x11,0xab,0x1a,
0xc8,0x11,0xb2,0x52,0xb2,0x52,0xb1,0x52,0xb1,0x52,0xb2,0x52,0xb2,0x52,0xb2,0x52,0xb2,0x52,0xb2,0x52,0xb1,0x52,0xb1,0x52,
0xb1,0x52,0x91,0x4a,0x91,0x4a,0x75,0x6b,0x95,0x6b,0x96,0x6b,0x95,0x6b,0x95,0x6b,0x96,0x6b,0x96,0x6b,0x96,0x6b,0x96,0x6b,
0x95,0x6b,0x95,0x6b,0x95,0x6b,0x75,0x6b,0x95,0x6b,0x96,0x6b,0x96,0x6b,0x96,0x6b,0x96,0x6b,0x96,0x6b,0x96,0x6b,0x95,0x6b,
0x95,0x6b,0x96,0x6b,0x96,0x6b,0x96,0x6b,0x96,0x6b,0x95,0x6b,0x95,0x6b,0x75,0x6b,0x95,0x6b,0x67,0x39,0xcc,0x7a,0xcc,0x7a,
0x19,0xad,0x19,0xad,0x0d,0x13,0xcb,0x0a,0x39,0xad,0xbb,0xb5,0x1c,0xc6,0x6b,0x0a,0x5a,0xad,0x39,0xb5,0x39,0xb5,0x0c,0x13,
0xec,0x12,0x19,0xad,0x8b,0x72,0xcc,0x7a,0x87,0x39,0x95,0x6b,0x96,0x6b,0x96,0x6b,0x96,0x6b,0x96,0x6b,0x96,0x6b,0x96,0x6b,
0x96,0x6b,0x96,0x6b,0x95,0x6b,0x96,0x6b,0x95,0x6b,0x95,0x6b,0x75,0x6b,0xf0,0x51,0x74,0x6a,0xb5,0x72,0x57,0x83,0x77,0x8b,
0x74,0x6a,0x74,0x6a,0x77,0x8b,0x97,0x8b,0x77,0x8b,0xf1,0x51,0xaf,0x21,0xd0,0x21,0xd0,0x21,0xd0,0x21,0xd0,0x21,0xd0,0x21,
0xd0,0x21,0xb0,0x21,0xd0,0x21,0xd0,0x21,0xd0,0x21,0xd0,0x21,0xd0,0x21,0xd0,0x21,0xaf,0x21,0xf3,0xcd,0x52,0xbd,0xd0,0x21,
0xd0,0x21,0xd0,0x21,0xd0,0x21,0xd0,0x21,0xd0,0x21,0xd0,0x21,0xd0,0x21,0xd0,0x21,0xd0,0x21,0xd0,0x21,0xd0,0x21,0xab,0x72,
0xab,0x72,0xd0,0x21,0xd0,0x21,0xd0,0x21,0xd0,0x21,0xd0,0x21,0xd0,0x21,0xd0,0x21,0xd0,0x21,0xd0,0x21,0xd0,0x21,0xd0,0x21,
0xd0,0x21,0xd0,0x21,0xd0,0x21,0xd0,0x21,0xd0,0x21,0xd0,0x21,0xd0,0x21,0xd0,0x21,0xd0,0x21,0xd0,0x21,0xd0,0x21,0xd0,0x21,
0xd0,0x21,0xd0,0x21,0xb0,0x21,0xd0,0x21,0xb0,0x21,0xd0,0x21,0xb0,0x21,0x90,0x49,0x98,0x8b,0x17,0x83,0x74,0x6a,0x74,0x6a,
0xb4,0x72,0x98,0x8b,0x16,0x7b,0x54,0x6a,0xd0,0x49,0x75,0x6b,0x96,0x6b,0x96,0x6b,0x96,0x6b,0x96,0x6b,0x96,0x6b,0x96,0x6b,
0x95,0x6b,0x95,0x6b,0x76,0x6b,0x95,0x6b,0x96,0x6b,0x96,0x6b,0x95,0x6b,0x96,0x73,0xac,0x1a,0xec,0x22,0x2c,0x23,0x8b,0x1a,
0xc9,0x11,0x55,0x63,0x55,0x63,0xca,0x11,0x2a,0x1a,0x34,0x63,0x75,0x6b,0x75,0x6b,0x75,0x6b,0x75,0x6b,0x76,0x6b,0x76,0x6b,
0x76,0x6b,0x76,0x6b,0x96,0x6b,0x76,0x6b,0x76,0x6b,0x76,0x6b,0x76,0x6b,0x96,0x6b,0x95,0x6b,0x95,0x6b,0x96,0x6b,0x96,0x6b,
0x96,0x6b,0x95,0x6b,0x96,0x6b,0x96,0x6b,0x96,0x6b,0x96,0x6b,0x96,0x6b,0x96,0x6b,0x95,0x6b,0x96,0x6b,0x95,0x6b,0x95,0x6b,
0x96,0x6b,0x96,0x6b,0x96,0x6b,0x96,0x6b,0x96,0x6b,0x96,0x6b,0x96,0x6b,0x96,0x6b,0x96,0x6b,0x96,0x6b,0x95,0x6b,0x75,0x6b,
0x95,0x6b,0x67,0x39,0xcc,0x7a,0xcc,0x72,0xf9,0xac,0xf9,0xac,0x4e,0x2b,0x8f,0x2b,0x2c,0x13,0xf9,0xa4,0x5a,0xb5,0xac,0x22,
0x39,0xad,0xed,0x1a,0x0d,0x13,0x6f,0x2b,0x4e,0x23,0xf9,0xac,0x8a,0x72,0xcc,0x7a,0x67,0x39,0x75,0x6b,0x96,0x6b,0x95,0x6b,
0x95,0x6b,0x96,0x6b,0x96,0x6b,0x96,0x6b,0x96,0x6b,0x96,0x6b,0x96,0x6b,0x95,0x6b,0x95,0x6b,0x96,0x6b,0x95,0x6b,0xf0,0x51,
0xd5,0x72,0x95,0x72,0x57,0x83,0x57,0x8b,0x74,0x6a,0x74,0x6a,0x77,0x8b,0x77,0x8b,0x77,0x8b,0xf1,0x51,0xaf,0x21,0xb0,0x21,
0xd0,0x21,0xd0,0x21,0xd0,0x21,0xd0,0x21,0xd0,0x21,0xd0,0x21,0xd0,0x21,0xd0,0x21,0xd0,0x21,0xd0,0x21,0xd0,0x21,0xd0,0x21,
0xd0,0x21,0xb2,0x9c,0x10,0x2a,0xd0,0x21,0xd0,0x21,0xd0,0x21,0xd0,0x21,0xd0,0x21,0xd0,0x21,0xd0,0x21,0xd0,0x21,0xd0,0x21,
0xd0,0x21,0xd0,0x21,0xd0,0x21,0xab,0x72,0xab,0x72,0xd0,0x21,0xd0,0x21,0xd0,0x21,0xd0,0x21,0xd0,0x21,0xf0,0x29,0x2f,0x32,
0xd0,0x21,0xd0,0x21,0xd0,0x21,0xd0,0x21,0xd0,0x21,0xd0,0x21,0xd0,0x21,0xd0,0x21,0xd0,0x21,0xd0,0x21,0xd0,0x21,0xd0,0x21,
0xd0,0x21,0xd0,0x21,0xd0,0x21,0xd0,0x21,0xd0,0x21,0xd0,0x21,0xd0,0x21,0xd0,0x21,0xb0,0x21,0xd0,0x21,0xd0,0x29,0x8f,0x49,
0x57,0x83,0x77,0x8b,0x74,0x6a,0x54,0x6a,0x53,0x62,0x57,0x83,0xd6,0x7a,0xb5,0x72,0xf1,0x51,0x75,0x6b,0x96,0x6b,0x96,0x6b,
0x96,0x6b,0x96,0x6b,0x96,0x6b,0x96,0x6b,0x96,0x6b,0x95,0x6b,0x95,0x6b,0x95,0x6b,0x96,0x6b,0x96,0x6b,0x75,0x6b,0x96,0x6b,
0x8b,0x1a,0xce,0x33,0xab,0x1a,0x6b,0x1a,0xc8,0x11,0x96,0x73,0x95,0x6b,0x12,0x53,0xd1,0x52,0x75,0x6b,0x75,0x6b,0x75,0x6b,
0x75,0x6b,0x75,0x6b,0x95,0x6b,0x75,0x6b,0x75,0x6b,0x75,0x6b,0x96,0x6b,0x96,0x6b,0x95,0x6b,0x75,0x6b,0x96,0x6b,0x95,0x6b,
0x96,0x6b,0x96,0x6b,0x96,0x6b,0x96,0x6b,0x96,0x6b,0x96,0x6b,0x96,0x6b,0x96,0x6b,0x96,0x6b,0x96,0x6b,0x96,0x6b,0x96,0x6b,
0x96,0x6b,0x96,0x6b,0x95,0x6b,0x95,0x6b,0x96,0x6b,0x96,0x6b,0x96,0x6b,0x96,0x6b,0x96,0x6b,0x96,0x6b,0x96,0x6b,0x95,0x6b,
0x95,0x6b,0x95,0x6b,0x95,0x6b,0x75,0x6b,0x75,0x6b,0x67,0x39,0xcc,0x7a,0xcc,0x72,0xf9,0xac,0x39,0xb5,0x4e,0x23,0x4d,0x2b,
0x2d,0x2b,0x4e,0x2b,0xfb,0xc5,0x8c,0x1a,0x38,0xa5,0x4e,0x2b,0x4e,0x2b,0x4e,0x2b,0x6e,0x23,0x19,0xad,0x8a,0x72,0xcc,0x7a,
0x67,0x39,0x75,0x6b,0x96,0x6b,0x95,0x6b,0x95,0x6b,0x96,0x6b,0x96,0x6b,0x96,0x6b,0x96,0x6b,0x96,0x6b,0x96,0x6b,0x95,0x6b,
0x95,0x6b,0x96,0x6b,0x96,0x6b,0xd0,0x51,0x74,0x6a,0xd5,0x7a,0x97,0x8b,0xb7,0x8b,0x94,0x72,0x74,0x6a,0x57,0x83,0x77,0x8b,
0x77,0x8b,0xd0,0x51,0xd0,0x21,0xd0,0x21,0xd0,0x21,0xd0,0x21,0xd0,0x21,0xd0,0x21,0xd0,0x21,0xd0,0x21,0xd0,0x21,0xd0,0x21,
0xd0,0x21,0xd0,0x21,0xd0,0x21,0xd0,0x21,0xd0,0x21,0xd0,0x21,0xd0,0x21,0xd0,0x21,0xd0,0x21,0xd0,0x21,0xd0,0x21,0xd0,0x21,
0xd0,0x21,0xd0,0x21,0xf0,0x21,0xf0,0x21,0xf0,0x21,0xd0,0x21,0xd0,0x21,0xab,0x72,0xab,0x72,0xd0,0x21,0xf0,0x21,0xd0,0x21,
0xf0,0x21,0xd0,0x21,0xf0,0x21,0xf0,0x21,0xd0,0x21,0xd0,0x21,0xf0,0x21,0xf0,0x21,0xf0,0x21,0xf0,0x21,0xf0,0x21,0xf0,0x21,
0xf0,0x21,0xd0,0x21,0xd0,0x21,0xd0,0x21,0xd0,0x21,0xd0,0x21,0xd0,0x21,0xd0,0x21,0xd0,0x21,0xd0,0x21,0xd0,0x21,0xd0,0x21,
0xd0,0x21,0xd0,0x21,0xd0,0x29,0x8f,0x49,0x57,0x83,0x77,0x8b,0x95,0x72,0x74,0x6a,0x54,0x6a,0x17,0x83,0xb5,0x72,0x74,0x72,
0xf1,0x51,0x95,0x6b,0x95,0x6b,0x95,0x6b,0x96,0x6b,0x96,0x6b,0x96,0x6b,0x96,0x6b,0x96,0x6b,0x96,0x6b,0x96,0x6b,0x96,0x6b,
0x96,0x6b,0x75,0x6b,0x75,0x6b,0xb6,0x73,0x8b,0x1a,0x4d,0x23,0xab,0x1a,0xe9,0x11,0xe9,0x11,0x0a,0x12,0x96,0x6b,0x13,0x5b,
0xf3,0x5a,0x95,0x6b,0x95,0x6b,0x95,0x6b,0x96,0x6b,0x96,0x6b,0x95,0x6b,0x96,0x6b,0x95,0x6b,0x96,0x6b,0x96,0x6b,0x96,0x6b,
0x95,0x6b,0x96,0x6b,0x96,0x6b,0x95,0x6b,0x96,0x6b,0x96,0x6b,0x96,0x6b,0x96,0x6b,0x96,0x6b,0x96,0x6b,0x96,0x6b,0x96,0x6b,
0x96,0x6b,0x96,0x6b,0x96,0x6b,0x76,0x6b,0x96,0x6b,0x96,0x6b,0x96,0x6b,0x96,0x6b,0x96,0x6b,0x96,0x6b,0x96,0x6b,0x96,0x6b,
0x96,0x6b,0x96,0x6b,0x96,0x6b,0x96,0x6b,0x96,0x6b,0x95,0x6b,0x95,0x6b,0x95,0x6b,0x75,0x6b,0x67,0x39,0xcc,0x7a,0xcc,0x7a,
0x19,0xad,0x19,0xad,0x1a,0xb5,0x2d,0x2b,0x6e,0x2b,0x8e,0x2b,0xaf,0x33,0x4b,0x1a,0xed,0x22,0x6e,0x2b,0x6e,0x2b,0x4d,0x2b,
0x1a,0xb5,0x39,0xad,0xab,0x72,0xec,0x7a,0x67,0x39,0x75,0x6b,0x96,0x6b,0x96,0x6b,0x96,0x6b,0x96,0x6b,0x96,0x6b,0x96,0x6b,
0x96,0x6b,0x96,0x6b,0x96,0x6b,0x96,0x6b,0x95,0x6b,0x75,0x6b,0x75,0x6b,0xf1,0x51,0x9b,0xa4,0xb8,0x93,0x7c,0xbd,0x5b,0xb5,
0x37,0x83,0x16,0x83,0x7c,0xbd,0x3b,0xb5,0x7b,0xbd,0xd0,0x51,0xd0,0x21,0xd0,0x21,0xd0,0x21,0xd0,0x21,0xd0,0x21,0xd0,0x21,
0xd0,0x21,0xd0,0x21,0xd0,0x21,0xd0,0x21,0xd0,0x21,0xd0,0x21,0xd0,0x21,0xd0,0x21,0xd0,0x21,0xd0,0x21,0xd0,0x21,0xd0,0x21,
0xf0,0x21,0xd0,0x21,0xd0,0x21,0xd0,0x21,0xd0,0x21,0xf0,0x21,0xf0,0x21,0xf1,0x21,0xd0,0x21,0xd0,0x21,0xd0,0x21,0xab,0x72,
0xab,0x72,0xf0,0x21,0xf0,0x21,0xf0,0x21,0xf0,0x21,0xf0,0x21,0xf0,0x21,0xf0,0x21,0xf0,0x21,0xd0,0x21,0xf0,0x21,0xf1,0x21,
0xf0,0x21,0xf1,0x21,0xf1,0x21,0xf1,0x21,0xf0,0x21,0xd0,0x21,0xd0,0x21,0xd0,0x21,0xf0,0x21,0xd0,0x21,0xd0,0x21,0xd0,0x21,
0xd0,0x21,0xd0,0x21,0xd0,0x21,0xd0,0x21,0xf0,0x21,0xd0,0x21,0xd0,0x29,0x8f,0x49,0x5b,0xb5,0x5b,0xb5,0x57,0x83,0x74,0x6a,
0x16,0x7b,0x5b,0xb5,0x98,0x8b,0x77,0x8b,0xd1,0x51,0x75,0x6b,0x96,0x6b,0x96,0x6b,0x96,0x6b,0x96,0x6b,0x96,0x6b,0x96,0x6b,
0x96,0x6b,0x96,0x6b,0x96,0x6b,0x96,0x6b,0x96,0x6b,0x95,0x6b,0x95,0x6b,0xb6,0x73,0x4a,0x1a,0xcc,0x22,0xe9,0x11,0x91,0x4a,
0x87,0x19,0xcc,0x22,0x6b,0x1a,0xea,0x21,0x95,0x6b,0x95,0x6b,0x95,0x6b,0x95,0x6b,0x96,0x6b,0x96,0x6b,0x96,0x6b,0x96,0x6b,
0x96,0x6b,0x96,0x6b,0x96,0x6b,0x96,0x6b,0x96,0x6b,0x96,0x6b,0x96,0x6b,0x95,0x6b,0x96,0x6b,0x96,0x6b,0x96,0x6b,0x96,0x6b,
0x96,0x6b,0x96,0x6b,0x96,0x6b,0x96,0x6b,0x96,0x6b,0x96,0x6b,0x96,0x6b,0x76,0x6b,0x96,0x6b,0x96,0x6b,0x96,0x6b,0x96,0x6b,
0x96,0x6b,0x96,0x6b,0x96,0x6b,0x96,0x6b,0x96,0x6b,0x96,0x6b,0x96,0x6b,0x96,0x6b,0x96,0x6b,0x96,0x6b,0x96,0x6b,0x95,0x6b,
0x75,0x6b,0x67,0x39,0xcc,0x7a,0xcc,0x7a,0x19,0xad,0x19,0xad,0x19,0xad,0x7a,0xbd,0x2e,0x23,0xed,0x22,0xed,0x22,0x6b,0x1a,
0xed,0x22,0x0d,0x23,0x2d,0x23,0xf9,0xac,0x19,0xad,0x39,0xad,0xab,0x72,0xec,0x7a,0x87,0x39,0x95,0x6b,0x96,0x6b,0x96,0x6b,
0x96,0x6b,0x96,0x6b,0x96,0x6b,0x96,0x6b,0x96,0x6b,0x95,0x6b,0x96,0x6b,0x96,0x6b,0x96,0x6b,0x96,0x6b,0x96,0x6b,0x11,0x5a,
0x1b,0xb5,0x57,0x83,0x3b,0xb5,0x7b,0xbd,0x77,0x8b,0x59,0xa4,0x7b,0xbd,0x58,0x9c,0x1a,0xb5,0xd1,0x59,0xf0,0x21,0xeb,0x19,
0xcb,0x19,0xd0,0x21,0xd0,0x21,0xf0,0x21,0xd0,0x21,0xd0,0x21,0xd0,0x21,0xd0,0x21,0xd0,0x21,0xd0,0x21,0xd0,0x21,0xd0,0x21,
0xf0,0x21,0xf0,0x21,0xf1,0x21,0xf1,0x21,0xf1,0x21,0xf0,0x21,0xf0,0x21,0xf0,0x21,0xf0,0x21,0xf0,0x21,0xd0,0x21,0xf1,0x21,
0xf1,0x21,0xd0,0x21,0xd0,0x21,0xab,0x72,0xab,0x72,0xf0,0x21,0xf0,0x21,0xf1,0x21,0xf1,0x21,0xf1,0x29,0xf0,0x21,0xf0,0x21,
0xf0,0x21,0xf1,0x21,0xf1,0x21,0xf1,0x21,0xf1,0x21,0xf1,0x29,0xf1,0x29,0xf1,0x29,0xf0,0x21,0xf1,0x21,0xf1,0x21,0xd0,0x21,
0xf0,0x21,0xf0,0x21,0xd0,0x21,0xd0,0x21,0xf0,0x21,0xf0,0x21,0xcb,0x19,0xcb,0x19,0xef,0x21,0xd0,0x21,0xd0,0x29,0x8f,0x49,
0xba,0xac,0x5b,0xb5,0xda,0xac,0x37,0x83,0x57,0x8b,0x7b,0xbd,0x78,0x8b,0x98,0x8b,0xd0,0x51,0x75,0x6b,0x96,0x6b,0x96,0x6b,
0x96,0x6b,0x96,0x6b,0x96,0x6b,0x96,0x6b,0x96,0x6b,0x96,0x6b,0x95,0x6b,0x95,0x6b,0x95,0x6b,0x95,0x6b,0x75,0x6b,0xb6,0x73,
0xea,0x19,0xa8,0x11,0x13,0x5b,0x54,0x63,0xc8,0x19,0x8b,0x1a,0x2c,0x23,0x4d,0x23,0xe9,0x11,0x96,0x6b,0x96,0x6b,0x95,0x6b,
0x96,0x6b,0x96,0x6b,0x96,0x6b,0x96,0x6b,0x96,0x6b,0x96,0x6b,0x96,0x6b,0x96,0x6b,0x96,0x6b,0x96,0x6b,0x96,0x6b,0x96,0x6b,
0x96,0x6b,0x96,0x6b,0x95,0x6b,0x96,0x6b,0x96,0x6b,0x96,0x6b,0x96,0x6b,0x96,0x6b,0x96,0x6b,0x96,0x6b,0x95,0x6b,0x95,0x6b,
0x96,0x6b,0x96,0x6b,0x96,0x6b,0x96,0x6b,0x96,0x6b,0x96,0x6b,0x96,0x6b,0x96,0x6b,0x96,0x6b,0x96,0x6b,0x96,0x6b,0x96,0x6b,
0x96,0x6b,0x96,0x6b,0x96,0x6b,0x95,0x6b,0x95,0x6b,0x67,0x39,0xcc,0x7a,0xec,0x7a,0x19,0xad,0x19,0xad,0x19,0xad,0x39,0xb5,
0x39,0xad,0x19,0xad,0xf9,0xac,0x39,0xb5,0x39,0xb5,0xf9,0xac,0xf8,0xac,0x39,0xad,0x39,0xad,0xf8,0xac,0x8a,0x72,0xec,0x7a,
0x87,0x39,0x95,0x6b,0x96,0x6b,0x96,0x6b,0x96,0x6b,0x96,0x6b,0x96,0x6b,0x96,0x6b,0x96,0x6b,0x96,0x6b,0x96,0x6b,0x96,0x6b,
0x96,0x6b,0x96,0x6b,0x96,0x6b,0xd0,0x51,0x16,0x7b,0x95,0x72,0x3b,0xb5,0xbc,0xc5,0x98,0x8b,0x3b,0xb5,0x5b,0xb5,0x77,0x83,
0xb7,0x8b,0xf2,0x59,0xec,0x11,0xcb,0x19,0xcb,0x19,0xeb,0x11,0xeb,0x19,0xd0,0x21,0xf0,0x21,0xd0,0x21,0xd0,0x21,0xd1,0x21,
0xf1,0x21,0xf1,0x21,0xf0,0x21,0xf0,0x21,0xf1,0x21,0xf1,0x29,0xf1,0x29,0xf1,0x29,0xf1,0x29,0xf1,0x21,0xf1,0x29,0xf1,0x21,
0xf1,0x21,0xf1,0x21,0xf1,0x21,0xf1,0x21,0xf1,0x21,0xd0,0x21,0xd0,0x21,0xab,0x72,0xab,0x72,0xf1,0x21,0xf1,0x21,0xf1,0x21,
0xf1,0x21,0xf1,0x29,0xf1,0x21,0xf1,0x21,0xf1,0x21,0xf1,0x29,0xf1,0x21,0xf1,0x21,0xf1,0x21,0xf1,0x21,0xf1,0x21,0xf1,0x21,
0xf1,0x21,0xf1,0x21,0xf1,0x21,0xf1,0x21,0xf1,0x21,0xf1,0x21,0xf1,0x21,0xf1,0x21,0xf1,0x21,0xcb,0x19,0xcb,0x19,0xcb,0x19,
0xcb,0x11,0xf0,0x21,0xf1,0x29,0x6e,0x41,0x17,0x7b,0x5b,0xb5,0x5b,0xb5,0x57,0x8b,0x97,0x8b,0x5b,0xb5,0x78,0x8b,0xd6,0x7a,
0xd0,0x51,0x76,0x6b,0x96,0x6b,0x96,0x6b,0x96,0x6b,0x96,0x6b,0x96,0x6b,0x96,0x6b,0x96,0x6b,0x96,0x6b,0x96,0x6b,0x95,0x6b,
0x96,0x6b,0x95,0x6b,0x75,0x6b,0x76,0x6b,0x34,0x63,0xd2,0x52,0x14,0x5b,0xf2,0x5a,0x87,0x21,0xc8,0x11,0xec,0x22,0xcc,0x1a,
0x09,0x12,0x95,0x6b,0x96,0x6b,0x96,0x6b,0x95,0x6b,0x96,0x6b,0x96,0x6b,0x96,0x6b,0x96,0x6b,0x96,0x6b,0x96,0x6b,0x96,0x6b,
0x96,0x6b,0x96,0x6b,0x96,0x6b,0x96,0x6b,0x96,0x6b,0x96,0x6b,0x96,0x6b,0x96,0x6b,0x96,0x6b,0x96,0x6b,0x96,0x6b,0x96,0x6b,
0x96,0x6b,0x96,0x6b,0x96,0x6b,0x96,0x6b,0x96,0x6b,0x96,0x6b,0x96,0x6b,0x96,0x6b,0x96,0x6b,0x96,0x6b,0x96,0x6b,0x96,0x6b,
0x96,0x6b,0x96,0x6b,0x96,0x6b,0x96,0x6b,0x96,0x6b,0x96,0x6b,0x96,0x6b,0x95,0x6b,0x95,0x6b,0x67,0x39,0xcb,0x7a,0xcb,0x72,
0x75,0x9c,0x59,0xb5,0x18,0xad,0xf8,0xac,0xf8,0xac,0x19,0xad,0x39,0xb5,0x39,0xb5,0x19,0xad,0x19,0xad,0x19,0xad,0x19,0xad,
0x39,0xb5,0x96,0x9c,0xcc,0x7a,0xec,0x7a,0x87,0x39,0x75,0x6b,0x96,0x6b,0x96,0x6b,0x96,0x6b,0x96,0x6b,0x96,0x6b,0x96,0x6b,
0x96,0x6b,0x96,0x6b,0x96,0x6b,0x96,0x6b,0x96,0x6b,0x96,0x6b,0x96,0x6b,0xd0,0x51,0x36,0x83,0xd5,0x72,0x1b,0xb5,0x3b,0xb5,
0xb8,0x93,0xbb,0xac,0x3b,0xb5,0xb4,0x72,0xb4,0x72,0xf1,0x51,0xcb,0x19,0xcb,0x19,0xcb,0x19,0xcb,0x19,0xeb,0x19,0xf0,0x21,
0xf0,0x21,0xd0,0x21,0xd1,0x21,0xd1,0x21,0xf1,0x21,0xf1,0x21,0xf1,0x21,0xf1,0x21,0xf1,0x21,0xf1,0x21,0xf1,0x21,0xf1,0x29,
0xf1,0x29,0xf1,0x21,0xf1,0x21,0xf1,0x21,0xf1,0x21,0xf1,0x29,0xf1,0x21,0xf1,0x21,0xf1,0x21,0xf1,0x21,0xf1,0x21,0xab,0x72,
0xab,0x72,0xf1,0x21,0xf1,0x21,0xf1,0x21,0xf1,0x21,0xf1,0x29,0xf1,0x29,0xf1,0x21,0xf1,0x29,0xf1,0x29,0xf1,0x29,0xf1,0x21,
0xf1,0x29,0xf1,0x29,0xf1,0x29,0xf1,0x21,0xf1,0x21,0xf1,0x21,0xf1,0x21,0xf1,0x21,0xf1,0x21,0xf1,0x21,0xf1,0x21,0xf1,0x21,
0xf0,0x21,0xcb,0x19,0xcb,0x19,0xcb,0x19,0xcb,0x19,0x10,0x22,0xf0,0x21,0x8d,0x21,0x33,0x62,0x19,0x9c,0x3b,0xb5,0xf6,0x7a,
0x37,0x83,0xba,0xac,0x78,0x8b,0x36,0x83,0xd0,0x51,0x75,0x6b,0x96,0x6b,0x96,0x6b,0x96,0x6b,0x96,0x6b,0x96,0x6b,0x96,0x6b,
0x96,0x6b,0x96,0x6b,0x96,0x6b,0x95,0x6b,0x95,0x6b,0x96,0x6b,0x95,0x6b,0x75,0x6b,0x75,0x63,0x34,0x63,0x96,0x6b,0x95,0x6b,
0xe9,0x11,0xea,0x11,0x4d,0x2b,0xcc,0x22,0x09,0x12,0x95,0x6b,0x95,0x6b,0x96,0x6b,0x96,0x6b,0x96,0x6b,0x96,0x6b,0x96,0x6b,
0x96,0x6b,0x96,0x6b,0x96,0x6b,0x96,0x6b,0x96,0x6b,0x96,0x6b,0x96,0x6b,0x96,0x6b,0x96,0x6b,0x96,0x6b,0x96,0x6b,0x96,0x6b,
0x96,0x6b,0x96,0x6b,0x96,0x6b,0x96,0x6b,0x96,0x6b,0x96,0x6b,0x96,0x6b,0x96,0x6b,0x96,0x6b,0x96,0x6b,0x96,0x6b,0x96,0x6b,
0x96,0x6b,0x96,0x6b,0x96,0x6b,0x96,0x6b,0x96,0x6b,0x96,0x6b,0x96,0x6b,0x96,0x6b,0x95,0x6b,0x95,0x6b,0x95,0x6b,0x95,0x6b,
0x95,0x6b,0x67,0x39,0xec,0x7a,0xcc,0x7a,0xcb,0x72,0xcc,0x7a,0xcc,0x7a,0xcc,0x7a,0xcb,0x7a,0xcb,0x7a,0xcc,0x7a,0xcc,0x7a,
0xcb,0x72,0xcc,0x72,0xcb,0x72,0xcb,0x72,0xcb,0x72,0xec,0x72,0xec,0x7a,0xec,0x7a,0x87,0x39,0x95,0x6b,0x96,0x6b,0x96,0x6b,
0x96,0x6b,0x96,0x6b,0x96,0x6b,0x96,0x6b,0x96,0x6b,0x96,0x6b,0x96,0x6b,0x96,0x6b,0x96,0x6b,0x96,0x6b,0x96,0x6b,0xaf,0x49,
0x53,0x62,0x53,0x6a,0xb5,0x72,0x94,0x6a,0x33,0x62,0x57,0x83,0x77,0x8b,0x12,0x5a,0xf0,0x51,0xcb,0x11,0x4d,0x1a,0x6d,0x22,
0x6d,0x22,0xeb,0x19,0xcb,0x19,0xcb,0x19,0xf0,0x21,0xf1,0x21,0xf1,0x21,0xf1,0x21,0xf1,0x21,0xf1,0x21,0xf1,0x21,0xf1,0x21,
0xf1,0x21,0xf1,0x21,0xf1,0x21,0xf1,0x29,0xf1,0x29,0xf1,0x21,0xf1,0x21,0xf1,0x29,0xf1,0x29,0xf1,0x21,0xf1,0x21,0xf1,0x21,
0xf1,0x21,0xf1,0x21,0xf1,0x21,0xab,0x72,0xab,0x72,0xf1,0x21,0xf1,0x21,0xf1,0x21,0xf1,0x21,0xf1,0x21,0xf1,0x29,0xf1,0x29,
0xf1,0x29,0x11,0x2a,0x11,0x2a,0xf1,0x29,0xf1,0x29,0x11,0x2a,0x11,0x2a,0xf1,0x29,0xf1,0x21,0xf1,0x21,0xf1,0x21,0xf1,0x21,
0xf1,0x21,0xf1,0x21,0xf1,0x21,0xcb,0x11,0xcb,0x19,0xcb,0x19,0x0b,0x1a,0x4c,0x1a,0xeb,0x19,0xeb,0x19,0xcb,0x19,0xcb,0x11,
0x12,0x5a,0xf8,0x93,0xd6,0x7a,0x33,0x62,0xf2,0x59,0xf1,0x59,0x33,0x62,0x53,0x6a,0xcf,0x49,0x75,0x6b,0x96,0x6b,0x96,0x6b,
0x96,0x6b,0x96,0x6b,0x96,0x6b,0x96,0x6b,0x96,0x6b,0x96,0x6b,0x96,0x6b,0x96,0x6b,0x96,0x6b,0x95,0x6b,0x96,0x6b,0x95,0x6b,
0x95,0x6b,0x75,0x6b,0x95,0x6b,0xe9,0x11,0x2a,0x1a,0x75,0x63,0x88,0x09,0x09,0x1a,0xc9,0x11,0x96,0x6b,0x96,0x6b,0x95,0x6b,
0x96,0x6b,0x95,0x6b,0x96,0x6b,0x96,0x6b,0x96,0x6b,0x96,0x6b,0x96,0x6b,0x95,0x6b,0x95,0x6b,0x95,0x6b,0x95,0x6b,0x96,0x6b,
0x96,0x6b,0x95,0x6b,0x95,0x6b,0x95,0x6b,0x96,0x6b,0x96,0x6b,0x96,0x6b,0x96,0x6b,0x96,0x6b,0x96,0x6b,0x96,0x6b,0x96,0x6b,
0x96,0x6b,0x96,0x6b,0x96,0x6b,0x95,0x6b,0x96,0x6b,0x96,0x6b,0x96,0x6b,0x96,0x6b,0x96,0x6b,0x96,0x6b,0x96,0x6b,0x96,0x6b,
0x95,0x6b,0x95,0x6b,0x96,0x6b,0x96,0x6b,0x95,0x6b,0xe9,0x49,0x67,0x39,0x47,0x31,0x67,0x39,0x67,0x39,0x67,0x39,0x67,0x39,
0x67,0x39,0x87,0x39,0x67,0x39,0x67,0x39,0x67,0x39,0x67,0x39,0x67,0x39,0x67,0x39,0x67,0x39,0x67,0x39,0x87,0x39,0x46,0x31,
0xa8,0x41,0x96,0x6b,0x96,0x6b,0x96,0x6b,0x96,0x6b,0x96,0x6b,0x96,0x6b,0x96,0x6b,0x96,0x6b,0x96,0x6b,0x96,0x6b,0x96,0x6b,
0x96,0x6b,0x95,0x6b,0x96,0x6b,0x31,0x5a,0xf1,0x59,0xb5,0x72,0xf2,0x59,0x11,0x5a,0x73,0x6a,0x53,0x6a,0x90,0x49,0x6a,0x09,
0x8a,0x11,0xcb,0x19,0xeb,0x11,0x6d,0x22,0x6d,0x22,0x6d,0x22,0xeb,0x19,0xeb,0x19,0xcb,0x19,0xcb,0x19,0xf1,0x21,0xf1,0x21,
0x11,0x2a,0xf1,0x21,0xf1,0x21,0xf1,0x21,0xf1,0x21,0xf1,0x29,0xf1,0x29,0xf1,0x29,0xf1,0x29,0xf1,0x29,0xf1,0x21,0xf1,0x21,
0xf1,0x21,0xf1,0x21,0xf1,0x29,0xf1,0x29,0xf1,0x21,0x11,0x22,0xf1,0x21,0xab,0x72,0xab,0x72,0xf1,0x21,0xf1,0x29,0xf1,0x29,
0xf1,0x29,0x11,0x2a,0xf1,0x29,0xf1,0x29,0x11,0x2a,0x11,0x2a,0x11,0x2a,0x11,0x2a,0x11,0x2a,0x11,0x2a,0x11,0x2a,0xf1,0x29,
0xf1,0x21,0xf1,0x21,0xf1,0x21,0xf1,0x21,0xf1,0x21,0xf1,0x21,0xcb,0x19,0xcb,0x19,0xcb,0x19,0x2c,0x1a,0xad,0x22,0x4d,0x1a,
0x4c,0x1a,0xcb,0x19,0xeb,0x19,0xec,0x19,0x8a,0x11,0x8f,0x41,0x32,0x62,0x12,0x5a,0xf2,0x59,0xf2,0x59,0x94,0x72,0xf1,0x59,
0x11,0x5a,0x14,0x5b,0x96,0x6b,0x96,0x6b,0x96,0x6b,0x96,0x6b,0x96,0x6b,0x96,0x6b,0x96,0x6b,0x96,0x6b,0x96,0x6b,0x96,0x6b,
0x96,0x6b,0x96,0x6b,0x96,0x6b,0x96,0x6b,0x96,0x6b,0x96,0x73,0x29,0x12,0xab,0x22,0xc8,0x11,0x55,0x63,0x14,0x5b,0x90,0x4a,
0xd2,0x52,0x95,0x6b,0x95,0x6b,0x96,0x6b,0x96,0x6b,0x96,0x6b,0x96,0x6b,0x96,0x6b,0x96,0x6b,0x96,0x6b,0x96,0x6b,0x95,0x6b,
0x95,0x6b,0x95,0x6b,0x96,0x6b,0x96,0x6b,0x96,0x6b,0x96,0x6b,0x95,0x6b,0x96,0x6b,0x96,0x6b,0x96,0x6b,0x96,0x6b,0x96,0x6b,
0x96,0x6b,0xb6,0x6b,0x96,0x6b,0x95,0x6b,0x96,0x6b,0x96,0x6b,0x96,0x6b,0x96,0x6b,0x96,0x6b,0x96,0x6b,0x96,0x6b,0x95,0x6b,
0x95,0x6b,0x96,0x6b,0x96,0x6b,0x96,0x6b,0x96,0x6b,0x96,0x6b,0x96,0x6b,0x96,0x6b,0x95,0x6b,0xd2,0x5a,0xb1,0x52,0xb1,0x52,
0xb1,0x52,0x91,0x4a,0x91,0x4a,0x91,0x52,0xb1,0x52,0xb1,0x52,0xb1,0x52,0xb1,0x52,0xb1,0x52,0xb1,0x52,0xb1,0x52,0xb1,0x52,
0xb1,0x52,0xb1,0x52,0xb1,0x52,0xb1,0x52,0x13,0x5b,0x96,0x6b,0x96,0x6b,0x96,0x6b,0x96,0x6b,0x96,0x6b,0x96,0x6b,0x96,0x6b,
0x96,0x6b,0x96,0x6b,0x96,0x6b,0x96,0x6b,0x96,0x6b,0x96,0x6b,0x75,0x6b,0x94,0x6a,0xb8,0x93,0x1b,0xb5,0x3b,0xb5,0x7b,0xbd,
0x98,0x8b,0x37,0x83,0x8f,0x49,0x8b,0x19,0xaa,0x11,0xeb,0x19,0xcb,0x11,0xcb,0x19,0x6d,0x22,0x4d,0x22,0xce,0x2a,0xcb,0x11,
0xeb,0x19,0xeb,0x19,0xf1,0x21,0xf1,0x21,0xf1,0x21,0xf1,0x21,0xf1,0x21,0xf1,0x29,0xf1,0x21,0xf1,0x21,0x11,0x2a,0x11,0x2a,
0x11,0x2a,0x11,0x2a,0x11,0x2a,0xf1,0x29,0xf1,0x29,0x50,0x3a,0xf1,0x29,0x11,0x2a,0x11,0x2a,0xf1,0x21,0xf1,0x21,0xab,0x72,
0xcb,0x72,0x11,0x22,0x11,0x2a,0x11,0x2a,0x12,0x2a,0x11,0x2a,0x11,0x2a,0x12,0x2a,0x12,0x2a,0x11,0x2a,0x11,0x2a,0x12,0x2a,
0x11,0x2a,0x11,0x2a,0x11,0x2a,0xf1,0x29,0xf1,0x29,0xf1,0x21,0xf1,0x21,0xf1,0x21,0xf1,0x21,0xcb,0x19,0xcb,0x19,0xcb,0x19,
0x6c,0x1a,0xad,0x22,0xce,0x22,0x4c,0x1a,0xeb,0x19,0xec,0x19,0xeb,0x19,0x8a,0x11,0x69,0x11,0xf1,0x59,0x57,0x83,0x77,0x8b,
0x37,0x83,0x5b,0xb5,0x3b,0xb5,0x17,0x7b,0x74,0x6a,0x13,0x5b,0x96,0x6b,0x96,0x6b,0x96,0x6b,0x96,0x6b,0x96,0x6b,0x96,0x6b,
0x96,0x6b,0x96,0x6b,0x96,0x6b,0x96,0x6b,0x96,0x6b,0x96,0x6b,0x96,0x6b,0x96,0x6b,0x96,0x6b,0x76,0x6b,0x8b,0x1a,0x0c,0x23,
0x8b,0x1a,0x0b,0x22,0x75,0x6b,0x75,0x63,0x95,0x6b,0x95,0x6b,0x96,0x6b,0x96,0x6b,0x96,0x6b,0x96,0x6b,0x96,0x6b,0x95,0x6b,
0x96,0x6b,0x96,0x6b,0x96,0x6b,0x96,0x6b,0x95,0x6b,0x95,0x6b,0x96,0x6b,0x95,0x6b,0x96,0x6b,0x96,0x6b,0x96,0x6b,0x96,0x6b,
0x96,0x6b,0x95,0x6b,0x96,0x6b,0x96,0x6b,0x96,0x6b,0x96,0x6b,0x96,0x6b,0x95,0x6b,0x96,0x6b,0x96,0x6b,0x96,0x6b,0x96,0x6b,
0x96,0x6b,0x96,0x6b,0x96,0x6b,0x96,0x6b,0x96,0x6b,0x96,0x6b,0x96,0x6b,0x96,0x6b,0x95,0x6b,0x96,0x6b,0x96,0x6b,0x96,0x6b,
0x95,0x6b,0x95,0x6b,0x95,0x6b,0x96,0x6b,0x96,0x6b,0x96,0x6b,0x96,0x6b,0x96,0x6b,0x96,0x6b,0x96,0x6b,0x96,0x6b,0x96,0x6b,
0x95,0x6b,0x95,0x6b,0x96,0x6b,0x96,0x6b,0x96,0x6b,0x96,0x6b,0x96,0x6b,0xb6,0x6b,0x96,0x6b,0x96,0x6b,0x96,0x6b,0x96,0x6b,
0x96,0x6b,0x96,0x6b,0x96,0x6b,0x96,0x6b,0x96,0x6b,0x96,0x6b,0x96,0x6b,0x96,0x6b,0x96,0x6b,0x95,0x6b,0x96,0x6b,0x94,0x6a,
0xb5,0x72,0x37,0x83,0x97,0x8b,0x37,0x83,0x37,0x83,0x37,0x83,0xd0,0x51,0x4a,0x19,0x8a,0x11,0xaa,0x11,0xcb,0x11,0xeb,0x11,
0xeb,0x11,0xee,0x2a,0xce,0x2a,0xcb,0x11,0xeb,0x19,0xcb,0x19,0xaa,0x11,0xf1,0x21,0xf1,0x21,0xf1,0x21,0xf1,0x29,0xf1,0x29,
0xf1,0x21,0xf1,0x29,0x11,0x2a,0x11,0x2a,0x11,0x2a,0x11,0x2a,0x11,0x2a,0x11,0x2a,0xf1,0x29,0xb1,0x11,0xf2,0x29,0xf1,0x29,
0x12,0x2a,0xf1,0x21,0xf1,0x21,0xab,0x72,0xab,0x72,0x11,0x2a,0x11,0x2a,0x11,0x2a,0x12,0x2a,0x12,0x2a,0x11,0x2a,0x12,0x2a,
0x11,0x2a,0x11,0x2a,0x12,0x2a,0x12,0x2a,0x11,0x2a,0x12,0x2a,0x12,0x2a,0xf1,0x29,0x11,0x2a,0xf1,0x21,0xf1,0x29,0x12,0x22,
0xcb,0x11,0xca,0x11,0x6d,0x22,0xae,0x22,0x8d,0x22,0xad,0x22,0xcb,0x11,0xcb,0x11,0xeb,0x19,0xaa,0x11,0x8a,0x11,0x8a,0x11,
0x49,0x09,0x12,0x5a,0x74,0x6a,0x37,0x83,0x97,0x8b,0x78,0x8b,0x16,0x7b,0x94,0x72,0x74,0x6a,0x13,0x5b,0x96,0x6b,0x96,0x6b,
0x96,0x6b,0x96,0x6b,0x96,0x6b,0x96,0x6b,0x96,0x6b,0x96,0x6b,0x96,0x6b,0x96,0x6b,0x96,0x6b,0x96,0x6b,0x96,0x6b,0x96,0x6b,
0x96,0x6b,0x96,0x6b,0x8b,0x1a,0xe8,0x11,0xec,0x22,0xe9,0x11,0x96,0x6b,0x96,0x6b,0x95,0x6b,0x96,0x6b,0x96,0x6b,0x96,0x6b,
0x95,0x6b,0x96,0x6b,0x95,0x6b,0x95,0x6b,0x96,0x6b,0x6b,0x62,0x6c,0x62,0x96,0x6b,0x96,0x6b,0x95,0x6b,0x2a,0x5a,0x4b,0x5a,
0x75,0x6b,0x95,0x6b,0x96,0x6b,0x96,0x6b,0x95,0x6b,0x95,0x6b,0x96,0x6b,0x95,0x6b,0x95,0x6b,0x96,0x6b,0x96,0x6b,0x96,0x6b,
0x96,0x6b,0x96,0x6b,0x96,0x6b,0x96,0x6b,0x96,0x6b,0x95,0x6b,0x96,0x6b,0x95,0x6b,0x95,0x6b,0x95,0x6b,0x95,0x6b,0x96,0x6b,
0x96,0x6b,0x96,0x6b,0x96,0x6b,0x96,0x6b,0x96,0x6b,0x95,0x6b,0x96,0x6b,0x96,0x6b,0x96,0x6b,0x96,0x6b,0x96,0x6b,0x96,0x6b,
0x96,0x6b,0x96,0x6b,0x96,0x6b,0x95,0x6b,0x95,0x6b,0x95,0x6b,0x95,0x6b,0x96,0x6b,0x95,0x6b,0x96,0x6b,0x96,0x6b,0x96,0x6b,
0x96,0x6b,0x96,0x6b,0x96,0x6b,0x96,0x6b,0x96,0x6b,0x96,0x6b,0x96,0x6b,0x96,0x6b,0x96,0x6b,0x96,0x6b,0x96,0x6b,0x96,0x6b,
0x96,0x6b,0x95,0x6b,0x95,0x6b,0x72,0x62,0x32,0x62,0x94,0x6a,0x93,0x6a,0x52,0x62,0x93,0x6a,0xd5,0x72,0xb0,0x49,0x4a,0x19,
0x8a,0x11,0x8a,0x11,0x0c,0x1a,0x6d,0x1a,0xaa,0x11,0xad,0x22,0xce,0x22,0x6d,0x1a,0x4c,0x1a,0x0c,0x1a,0xca,0x19,0xcd,0x19,
0x12,0x2a,0x11,0x2a,0x11,0x2a,0x11,0x2a,0x11,0x2a,0x11,0x2a,0x11,0x2a,0x12,0x2a,0x12,0x2a,0x11,0x2a,0x12,0x2a,0x11,0x2a,
0x12,0x2a,0x11,0x2a,0x11,0x2a,0xf1,0x29,0x11,0x2a,0x11,0x2a,0xf1,0x21,0xab,0x72,0xab,0x72,0x12,0x2a,0x12,0x2a,0x12,0x2a,
0x12,0x2a,0x12,0x2a,0x12,0x2a,0x12,0x2a,0x12,0x2a,0xf1,0x29,0x12,0x2a,0x12,0x2a,0x12,0x2a,0x12,0x2a,0x12,0x2a,0x12,0x2a,
0x12,0x2a,0x11,0x2a,0xf1,0x29,0x12,0x2a,0xcb,0x11,0xeb,0x19,0x6d,0x22,0x6d,0x22,0x8d,0x22,0x6d,0x22,0x0c,0x1a,0x2c,0x1a,
0xcb,0x11,0xcb,0x19,0xaa,0x11,0x8a,0x11,0x6a,0x11,0xaf,0x49,0x32,0x62,0x73,0x6a,0x53,0x62,0xb4,0x72,0x74,0x6a,0x33,0x62,
0x73,0x62,0x13,0x5b,0x96,0x6b,0x96,0x6b,0x96,0x6b,0x96,0x6b,0x96,0x6b,0x96,0x6b,0x96,0x6b,0x96,0x6b,0x96,0x6b,0x96,0x6b,
0x96,0x6b,0x96,0x6b,0x96,0x6b,0x96,0x6b,0x96,0x6b,0x96,0x73,0xe9,0x11,0x30,0x4b,0x2c,0x23,0xe9,0x11,0x96,0x6b,0x95,0x6b,
0x96,0x6b,0x96,0x6b,0x96,0x6b,0x96,0x6b,0x96,0x6b,0x96,0x6b,0x95,0x6b,0x95,0x6b,0xcf,0x62,0x96,0x9c,0x18,0xa5,0x10,0x6b,
0x75,0x6b,0x6e,0x5a,0x96,0xa4,0xb7,0xa4,0xaf,0x62,0x96,0x6b,0x95,0x6b,0x96,0x6b,0x96,0x6b,0x96,0x6b,0x95,0x6b,0x95,0x6b,
0x96,0x6b,0x96,0x6b,0x96,0x6b,0x96,0x6b,0x96,0x6b,0x96,0x6b,0x96,0x6b,0x96,0x6b,0x96,0x6b,0x96,0x6b,0x96,0x6b,0x95,0x6b,
0x95,0x6b,0x96,0x6b,0x95,0x6b,0x96,0x6b,0x96,0x6b,0x95,0x6b,0x96,0x6b,0x96,0x6b,0x96,0x6b,0x96,0x6b,0x96,0x6b,0x95,0x6b,
0x96,0x6b,0x96,0x6b,0x96,0x6b,0x95,0x6b,0x95,0x6b,0x96,0x6b,0x96,0x6b,0x95,0x6b,0x96,0x6b,0x95,0x6b,0x96,0x6b,0x96,0x6b,
0x96,0x6b,0x96,0x6b,0x96,0x6b,0x96,0x6b,0x96,0x6b,0x96,0x6b,0x96,0x6b,0x96,0x6b,0x96,0x6b,0x96,0x6b,0x96,0x6b,0x96,0x6b,
0x96,0x6b,0x96,0x6b,0x96,0x6b,0x96,0x6b,0x96,0x6b,0x96,0x6b,0x96,0x6b,0x50,0x52,0xd1,0x51,0x12,0x5a,0x8f,0x49,0xd1,0x51,
0x12,0x5a,0xf0,0x51,0xb0,0x51,0x09,0x11,0x69,0x11,0xab,0x11,0x8d,0x22,0x8d,0x22,0xcb,0x11,0xad,0x22,0xae,0x22,0x4d,0x22,
0x4c,0x22,0x6d,0x22,0xeb,0x19,0xaa,0x11,0x12,0x2a,0x11,0x2a,0x11,0x2a,0x11,0x2a,0x11,0x2a,0x12,0x2a,0x12,0x2a,0x12,0x2a,
0x12,0x2a,0x12,0x2a,0x12,0x2a,0x12,0x2a,0x11,0x2a,0x11,0x2a,0x12,0x2a,0x11,0x2a,0x11,0x2a,0x11,0x2a,0x11,0x2a,0xab,0x72,
0xab,0x72,0x12,0x2a,0x12,0x2a,0x12,0x2a,0x12,0x2a,0x12,0x2a,0x12,0x2a,0x12,0x2a,0x12,0x2a,0x12,0x2a,0x12,0x2a,0x12,0x2a,
0x12,0x2a,0x12,0x2a,0x12,0x2a,0x12,0x2a,0x12,0x2a,0x12,0x2a,0x12,0x2a,0x12,0x2a,0xcb,0x19,0xeb,0x19,0x8d,0x22,0x8d,0x22,
0x8d,0x22,0x8d,0x22,0x0c,0x1a,0x8d,0x22,0xaa,0x11,0x2c,0x1a,0xeb,0x19,0xaa,0x11,0x29,0x09,0x8f,0x49,0xf1,0x59,0x12,0x5a,
0xd1,0x51,0xb0,0x51,0xf1,0x59,0xd1,0x51,0x6f,0x52,0x34,0x63,0x96,0x6b,0x96,0x6b,0x96,0x6b,0x96,0x6b,0x96,0x6b,0x96,0x6b,
0x96,0x6b,0x96,0x6b,0x96,0x6b,0x96,0x6b,0x96,0x6b,0x96,0x6b,0x96,0x6b,0x96,0x6b,0x96,0x6b,0x95,0x6b,0x33,0x5b,0x54,0x63,
0x0c,0x23,0x09,0x1a,0x96,0x6b,0x95,0x6b,0x96,0x6b,0x96,0x6b,0x96,0x6b,0x96,0x6b,0x96,0x6b,0x96,0x6b,0x95,0x6b,0x96,0x6b,
0x6b,0x62,0xbc,0xbd,0xbc,0xbd,0x6c,0x62,0x96,0x6b,0x8c,0x62,0xbc,0xbd,0x9b,0xbd,0x6b,0x5a,0x96,0x6b,0x96,0x6b,0x96,0x6b,
0x96,0x6b,0x96,0x6b,0x96,0x6b,0x95,0x6b,0x96,0x6b,0x96,0x6b,0x95,0x6b,0x95,0x6b,0x96,0x6b,0x95,0x6b,0x95,0x6b,0x95,0x6b,
0x96,0x6b,0x96,0x6b,0xd6,0x73,0xb6,0x73,0xb6,0x73,0xd6,0x73,0xb6,0x73,0x96,0x6b,0x96,0x6b,0x95,0x6b,0x95,0x6b,0x95,0x6b,
0x95,0x6b,0x96,0x6b,0x96,0x6b,0x96,0x6b,0x95,0x6b,0x95,0x6b,0x96,0x6b,0x96,0x6b,0x96,0x6b,0x96,0x6b,0xb6,0x6b,0x96,0x6b,
0x96,0x6b,0x96,0x6b,0x96,0x6b,0x96,0x6b,0x96,0x6b,0x96,0x6b,0x96,0x6b,0x96,0x6b,0x95,0x6b,0x96,0x6b,0x96,0x6b,0x96,0x6b,
0x96,0x6b,0x96,0x6b,0x96,0x6b,0x96,0x6b,0x96,0x6b,0x96,0x6b,0x96,0x6b,0x96,0x6b,0x96,0x6b,0x96,0x6b,0x96,0x6b,0xaf,0x49,
0xb5,0x72,0xd9,0x93,0x57,0x83,0x97,0x8b,0x33,0x62,0x74,0x6a,0xf7,0x7a,0xcf,0x51,0xf0,0x51,0xaa,0x19,0x8d,0x22,0xec,0x19,
0xeb,0x19,0xcb,0x11,0x6d,0x22,0x8d,0x22,0x6d,0x22,0x0c,0x1a,0xaa,0x11,0x69,0x11,0x12,0x2a,0x11,0x2a,0xf1,0x21,0x12,0x2a,
0x12,0x2a,0x11,0x2a,0x12,0x2a,0x12,0x2a,0x12,0x2a,0x12,0x2a,0x12,0x2a,0x12,0x2a,0x12,0x2a,0x11,0x2a,0x12,0x2a,0x12,0x2a,
0x11,0x2a,0x12,0x2a,0x12,0x2a,0xab,0x72,0xcb,0x72,0x12,0x2a,0x12,0x2a,0x12,0x2a,0x12,0x2a,0x12,0x2a,0x12,0x2a,0x12,0x2a,
0x12,0x2a,0x12,0x2a,0x12,0x2a,0x12,0x2a,0x12,0x2a,0x12,0x2a,0x12,0x2a,0x12,0x2a,0x12,0x2a,0x12,0x2a,0x12,0x2a,0x32,0x2a,
0xaa,0x11,0xcb,0x19,0xec,0x19,0x8d,0x22,0x8d,0x22,0xeb,0x19,0xeb,0x19,0xce,0x2a,0x0c,0x1a,0x4c,0x1a,0x0c,0x1a,0x8b,0x11,
0xf1,0x51,0x35,0x7b,0x19,0x94,0x94,0x72,0x53,0x6a,0x36,0x83,0x98,0x8b,0xd5,0x72,0xae,0x41,0x75,0x6b,0x96,0x6b,0x96,0x6b,
0x96,0x6b,0x96,0x6b,0x96,0x6b,0x96,0x6b,0x96,0x6b,0x96,0x6b,0x96,0x6b,0x96,0x6b,0x96,0x6b,0x96,0x6b,0x96,0x6b,0x96,0x6b,
0x96,0x6b,0x96,0x6b,0x95,0x6b,0x74,0x63,0x8b,0x22,0xe9,0x11,0x96,0x6b,0x95,0x6b,0x96,0x6b,0x96,0x6b,0x95,0x6b,0x95,0x6b,
0x95,0x6b,0x95,0x6b,0x96,0x6b,0x96,0x6b,0x0a,0x52,0x7b,0xbd,0x7b,0xbd,0xea,0x49,0x55,0x63,0xea,0x49,0x9c,0xbd,0x9b,0xbd,
0x0a,0x52,0x96,0x6b,0x96,0x6b,0x96,0x6b,0x96,0x6b,0x96,0x6b,0x96,0x6b,0x96,0x6b,0x95,0x6b,0x96,0x6b,0x95,0x6b,0x96,0x6b,
0x96,0x6b,0x95,0x6b,0x96,0x6b,0x96,0x6b,0x96,0x6b,0xf1,0x4a,0xc8,0x11,0xc8,0x11,0xc8,0x11,0xe9,0x11,0x10,0x4b,0x75,0x63,
0x95,0x6b,0x95,0x6b,0x95,0x6b,0x96,0x6b,0x96,0x6b,0x96,0x6b,0x96,0x6b,0x95,0x6b,0x95,0x6b,0x95,0x6b,0x95,0x6b,0x96,0x6b,
0x96,0x6b,0x96,0x6b,0x96,0x6b,0x96,0x6b,0x95,0x6b,0x96,0x6b,0x96,0x6b,0x96,0x6b,0x96,0x6b,0x96,0x6b,0x95,0x6b,0x95,0x6b,
0x95,0x6b,0x96,0x6b,0x96,0x6b,0x96,0x6b,0x96,0x6b,0x96,0x6b,0x96,0x6b,0x96,0x6b,0x95,0x6b,0x96,0x6b,0x96,0x6b,0x96,0x6b,
0x96,0x6b,0x96,0x6b,0x96,0x6b,0xf1,0x51,0x1b,0xad,0xf9,0x93,0x3b,0xb5,0x3b,0xb5,0x37,0x83,0x95,0x72,0x3b,0xb5,0x32,0x5a,
0x31,0x52,0x8a,0x11,0xeb,0x11,0x8d,0x22,0x8d,0x22,0x0c,0x1a,0xce,0x22,0xeb,0x11,0x4d,0x22,0xab,0x11,0xaa,0x11,0x49,0x11,
0x28,0x11,0xaa,0x11,0xcb,0x19,0xcb,0x19,0x69,0x11,0x12,0x2a,0x12,0x2a,0x12,0x2a,0x12,0x2a,0x12,0x2a,0x12,0x2a,0x12,0x2a,
0x12,0x2a,0x12,0x2a,0x12,0x2a,0x11,0x2a,0x12,0x2a,0x12,0x2a,0x12,0x2a,0xab,0x72,0xab,0x72,0x12,0x2a,0x12,0x2a,0x12,0x2a,
0x12,0x2a,0x12,0x2a,0x12,0x2a,0x12,0x2a,0x12,0x2a,0x12,0x2a,0x12,0x2a,0x12,0x2a,0x12,0x2a,0x12,0x2a,0x12,0x2a,0x11,0x2a,
0x12,0x2a,0x12,0x2a,0x12,0x2a,0x54,0x2a,0x49,0x11,0xaa,0x11,0xeb,0x19,0xcb,0x11,0xcb,0x11,0xeb,0x19,0xad,0x22,0xae,0x2a,
0x0c,0x1a,0xcb,0x11,0xab,0x11,0x6a,0x11,0x12,0x5a,0x1a,0xad,0x3b,0xb5,0x16,0x7b,0x17,0x83,0x5b,0xb5,0x1b,0xb5,0xf8,0x93,
0xd0,0x51,0x75,0x6b,0x96,0x6b,0x96,0x6b,0x96,0x6b,0x96,0x6b,0x96,0x6b,0x96,0x6b,0x96,0x6b,0x96,0x6b,0x96,0x6b,0x96,0x6b,
0x96,0x6b,0x96,0x6b,0x96,0x6b,0x96,0x6b,0x96,0x6b,0x96,0x6b,0x96,0x6b,0x75,0x6b,0xe9,0x11,0x4a,0x1a,0x96,0x6b,0x95,0x6b,
0x95,0x6b,0x96,0x6b,0x95,0x6b,0x95,0x6b,0x95,0x6b,0x95,0x6b,0x96,0x6b,0x95,0x6b,0xe9,0x49,0x9c,0xbd,0xbc,0xc5,0x2b,0x52,
0x13,0x5b,0xc9,0x49,0xbc,0xc5,0x7b,0xbd,0x0a,0x4a,0x96,0x6b,0x75,0x6b,0x95,0x6b,0x96,0x6b,0x95,0x6b,0x96,0x6b,0x96,0x6b,
0x95,0x6b,0x96,0x6b,0x96,0x6b,0x96,0x6b,0x95,0x6b,0x95,0x6b,0x96,0x6b,0x96,0x6b,0x95,0x6b,0xf1,0x4a,0xc9,0x11,0xcb,0x1a,
0xab,0x1a,0xab,0x1a,0x2a,0x1a,0xc9,0x11,0xa8,0x11,0x75,0x6b,0x75,0x6b,0x95,0x6b,0x95,0x6b,0x96,0x6b,0x96,0x6b,0x96,0x6b,
0x95,0x6b,0x95,0x6b,0x95,0x6b,0x95,0x6b,0x95,0x6b,0x96,0x6b,0x96,0x6b,0x96,0x6b,0x96,0x6b,0x96,0x6b,0x96,0x6b,0x96,0x6b,
0x96,0x6b,0x96,0x6b,0x96,0x6b,0x95,0x6b,0x96,0x6b,0x96,0x6b,0x96,0x6b,0x95,0x6b,0x96,0x6b,0x96,0x6b,0x96,0x6b,0x96,0x6b,
0x96,0x6b,0x96,0x6b,0x96,0x6b,0x96,0x6b,0x96,0x6b,0x96,0x6b,0x96,0x6b,0x11,0x5a,0x5b,0xb5,0x77,0x83,0x5c,0xbd,0x7c,0xbd,
0x98,0x8b,0x77,0x83,0x5b,0xb5,0x11,0x5a,0x11,0x52,0x69,0x11,0xcb,0x19,0x0b,0x1a,0xad,0x22,0x0c,0x1a,0x6d,0x22,0xeb,0x19,
0xeb,0x19,0x8a,0x11,0x49,0x11,0x49,0x11,0xeb,0x11,0xcb,0x11,0xcb,0x19,0xaa,0x19,0xcb,0x19,0x11,0x2a,0x12,0x2a,0x12,0x2a,
0x12,0x2a,0x12,0x2a,0x12,0x2a,0x12,0x2a,0x12,0x2a,0x12,0x2a,0x12,0x2a,0x12,0x2a,0x12,0x2a,0x12,0x2a,0x12,0x2a,0xab,0x72,
0xab,0x72,0x12,0x2a,0x12,0x2a,0x12,0x2a,0x12,0x2a,0x12,0x2a,0x12,0x2a,0x12,0x2a,0x12,0x2a,0x12,0x2a,0x12,0x2a,0x12,0x22,
0xcb,0x19,0xcb,0x19,0xeb,0x19,0xcb,0x19,0x11,0x22,0x12,0x2a,0x10,0x22,0x49,0x11,0x49,0x11,0x49,0x11,0x69,0x11,0x0c,0x1a,
0x0c,0x1a,0xeb,0x19,0x8d,0x22,0xeb,0x19,0xcb,0x19,0x69,0x11,0x69,0x11,0x6a,0x11,0x12,0x5a,0x5b,0xb5,0x77,0x83,0x16,0x83,
0x36,0x83,0x7b,0xb5,0xb8,0x8b,0xb8,0x8b,0xf1,0x51,0x75,0x6b,0x96,0x6b,0x96,0x6b,0x96,0x6b,0x96,0x6b,0x96,0x6b,0x96,0x6b,
0x96,0x6b,0x96,0x6b,0x96,0x6b,0x96,0x6b,0x96,0x6b,0x96,0x6b,0x96,0x6b,0x96,0x6b,0x96,0x6b,0x96,0x6b,0x96,0x6b,0x96,0x6b,
0x13,0x5b,0x13,0x5b,0x96,0x6b,0x95,0x6b,0x95,0x6b,0x95,0x6b,0x75,0x6b,0x95,0x6b,0x95,0x6b,0x96,0x6b,0x95,0x6b,0x95,0x6b,
0xea,0x49,0x5b,0xb5,0x7b,0xb5,0xe9,0x49,0x0b,0x52,0xc9,0x49,0xbc,0xc5,0x5a,0xb5,0xe9,0x49,0x76,0x6b,0x75,0x6b,0x96,0x6b,
0x95,0x6b,0x96,0x6b,0x95,0x6b,0x95,0x6b,0x95,0x6b,0x96,0x6b,0x96,0x6b,0x96,0x6b,0x95,0x6b,0x96,0x6b,0x96,0x6b,0x96,0x6b,
0x95,0x6b,0x11,0x53,0xc8,0x11,0x4c,0x23,0xab,0x1a,0xab,0x1a,0x8a,0x1a,0xab,0x1a,0xab,0x22,0xb6,0x6b,0x95,0x6b,0x95,0x6b,
0x96,0x6b,0x96,0x6b,0x96,0x6b,0x95,0x6b,0x95,0x6b,0x96,0x6b,0x95,0x6b,0x96,0x6b,0x96,0x6b,0x96,0x6b,0x96,0x6b,0x96,0x6b,
0x96,0x6b,0x95,0x6b,0x96,0x6b,0x96,0x6b,0x96,0x6b,0x95,0x6b,0x95,0x6b,0x96,0x6b,0x96,0x6b,0x96,0x6b,0x96,0x6b,0x96,0x6b,
0x96,0x6b,0x96,0x6b,0x96,0x6b,0x96,0x6b,0x96,0x6b,0x96,0x6b,0x96,0x6b,0x96,0x6b,0x96,0x6b,0x96,0x6b,0x96,0x6b,0xd0,0x51,
0xf5,0x7a,0x74,0x6a,0x17,0x83,0xb8,0x8b,0x74,0x6a,0x74,0x6a,0x78,0x8b,0x95,0x72,0x94,0x6a,0xf1,0x59,0x8a,0x11,0xcb,0x19,
0xcb,0x11,0xeb,0x19,0xaa,0x11,0x8a,0x11,0xaa,0x11,0x49,0x11,0x28,0x09,0xec,0x19,0xec,0x19,0x8d,0x22,0x8d,0x22,0x6d,0x22,
0xcb,0x11,0xcb,0x19,0x11,0x2a,0x12,0x2a,0x12,0x2a,0x12,0x2a,0x12,0x2a,0x12,0x2a,0x12,0x2a,0x12,0x2a,0x12,0x2a,0x12,0x2a,
0x12,0x2a,0x12,0x2a,0x12,0x2a,0xab,0x72,0xab,0x72,0x12,0x2a,0x12,0x2a,0x12,0x2a,0x12,0x2a,0x12,0x2a,0x12,0x2a,0x12,0x2a,
0x12,0x2a,0x12,0x2a,0x32,0x2a,0xec,0x19,0xcb,0x19,0xcb,0x11,0xeb,0x19,0xcb,0x11,0xcb,0x11,0x8a,0x11,0x8a,0x11,0x8a,0x11,
0x8a,0x11,0x8a,0x11,0x49,0x11,0x8a,0x11,0x8a,0x11,0x0c,0x1a,0xeb,0x19,0xeb,0x19,0x8a,0x11,0x69,0x11,0x6a,0x19,0xaf,0x49,
0xb5,0x72,0x77,0x8b,0x94,0x6a,0x74,0x6a,0xb4,0x72,0x77,0x8b,0x95,0x72,0x74,0x6a,0xb0,0x49,0x76,0x6b,0x96,0x6b,0x96,0x6b,
0x96,0x6b,0x96,0x6b,0x96,0x6b,0x96,0x6b,0x96,0x6b,0x96,0x6b,0x96,0x6b,0x96,0x6b,0x96,0x6b,0x96,0x6b,0x96,0x6b,0x96,0x6b,
0x96,0x6b,0x96,0x6b,0x95,0x6b,0x96,0x6b,0x95,0x6b,0x95,0x6b,0x95,0x6b,0x95,0x6b,0x75,0x6b,0x95,0x6b,0x75,0x6b,0x95,0x6b,
0x96,0x6b,0x96,0x6b,0x95,0x6b,0x34,0x63,0x2b,0x52,0x7b,0xb5,0x9b,0xbd,0x5b,0xb5,0x3b,0xb5,0x7b,0xbd,0x9b,0xbd,0x9b,0xbd,
0x0a,0x52,0x14,0x63,0x75,0x6b,0x95,0x6b,0x96,0x6b,0x96,0x6b,0x96,0x6b,0x96,0x6b,0x96,0x6b,0x96,0x6b,0x96,0x6b,0x96,0x6b,
0x95,0x6b,0x96,0x6b,0x96,0x6b,0x95,0x6b,0x96,0x6b,0x11,0x4b,0xc8,0x11,0x4c,0x23,0x4c,0x23,0x2a,0x1a,0x6a,0x1a,0x8b,0x1a,
0xab,0x1a,0xa8,0x11,0x47,0x09,0x95,0x6b,0x96,0x6b,0x95,0x6b,0x95,0x6b,0x95,0x6b,0x95,0x6b,0x95,0x6b,0x95,0x6b,0xf7,0x73,
0xc8,0x11,0xa8,0x11,0xa8,0x11,0xc9,0x11,0xc9,0x11,0xc8,0x11,0xc8,0x11,0x96,0x6b,0x95,0x6b,0x95,0x6b,0x95,0x6b,0x96,0x6b,
0x96,0x6b,0x96,0x6b,0x96,0x6b,0x96,0x6b,0x96,0x6b,0x96,0x6b,0x96,0x6b,0x96,0x6b,0x96,0x6b,0x96,0x6b,0x96,0x6b,0x96,0x6b,
0x95,0x6b,0x95,0x6b,0x96,0x6b,0xd0,0x51,0x98,0x8b,0x74,0x6a,0x37,0x83,0x78,0x8b,0x54,0x6a,0x74,0x6a,0xb8,0x93,0x36,0x83,
0xf5,0x72,0xf0,0x51,0x49,0x11,0x89,0x11,0xcb,0x11,0x48,0x09,0x69,0x11,0x28,0x09,0x28,0x11,0x6a,0x11,0xeb,0x19,0xae,0x2a,
0x6d,0x22,0x4c,0x1a,0x6d,0x22,0xad,0x22,0xce,0x22,0xaa,0x19,0xcb,0x19,0x11,0x22,0x32,0x2a,0x12,0x2a,0x12,0x2a,0x12,0x2a,
0x12,0x2a,0x12,0x2a,0x12,0x2a,0x12,0x2a,0x12,0x2a,0x12,0x2a,0x12,0x2a,0xab,0x72,0xab,0x72,0x12,0x2a,0x12,0x2a,0x12,0x2a,
0x12,0x2a,0x12,0x2a,0x12,0x2a,0x12,0x2a,0x32,0x2a,0xeb,0x19,0xcb,0x19,0xeb,0x19,0x4d,0x22,0x6d,0x22,0x6d,0x22,0xec,0x19,
0xeb,0x19,0x0c,0x1a,0x0c,0x1a,0x0c,0x1a,0x2c,0x1a,0xcb,0x11,0x28,0x11,0x49,0x11,0x49,0x11,0x8a,0x11,0xcb,0x11,0x8a,0x11,
0x69,0x11,0x48,0x11,0x49,0x11,0x8f,0x49,0xf6,0x7a,0x98,0x8b,0x95,0x72,0x94,0x6a,0x74,0x6a,0x57,0x83,0x95,0x72,0x77,0x8b,
0xf1,0x51,0x95,0x6b,0x96,0x6b,0x96,0x6b,0x96,0x6b,0x96,0x6b,0x96,0x6b,0x96,0x6b,0x96,0x6b,0x96,0x6b,0x96,0x6b,0x96,0x6b,
0x96,0x6b,0x96,0x6b,0x96,0x6b,0x96,0x6b,0x96,0x6b,0x96,0x6b,0x96,0x6b,0x95,0x6b,0x95,0x6b,0x95,0x6b,0x95,0x6b,0x95,0x6b,
0x95,0x6b,0x95,0x6b,0x75,0x6b,0x95,0x6b,0x95,0x6b,0x96,0x6b,0x75,0x63,0x6c,0x5a,0x9b,0xbd,0x5b,0xb5,0x5b,0xb5,0x7b,0xbd,
0x7b,0xbd,0x7b,0xbd,0x5b,0xb5,0x5b,0xb5,0x7b,0xb5,0x0a,0x52,0x2b,0x52,0x95,0x6b,0x95,0x6b,0x95,0x6b,0x96,0x6b,0x96,0x6b,
0x96,0x6b,0x96,0x6b,0x96,0x6b,0x96,0x6b,0x96,0x6b,0x96,0x6b,0x95,0x6b,0x96,0x6b,0x95,0x6b,0x11,0x4b,0xc8,0x11,0x4c,0x23,
0x2c,0x23,0x4c,0x23,0x09,0x12,0xcb,0x1a,0xcb,0x1a,0xca,0x1a,0x87,0x11,0x95,0x6b,0x96,0x6b,0x95,0x6b,0x95,0x6b,0x95,0x6b,
0x95,0x6b,0x66,0x01,0xa8,0x09,0x46,0x09,0x8d,0x2b,0x8d,0x2b,0x6d,0x2b,0x0c,0x23,0xeb,0x22,0x8a,0x1a,0xcc,0x22,0xa8,0x11,
0x95,0x6b,0x96,0x6b,0x96,0x6b,0x96,0x6b,0x96,0x6b,0x96,0x6b,0x96,0x6b,0x96,0x6b,0x96,0x6b,0x96,0x6b,0x96,0x6b,0x96,0x6b,
0x96,0x6b,0x96,0x6b,0x96,0x6b,0x96,0x6b,0x96,0x6b,0x96,0x6b,0x96,0x6b,0xb0,0x51,0x57,0x8b,0x16,0x7b,0x39,0xa4,0xf9,0x9b,
0x74,0x6a,0x53,0x62,0x57,0x83,0x57,0x83,0x36,0x83,0xb0,0x49,0x28,0x11,0x69,0x11,0x8a,0x11,0x49,0x11,0x28,0x09,0x28,0x11,
0x49,0x11,0xcb,0x11,0x2c,0x1a,0x8d,0x22,0xab,0x11,0xec,0x11,0xeb,0x11,0xad,0x22,0xae,0x22,0xad,0x22,0xaa,0x11,0xcb,0x19,
0xee,0x19,0x12,0x2a,0x12,0x2a,0x12,0x2a,0x12,0x2a,0x12,0x2a,0x12,0x2a,0x12,0x2a,0x12,0x2a,0x32,0x2a,0x12,0x2a,0x8b,0x72,
0xab,0x72,0x12,0x2a,0x12,0x2a,0x12,0x2a,0x12,0x2a,0x12,0x2a,0x12,0x2a,0xcb,0x11,0xaa,0x11,0xcb,0x19,0xcb,0x19,0x4c,0x1a,
0xce,0x22,0xad,0x22,0x4c,0x1a,0xeb,0x19,0x6d,0x22,0x0c,0x1a,0x0c,0x1a,0x8d,0x22,0x8d,0x22,0xeb,0x19,0xeb,0x19,0x8a,0x11,
0x49,0x11,0x29,0x09,0x49,0x11,0x8a,0x11,0x49,0x11,0x49,0x11,0x49,0x11,0xb0,0x51,0x97,0x8b,0xb8,0x8b,0x53,0x6a,0x53,0x6a,
0x33,0x62,0x37,0x83,0xd5,0x72,0x97,0x8b,0xd0,0x51,0x95,0x6b,0x96,0x6b,0x96,0x6b,0x96,0x6b,0x96,0x6b,0x96,0x6b,0x96,0x6b,
0x96,0x6b,0x96,0x6b,0x96,0x6b,0x96,0x6b,0x96,0x6b,0x96,0x6b,0x96,0x6b,0x96,0x6b,0x96,0x6b,0x95,0x6b,0x96,0x6b,0x95,0x6b,
0x95,0x6b,0x95,0x6b,0x95,0x6b,0x2a,0x12,0x2a,0x12,0xc9,0x11,0x09,0x12,0x0a,0x12,0x12,0x53,0x96,0x73,0x0b,0x4a,0x3a,0xad,
0x9b,0xbd,0xa4,0x10,0x22,0x00,0x5b,0xb5,0x7b,0xbd,0x5b,0xb5,0x00,0x00,0x7a,0xb5,0x7b,0xbd,0x4c,0x5a,0xea,0x49,0x95,0x6b,
0x96,0x6b,0x96,0x6b,0x96,0x6b,0x96,0x6b,0x96,0x6b,0x96,0x6b,0x96,0x6b,0x96,0x6b,0x96,0x6b,0x95,0x6b,0x96,0x6b,0x96,0x6b,
0x95,0x6b,0x11,0x4b,0xa8,0x11,0xcb,0x22,0x4c,0x2b,0x4c,0x23,0x8d,0x2b,0x4a,0x1a,0xab,0x1a,0x8a,0x1a,0x49,0x1a,0xc8,0x09,
0x96,0x6b,0x95,0x6b,0x95,0x6b,0x75,0x6b,0x87,0x09,0xad,0x2b,0x8d,0x2b,0x4c,0x2b,0x6c,0x2b,0x4c,0x2b,0x2c,0x23,0xab,0x1a,
0x2a,0x1a,0xe9,0x11,0x09,0x12,0xa8,0x11,0x95,0x6b,0x96,0x6b,0x96,0x6b,0x96,0x6b,0x96,0x6b,0x96,0x6b,0x96,0x6b,0x96,0x6b,
0x96,0x6b,0x96,0x6b,0x96,0x6b,0x96,0x6b,0x96,0x6b,0x96,0x6b,0x96,0x6b,0x96,0x6b,0x96,0x6b,0x96,0x6b,0x96,0x6b,0x11,0x5a,
0x1b,0xb5,0x78,0x8b,0x9c,0xbd,0xbc,0xc5,0x97,0x8b,0x97,0x8b,0x3b,0xb5,0x3b,0xb5,0x5b,0xb5,0x32,0x62,0x49,0x11,0x49,0x11,
0x29,0x09,0x28,0x11,0x28,0x11,0x49,0x11,0x49,0x11,0x69,0x11,0xeb,0x19,0xec,0x19,0xeb,0x19,0x4c,0x1a,0x4c,0x1a,0xcb,0x11,
0xad,0x22,0xad,0x22,0xec,0x19,0xaa,0x11,0xaa,0x11,0xcb,0x11,0x32,0x2a,0x12,0x2a,0x12,0x2a,0x12,0x2a,0x12,0x2a,0x12,0x2a,
0x12,0x2a,0x32,0x2a,0x32,0x2a,0x8b,0x6a,0xab,0x72,0x12,0x2a,0x12,0x2a,0x12,0x2a,0x12,0x2a,0x12,0x2a,0x12,0x2a,0xcb,0x11,
0xeb,0x19,0xcb,0x19,0x4d,0x22,0xce,0x22,0xce,0x22,0x2c,0x1a,0xab,0x11,0x4c,0x1a,0xec,0x19,0xeb,0x19,0x0c,0x1a,0xec,0x11,
0xcb,0x11,0x6a,0x11,0x29,0x09,0x49,0x11,0x49,0x09,0x49,0x11,0x49,0x11,0x28,0x11,0x49,0x11,0x49,0x11,0x4a,0x11,0x90,0x49,
0x1b,0xb5,0xba,0xa4,0x78,0x8b,0xb8,0x8b,0xd8,0x93,0x9c,0xbd,0x98,0x8b,0x1b,0xad,0xd0,0x51,0x96,0x6b,0x96,0x6b,0x96,0x6b,
0x96,0x6b,0x96,0x6b,0x96,0x6b,0x96,0x6b,0x95,0x6b,0x96,0x6b,0x96,0x6b,0x96,0x6b,0x96,0x6b,0x96,0x6b,0x96,0x6b,0x96,0x6b,
0x96,0x6b,0x95,0x6b,0x95,0x6b,0x96,0x6b,0x96,0x6b,0x75,0x6b,0x87,0x09,0x8c,0x2b,0xae,0x2b,0xae,0x2b,0x2d,0x23,0xab,0x22,
0xe9,0x11,0x75,0x63,0x4c,0x52,0x5a,0xb5,0x7b,0xbd,0xc5,0x18,0xa5,0x18,0x5b,0xb5,0x5b,0xb5,0x7b,0xbd,0x84,0x10,0x9b,0xbd,
0x9b,0xbd,0x6c,0x5a,0xc9,0x49,0x95,0x6b,0x96,0x6b,0x96,0x6b,0x95,0x6b,0x96,0x6b,0x96,0x6b,0x96,0x6b,0x96,0x6b,0x96,0x6b,
0x96,0x6b,0x96,0x6b,0x96,0x6b,0x96,0x6b,0x96,0x6b,0x11,0x53,0xe8,0x11,0x0b,0x23,0x6c,0x2b,0x4c,0x23,0x6c,0x2b,0x09,0x1a,
0xab,0x1a,0xcb,0x1a,0x6a,0x1a,0xc8,0x11,0x75,0x6b,0x95,0x6b,0x95,0x6b,0x12,0x5b,0xc7,0x11,0x6c,0x2b,0x6c,0x23,0x4c,0x23,
0x4c,0x2b,0xab,0x1a,0xcb,0x1a,0xab,0x1a,0x4a,0x1a,0xc8,0x11,0xc8,0x11,0xc8,0x11,0x95,0x6b,0x96,0x6b,0x96,0x6b,0x96,0x6b,
0x96,0x6b,0x96,0x6b,0x96,0x6b,0x96,0x6b,0x96,0x6b,0x96,0x6b,0x96,0x6b,0x96,0x6b,0x96,0x6b,0x96,0x6b,0x96,0x6b,0x96,0x6b,
0x96,0x6b,0x96,0x6b,0x96,0x6b,0x12,0x5a,0x9c,0xbd,0xb8,0x8b,0x5b,0xb5,0x5b,0xb5,0x98,0x8b,0xb8,0x8b,0x7b,0xbd,0x5b,0xb5,
0x3b,0xb5,0x12,0x5a,0x49,0x11,0x49,0x11,0x28,0x09,0x28,0x09,0x49,0x11,0x69,0x11,0x49,0x11,0x8a,0x11,0xab,0x11,0xeb,0x19,
0x2c,0x1a,0x2c,0x1a,0x2c,0x1a,0xec,0x19,0xce,0x22,0xce,0x22,0x0c,0x1a,0xab,0x11,0xcb,0x19,0xac,0x19,0x10,0x22,0x33,0x2a,
0x32,0x2a,0x12,0x2a,0x12,0x2a,0x12,0x2a,0x12,0x2a,0x12,0x2a,0x12,0x22,0x29,0x5a,0x6a,0x6a,0x12,0x2a,0x32,0x2a,0x32,0x2a,
0x32,0x2a,0x12,0x2a,0x10,0x22,0xcb,0x11,0xcb,0x11,0x0c,0x1a,0x2c,0x1a,0xce,0x22,0xce,0x22,0x2d,0x1a,0xec,0x11,0x2c,0x1a,
0x0c,0x1a,0xeb,0x19,0xec,0x19,0x0c,0x1a,0xcb,0x11,0x6a,0x11,0x29,0x09,0x28,0x11,0x49,0x11,0x49,0x11,0x49,0x11,0x29,0x11,
0x49,0x11,0x49,0x11,0x29,0x11,0x6e,0x41,0x1b,0xb5,0x7c,0xbd,0xd8,0x93,0x98,0x8b,0x77,0x8b,0x5b,0xb5,0xd8,0x93,0x7b,0xbd,
0xf0,0x51,0x95,0x6b,0x96,0x6b,0x96,0x6b,0xb6,0x6b,0x96,0x6b,0x96,0x6b,0x96,0x6b,0x96,0x6b,0x96,0x6b,0x96,0x6b,0x96,0x6b,
0x96,0x6b,0x96,0x6b,0x96,0x6b,0x96,0x6b,0x95,0x6b,0x95,0x6b,0x95,0x6b,0x95,0x6b,0x96,0x6b,0x73,0x5b,0xe8,0x09,0x6d,0x2b,
0x8d,0x2b,0x6d,0x2b,0x0c,0x23,0x8b,0x1a,0x8b,0x1a,0x6c,0x22,0x2b,0x52,0x1a,0xad,0x36,0xb4,0x57,0xb4,0x9b,0xbd,0x7a,0xb5,
0x8c,0x62,0xbc,0xc5,0x7b,0xb5,0x36,0xb4,0x36,0xb4,0x0b,0x4a,0xa9,0x49,0x95,0x6b,0x96,0x6b,0x95,0x6b,0x95,0x6b,0x96,0x6b,
0x96,0x6b,0x96,0x6b,0x96,0x6b,0x96,0x6b,0x96,0x6b,0x96,0x6b,0x96,0x6b,0x96,0x6b,0x96,0x6b,0x95,0x6b,0x75,0x6b,0xa8,0x11,
0x0b,0x23,0x2c,0x23,0x2c,0x23,0xab,0x22,0x4a,0x1a,0xab,0x1a,0x8a,0x1a,0xc8,0x11,0x75,0x6b,0x75,0x6b,0xb5,0x73,0x6b,0x1a,
0x2c,0x2b,0x2c,0x23,0x2c,0x23,0xec,0x22,0xcb,0x22,0xcb,0x1a,0x8a,0x1a,0xc8,0x11,0x09,0x12,0x73,0x63,0x32,0x5b,0x95,0x6b,
0x96,0x6b,0x96,0x6b,0x96,0x6b,0x96,0x6b,0x96,0x6b,0x96,0x6b,0x96,0x6b,0x96,0x6b,0x96,0x6b,0x96,0x6b,0x96,0x6b,0x96,0x6b,
0x96,0x6b,0x96,0x6b,0x96,0x6b,0x96,0x6b,0x96,0x6b,0x96,0x6b,0x96,0x6b,0xd0,0x51,0x19,0x9c,0x57,0x83,0xba,0xac,0x99,0xa4,
0xd5,0x7a,0xd5,0x72,0x39,0x9c,0x79,0xa4,0x38,0x9c,0xd2,0x59,0x67,0x29,0xa8,0x31,0xa8,0x31,0xa8,0x31,0x89,0x31,0xa8,0x39,
0xa9,0x31,0xc9,0x39,0xea,0x39,0xe9,0x31,0x0a,0x3a,0x0a,0x32,0xea,0x39,0xea,0x31,0x2b,0x3a,0xea,0x39,0xea,0x31,0xc9,0x31,
0xea,0x31,0x0e,0x42,0xea,0x31,0x0e,0x3a,0x0c,0x42,0x0c,0x42,0xec,0x41,0x0c,0x42,0x0c,0x42,0xec,0x41,0xec,0x41,0x09,0x52,
0x09,0x5a,0xec,0x41,0xec,0x41,0x0c,0x42,0x0c,0x42,0x0e,0x3a,0xea,0x39,0xea,0x31,0xea,0x31,0x2b,0x32,0xea,0x31,0x4b,0x3a,
0x6b,0x3a,0xea,0x31,0xea,0x39,0xea,0x39,0x0a,0x3a,0xc9,0x31,0xea,0x39,0x0a,0x3a,0xc9,0x31,0xa9,0x31,0xa9,0x31,0xa9,0x31,
0x88,0x31,0xa8,0x31,0xa9,0x39,0xa9,0x39,0xa9,0x31,0x88,0x31,0xa9,0x31,0xb0,0x49,0x79,0x9c,0x19,0x9c,0xd5,0x72,0xd5,0x7a,
0xf5,0x7a,0xba,0xa4,0x77,0x8b,0x59,0x9c,0xf0,0x51,0x95,0x6b,0x96,0x6b,0x96,0x6b,0xb6,0x6b,0xb6,0x6b,0xb6,0x6b,0x96,0x6b,
0xb6,0x6b,0x96,0x6b,0x96,0x6b,0x96,0x6b,0x96,0x6b,0x96,0x6b,0x96,0x6b,0x96,0x6b,0x96,0x6b,0x95,0x6b,0x75,0x6b,0x75,0x6b,
0x75,0x6b,0x2a,0x12,0xae,0x33,0x4d,0x2b,0x2d,0x2b,0xcc,0x1a,0xcc,0x1a,0xac,0x1a,0xcc,0x22,0x87,0x09,0xc9,0x41,0x14,0x8c,
0x19,0xbd,0xb8,0xb4,0x9b,0xbd,0x39,0xad,0xf8,0xac,0x96,0x9c,0x9b,0xbd,0x97,0xb4,0x77,0xac,0x0a,0x52,0xa9,0x49,0x75,0x6b,
0x75,0x6b,0x75,0x6b,0x75,0x6b,0x95,0x6b,0x95,0x6b,0x96,0x6b,0x96,0x6b,0x96,0x6b,0x96,0x6b,0x96,0x6b,0x96,0x6b,0x96,0x6b,
0x96,0x6b,0x96,0x6b,0x95,0x6b,0xc9,0x11,0x0c,0x23,0x0b,0x23,0xeb,0x22,0xeb,0x22,0x09,0x12,0x8a,0x1a,0x6a,0x1a,0xc8,0x11,
0x75,0x6b,0x75,0x6b,0xc8,0x11,0x8b,0x1a,0x4c,0x23,0x2c,0x23,0x0c,0x23,0x6a,0x1a,0xcb,0x1a,0xcb,0x22,0xab,0x22,0x46,0x09,
0xa8,0x11,0xb6,0x6b,0x95,0x6b,0x95,0x6b,0x96,0x6b,0x96,0x6b,0x96,0x6b,0x96,0x6b,0x96,0x6b,0x96,0x6b,0x96,0x6b,0x96,0x6b,
0x96,0x6b,0x96,0x6b,0x96,0x6b,0x96,0x6b,0x96,0x6b,0x96,0x6b,0x96,0x6b,0x96,0x6b,0x96,0x6b,0x96,0x6b,0x96,0x6b,0xd0,0x51,
0x37,0x83,0x95,0x72,0x37,0x83,0x98,0x8b,0x74,0x6a,0x74,0x6a,0x57,0x83,0x57,0x83,0x77,0x83,0x12,0x5a,0xe8,0x51,0x29,0x62,
0x6a,0x62,0x4a,0x62,0x4a,0x62,0x4a,0x62,0x4a,0x62,0x4a,0x62,0x29,0x62,0x29,0x62,0x29,0x5a,0x29,0x62,0x29,0x62,0x4a,0x62,
0x2a,0x62,0x4a,0x62,0x4a,0x62,0x4a,0x62,0x4a,0x62,0x4a,0x62,0x4a,0x62,0x4a,0x62,0x2a,0x62,0x2a,0x62,0x4a,0x62,0x4a,0x62,
0x4a,0x62,0x4a,0x62,0x29,0x5a,0x4a,0x62,0x6a,0x6a,0x29,0x5a,0x2a,0x5a,0x4a,0x62,0x4a,0x62,0x2a,0x62,0x4a,0x62,0x4a,0x62,
0x4a,0x62,0x29,0x5a,0x29,0x5a,0x2a,0x62,0x2a,0x62,0x09,0x5a,0x09,0x5a,0x29,0x5a,0x2a,0x62,0x2a,0x62,0x29,0x5a,0x2a,0x62,
0x4a,0x62,0x2a,0x62,0x4a,0x62,0x4a,0x62,0x4a,0x62,0x4a,0x62,0x4a,0x62,0x4a,0x62,0x2a,0x5a,0xe8,0x51,0xea,0x59,0xb0,0x49,
0x57,0x83,0x57,0x83,0x74,0x6a,0x74,0x6a,0x94,0x72,0x57,0x83,0xd6,0x72,0x37,0x83,0xd0,0x49,0x75,0x6b,0x96,0x6b,0x96,0x6b,
0x96,0x6b,0x96,0x6b,0x96,0x6b,0x96,0x6b,0xb6,0x6b,0xb6,0x6b,0x96,0x6b,0x96,0x6b,0x96,0x6b,0x96,0x6b,0x96,0x6b,0x96,0x6b,
0x95,0x6b,0x75,0x6b,0x95,0x63,0xb6,0x63,0x75,0x63,0xe8,0x11,0xce,0x33,0x2d,0x23,0x0d,0x23,0xac,0x1a,0xac,0x22,0xac,0x1a,
0x8b,0x1a,0xa8,0x11,0x12,0x5b,0x8f,0x52,0xea,0x49,0x9b,0xbd,0x9b,0xbd,0x7b,0xbd,0x7b,0xbd,0x7b,0xbd,0x7b,0xbd,0xd9,0xa4,
0x2b,0x52,0xf2,0x5a,0xf2,0x5a,0x94,0x6b,0x54,0x63,0x74,0x63,0x74,0x63,0x95,0x6b,0x95,0x6b,0x95,0x6b,0x96,0x6b,0x96,0x6b,
0x96,0x6b,0x96,0x6b,0x96,0x6b,0x96,0x6b,0x95,0x6b,0x95,0x6b,0x95,0x6b,0xe9,0x11,0x8b,0x1a,0xeb,0x22,0x0b,0x23,0x0c,0x23,
0xe8,0x11,0x29,0x1a,0x8a,0x1a,0x8a,0x1a,0x88,0x11,0xd6,0x73,0x87,0x11,0x0b,0x23,0x0c,0x23,0x0c,0x23,0x4a,0x1a,0xcb,0x22,
0xcb,0x1a,0x29,0x1a,0xa8,0x11,0xb5,0x6b,0x95,0x6b,0x95,0x6b,0x95,0x6b,0x96,0x6b,0x96,0x6b,0x96,0x6b,0x96,0x6b,0x95,0x6b,
0x96,0x6b,0x96,0x6b,0x95,0x6b,0x95,0x6b,0x96,0x6b,0x96,0x6b,0x96,0x6b,0x96,0x6b,0x96,0x6b,0x96,0x6b,0x96,0x6b,0x96,0x6b,
0x96,0x6b,0x96,0x6b,0x96,0x6b,0xd0,0x51,0x37,0x83,0x95,0x72,0x78,0x8b,0x57,0x83,0x53,0x6a,0x74,0x6a,0x97,0x8b,0x57,0x83,
0x16,0x7b,0xb0,0x49,0x0d,0x7b,0xaf,0x93,0x8f,0x93,0x8f,0x93,0xaf,0x93,0xaf,0x93,0xaf,0x93,0xaf,0x93,0xaf,0x9b,0xcf,0x93,
0xaf,0x93,0x8f,0x93,0x8f,0x93,0xaf,0x93,0xaf,0x93,0xaf,0x93,0xcf,0x93,0xd0,0x9b,0xcf,0x93,0xaf,0x93,0xaf,0x93,0xaf,0x93,
0xaf,0x93,0xaf,0x93,0xaf,0x93,0xaf,0x93,0xaf,0x93,0xaf,0x93,0xaf,0x93,0x8f,0x93,0x8f,0x93,0xaf,0x93,0xaf,0x93,0xaf,0x93,
0xaf,0x93,0xaf,0x93,0xaf,0x93,0xaf,0x9b,0xcf,0x9b,0xd0,0x9b,0xcf,0x9b,0xaf,0x9b,0xaf,0x93,0xaf,0x93,0xaf,0x93,0xaf,0x93,
0xaf,0x93,0xaf,0x93,0xcf,0x93,0xaf,0x9b,0xcf,0x9b,0xcf,0x93,0xcf,0x9b,0xaf,0x93,0xaf,0x93,0xaf,0x93,0xaf,0x93,0xaf,0x93,
0xcf,0x93,0x8f,0x8b,0xad,0x72,0x6f,0x49,0x77,0x8b,0x77,0x8b,0x74,0x6a,0x74,0x6a,0x53,0x6a,0x98,0x8b,0xf6,0x7a,0xd6,0x7a,
0xf0,0x51,0x96,0x6b,0x96,0x6b,0x96,0x6b,0x96,0x6b,0x96,0x6b,0x96,0x6b,0x96,0x6b,0x96,0x6b,0x96,0x6b,0x96,0x6b,0x96,0x6b,
0x96,0x6b,0x96,0x6b,0x96,0x6b,0x95,0x6b,0x95,0x6b,0x95,0x6b,0xab,0x6a,0x2a,0x5a,0x4a,0x62,0x08,0x42,0xe9,0x11,0xe8,0x29,
0x09,0x22,0xe9,0x11,0xa7,0x39,0xa7,0x31,0xa8,0x31,0xe9,0x21,0x09,0x52,0xe9,0x51,0x0b,0x52,0xbb,0xbd,0x9b,0xbd,0x7b,0xbd,
0x7b,0xbd,0x9b,0xbd,0x9b,0xbd,0x5a,0xb5,0xe9,0x41,0xe9,0x51,0xc8,0x49,0x6a,0x6a,0x8b,0x6a,0x6a,0x6a,0xe9,0x51,0x75,0x6b,
0x95,0x6b,0x96,0x6b,0x96,0x6b,0x96,0x6b,0x95,0x6b,0x96,0x6b,0x96,0x6b,0x95,0x6b,0x95,0x6b,0x96,0x6b,0x95,0x6b,0xa8,0x11,
0x6a,0x1a,0x2c,0x23,0x0c,0x23,0xeb,0x22,0xcb,0x22,0xa8,0x11,0x8a,0x1a,0xcb,0x22,0xcb,0x22,0xc9,0x11,0xab,0x22,0x0c,0x23,
0x6a,0x1a,0x6a,0x1a,0xeb,0x1a,0xeb,0x22,0x29,0x1a,0xa8,0x11,0x75,0x63,0x95,0x6b,0x95,0x6b,0x95,0x6b,0x95,0x6b,0x96,0x6b,
0x95,0x6b,0x96,0x6b,0x95,0x6b,0x95,0x6b,0x96,0x6b,0x96,0x6b,0x96,0x6b,0x96,0x6b,0x96,0x6b,0xb6,0x6b,0x96,0x6b,0x96,0x6b,
0x96,0x6b,0x96,0x6b,0x96,0x6b,0x96,0x6b,0x96,0x6b,0xb6,0x6b,0x96,0x6b,0xd0,0x51,0x5b,0xb5,0x19,0x9c,0xbc,0xc5,0x9b,0xbd,
0x37,0x83,0x57,0x83,0x9c,0xbd,0x7b,0xbd,0x3b,0xb5,0xd1,0x49,0xcc,0x72,0x0d,0x83,0x0d,0x83,0x0c,0x7b,0x0c,0x7b,0xec,0x7a,
0x0c,0x7b,0x0c,0x7b,0x0c,0x83,0x0c,0x7b,0x0c,0x7b,0x0c,0x7b,0xec,0x7a,0x0c,0x7b,0x0c,0x83,0x0d,0x83,0x0d,0x83,0x0c,0x7b,
0x0c,0x7b,0x0c,0x7b,0x0c,0x83,0x0c,0x7b,0xec,0x7a,0x0c,0x7b,0x0c,0x83,0x0c,0x7b,0x0c,0x7b,0x0c,0x7b,0x0c,0x7b,0xec,0x7a,
0xec,0x7a,0x0c,0x7b,0xec,0x7a,0x0c,0x7b,0x0c,0x83,0x0c,0x7b,0x0c,0x7b,0x0c,0x7b,0x0c,0x83,0xec,0x7a,0xec,0x7a,0xec,0x7a,
0x0c,0x7b,0x0c,0x83,0x0c,0x7b,0x0c,0x7b,0x0c,0x7b,0x0c,0x7b,0x0d,0x83,0x0c,0x83,0x0d,0x83,0x0d,0x83,0x0d,0x83,0x0c,0x83,
0xec,0x7a,0xec,0x7a,0x0c,0x83,0x0c,0x7b,0xec,0x7a,0xec,0x72,0x6c,0x62,0x6e,0x41,0x9c,0xbd,0x7b,0xbd,0x58,0x83,0x78,0x8b,
0xb7,0x8b,0x7c,0xbd,0x98,0x8b,0x5b,0xb5,0xf0,0x51,0x96,0x6b,0x96,0x6b,0x96,0x6b,0x96,0x6b,0x96,0x6b,0x96,0x6b,0x96,0x6b,
0x96,0x6b,0x96,0x6b,0x96,0x6b,0x96,0x6b,0x96,0x6b,0x96,0x6b,0x96,0x6b,0x96,0x6b,0x96,0x6b,0xb6,0x73,0x87,0x39,0x4e,0x93,
0x8e,0x93,0xaf,0x93,0x8e,0x8b,0x6e,0x8b,0x8e,0x8b,0x6e,0x8b,0x8e,0x8b,0x8e,0x8b,0x8e,0x8b,0x6e,0x8b,0x4e,0x8b,0x8e,0x8b,
0x2d,0x83,0xcc,0x72,0xcc,0x72,0xcc,0x72,0xcc,0x72,0xcc,0x72,0xac,0x72,0xab,0x72,0xab,0x72,0x2d,0x83,0x6e,0x8b,0x4e,0x8b,
0x6e,0x8b,0x8e,0x93,0xaf,0x93,0x2a,0x5a,0x96,0x6b,0x95,0x6b,0x96,0x6b,0x96,0x6b,0x96,0x6b,0x96,0x6b,0x96,0x6b,0x96,0x6b,
0x95,0x6b,0x95,0x6b,0x95,0x6b,0x75,0x63,0xa8,0x11,0xab,0x1a,0x8a,0x1a,0xeb,0x22,0xeb,0x22,0xc9,0x11,0x8a,0x1a,0xcb,0x22,
0xcb,0x1a,0x87,0x11,0x8a,0x1a,0xec,0x22,0x2a,0x1a,0x8a,0x1a,0x6a,0x1a,0xab,0x22,0x0a,0x12,0x95,0x6b,0x76,0x6b,0x96,0x6b,
0xb6,0x6b,0x95,0x6b,0xa8,0x11,0xc8,0x11,0xc9,0x11,0xc9,0x11,0xc8,0x11,0xa8,0x11,0xa8,0x11,0xa8,0x11,0x75,0x6b,0x96,0x6b,
0xb6,0x6b,0xb6,0x6b,0xb6,0x6b,0x96,0x6b,0x96,0x6b,0x96,0x6b,0x96,0x6b,0x96,0x6b,0x96,0x6b,0x96,0x6b,0x96,0x6b,0x12,0x5a,
0xba,0xa4,0x37,0x83,0x9c,0xbd,0x9b,0xbd,0x98,0x8b,0x77,0x8b,0x3b,0xb5,0x7b,0xbd,0xbc,0xc5,0x12,0x5a,0x47,0x31,0x87,0x39,
0x87,0x41,0x87,0x39,0x67,0x39,0x87,0x39,0x87,0x41,0x87,0x41,0x87,0x41,0x87,0x41,0x87,0x39,0x87,0x39,0x87,0x39,0x67,0x39,
0x87,0x39,0x87,0x41,0x87,0x41,0x87,0x41,0x87,0x39,0x87,0x39,0x87,0x39,0x87,0x41,0x88,0x41,0x87,0x41,0x87,0x41,0x87,0x41,
0x87,0x39,0x87,0x39,0x67,0x39,0x87,0x41,0x87,0x39,0x67,0x39,0x67,0x39,0x67,0x39,0x87,0x39,0x87,0x39,0x87,0x41,0x87,0x39,
0x67,0x39,0x67,0x39,0x67,0x39,0x87,0x39,0x87,0x41,0x87,0x39,0x87,0x39,0x87,0x39,0x87,0x39,0x87,0x41,0x87,0x39,0x87,0x41,
0x87,0x39,0x87,0x39,0x87,0x41,0x87,0x39,0x87,0x39,0x87,0x39,0x87,0x39,0x87,0x41,0x87,0x39,0x47,0x31,0x89,0x39,0xb0,0x49,
0x5b,0xb5,0x7b,0xb5,0xb8,0x8b,0x98,0x8b,0x77,0x83,0x5b,0xb5,0xb8,0x8b,0xd8,0x93,0xf1,0x51,0x96,0x6b,0x96,0x6b,0xb6,0x6b,
0x96,0x6b,0x96,0x6b,0x96,0x6b,0x96,0x6b,0x96,0x6b,0xb6,0x6b,0xb6,0x6b,0x96,0x6b,0x96,0x6b,0xb6,0x6b,0x96,0x6b,0xb6,0x6b,
0xb6,0x6b,0xb6,0x73,0x87,0x39,0x4d,0x8b,0xcb,0x7a,0xcc,0x7a,0xec,0x7a,0xcb,0x7a,0xab,0x72,0xcb,0x72,0xcc,0x7a,0xcc,0x7a,
0xcc,0x7a,0xcc,0x7a,0xcc,0x7a,0xcc,0x7a,0xcb,0x7a,0xab,0x72,0xab,0x72,0xcb,0x72,0xcb,0x7a,0xcb,0x7a,0xab,0x72,0xab,0x72,
0xcb,0x72,0xcc,0x7a,0xec,0x7a,0xcb,0x7a,0xab,0x72,0xab,0x72,0xab,0x72,0xa8,0x41,0x96,0x6b,0x95,0x6b,0x96,0x6b,0x96,0x6b,
0x96,0x6b,0x95,0x6b,0x96,0x6b,0x96,0x6b,0x96,0x6b,0x95,0x6b,0x95,0x6b,0x95,0x6b,0xe9,0x19,0x6a,0x22,0x6a,0x1a,0xeb,0x22,
0x0c,0x23,0x2a,0x1a,0x8b,0x22,0xcb,0x22,0xcb,0x1a,0xa8,0x11,0xab,0x1a,0xab,0x22,0x4a,0x1a,0xab,0x1a,0x8a,0x1a,0x4a,0x1a,
0xea,0x19,0xb6,0x6b,0xb6,0x6b,0xd6,0x6b,0xb5,0x6b,0xb5,0x6b,0xa8,0x11,0xa8,0x11,0xc8,0x11,0xe9,0x19,0xe9,0x11,0xa8,0x11,
0xa8,0x11,0xa8,0x11,0x75,0x6b,0x96,0x6b,0x96,0x6b,0x96,0x6b,0x96,0x6b,0x96,0x6b,0x96,0x6b,0x96,0x6b,0x96,0x6b,0x96,0x6b,
0x96,0x6b,0x96,0x6b,0x96,0x6b,0x12,0x5a,0x1b,0xb5,0x17,0x83,0x5c,0xbd,0xfc,0xc5,0xd8,0x93,0xb7,0x93,0x5b,0xbd,0x5b,0xbd,
0xbd,0xc5,0xf2,0x59,0x88,0x39,0xa9,0x41,0xa9,0x41,0xa9,0x41,0xa9,0x41,0xa8,0x41,0x88,0x41,0xa8,0x41,0xa8,0x41,0xa8,0x41,
0xa8,0x41,0x88,0x41,0xa8,0x41,0x88,0x41,0x88,0x41,0xa8,0x41,0xa9,0x41,0xa8,0x41,0xa8,0x41,0xa8,0x41,0xa8,0x41,0xa9,0x41,
0xa9,0x41,0xa9,0x41,0xa8,0x41,0x88,0x41,0x88,0x41,0x88,0x41,0x88,0x41,0x88,0x41,0x88,0x41,0x88,0x39,0x88,0x39,0x88,0x41,
0x88,0x41,0xa9,0x41,0xa9,0x41,0xa9,0x41,0xa9,0x41,0x88,0x41,0x88,0x41,0xa8,0x41,0xa9,0x41,0xa9,0x41,0xa8,0x41,0xa8,0x41,
0xa8,0x41,0xa8,0x41,0x88,0x41,0xa8,0x41,0x88,0x41,0x88,0x41,0xa8,0x41,0xa8,0x41,0x88,0x41,0x88,0x41,0x88,0x41,0xa8,0x41,
0xa9,0x41,0x88,0x39,0x89,0x41,0xb0,0x49,0x7b,0xbd,0x7c,0xbd,0xb8,0x93,0x98,0x8b,0x77,0x83,0x9c,0xc5,0xd8,0x93,0x98,0x8b,
0xf0,0x51,0x96,0x6b,0x96,0x6b,0x96,0x6b,0x96,0x6b,0x96,0x6b,0x96,0x6b,0x96,0x6b,0x96,0x6b,0x96,0x6b,0xb6,0x6b,0x96,0x6b,
0x96,0x6b,0x96,0x6b,0x96,0x6b,0xb6,0x6b,0xb6,0x6b,0xb6,0x6b,0x67,0x39,0x6e,0x8b,0xec,0x7a,0xab,0x72,0xab,0x72,0xab,0x72,
0xcb,0x72,0xcb,0x7a,0xcb,0x72,0xcb,0x72,0xcb,0x72,0xcb,0x7a,0xcb,0x72,0xcb,0x72,0xab,0x72,0xab,0x72,0xab,0x72,0xcb,0x72,
0xcb,0x72,0xab,0x72,0xab,0x72,0xab,0x72,0xab,0x72,0xcb,0x72,0xcb,0x7a,0xcb,0x72,0xcb,0x72,0xab,0x72,0xab,0x72,0x87,0x41,
0x96,0x6b,0x96,0x6b,0x96,0x6b,0x96,0x6b,0x95,0x6b,0x95,0x6b,0x96,0x6b,0x96,0x6b,0x96,0x6b,0x95,0x6b,0x95,0x6b,0x96,0x6b,
0xa8,0x11,0xe9,0x11,0x2a,0x1a,0xcb,0x1a,0xcb,0x1a,0xab,0x1a,0xc8,0x11,0x8a,0x1a,0xeb,0x22,0xc8,0x11,0x8a,0x1a,0x09,0x1a,
0x8b,0x1a,0xab,0x1a,0xcb,0x22,0x87,0x11,0x55,0x63,0x55,0x63,0x75,0x6b,0xc9,0x11,0x88,0x11,0xa8,0x11,0x4c,0x23,0x2c,0x23,
0x0c,0x23,0x0b,0x23,0xab,0x1a,0xab,0x1a,0xab,0x1a,0xc8,0x11,0x95,0x6b,0x96,0x6b,0x96,0x6b,0x96,0x6b,0x96,0x6b,0x96,0x6b,
0xb6,0x6b,0xb6,0x6b,0x96,0x6b,0x96,0x6b,0x96,0x6b,0x96,0x6b,0x96,0x6b,0xaf,0x49,0xd5,0x72,0x94,0x72,0x16,0x7b,0x77,0x83,
0x33,0x62,0xf5,0x7a,0xf8,0x9b,0xf5,0x72,0xb5,0x72,0xb0,0x49,0xb1,0x52,0xb1,0x52,0xb1,0x52,0xb1,0x52,0xb1,0x52,0xb1,0x52,
0x91,0x52,0xb1,0x52,0xb1,0x52,0xb1,0x52,0xb1,0x52,0xb2,0x52,0xb1,0x52,0xd2,0x52,0xb1,0x52,0xb1,0x52,0xb1,0x52,0xb1,0x52,
0xb1,0x52,0xb2,0x52,0xb1,0x52,0x91,0x52,0x91,0x52,0xb1,0x52,0xb1,0x52,0x91,0x52,0x91,0x52,0xb1,0x52,0xb1,0x52,0xb1,0x52,
0xb1,0x52,0xb1,0x52,0xb1,0x52,0xb1,0x52,0xb1,0x52,0xb1,0x52,0xb1,0x52,0xb1,0x52,0xb2,0x52,0xb2,0x52,0xb1,0x52,0x91,0x52,
0x91,0x52,0xb1,0x52,0xb1,0x52,0xb1,0x52,0xb1,0x52,0xb1,0x52,0xb1,0x52,0xb2,0x52,0xb1,0x52,0xb1,0x52,0xb1,0x52,0xb2,0x52,
0xb1,0x52,0xb1,0x52,0xb1,0x52,0xb1,0x52,0xd2,0x52,0xd2,0x52,0x70,0x4a,0x6e,0x41,0xb8,0x8b,0x37,0x83,0x74,0x6a,0x53,0x6a,
0x94,0x72,0x98,0x93,0xf6,0x7a,0x53,0x6a,0xaf,0x49,0x96,0x6b,0x96,0x6b,0x96,0x6b,0x95,0x6b,0x96,0x6b,0x96,0x6b,0x96,0x6b,
0x96,0x6b,0x96,0x6b,0x96,0x6b,0x96,0x6b,0x96,0x6b,0x96,0x6b,0x96,0x6b,0x96,0x6b,0x96,0x6b,0xb6,0x73,0x67,0x39,0x4d,0x8b,
0xec,0x7a,0xa8,0x41,0x26,0x31,0x46,0x31,0x46,0x31,0x46,0x31,0x26,0x31,0x46,0x31,0x67,0x31,0x47,0x39,0x46,0x31,0x46,0x31,
0x46,0x31,0x46,0x31,0x46,0x31,0x46,0x31,0x46,0x31,0x46,0x31,0x47,0x31,0x47,0x31,0x47,0x31,0x46,0x31,0x46,0x31,0x47,0x31,
0xa8,0x41,0xcb,0x7a,0xab,0x72,0x67,0x39,0x96,0x6b,0x95,0x6b,0x96,0x6b,0x96,0x6b,0x95,0x6b,0x95,0x6b,0x96,0x6b,0x96,0x6b,
0x96,0x6b,0x95,0x6b,0x95,0x6b,0x95,0x6b,0x75,0x6b,0xa8,0x11,0xa8,0x11,0x8a,0x1a,0x8b,0x1a,0x6a,0x1a,0xe9,0x11,0x4a,0x1a,
0xcb,0x1a,0xa8,0x11,0xe9,0x11,0x4a,0x1a,0x2a,0x1a,0xc8,0x11,0xa9,0x11,0xb6,0x6b,0x75,0x63,0xc8,0x11,0xc8,0x11,0x2c,0x23,
0x2c,0x23,0x0c,0x23,0x2c,0x23,0x2c,0x23,0x0c,0x23,0xab,0x1a,0xab,0x1a,0x8a,0x1a,0x09,0x1a,0xa8,0x11,0x75,0x6b,0x96,0x6b,
0xb6,0x6b,0x96,0x6b,0x96,0x6b,0x96,0x6b,0xb6,0x6b,0x96,0x6b,0x96,0x6b,0x96,0x6b,0x96,0x6b,0x96,0x6b,0x96,0x6b,0xf0,0x49,
0xb0,0x51,0xd0,0x51,0xd0,0x51,0xd0,0x51,0xd0,0x51,0xd0,0x51,0xd0,0x51,0xd0,0x51,0xb0,0x51,0xaf,0x49,0x96,0x6b,0x96,0x6b,
0x96,0x6b,0x96,0x6b,0x96,0x6b,0x96,0x6b,0x96,0x6b,0x96,0x6b,0x96,0x6b,0x96,0x6b,0x96,0x6b,0x96,0x6b,0x96,0x6b,0x96,0x6b,
0x96,0x6b,0x96,0x6b,0x96,0x6b,0x96,0x6b,0x96,0x6b,0x96,0x6b,0x96,0x6b,0x96,0x6b,0x96,0x6b,0x96,0x6b,0x96,0x6b,0x96,0x6b,
0x96,0x6b,0x96,0x6b,0x96,0x6b,0x96,0x6b,0x96,0x6b,0x96,0x6b,0x96,0x6b,0x96,0x6b,0x96,0x6b,0x96,0x6b,0x96,0x6b,0xb6,0x6b,
0x96,0x6b,0x96,0x6b,0x96,0x6b,0x96,0x6b,0x96,0x6b,0x96,0x6b,0x96,0x6b,0x96,0x6b,0x96,0x6b,0x96,0x6b,0x96,0x6b,0x96,0x6b,
0x96,0x6b,0x96,0x6b,0x96,0x6b,0x96,0x6b,0x96,0x6b,0x96,0x6b,0x96,0x6b,0x96,0x6b,0x96,0x6b,0x96,0x6b,0x54,0x63,0xf0,0x49,
0xb0,0x51,0xb0,0x51,0xaf,0x51,0xb0,0x51,0xb0,0x51,0xaf,0x49,0xaf,0x49,0xd0,0x51,0x10,0x52,0x95,0x6b,0x96,0x6b,0x96,0x6b,
0x96,0x6b,0x96,0x6b,0x96,0x6b,0x96,0x6b,0x96,0x6b,0xb6,0x6b,0xb6,0x6b,0x96,0x6b,0x96,0x6b,0x96,0x6b,0x96,0x6b,0x96,0x6b,
0x96,0x6b,0xb6,0x6b,0x87,0x39,0x2d,0x83,0xcb,0x72,0xe9,0x51,0x47,0x31,0x46,0x31,0x26,0x31,0x46,0x31,0x47,0x31,0x67,0x39,
0x47,0x31,0x46,0x31,0x46,0x39,0x67,0x39,0x67,0x39,0x67,0x39,0x67,0x39,0x47,0x31,0x67,0x39,0x67,0x39,0x47,0x39,0x47,0x31,
0x46,0x31,0x47,0x31,0x47,0x31,0x47,0x31,0x09,0x52,0xcb,0x72,0xab,0x72,0x67,0x39,0x96,0x6b,0x96,0x6b,0x96,0x6b,0x96,0x6b,
0x95,0x6b,0x95,0x6b,0x96,0x6b,0x96,0x6b,0x96,0x6b,0x96,0x6b,0x95,0x6b,0x96,0x6b,0x95,0x6b,0xb5,0x6b,0x95,0x63,0xa8,0x11,
0xc8,0x11,0xc8,0x11,0xc8,0x11,0xa8,0x11,0x4a,0x1a,0xc8,0x11,0x88,0x11,0xc8,0x11,0xa8,0x11,0x12,0x53,0x75,0x63,0xd7,0x73,
0x2a,0x1a,0x2c,0x23,0x0b,0x23,0x0b,0x23,0x2c,0x23,0x2c,0x23,0xeb,0x22,0x8a,0x1a,0x8a,0x1a,0x6a,0x1a,0x29,0x1a,0x29,0x1a,
0xa8,0x11,0x75,0x63,0x96,0x6b,0x96,0x6b,0x96,0x6b,0x96,0x6b,0xb6,0x6b,0x96,0x6b,0x96,0x6b,0x96,0x6b,0x96,0x6b,0x96,0x6b,
0x96,0x6b,0x96,0x6b,0x95,0x6b,0x13,0x5b,0xd3,0x52,0xd3,0x52,0xd3,0x52,0xd2,0x52,0xd2,0x52,0xb2,0x52,0xb2,0x52,0xd3,0x5a,
0xf3,0x5a,0x13,0x5b,0x96,0x6b,0x96,0x6b,0x96,0x6b,0x96,0x6b,0x96,0x6b,0x96,0x6b,0x96,0x6b,0x96,0x6b,0x96,0x6b,0x96,0x6b,
0x96,0x6b,0x96,0x6b,0x96,0x6b,0x96,0x6b,0x96,0x6b,0x96,0x6b,0x96,0x6b,0x96,0x6b,0x96,0x6b,0x96,0x6b,0x96,0x6b,0x96,0x6b,
0x96,0x6b,0x96,0x6b,0x96,0x6b,0x96,0x6b,0x96,0x6b,0x96,0x6b,0x96,0x6b,0x96,0x6b,0x96,0x6b,0x96,0x6b,0x96,0x6b,0x96,0x6b,
0x96,0x6b,0x96,0x6b,0x96,0x6b,0x96,0x6b,0x96,0x6b,0x96,0x6b,0x96,0x6b,0x96,0x6b,0x96,0x6b,0x96,0x6b,0x96,0x6b,0x96,0x6b,
0x96,0x6b,0x96,0x6b,0x96,0x6b,0x96,0x6b,0x96,0x6b,0x96,0x6b,0xb6,0x6b,0x96,0x6b,0x96,0x6b,0x96,0x6b,0x96,0x6b,0x96,0x6b,
0x96,0x6b,0x96,0x6b,0x96,0x6b,0x34,0x63,0xd2,0x52,0xd3,0x52,0xd3,0x52,0xb2,0x52,0xd3,0x52,0xd3,0x5a,0xd3,0x52,0xd3,0x52,
0x34,0x63,0x96,0x6b,0x96,0x6b,0x96,0x6b,0x96,0x6b,0x96,0x6b,0x96,0x6b,0x96,0x6b,0x96,0x6b,0x96,0x6b,0xb6,0x6b,0x96,0x6b,
0x96,0x6b,0x96,0x6b,0xb6,0x6b,0x96,0x6b,0x96,0x6b,0xb6,0x73,0x87,0x39,0x2d,0x83,0xcb,0x72,0xe8,0x51,0x47,0x31,0x4d,0x29,
0xd3,0x31,0xf4,0x39,0xf3,0x39,0x47,0x31,0x06,0x31,0x0d,0x33,0xed,0x2a,0x48,0x5a,0xa8,0x72,0xa8,0x72,0xe9,0x41,0x29,0x2a,
0x4b,0x22,0x4b,0x22,0x31,0x2a,0x50,0x22,0x30,0x22,0x47,0x39,0x67,0x39,0x47,0x31,0xe9,0x51,0xcb,0x72,0xab,0x72,0x67,0x39,
0x95,0x6b,0x96,0x6b,0x96,0x6b,0x96,0x6b,0x95,0x6b,0x95,0x6b,0x96,0x6b,0x96,0x6b,0x96,0x6b,0x95,0x6b,0x96,0x6b,0x96,0x6b,
0x95,0x6b,0x75,0x6b,0x95,0x6b,0xe9,0x11,0xc8,0x11,0xe8,0x11,0xa8,0x11,0xa8,0x11,0x29,0x1a,0xe8,0x11,0xa8,0x11,0x6e,0x3a,
0x54,0x63,0xb5,0x73,0xb6,0x73,0x8e,0x3a,0xaa,0x22,0x2c,0x23,0x2c,0x23,0xeb,0x22,0xab,0x22,0xcb,0x22,0xcb,0x22,0xab,0x22,
0xcb,0x22,0x8a,0x1a,0x2a,0x1a,0x2a,0x1a,0x87,0x11,0x95,0x6b,0x95,0x6b,0x96,0x6b,0x96,0x6b,0xb6,0x6b,0xb6,0x6b,0xb6,0x6b,
0x96,0x6b,0x96,0x6b,0x96,0x6b,0x96,0x6b,0x96,0x6b,0x96,0x6b,0x96,0x6b,0x96,0x6b,0x96,0x6b,0x96,0x6b,0x96,0x6b,0x96,0x6b,
0x96,0x6b,0x96,0x6b,0x96,0x6b,0x96,0x6b,0x96,0x6b,0x96,0x6b,0x96,0x6b,0xb6,0x6b,0x96,0x6b,0x96,0x6b,0x96,0x6b,0x96,0x6b,
0x96,0x6b,0x96,0x6b,0x96,0x6b,0x96,0x6b,0x96,0x6b,0x96,0x6b,0x96,0x6b,0x96,0x6b,0x96,0x6b,0x96,0x6b,0x96,0x6b,0x96,0x6b,
0x96,0x6b,0x96,0x6b,0x96,0x6b,0x96,0x6b,0x96,0x6b,0x96,0x6b,0x96,0x6b,0x96,0x6b,0x96,0x6b,0x96,0x6b,0x96,0x6b,0x96,0x6b,
0x96,0x6b,0x96,0x6b,0x96,0x6b,0x96,0x6b,0x96,0x6b,0x96,0x6b,0x96,0x6b,0x96,0x6b,0x96,0x6b,0x96,0x6b,0x96,0x6b,0x96,0x6b,
0x96,0x6b,0x96,0x6b,0x96,0x6b,0xb6,0x6b,0xb6,0x6b,0x96,0x6b,0x96,0x6b,0x96,0x6b,0x96,0x6b,0xb6,0x6b,0x96,0x6b,0x96,0x6b,
0x96,0x6b,0x96,0x6b,0x96,0x6b,0x95,0x6b,0x96,0x6b,0x96,0x6b,0x96,0x6b,0xb6,0x6b,0x96,0x6b,0x96,0x6b,0x96,0x6b,0x96,0x6b,
0x96,0x6b,0x96,0x6b,0x96,0x6b,0x96,0x6b,0x96,0x6b,0x96,0x6b,0x96,0x6b,0x96,0x6b,0x96,0x6b,0x96,0x6b,0x96,0x6b,0x96,0x6b,
0x96,0x6b,0xb6,0x6b,0x96,0x6b,0xb6,0x6b,0x96,0x6b,0x96,0x6b,0x96,0x6b,0x96,0x6b,0x96,0x6b,0x96,0x6b,0x67,0x39,0x2d,0x8b,
0xcb,0x7a,0xe8,0x51,0x26,0x31,0x90,0x29,0x70,0x29,0xd5,0x5a,0x34,0x52,0x89,0x39,0x4e,0x33,0x4d,0x33,0x2e,0x33,0x49,0x62,
0x0a,0x9c,0xaa,0x93,0x49,0x2a,0xa8,0x49,0xec,0x2a,0xeb,0x2a,0xef,0x39,0x15,0x43,0x35,0x43,0xb4,0x32,0x50,0x2a,0x47,0x31,
0xe9,0x51,0xab,0x72,0xab,0x72,0x67,0x39,0x95,0x6b,0xb6,0x6b,0x96,0x6b,0x96,0x6b,0x95,0x6b,0x96,0x6b,0x96,0x6b,0x96,0x6b,
0x96,0x6b,0xb6,0x6b,0x96,0x6b,0x95,0x6b,0x75,0x6b,0x95,0x6b,0x95,0x6b,0x95,0x6b,0x95,0x6b,0x55,0x63,0x25,0x09,0xc8,0x11,
0x29,0x1a,0x09,0x12,0xc8,0x11,0x96,0x73,0x95,0x6b,0x95,0x6b,0xd6,0x73,0x46,0x09,0x0b,0x23,0x2c,0x23,0x2c,0x23,0x2a,0x1a,
0x2a,0x1a,0x4a,0x1a,0xeb,0x22,0xeb,0x22,0xcb,0x22,0x6a,0x1a,0x09,0x12,0x2a,0x1a,0xa8,0x09,0x96,0x6b,0x96,0x6b,0xb6,0x6b,
0x96,0x6b,0xb6,0x6b,0x96,0x6b,0xb6,0x6b,0x96,0x6b,0x96,0x6b,0x96,0x6b,0x96,0x6b,0xb6,0x6b,0x96,0x6b,0x96,0x6b,0x95,0x6b,
0x95,0x6b,0x95,0x6b,0x95,0x6b,0x96,0x6b,0x96,0x6b,0x96,0x6b,0x96,0x6b,0x96,0x6b,0x96,0x6b,0x96,0x6b,0x96,0x6b,0x96,0x6b,
0x96,0x6b,0x96,0x6b,0x96,0x6b,0x96,0x6b,0x96,0x6b,0x96,0x6b,0x96,0x6b,0xb6,0x6b,0xb6,0x6b,0x96,0x6b,0x96,0x6b,0x96,0x6b,
0x96,0x6b,0x96,0x6b,0x96,0x6b,0x96,0x6b,0x96,0x6b,0x96,0x6b,0x96,0x6b,0x96,0x6b,0x96,0x6b,0x96,0x6b,0x96,0x6b,0x96,0x6b,
0x96,0x6b,0x96,0x6b,0x96,0x6b,0x96,0x6b,0x96,0x6b,0x96,0x6b,0x96,0x6b,0x96,0x6b,0x96,0x6b,0x96,0x6b,0x96,0x6b,0x96,0x6b,
0x96,0x6b,0x96,0x6b,0x96,0x6b,0x96,0x6b,0x96,0x6b,0x96,0x6b,0x96,0x6b,0x96,0x6b,0x96,0x6b,0x96,0x6b,0x96,0x6b,0x96,0x6b,
0xb6,0x6b,0xb6,0x6b,0xb6,0x6b,0x96,0x6b,0x96,0x6b,0x96,0x6b,0x96,0x6b,0x96,0x6b,0x96,0x6b,0x96,0x6b,0x96,0x6b,0xb6,0x6b,
0x96,0x6b,0x96,0x6b,0x96,0x6b,0x96,0x6b,0x96,0x6b,0x96,0x6b,0x96,0x6b,0x96,0x6b,0x96,0x6b,0x96,0x6b,0x96,0x6b,0x96,0x6b,
0x96,0x6b,0x96,0x6b,0x96,0x6b,0x96,0x6b,0x96,0x6b,0xb6,0x6b,0x96,0x6b,0x96,0x6b,0x96,0x6b,0x96,0x6b,0xb6,0x6b,0xb6,0x6b,
0xb6,0x6b,0xb6,0x73,0x87,0x39,0x2d,0x83,0xcb,0x7a,0xe8,0x51,0x46,0x31,0x91,0x29,0x50,0x29,0xd3,0x49,0xf4,0x49,0xef,0x29,
0x6e,0x33,0x2d,0x2b,0x4e,0x33,0x87,0x6a,0x0a,0x9c,0x0a,0x9c,0xaa,0x2a,0x09,0x3a,0x4a,0x5a,0x4a,0x62,0x30,0x42,0x15,0x3b,
0x15,0x3b,0x72,0x2a,0x51,0x22,0x67,0x39,0x09,0x5a,0xab,0x72,0xab,0x72,0x67,0x39,0x95,0x6b,0x96,0x6b,0x96,0x6b,0x96,0x6b,
0x95,0x6b,0xc8,0x11,0xc8,0x11,0xc8,0x11,0xc8,0x11,0xc8,0x11,0xc8,0x11,0xc8,0x11,0xe9,0x11,0x75,0x6b,0x95,0x6b,0x95,0x6b,
0x75,0x6b,0x75,0x6b,0x95,0x6b,0xe9,0x11,0x2a,0x1a,0xc7,0x39,0x95,0x6b,0x96,0x6b,0x76,0x6b,0x32,0x53,0xe9,0x11,0xeb,0x22,
0x2c,0x23,0xeb,0x22,0xe9,0x11,0x6a,0x1a,0x0c,0x23,0x0b,0x23,0xeb,0x22,0xeb,0x22,0xab,0x1a,0x09,0x1a,0x87,0x11,0xa9,0x19,
0x95,0x6b,0x96,0x6b,0x96,0x6b,0x96,0x6b,0x96,0x6b,0x96,0x6b,0x96,0x6b,0x96,0x6b,0x96,0x6b,0xb6,0x6b,0x96,0x6b,0x96,0x6b,
0x96,0x6b,0x96,0x6b,0x96,0x6b,0x96,0x6b,0x96,0x6b,0x96,0x6b,0x96,0x6b,0x96,0x6b,0x96,0x6b,0xb6,0x6b,0x96,0x6b,0x96,0x6b,
0x96,0x6b,0xb6,0x6b,0xb6,0x6b,0x96,0x6b,0x96,0x6b,0xb6,0x6b,0x96,0x6b,0x96,0x6b,0x96,0x6b,0x96,0x6b,0x96,0x6b,0x96,0x6b,
0x96,0x6b,0x96,0x6b,0x96,0x6b,0x96,0x6b,0x96,0x6b,0x96,0x6b,0x96,0x6b,0x96,0x6b,0x96,0x6b,0x96,0x6b,0x96,0x6b,0x96,0x6b,
0x96,0x6b,0x96,0x6b,0x96,0x6b,0x96,0x6b,0x96,0x6b,0x96,0x6b,0x96,0x6b,0x96,0x6b,0x96,0x6b,0x96,0x6b,0x96,0x6b,0x96,0x6b,
0x96,0x6b,0x96,0x6b,0x96,0x6b,0x96,0x6b,0x96,0x6b,0x96,0x6b,0x96,0x6b,0x96,0x6b,0x96,0x6b,0x96,0x6b,0x96,0x6b,0x96,0x6b,
0x96,0x6b,0x96,0x6b,0xb6,0x6b,0x96,0x6b,0xb6,0x6b,0xb6,0x6b,0xb6,0x6b,0x96,0x6b,0x96,0x6b,0x96,0x6b,0x96,0x6b,0x96,0x6b,
0x96,0x6b,0x96,0x6b,0xb6,0x6b,0x96,0x6b,0x96,0x6b,0x96,0x6b,0xb6,0x6b,0xb6,0x6b,0xb6,0x6b,0x96,0x6b,0x96,0x6b,0x96,0x6b,
0x96,0x6b,0x96,0x6b,0x96,0x6b,0xb6,0x6b,0x96,0x6b,0x96,0x6b,0x96,0x6b,0x96,0x6b,0x96,0x6b,0x96,0x6b,0x96,0x6b,0xb6,0x6b,
0x96,0x6b,0xb6,0x6b,0x96,0x6b,0xb6,0x6b,0xb6,0x6b,0xb6,0x6b,0x87,0x39,0x2d,0x83,0xab,0x72,0xe8,0x51,0x46,0x31,0x92,0x29,
0x4f,0x29,0xb8,0x5a,0xf9,0x5a,0x13,0x32,0x92,0x5c,0x72,0x54,0x72,0x54,0x87,0x6a,0xea,0x9b,0xea,0x9b,0xaa,0x2a,0x6a,0x2a,
0x2a,0x8a,0x2a,0x8a,0x73,0x2a,0xb7,0x4b,0xb8,0x53,0xd4,0x32,0xd4,0x32,0x88,0x39,0x09,0x5a,0xcb,0x72,0xab,0x72,0x67,0x39,
0x95,0x6b,0x95,0x6b,0x96,0x6b,0x96,0x6b,0xb6,0x73,0xa8,0x11,0xab,0x1a,0xab,0x1a,0xab,0x1a,0xab,0x22,0xcb,0x22,0xab,0x22,
0x8a,0x1a,0xa8,0x11,0xc9,0x11,0x67,0x09,0x75,0x6b,0x95,0x6b,0xb5,0x6b,0xaf,0x42,0x87,0x11,0x28,0x2a,0x95,0x6b,0xb6,0x73,
0xd6,0x73,0xe9,0x11,0x0b,0x23,0x0c,0x23,0x0c,0x23,0xe9,0x11,0xeb,0x1a,0xeb,0x22,0x0c,0x23,0xeb,0x22,0xeb,0x22,0x6a,0x1a,
0x09,0x12,0xc8,0x11,0x95,0x6b,0x95,0x6b,0x96,0x6b,0x96,0x6b,0x96,0x6b,0x96,0x6b,0x96,0x6b,0x96,0x6b,0x96,0x6b,0x96,0x6b,
0x96,0x6b,0xb6,0x6b,0xb6,0x6b,0x96,0x6b,0x96,0x6b,0x96,0x6b,0xb6,0x6b,0x96,0x6b,0x96,0x6b,0x96,0x6b,0x96,0x6b,0xb6,0x6b,
0xb6,0x6b,0xb6,0x6b,0xb6,0x6b,0xb6,0x6b,0xb6,0x6b,0xb6,0x6b,0x96,0x6b,0x96,0x6b,0x96,0x6b,0x96,0x6b,0x96,0x6b,0x96,0x6b,
0x96,0x6b,0x96,0x6b,0x96,0x6b,0x96,0x6b,0x96,0x6b,0x96,0x6b,0x96,0x6b,0x96,0x6b,0x96,0x6b,0x96,0x6b,0x96,0x6b,0x96,0x6b,
0x96,0x6b,0x96,0x6b,0x96,0x6b,0x96,0x6b,0x96,0x6b,0x96,0x6b,0x96,0x6b,0x96,0x6b,0x96,0x6b,0x96,0x6b,0x96,0x6b,0x96,0x6b,
0x96,0x6b,0x96,0x6b,0x96,0x6b,0x96,0x6b,0x96,0x6b,0x96,0x6b,0x96,0x6b,0x96,0x6b,0x96,0x6b,0x96,0x6b,0x96,0x6b,0x96,0x6b,
0x96,0x6b,0x96,0x6b,0x96,0x6b,0x96,0x6b,0x96,0x6b,0x96,0x6b,0x96,0x6b,0x96,0x6b,0x96,0x6b,0xb6,0x6b,0x96,0x6b,0x96,0x6b,
0x96,0x6b,0x96,0x6b,0x96,0x6b,0x96,0x6b,0x96,0x6b,0x96,0x6b,0x96,0x6b,0x96,0x6b,0x96,0x6b,0x96,0x6b,0x96,0x6b,0xb6,0x6b,
0xb6,0x6b,0xb6,0x6b,0xb6,0x6b,0x96,0x6b,0x96,0x6b,0x96,0x6b,0x96,0x6b,0xb6,0x6b,0x96,0x6b,0x96,0x6b,0x96,0x6b,0x96,0x6b,
0x96,0x6b,0x96,0x6b,0x96,0x6b,0x96,0x6b,0xb6,0x6b,0x96,0x6b,0xb6,0x6b,0xb6,0x6b,0x96,0x6b,0x96,0x6b,0x67,0x39,0x2d,0x83,
0xcb,0x7a,0xe9,0x51,0x87,0x39,0xb1,0x29,0x91,0x31,0xd9,0x5a,0xf9,0x5a,0xf1,0x41,0xb3,0x5c,0x72,0x54,0x72,0x54,0x87,0x6a,
0x0a,0x9c,0x0a,0x9c,0xca,0x2a,0xab,0x2a,0xc9,0x81,0xe9,0x81,0x53,0x2a,0xd8,0x4b,0x96,0x8c,0x14,0x43,0xb3,0x32,0x87,0x39,
0x09,0x5a,0xab,0x72,0xab,0x72,0x67,0x39,0x95,0x6b,0x95,0x6b,0x96,0x6b,0x96,0x6b,0x95,0x6b,0xa8,0x11,0xab,0x1a,0x0c,0x23,
0x2c,0x23,0x4a,0x1a,0x6a,0x1a,0xab,0x1a,0xab,0x1a,0xec,0x22,0xab,0x22,0x29,0x1a,0x87,0x09,0x96,0x6b,0x95,0x6b,0x96,0x6b,
0xc8,0x11,0x29,0x3a,0x95,0x6b,0xb6,0x73,0x67,0x01,0xe8,0x11,0x0c,0x23,0x2c,0x23,0x29,0x12,0x4c,0x23,0x0c,0x23,0xeb,0x22,
0xeb,0x22,0x8a,0x1a,0x8a,0x1a,0x09,0x12,0x87,0x11,0xd6,0x6b,0x96,0x6b,0x96,0x6b,0x96,0x6b,0xb6,0x6b,0xb6,0x6b,0xb6,0x6b,
0x96,0x6b,0x96,0x6b,0x96,0x6b,0x96,0x6b,0x96,0x6b,0xb6,0x6b,0xb6,0x6b,0xb6,0x6b,0x96,0x6b,0xb6,0x6b,0xb6,0x6b,0x96,0x6b,
0xb6,0x6b,0x96,0x6b,0x96,0x6b,0xb6,0x6b,0xb6,0x6b,0x96,0x6b,0x96,0x6b,0xb6,0x6b,0xb6,0x6b,0xb6,0x6b,0x96,0x6b,0x96,0x6b,
0xb6,0x6b,0x96,0x6b,0xb6,0x6b,0x96,0x6b,0x96,0x6b,0x96,0x6b,0x96,0x6b,0xb6,0x6b,0x96,0x6b,0x96,0x6b,0x96,0x6b,0x96,0x6b,
0x96,0x6b,0x96,0x6b,0x96,0x6b,0x96,0x6b,0x96,0x6b,0x96,0x6b,0x96,0x6b,0x96,0x6b,0x96,0x6b,0x96,0x6b,0x96,0x6b,0x96,0x6b,
0x96,0x6b,0x96,0x6b,0x96,0x6b,0x96,0x6b,0x96,0x6b,0x96,0x6b,0x96,0x6b,0x96,0x6b,0x96,0x6b,0x96,0x6b,0x96,0x6b,0x96,0x6b,
0x96,0x6b,0x96,0x6b,0x96,0x6b,0x96,0x6b,0x96,0x6b,0x96,0x6b,0xb6,0x6b,0xb6,0x6b,0xb6,0x6b,0x96,0x6b,0x96,0x6b,0x96,0x6b,
0x96,0x6b,0x96,0x6b,0x96,0x6b,0x96,0x6b,0x96,0x6b,0x96,0x6b,0x96,0x6b,0xb6,0x6b,0x96,0x6b,0x96,0x6b,0x96,0x6b,0x96,0x6b,
0x96,0x6b,0x96,0x6b,0xb6,0x6b,0xb6,0x6b,0xb6,0x6b,0xb6,0x6b,0xb6,0x6b,0x96,0x6b,0x96,0x6b,0x96,0x6b,0xb6,0x6b,0x96,0x6b,
0x96,0x6b,0x96,0x6b,0x96,0x6b,0x96,0x6b,0x96,0x6b,0xb6,0x6b,0x96,0x6b,0xb6,0x6b,0xb6,0x6b,0x96,0x6b,0x96,0x6b,0xb6,0x6b,
0x96,0x6b,0x96,0x73,0x87,0x39,0x2d,0x83,0xab,0x7a,0xe9,0x51,0x67,0x39,0xb2,0x31,0x91,0x29,0xd9,0x5a,0xb9,0x5a,0xd0,0x41,
0xb3,0x54,0x72,0x54,0x72,0x54,0x87,0x72,0xea,0x9b,0x0a,0x9c,0xca,0x22,0xab,0x32,0xe9,0x81,0x0a,0x8a,0x93,0x2a,0x97,0x43,
0x97,0x43,0xd4,0x32,0xb3,0x32,0x87,0x41,0x09,0x5a,0xcb,0x7a,0xab,0x72,0x67,0x39,0x95,0x6b,0x95,0x6b,0x95,0x6b,0x96,0x6b,
0x96,0x6b,0x87,0x11,0x6a,0x1a,0x4c,0x2b,0x2c,0x2b,0x2c,0x23,0x2c,0x2b,0x2a,0x1a,0xcb,0x22,0xcb,0x22,0xab,0x1a,0x4a,0x1a,
0xe9,0x11,0xf7,0x7b,0xb6,0x73,0xb6,0x6b,0xa8,0x11,0xc8,0x31,0x95,0x6b,0x96,0x6b,0xc8,0x11,0x2c,0x23,0x2c,0x23,0x2c,0x2b,
0x6a,0x1a,0x6a,0x1a,0x8a,0x1a,0x8a,0x1a,0x8a,0x1a,0x6a,0x1a,0x8a,0x1a,0x09,0x12,0xc8,0x11,0xb6,0x6b,0x96,0x6b,0x96,0x6b,
0x96,0x6b,0xb6,0x6b,0x96,0x6b,0x96,0x6b,0x96,0x6b,0x96,0x6b,0x96,0x6b,0xb6,0x6b,0xb6,0x6b,0xb6,0x6b,0xb6,0x6b,0xb6,0x6b,
0xb6,0x6b,0x96,0x6b,0xb6,0x6b,0xb6,0x6b,0xb6,0x6b,0x96,0x6b,0x96,0x6b,0x96,0x6b,0x96,0x6b,0x96,0x6b,0x96,0x6b,0x96,0x6b,
0xb6,0x6b,0xb6,0x6b,0x96,0x6b,0xb6,0x6b,0xb6,0x6b,0xb6,0x6b,0x96,0x6b,0x96,0x6b,0xb6,0x6b,0x96,0x6b,0x96,0x6b,0x96,0x6b,
0x96,0x6b,0x96,0x6b,0x96,0x6b,0x96,0x6b,0x96,0x6b,0x96,0x6b,0x96,0x6b,0x96,0x6b,0x96,0x6b,0x96,0x6b,0x96,0x6b,0x96,0x6b,
0x96,0x6b,0x96,0x6b,0x96,0x6b,0x96,0x6b,0xb6,0x6b,0x96,0x6b,0x96,0x6b,0x96,0x6b,0x96,0x6b,0x96,0x6b,0x96,0x6b,0x96,0x6b,
0x96,0x6b,0x96,0x6b,0x96,0x6b,0x96,0x6b,0x96,0x6b,0x96,0x6b,0x96,0x6b,0x96,0x6b,0x96,0x6b,0xb6,0x6b,0x96,0x6b,0xb6,0x6b,
0x96,0x6b,0x96,0x6b,0x96,0x6b,0x96,0x6b,0x96,0x6b,0x96,0x6b,0x96,0x6b,0xb6,0x6b,0x96,0x6b,0x96,0x6b,0x96,0x6b,0x96,0x6b,
0x96,0x6b,0xb6,0x6b,0x96,0x6b,0x96,0x6b,0x96,0x6b,0x96,0x6b,0x96,0x6b,0x96,0x6b,0x96,0x6b,0x96,0x6b,0x96,0x6b,0x96,0x6b,
0x96,0x6b,0x96,0x6b,0x96,0x6b,0x96,0x6b,0x96,0x6b,0xb6,0x6b,0x96,0x6b,0x96,0x6b,0x96,0x6b,0x96,0x6b,0x96,0x6b,0xb6,0x6b,
0x96,0x6b,0x96,0x6b,0x96,0x6b,0x96,0x6b,0x96,0x6b,0xb6,0x73,0x87,0x39,0x2d,0x83,0xab,0x72,0xe9,0x51,0x67,0x39,0xb2,0x31,
0x91,0x29,0xb8,0x5a,0xb9,0x5a,0xb0,0x39,0xd3,0x5c,0x92,0x54,0x72,0x54,0xa7,0x72,0xea,0x9b,0xea,0x9b,0xca,0x22,0x8b,0x32,
0xea,0x89,0x0a,0x8a,0x73,0x32,0x77,0x43,0x77,0x43,0xf4,0x3a,0x93,0x32,0xa8,0x41,0x09,0x52,0xcb,0x7a,0xcb,0x72,0x67,0x39,
0x95,0x6b,0x95,0x6b,0x95,0x6b,0x96,0x6b,0x75,0x6b,0x75,0x63,0xe9,0x11,0xec,0x22,0x0c,0x23,0x2c,0x2b,0x2c,0x23,0x4d,0x2b,
0x6a,0x1a,0xcb,0x22,0xcb,0x22,0xcb,0x22,0xe9,0x11,0x26,0x01,0xb6,0x73,0xb6,0x73,0x29,0x1a,0x69,0x3a,0x95,0x6b,0x47,0x09,
0xe8,0x11,0xcb,0x22,0x8a,0x1a,0xc8,0x11,0x6a,0x1a,0x6a,0x1a,0x8a,0x1a,0x8b,0x1a,0xab,0x1a,0x4a,0x1a,0x6a,0x1a,0xc8,0x11,
0x45,0x09,0x96,0x6b,0x96,0x6b,0x96,0x6b,0xb6,0x6b,0x96,0x6b,0x96,0x6b,0x96,0x6b,0xb6,0x6b,0xb6,0x6b,0x96,0x6b,0xb6,0x6b,
0xb6,0x6b,0xb6,0x6b,0xb6,0x6b,0x96,0x6b,0xb6,0x6b,0xb6,0x6b,0x96,0x6b,0x96,0x6b,0xb6,0x6b,0xb6,0x6b,0x96,0x6b,0x96,0x6b,
0xb6,0x6b,0xb6,0x6b,0x96,0x6b,0x96,0x6b,0x96,0x6b,0x96,0x6b,0xb6,0x6b,0xb6,0x6b,0x96,0x6b,0xb6,0x6b,0x96,0x6b,0xb6,0x6b,
0x96,0x6b,0xb6,0x6b,0xb6,0x6b,0xb6,0x6b,0x96,0x6b,0x96,0x6b,0x96,0x6b,0x96,0x6b,0x96,0x6b,0x96,0x6b,0x96,0x6b,0x96,0x6b,
0x96,0x6b,0x96,0x6b,0x96,0x6b,0x96,0x6b,0x96,0x6b,0x96,0x6b,0x96,0x6b,0x96,0x6b,0x96,0x6b,0x96,0x6b,0x96,0x6b,0x96,0x6b,
0x96,0x6b,0x96,0x6b,0x96,0x6b,0x96,0x6b,0x96,0x6b,0x96,0x6b,0x96,0x6b,0x96,0x6b,0x96,0x6b,0x96,0x6b,0x96,0x6b,0x96,0x6b,
0x96,0x6b,0x96,0x6b,0x96,0x6b,0x96,0x6b,0xb6,0x6b,0x96,0x6b,0x96,0x6b,0x96,0x6b,0x96,0x6b,0x96,0x6b,0xb6,0x6b,0x96,0x6b,
0xb6,0x6b,0xb6,0x6b,0x96,0x6b,0xb6,0x6b,0xb6,0x6b,0xb6,0x6b,0x96,0x6b,0xb6,0x6b,0x96,0x6b,0x96,0x6b,0x96,0x6b,0x96,0x6b,
0x96,0x6b,0x96,0x6b,0x96,0x6b,0x96,0x6b,0x96,0x6b,0x96,0x6b,0x96,0x6b,0x96,0x6b,0x96,0x6b,0x96,0x6b,0x96,0x6b,0x96,0x6b,
0x96,0x6b,0x96,0x6b,0x96,0x6b,0x96,0x6b,0x96,0x6b,0x96,0x6b,0x96,0x6b,0xb6,0x6b,0x96,0x6b,0x96,0x6b,0x67,0x39,0x2c,0x83,
0xab,0x72,0xe8,0x51,0x87,0x39,0xd2,0x31,0x91,0x29,0xb8,0x5a,0xd9,0x52,0x52,0x2a,0xd3,0x5c,0x92,0x54,0x72,0x54,0xa7,0x72,
0xea,0x9b,0xea,0x9b,0xca,0x22,0x6a,0x3a,0x0a,0x82,0x0a,0x8a,0x73,0x2a,0x97,0x43,0xd5,0x9c,0x34,0x4b,0xb4,0x32,0xa8,0x41,
0x09,0x52,0xcb,0x72,0xcb,0x72,0x67,0x39,0x95,0x6b,0x95,0x6b,0x96,0x6b,0x96,0x6b,0x75,0x6b,0x95,0x6b,0xa7,0x09,0x29,0x1a,
0x4a,0x1a,0x0b,0x23,0x4c,0x23,0x4c,0x23,0x4c,0x23,0x09,0x12,0xcb,0x22,0xcb,0x22,0xcb,0x22,0xe9,0x19,0xb6,0x73,0x96,0x6b,
0xe8,0x19,0x08,0x3a,0x09,0x12,0xe9,0x11,0x09,0x12,0x4a,0x1a,0x6a,0x22,0xe9,0x11,0x6a,0x1a,0x6a,0x1a,0x6a,0x1a,0x8a,0x1a,
0xe9,0x11,0xa8,0x11,0xc8,0x11,0x0b,0x2a,0x95,0x6b,0x95,0x6b,0x95,0x6b,0x96,0x6b,0x96,0x6b,0xb6,0x6b,0xb6,0x6b,0xb6,0x6b,
0xb6,0x6b,0xb6,0x6b,0x96,0x6b,0x96,0x6b,0x96,0x6b,0xb6,0x6b,0xb6,0x6b,0xb6,0x6b,0x96,0x6b,0xb6,0x6b,0xb6,0x6b,0xb6,0x6b,
0xb6,0x6b,0xb6,0x6b,0xb6,0x6b,0xb6,0x6b,0xb6,0x6b,0x96,0x6b,0x96,0x6b,0x96,0x6b,0x96,0x6b,0x96,0x6b,0x96,0x6b,0x96,0x6b,
0xb6,0x6b,0x96,0x6b,0x96,0x6b,0x96,0x6b,0x96,0x6b,0xb6,0x6b,0xb6,0x6b,0x96,0x6b,0xb6,0x6b,0x96,0x6b,0x96,0x6b,0x96,0x6b,
0x96,0x6b,0x96,0x6b,0x96,0x6b,0x96,0x6b,0x96,0x6b,0x96,0x6b,0x96,0x6b,0x96,0x6b,0x96,0x6b,0x96,0x6b,0x96,0x6b,0x96,0x6b,
0x96,0x6b,0x96,0x6b,0x96,0x6b,0x96,0x6b,0x96,0x6b,0x96,0x6b,0x96,0x6b,0x96,0x6b,0x96,0x6b,0x96,0x6b,0x96,0x6b,0x96,0x6b,
0x96,0x6b,0x96,0x6b,0x96,0x6b,0x96,0x6b,0x96,0x6b,0x96,0x6b,0x96,0x6b,0x96,0x6b,0x96,0x6b,0x96,0x6b,0x96,0x6b,0xb6,0x6b,
0x96,0x6b,0x96,0x6b,0xb6,0x6b,0xb6,0x6b,0xb6,0x6b,0xb6,0x6b,0x96,0x6b,0x96,0x6b,0x96,0x6b,0xb6,0x6b,0x96,0x6b,0x96,0x6b,
0x96,0x6b,0x96,0x6b,0x96,0x6b,0x96,0x6b,0x96,0x6b,0x96,0x6b,0x96,0x6b,0x95,0x6b,0x96,0x6b,0x96,0x6b,0x96,0x6b,0x96,0x6b,
0x96,0x6b,0x96,0x6b,0x96,0x6b,0x96,0x6b,0xb6,0x6b,0x96,0x6b,0x96,0x6b,0x96,0x6b,0x96,0x6b,0x96,0x6b,0x96,0x6b,0x96,0x6b,
0x96,0x6b,0xb6,0x6b,0x87,0x39,0x2d,0x8b,0xab,0x72,0xe8,0x51,0xa8,0x41,0xd2,0x31,0x91,0x29,0xb8,0x52,0xd9,0x52,0x72,0x2a,
0xb3,0x5c,0x72,0x54,0x93,0x54,0x67,0x6a,0xe9,0x93,0xea,0x9b,0xca,0x22,0x67,0x59,0x0a,0x8a,0x0a,0x8a,0x31,0x22,0x77,0x43,
0xb8,0x4b,0x36,0x3b,0x72,0x2a,0xa8,0x41,0x09,0x52,0xcb,0x7a,0xcb,0x72,0x67,0x39,0x95,0x6b,0x95,0x6b,0x96,0x6b,0x96,0x6b,
0x95,0x6b,0x95,0x6b,0x75,0x6b,0x67,0x09,0xe9,0x11,0xab,0x1a,0xec,0x22,0x4c,0x23,0x4c,0x23,0x4a,0x1a,0x09,0x1a,0xcb,0x1a,
0xaa,0x22,0x08,0x12,0x95,0x6b,0xd6,0x73,0x09,0x12,0x08,0x42,0xe9,0x11,0xc8,0x11,0x29,0x1a,0x09,0x1a,0xa8,0x11,0x2a,0x1a,
0xa8,0x11,0xc8,0x11,0xa8,0x11,0xa8,0x11,0xaf,0x3a,0x96,0x6b,0x95,0x6b,0x95,0x6b,0x95,0x6b,0x95,0x6b,0x95,0x6b,0x96,0x6b,
0x96,0x6b,0x96,0x6b,0x96,0x6b,0x96,0x6b,0xb6,0x6b,0xb6,0x6b,0xb6,0x6b,0x96,0x6b,0xb6,0x6b,0x96,0x6b,0x96,0x6b,0x96,0x6b,
0xb6,0x6b,0xb6,0x6b,0x96,0x6b,0xb6,0x6b,0x96,0x6b,0xb6,0x6b,0xb6,0x6b,0xb6,0x6b,0xb6,0x6b,0xb6,0x6b,0xb6,0x6b,0xb6,0x6b,
0x96,0x6b,0x96,0x6b,0xb6,0x6b,0xb6,0x6b,0x96,0x6b,0x96,0x6b,0x96,0x6b,0x96,0x6b,0xb6,0x6b,0xb6,0x6b,0xb6,0x6b,0x96,0x6b,
0xb6,0x6b,0xb6,0x6b,0x96,0x6b,0xb6,0x6b,0x96,0x6b,0x96,0x6b,0x96,0x6b,0x96,0x6b,0x96,0x6b,0x96,0x6b,0x96,0x6b,0x96,0x6b,
0x96,0x6b,0x96,0x6b,0x96,0x6b,0x96,0x6b,0x96,0x6b,0x96,0x6b,0x96,0x6b,0x96,0x6b,0x96,0x6b,0x96,0x6b,0x96,0x6b,0x96,0x6b,
0x96,0x6b,0x96,0x6b,0x96,0x6b,0x96,0x6b,0x96,0x6b,0x96,0x6b,0x96,0x6b,0x96,0x6b,0x96,0x6b,0x96,0x6b,0x96,0x6b,0x96,0x6b,
0x96,0x6b,0x96,0x6b,0xb6,0x6b,0xb6,0x6b,0xb6,0x6b,0xb6,0x6b,0xb6,0x6b,0xb6,0x6b,0xb6,0x6b,0x96,0x6b,0xb6,0x6b,0x96,0x6b,
0xb6,0x6b,0x96,0x6b,0x96,0x6b,0x96,0x6b,0xb6,0x6b,0x96,0x6b,0xb6,0x6b,0x96,0x6b,0x96,0x6b,0x96,0x6b,0x95,0x6b,0x96,0x6b,
0x96,0x6b,0x96,0x6b,0x96,0x6b,0x96,0x6b,0x96,0x6b,0x96,0x6b,0x96,0x6b,0x96,0x6b,0x96,0x6b,0xb6,0x6b,0x96,0x6b,0x96,0x6b,
0x96,0x6b,0x96,0x6b,0x96,0x6b,0x96,0x6b,0x96,0x6b,0xb6,0x73,0x87,0x39,0x2d,0x8b,0xcb,0x7a,0xe9,0x51,0xc8,0x49,0xd1,0x29,
0x70,0x29,0xf9,0x5a,0xb8,0x5a,0x52,0x2a,0x51,0x4c,0x31,0x44,0x31,0x4c,0x66,0x6a,0x8a,0x73,0xa9,0x93,0xaa,0x1a,0x87,0x51,
0xc9,0x71,0xe9,0x81,0x52,0x2a,0x97,0x43,0xb7,0x4b,0xf5,0x32,0x31,0x2a,0xa8,0x41,0x09,0x5a,0xcb,0x7a,0xcb,0x7a,0x67,0x39,
0x95,0x6b,0x95,0x6b,0x96,0x6b,0x96,0x6b,0x96,0x6b,0x96,0x6b,0x96,0x6b,0xb6,0x6b,0x73,0x5b,0x09,0x12,0x4a,0x1a,0xeb,0x22,
0xeb,0x22,0xeb,0x22,0x0c,0x23,0x2a,0x1a,0xab,0x1a,0xab,0x1a,0xa8,0x11,0x76,0x6b,0xe8,0x29,0x09,0x42,0xc9,0x11,0xc8,0x11,
0x2a,0x1a,0xc9,0x11,0x87,0x11,0x67,0x09,0x95,0x6b,0x95,0x6b,0xb6,0x6b,0x55,0x63,0x87,0x11,0xa8,0x11,0xe9,0x19,0xc8,0x11,
0x88,0x11,0xc9,0x11,0x95,0x6b,0x96,0x6b,0x96,0x6b,0x96,0x6b,0x96,0x6b,0xb6,0x6b,0xb6,0x6b,0xb6,0x6b,0xb6,0x6b,0x96,0x6b,
0x96,0x6b,0x96,0x6b,0xb6,0x6b,0xb6,0x6b,0xb6,0x6b,0xb6,0x6b,0xb6,0x6b,0x96,0x6b,0x96,0x6b,0x96,0x6b,0x96,0x6b,0xb6,0x6b,
0xb6,0x6b,0xb6,0x6b,0x96,0x6b,0xb6,0x6b,0x96,0x6b,0x96,0x6b,0x96,0x6b,0x96,0x6b,0xb6,0x6b,0x96,0x6b,0x96,0x6b,0x96,0x6b,
0x96,0x6b,0x96,0x6b,0xb6,0x6b,0xb6,0x6b,0xb6,0x6b,0xb6,0x6b,0x96,0x6b,0x96,0x6b,0x96,0x6b,0x96,0x6b,0x96,0x6b,0x96,0x6b,
0x96,0x6b,0x96,0x6b,0x96,0x6b,0x96,0x6b,0x96,0x6b,0x96,0x6b,0x96,0x6b,0x96,0x6b,0x96,0x6b,0x96,0x6b,0x96,0x6b,0x96,0x6b,
0x96,0x6b,0x96,0x6b,0x96,0x6b,0x96,0x6b,0x96,0x6b,0x96,0x6b,0x96,0x6b,0x96,0x6b,0x96,0x6b,0x96,0x6b,0x96,0x6b,0x96,0x6b,
0x96,0x6b,0x96,0x6b,0x96,0x6b,0x96,0x6b,0x96,0x6b,0x96,0x6b,0x96,0x6b,0x96,0x6b,0x96,0x6b,0xb6,0x6b,0xb6,0x6b,0x96,0x6b,
0x96,0x6b,0x96,0x6b,0x96,0x6b,0x96,0x6b,0x96,0x6b,0xb6,0x6b,0x96,0x6b,0x96,0x6b,0x96,0x6b,0x96,0x6b,0x96,0x6b,0x96,0x6b,
0x96,0x6b,0x96,0x6b,0x96,0x6b,0x96,0x6b,0x96,0x6b,0x96,0x6b,0x96,0x6b,0x96,0x6b,0x96,0x6b,0x96,0x6b,0x96,0x6b,0x96,0x6b,
0x96,0x6b,0x96,0x6b,0x96,0x6b,0x96,0x6b,0x96,0x6b,0x96,0x6b,0x96,0x6b,0x96,0x6b,0x96,0x6b,0x96,0x6b,0x67,0x39,0x4d,0x8b,
0xcb,0x72,0xe8,0x51,0xc8,0x49,0xd1,0x29,0xd2,0x31,0x15,0x4a,0xf5,0x41,0xaf,0x31,0x4e,0x33,0x4e,0x33,0x2e,0x33,0x87,0x6a,
0x2c,0x33,0xa8,0x6a,0x87,0x39,0xc8,0x41,0x68,0x61,0x68,0x59,0x0f,0x32,0x15,0x3b,0xd4,0x32,0xb3,0x32,0x72,0x32,0x09,0x52,
0x09,0x5a,0xcb,0x7a,0xcb,0x72,0x67,0x39,0x95,0x6b,0x95,0x6b,0x96,0x6b,0x96,0x6b,0x96,0x6b,0x96,0x6b,0x96,0x6b,0xb6,0x6b,
0x74,0x63,0x4c,0x32,0xe8,0x11,0xab,0x22,0x0c,0x23,0x0c,0x23,0x0c,0x23,0x4a,0x1a,0x2a,0x1a,0xab,0x1a,0xe9,0x11,0xb6,0x6b,
0xe8,0x21,0xc8,0x39,0xeb,0x29,0x2d,0x2a,0x29,0x12,0xe9,0x11,0x2c,0x2a,0xc9,0x19,0x96,0x6b,0x8e,0x3a,0xaf,0x42,0x8e,0x3a,
0xc9,0x11,0xe8,0x11,0x09,0x1a,0x29,0x1a,0x09,0x1a,0x09,0x1a,0x8f,0x42,0x74,0x63,0x96,0x6b,0x96,0x6b,0x96,0x6b,0x96,0x6b,
0xb6,0x6b,0x96,0x6b,0xb6,0x6b,0xb6,0x6b,0xb6,0x6b,0xb6,0x6b,0x96,0x6b,0x96,0x6b,0x96,0x6b,0xb6,0x6b,0x96,0x6b,0x96,0x6b,
0x96,0x6b,0x96,0x6b,0x96,0x6b,0xb6,0x6b,0xb6,0x6b,0x96,0x6b,0x96,0x6b,0xb6,0x6b,0x96,0x6b,0x96,0x6b,0x96,0x6b,0x96,0x6b,
0x96,0x6b,0x96,0x6b,0x96,0x6b,0x96,0x6b,0x96,0x6b,0x96,0x6b,0xb6,0x6b,0x96,0x6b,0x96,0x6b,0x96,0x6b,0x96,0x6b,0x96,0x6b,
0x96,0x6b,0x96,0x6b,0x96,0x6b,0x96,0x6b,0x96,0x6b,0x96,0x6b,0x96,0x6b,0x96,0x6b,0x96,0x6b,0x96,0x6b,0x96,0x6b,0x96,0x6b,
0x96,0x6b,0x96,0x6b,0x96,0x6b,0x96,0x6b,0x96,0x6b,0x96,0x6b,0x96,0x6b,0x96,0x6b,0x96,0x6b,0x96,0x6b,0x96,0x6b,0x96,0x6b,
0x96,0x6b,0x96,0x6b,0x96,0x6b,0x96,0x6b,0x96,0x6b,0x96,0x6b,0x96,0x6b,0x96,0x6b,0x96,0x6b,0x96,0x6b,0x96,0x6b,0x96,0x6b,
0x96,0x6b,0xb6,0x6b,0xb6,0x6b,0x96,0x6b,0x96,0x6b,0x96,0x6b,0x96,0x6b,0x96,0x6b,0xb6,0x6b,0x96,0x6b,0x96,0x6b,0x96,0x6b,
0x96,0x6b,0x96,0x6b,0x96,0x6b,0x96,0x6b,0x96,0x6b,0x96,0x6b,0x96,0x6b,0x96,0x6b,0x96,0x6b,0x96,0x6b,0x96,0x6b,0x96,0x6b,
0x96,0x6b,0x96,0x6b,0x96,0x6b,0xb6,0x6b,0xb6,0x6b,0x96,0x6b,0xb6,0x6b,0x96,0x6b,0x96,0x6b,0x96,0x6b,0x96,0x6b,0x96,0x6b,
0x96,0x6b,0x96,0x6b,0x67,0x39,0x4d,0x8b,0xab,0x72,0xe8,0x49,0x29,0x5a,0x2d,0x4a,0x70,0x52,0xb2,0x62,0x71,0x5a,0x4e,0x52,
0x4d,0x5b,0x0d,0x4b,0x0d,0x4b,0xca,0x7a,0x2c,0x63,0xa9,0x72,0x09,0x52,0x29,0x5a,0x2a,0x72,0x2a,0x72,0x6d,0x52,0xb0,0x4a,
0x8f,0x4a,0xb0,0x4a,0xd0,0x52,0x8b,0x6a,0xe9,0x51,0xab,0x72,0xcb,0x72,0x87,0x39,0x95,0x6b,0x95,0x6b,0x96,0x6b,0x95,0x6b,
0x96,0x6b,0x96,0x6b,0x96,0x6b,0x96,0x6b,0x96,0x6b,0x12,0x4b,0xa8,0x11,0x8b,0x22,0x0c,0x23,0x0c,0x23,0xeb,0x22,0xeb,0x22,
0xc8,0x11,0x8b,0x1a,0x29,0x12,0xd5,0x73,0x29,0x3a,0x08,0x3a,0xd1,0x52,0xb6,0x6b,0x29,0x1a,0xe9,0x11,0xd6,0x73,0x96,0x6b,
0x95,0x6b,0xc8,0x11,0xa8,0x11,0xa8,0x11,0x2a,0x1a,0x6a,0x1a,0x6a,0x1a,0x8b,0x1a,0x8a,0x1a,0x29,0x1a,0x88,0x11,0x33,0x53,
0xb6,0x6b,0x95,0x6b,0x96,0x6b,0x96,0x6b,0x96,0x6b,0x96,0x6b,0x96,0x6b,0x96,0x6b,0x96,0x6b,0x96,0x6b,0x96,0x6b,0x96,0x6b,
0x96,0x6b,0x96,0x6b,0xb6,0x6b,0x96,0x6b,0x96,0x6b,0x96,0x6b,0x96,0x6b,0x96,0x6b,0x96,0x6b,0x96,0x6b,0x96,0x6b,0x96,0x6b,
0xb6,0x6b,0xb6,0x6b,0x96,0x6b,0x96,0x6b,0xb6,0x6b,0x96,0x6b,0x96,0x6b,0x96,0x6b,0x96,0x6b,0x96,0x6b,0x96,0x6b,0xb6,0x6b,
0x96,0x6b,0x96,0x6b,0x96,0x6b,0x96,0x6b,0x96,0x6b,0x96,0x6b,0x96,0x6b,0x96,0x6b,0x96,0x6b,0x96,0x6b,0x96,0x6b,0x96,0x6b,
0x96,0x6b,0x96,0x6b,0x96,0x6b,0x96,0x6b,0x96,0x6b,0x96,0x6b,0x96,0x6b,0x96,0x6b,0x96,0x6b,0x96,0x6b,0x96,0x6b,0x96,0x6b,
0x96,0x6b,0x96,0x6b,0x96,0x6b,0x96,0x6b,0x96,0x6b,0x96,0x6b,0x96,0x6b,0x96,0x6b,0x96,0x6b,0x96,0x6b,0x96,0x6b,0x96,0x6b,
0x96,0x6b,0x96,0x6b,0x96,0x6b,0x96,0x6b,0x96,0x6b,0xb6,0x6b,0xb6,0x6b,0x96,0x6b,0x96,0x6b,0x96,0x6b,0x96,0x6b,0x96,0x6b,
0x96,0x6b,0xb6,0x6b,0x96,0x6b,0x96,0x6b,0x96,0x6b,0x96,0x6b,0x96,0x6b,0x96,0x6b,0x96,0x6b,0xb6,0x6b,0x96,0x6b,0x96,0x6b,
0xb6,0x6b,0x96,0x6b,0x96,0x6b,0x96,0x6b,0x96,0x6b,0x96,0x6b,0xb6,0x6b,0xb6,0x6b,0x96,0x6b,0x96,0x6b,0xb6,0x6b,0x96,0x6b,
0x96,0x6b,0x96,0x6b,0x96,0x6b,0xb6,0x6b,0x96,0x6b,0xb6,0x6b,0x67,0x39,0x4d,0x8b,0xab,0x72,0x29,0x5a,0x8e,0x93,0x8e,0x93,
0x4e,0x8b,0x6e,0x8b,0x6e,0x93,0x6e,0x8b,0x6e,0x8b,0x6e,0x93,0x6e,0x93,0x6e,0x93,0x6e,0x8b,0x6e,0x8b,0x6e,0x93,0x6e,0x8b,
0x6e,0x8b,0x4e,0x8b,0x6e,0x8b,0x6e,0x8b,0x8e,0x93,0x8f,0x93,0x6e,0x93,0x4e,0x8b,0x09,0x5a,0xab,0x7a,0xab,0x72,0x87,0x41,
0x95,0x6b,0x95,0x6b,0x96,0x6b,0x95,0x6b,0x96,0x6b,0x96,0x6b,0x96,0x6b,0x96,0x6b,0x96,0x6b,0x96,0x6b,0xb6,0x6b,0xc8,0x11,
0xab,0x22,0x6a,0x1a,0x6a,0x1a,0xeb,0x22,0xe9,0x11,0xab,0x22,0xaa,0x1a,0xe9,0x11,0xc8,0x39,0x69,0x32,0xb6,0x73,0xb6,0x73,
0xe8,0x11,0xe8,0x11,0x96,0x6b,0x17,0x84,0x09,0x1a,0x29,0x1a,0x2a,0x1a,0x2a,0x1a,0x0c,0x23,0x2c,0x23,0x6c,0x23,0x4a,0x1a,
0xcb,0x22,0xeb,0x22,0x6b,0x1a,0xa8,0x11,0xf0,0x4a,0x95,0x6b,0x96,0x6b,0x96,0x6b,0x96,0x6b,0xb6,0x6b,0xb6,0x6b,0x96,0x6b,
0x96,0x6b,0xb6,0x6b,0x96,0x6b,0x96,0x6b,0x96,0x6b,0x96,0x6b,0x96,0x6b,0x96,0x6b,0x96,0x6b,0x96,0x6b,0x96,0x6b,0xb6,0x6b,
0x96,0x6b,0x96,0x6b,0x96,0x6b,0xb6,0x6b,0xb6,0x6b,0xb6,0x6b,0xb6,0x6b,0xb6,0x6b,0xb6,0x6b,0x96,0x6b,0xb6,0x6b,0x96,0x6b,
0x96,0x6b,0x96,0x6b,0x96,0x6b,0x96,0x6b,0x96,0x6b,0x96,0x6b,0x96,0x6b,0x96,0x6b,0x96,0x6b,0x96,0x6b,0x96,0x6b,0x96,0x6b,
0x96,0x6b,0x96,0x6b,0x96,0x6b,0x96,0x6b,0x96,0x6b,0x96,0x6b,0x96,0x6b,0x96,0x6b,0x96,0x6b,0x76,0x6b,0x96,0x6b,0x96,0x6b,
0x96,0x6b,0x96,0x6b,0x96,0x6b,0x96,0x6b,0x96,0x6b,0x96,0x6b,0x96,0x6b,0x96,0x6b,0x96,0x6b,0x96,0x6b,0x96,0x6b,0x96,0x6b,
0x96,0x6b,0x96,0x6b,0x96,0x6b,0x96,0x6b,0x96,0x6b,0x96,0x6b,0x96,0x6b,0x96,0x6b,0x96,0x6b,0xb6,0x6b,0xb6,0x6b,0x96,0x6b,
0x96,0x6b,0x96,0x6b,0x96,0x6b,0x96,0x6b,0x96,0x6b,0xb6,0x6b,0x96,0x6b,0x96,0x6b,0x96,0x6b,0x96,0x6b,0x96,0x6b,0xb6,0x6b,
0xb6,0x6b,0xb6,0x6b,0xb6,0x6b,0x96,0x6b,0x96,0x6b,0x96,0x6b,0x96,0x6b,0xb6,0x6b,0x96,0x6b,0x96,0x6b,0xb6,0x6b,0xb6,0x6b,
0x96,0x6b,0x96,0x6b,0x96,0x6b,0x96,0x6b,0x96,0x6b,0x96,0x6b,0x96,0x6b,0x96,0x6b,0x96,0x6b,0xb6,0x6b,0x66,0x39,0x2d,0x8b,
0xcb,0x7a,0x4a,0x62,0xcb,0x72,0xec,0x7a,0xcb,0x72,0xcb,0x72,0xcb,0x72,0xcb,0x7a,0xcc,0x7a,0xec,0x7a,0xec,0x7a,0xcb,0x72,
0xcb,0x72,0xcc,0x7a,0xec,0x7a,0xec,0x7a,0xcc,0x7a,0xcc,0x7a,0xec,0x7a,0xec,0x7a,0xec,0x7a,0xec,0x7a,0xec,0x7a,0xcb,0x72,
0x09,0x5a,0xab,0x72,0xcb,0x7a,0x87,0x41,0x95,0x6b,0x95,0x6b,0x96,0x6b,0x96,0x6b,0x96,0x6b,0x96,0x6b,0x96,0x6b,0x96,0x6b,
0xb6,0x6b,0x96,0x6b,0x96,0x6b,0x96,0x6b,0xa8,0x11,0xe9,0x11,0x09,0x12,0xab,0x1a,0x8a,0x1a,0x09,0x12,0xab,0x1a,0x29,0x12,
0x29,0x42,0x8a,0x32,0xb6,0x73,0xb6,0x73,0xa7,0x11,0xa8,0x19,0xd7,0x73,0xe9,0x11,0x09,0x12,0x6a,0x1a,0x6a,0x1a,0xcb,0x22,
0xeb,0x22,0xeb,0x22,0xeb,0x22,0x0b,0x23,0x8c,0x2b,0x0b,0x23,0xeb,0x22,0x2a,0x1a,0x8f,0x3a,0x96,0x6b,0x96,0x6b,0x96,0x6b,
0x96,0x6b,0x96,0x6b,0x96,0x6b,0xb6,0x6b,0xb6,0x6b,0xb6,0x6b,0xb6,0x6b,0xb6,0x6b,0x96,0x6b,0x96,0x6b,0x96,0x6b,0x96,0x6b,
0x96,0x6b,0xb6,0x6b,0xb6,0x6b,0x96,0x6b,0xb6,0x6b,0x96,0x6b,0x96,0x6b,0x96,0x6b,0xb6,0x6b,0xb6,0x6b,0x96,0x6b,0xb6,0x6b,
0x96,0x6b,0xb6,0x6b,0x96,0x6b,0xb6,0x6b,0xb6,0x6b,0xb6,0x6b,0x96,0x6b,0xb6,0x6b,0x96,0x6b,0x96,0x6b,0x96,0x6b,0x96,0x6b,
0x96,0x6b,0x96,0x6b,0x96,0x6b,0x96,0x6b,0x96,0x6b,0x96,0x6b,0x96,0x6b,0x96,0x6b,0x96,0x6b,0x96,0x6b,0x96,0x6b,0x96,0x6b,
0x96,0x6b,0x76,0x6b,0x96,0x6b,0x96,0x6b,0x96,0x6b,0x96,0x6b,0x96,0x6b,0x96,0x6b,0x96,0x6b,0x96,0x6b,0x96,0x6b,0x96,0x6b,
0x96,0x6b,0x96,0x6b,0x96,0x6b,0x96,0x6b,0x96,0x6b,0x96,0x6b,0x96,0x6b,0x96,0x6b,0x96,0x6b,0x96,0x6b,0x96,0x6b,0x96,0x6b,
0xb6,0x6b,0xb6,0x6b,0xb6,0x6b,0xb6,0x6b,0x96,0x6b,0x96,0x6b,0x96,0x6b,0x96,0x6b,0x96,0x6b,0x96,0x6b,0x96,0x6b,0xb6,0x6b,
0xb6,0x6b,0xb6,0x6b,0xb6,0x6b,0xb6,0x6b,0xb6,0x6b,0xb6,0x6b,0x96,0x6b,0xb6,0x6b,0x96,0x6b,0x96,0x6b,0x96,0x6b,0x96,0x6b,
0x96,0x6b,0x96,0x6b,0x96,0x6b,0x96,0x6b,0x96,0x6b,0x96,0x6b,0xb6,0x6b,0x96,0x6b,0x96,0x6b,0xb6,0x6b,0x96,0x6b,0xb6,0x6b,
0x96,0x6b,0x96,0x6b,0x87,0x41,0x2d,0x8b,0xab,0x72,0xe8,0x49,0x67,0x39,0x46,0x31,0x26,0x31,0x46,0x31,0x46,0x31,0x47,0x39,
0x67,0x39,0x67,0x39,0x67,0x39,0x47,0x39,0x47,0x39,0x46,0x31,0x46,0x31,0x26,0x31,0x26,0x31,0x47,0x39,0x67,0x39,0x67,0x39,
0x47,0x31,0x46,0x31,0x26,0x31,0x46,0x31,0xc8,0x49,0xcb,0x7a,0xcb,0x7a,0x67,0x39,0x95,0x6b,0x95,0x6b,0x95,0x6b,0x95,0x6b,
0x96,0x6b,0x96,0x6b,0x96,0x6b,0x96,0x6b,0x96,0x6b,0xb6,0x6b,0x96,0x6b,0x96,0x6b,0x95,0x6b,0x87,0x09,0xa8,0x11,0x2a,0x1a,
0x8a,0x1a,0x6a,0x1a,0xe9,0x11,0x09,0x1a,0x29,0x42,0x6a,0x3a,0xd6,0x73,0x2a,0x1a,0x09,0x1a,0x17,0x74,0xe9,0x11,0x2a,0x12,
0xa8,0x11,0xa8,0x11,0x2a,0x1a,0x4a,0x1a,0x4a,0x1a,0x6a,0x1a,0xab,0x1a,0x0c,0x23,0x0c,0x23,0x8c,0x2b,0x2c,0x23,0xeb,0x22,
0x8b,0x1a,0x88,0x11,0x96,0x6b,0x96,0x6b,0x96,0x6b,0x96,0x6b,0xb6,0x6b,0x96,0x6b,0x96,0x6b,0xb6,0x6b,0xb6,0x6b,0xb6,0x6b,
0xb6,0x6b,0xb6,0x6b,0x96,0x6b,0x96,0x6b,0x96,0x6b,0xb6,0x6b,0xb6,0x6b,0xb6,0x6b,0xb6,0x6b,0xb6,0x6b,0x96,0x6b,0xb6,0x6b,
0xb6,0x6b,0xb6,0x6b,0xb6,0x6b,0xb6,0x6b,0x96,0x6b,0xb6,0x6b,0x96,0x6b,0x96,0x6b,0x96,0x6b,0xb6,0x6b,0x96,0x6b,0xb6,0x6b,
0xb6,0x6b,0x96,0x6b,0x96,0x6b,0x96,0x6b,0x96,0x6b,0xb6,0x6b,0x96,0x6b,0x96,0x6b,0x96,0x6b,0x96,0x6b,0x96,0x6b,0x96,0x6b,
0x96,0x6b,0x96,0x6b,0x96,0x6b,0x96,0x6b,0x96,0x6b,0x96,0x6b,0x76,0x6b,0x96,0x6b,0x96,0x6b,0x96,0x6b,0x96,0x6b,0x96,0x6b,
0x96,0x6b,0x96,0x6b,0x96,0x6b,0x96,0x6b,0x96,0x6b,0x96,0x6b,0x96,0x6b,0x96,0x6b,0x96,0x6b,0x96,0x6b,0x96,0x6b,0x96,0x6b,
0x96,0x6b,0x96,0x6b,0x96,0x6b,0xb6,0x6b,0xb6,0x6b,0xb6,0x6b,0xb6,0x6b,0xb6,0x6b,0xb6,0x6b,0x96,0x6b,0x96,0x6b,0x96,0x6b,
0x96,0x6b,0xb6,0x6b,0x96,0x6b,0x96,0x6b,0xb6,0x6b,0xb6,0x6b,0xb6,0x6b,0xb6,0x6b,0xb6,0x6b,0xb6,0x6b,0x96,0x6b,0xb6,0x6b,
0xb6,0x6b,0x96,0x6b,0x96,0x6b,0xb6,0x6b,0x96,0x6b,0x96,0x6b,0x96,0x6b,0x96,0x6b,0xb6,0x6b,0xb6,0x6b,0xb6,0x6b,0x96,0x6b,
0x96,0x6b,0x96,0x6b,0x96,0x6b,0xb6,0x6b,0x96,0x6b,0xb6,0x73,0x87,0x39,0x2d,0x8b,0xcb,0x72,0x67,0x39,0x8b,0x6a,0x0d,0x83,
0x2d,0x83,0x2d,0x83,0x2d,0x83,0x2d,0x83,0x2d,0x83,0x2d,0x83,0x2d,0x83,0x2d,0x83,0x2d,0x83,0x0c,0x83,0x2d,0x83,0x2d,0x83,
0x0d,0x83,0x2d,0x83,0x0c,0x83,0x2d,0x83,0x2d,0x83,0x2c,0x83,0x0c,0x83,0x2d,0x83,0x87,0x41,0xcb,0x7a,0xcb,0x72,0x67,0x39,
0x95,0x6b,0x95,0x6b,0x96,0x6b,0x96,0x6b,0x96,0x6b,0x96,0x6b,0xb6,0x6b,0x96,0x6b,0x96,0x6b,0x96,0x6b,0x96,0x6b,0x96,0x6b,
0x96,0x6b,0x95,0x6b,0x95,0x6b,0xc9,0x11,0xc9,0x11,0x87,0x11,0xc8,0x11,0x09,0x12,0xe8,0x41,0x28,0x32,0x96,0x6b,0xe9,0x19,
0x09,0x2a,0x09,0x12,0x4a,0x1a,0x47,0x09,0x95,0x6b,0x95,0x6b,0xc9,0x19,0x87,0x11,0x4a,0x1a,0x4a,0x1a,0xab,0x1a,0xab,0x1a,
0xcb,0x1a,0xcb,0x1a,0x2c,0x23,0xeb,0x22,0xab,0x22,0xa8,0x11,0x96,0x6b,0x96,0x6b,0x96,0x6b,0x96,0x6b,0x96,0x6b,0x96,0x6b,
0x96,0x6b,0x96,0x6b,0x96,0x6b,0x96,0x6b,0xb6,0x6b,0xb6,0x6b,0xb6,0x6b,0x96,0x6b,0x96,0x6b,0x96,0x6b,0xb6,0x6b,0xb6,0x6b,
0xb6,0x6b,0xb6,0x6b,0xb6,0x6b,0x96,0x6b,0x96,0x6b,0x96,0x6b,0x96,0x6b,0x96,0x6b,0x96,0x6b,0xb6,0x6b,0xb6,0x6b,0xb6,0x6b,
0xb6,0x6b,0x96,0x6b,0xb6,0x6b,0xb6,0x6b,0xb6,0x6b,0x96,0x6b,0x96,0x6b,0x96,0x6b,0x96,0x6b,0x96,0x6b,0x96,0x6b,0x96,0x6b,
0x96,0x6b,0x96,0x6b,0x96,0x6b,0x96,0x6b,0x96,0x6b,0x96,0x6b,0x96,0x6b,0x96,0x6b,0x96,0x6b,0x96,0x6b,0x96,0x6b,0x96,0x6b,
0x96,0x6b,0x96,0x6b,0x96,0x6b,0x96,0x6b,0x96,0x6b,0x96,0x6b,0x96,0x6b,0x96,0x6b,0x96,0x6b,0x96,0x6b,0x96,0x6b,0x96,0x6b,
0x96,0x6b,0x96,0x6b,0x96,0x6b,0x96,0x6b,0x96,0x6b,0x96,0x6b,0x96,0x6b,0x96,0x6b,0x96,0x6b,0x96,0x6b,0xb6,0x6b,0x96,0x6b,
0xb6,0x6b,0xb6,0x6b,0xb6,0x6b,0x96,0x6b,0x96,0x6b,0x96,0x6b,0x96,0x6b,0x96,0x6b,0xb6,0x6b,0xb6,0x6b,0xb6,0x6b,0xb6,0x6b,
0xb6,0x6b,0xb6,0x6b,0xb6,0x6b,0x96,0x6b,0xb6,0x6b,0xb6,0x6b,0xb6,0x6b,0x96,0x6b,0x96,0x6b,0x96,0x6b,0x96,0x6b,0x96,0x6b,
0x96,0x6b,0xb6,0x6b,0x96,0x6b,0x96,0x6b,0x96,0x6b,0x96,0x6b,0x96,0x6b,0x96,0x6b,0xb6,0x6b,0xb6,0x6b,0x87,0x41,0x0c,0x83,
0xcb,0x72,0xa8,0x41,0xcb,0x72,0xcb,0x72,0xcb,0x7a,0xcc,0x7a,0xcb,0x72,0xcb,0x72,0xcb,0x7a,0xcb,0x7a,0xcb,0x72,0xcc,0x7a,
0xab,0x72,0xab,0x72,0xab,0x72,0xcb,0x72,0xcb,0x72,0xcb,0x72,0xab,0x72,0xcb,0x72,0xcb,0x72,0xcb,0x72,0xcb,0x72,0x8b,0x72,
0x67,0x39,0xcb,0x7a,0xab,0x72,0x67,0x39,0x95,0x6b,0x95,0x6b,0x96,0x6b,0x96,0x6b,0x96,0x6b,0x96,0x6b,0xb6,0x6b,0xb6,0x6b,
0xb6,0x6b,0xb6,0x6b,0x96,0x6b,0x96,0x6b,0x95,0x6b,0x96,0x6b,0x95,0x6b,0x75,0x63,0x75,0x63,0x53,0x5b,0xc8,0x11,0x09,0x12,
0x87,0x39,0xe8,0x31,0xd6,0x73,0x09,0x1a,0x29,0x1a,0x09,0x12,0x67,0x11,0xb5,0x6b,0x95,0x6b,0x95,0x6b,0x75,0x63,0x8f,0x3a,
0xa8,0x11,0xc8,0x11,0x8b,0x1a,0x6a,0x1a,0x4a,0x1a,0x6a,0x1a,0xeb,0x22,0xeb,0x1a,0xeb,0x22,0x87,0x09,0x96,0x6b,0xb6,0x6b,
0xb6,0x6b,0x96,0x6b,0x96,0x6b,0x96,0x6b,0x96,0x6b,0x96,0x6b,0xb6,0x6b,0xb6,0x6b,0xb6,0x6b,0xb6,0x6b,0xb6,0x6b,0xb6,0x6b,
0x96,0x6b,0xb6,0x6b,0x96,0x6b,0x96,0x6b,0xb6,0x6b,0xb6,0x6b,0xb6,0x6b,0x96,0x6b,0x96,0x6b,0x96,0x6b,0x96,0x6b,0x96,0x6b,
0x96,0x6b,0x96,0x6b,0xb6,0x6b,0xb6,0x6b,0xb6,0x6b,0x96,0x6b,0x96,0x6b,0xb6,0x6b,0x96,0x6b,0x96,0x6b,0x96,0x6b,0x96,0x6b,
0x96,0x6b,0x96,0x6b,0x96,0x6b,0x96,0x6b,0x96,0x6b,0x96,0x6b,0x96,0x6b,0x96,0x6b,0x96,0x6b,0x96,0x6b,0x96,0x6b,0x96,0x6b,
0x96,0x6b,0x96,0x6b,0x96,0x6b,0x96,0x6b,0x96,0x6b,0x96,0x6b,0x96,0x6b,0x96,0x6b,0x96,0x6b,0x96,0x6b,0x96,0x6b,0x96,0x6b,
0x96,0x6b,0x96,0x6b,0x96,0x6b,0x96,0x6b,0x96,0x6b,0x96,0x6b,0x96,0x6b,0x96,0x6b,0x96,0x6b,0x96,0x6b,0x96,0x6b,0xb6,0x6b,
0xb6,0x6b,0x96,0x6b,0x96,0x6b,0x96,0x6b,0x96,0x6b,0xb6,0x6b,0xb6,0x6b,0x96,0x6b,0x96,0x6b,0x96,0x6b,0x96,0x6b,0xb6,0x6b,
0x96,0x6b,0x96,0x6b,0xb6,0x6b,0xb6,0x6b,0xb6,0x6b,0xb6,0x6b,0x96,0x6b,0xb6,0x6b,0xb6,0x6b,0xb6,0x6b,0xb6,0x6b,0x96,0x6b,
0xb6,0x6b,0x96,0x6b,0xb6,0x6b,0x96,0x6b,0x96,0x6b,0xb6,0x6b,0xb6,0x6b,0xb6,0x6b,0x96,0x6b,0x96,0x6b,0x96,0x6b,0x96,0x6b,
0x96,0x6b,0xb6,0x73,0x87,0x39,0x0c,0x83,0xcb,0x72,0xa8,0x41,0xec,0x7a,0xcb,0x72,0xcb,0x72,0xcb,0x7a,0xcb,0x7a,0xcb,0x72,
0xcb,0x72,0xcb,0x7a,0xcb,0x72,0xab,0x72,0x06,0x29,0x47,0x31,0xcb,0x72,0xab,0x72,0xab,0x72,0xcb,0x72,0xcc,0x7a,0xcb,0x7a,
0xcb,0x7a,0xcb,0x72,0xcb,0x72,0xab,0x72,0x67,0x39,0xcb,0x7a,0xab,0x72,0x67,0x39,0x96,0x6b,0x96,0x6b,0x96,0x6b,0x96,0x6b,
0x96,0x6b,0x96,0x6b,0x96,0x6b,0xb6,0x6b,0xb6,0x6b,0xb6,0x6b,0x96,0x6b,0x96,0x6b,0xb6,0x6b,0x96,0x6b,0x95,0x6b,0x75,0x6b,
0x95,0x6b,0xb6,0x6b,0xd6,0x73,0xc9,0x11,0xa7,0x39,0x28,0x22,0x75,0x6b,0xe9,0x11,0x29,0x1a,0xaf,0x42,0x75,0x63,0x95,0x6b,
0x96,0x6b,0x95,0x6b,0x76,0x6b,0xb6,0x6b,0xb6,0x6b,0x75,0x6b,0x87,0x11,0xa8,0x11,0xa8,0x11,0x4a,0x1a,0x4a,0x1a,0x6a,0x1a,
0x6a,0x1a,0xa8,0x11,0x96,0x6b,0x96,0x6b,0xb6,0x6b,0xb6,0x6b,0x96,0x6b,0x96,0x6b,0x96,0x6b,0x96,0x6b,0xb6,0x6b,0xb6,0x6b,
0xb6,0x6b,0xb6,0x6b,0xb6,0x6b,0xb6,0x6b,0x96,0x6b,0x96,0x6b,0x96,0x6b,0x96,0x6b,0xb6,0x6b,0xb6,0x6b,0xb6,0x6b,0xb6,0x6b,
0xb6,0x6b,0xb6,0x6b,0x96,0x6b,0x96,0x6b,0x96,0x6b,0x96,0x6b,0xb6,0x6b,0xb6,0x6b,0xb6,0x6b,0x96,0x6b,0xb6,0x6b,0xb6,0x6b,
0x96,0x6b,0x96,0x6b,0x96,0x6b,0x96,0x6b,0x96,0x6b,0x96,0x6b,0x96,0x6b,0x96,0x6b,0x96,0x6b,0x96,0x6b,0x96,0x6b,0x96,0x6b,
0x96,0x6b,0x96,0x6b,0x96,0x6b,0x96,0x6b,0x96,0x6b,0x96,0x6b,0x96,0x6b,0x96,0x6b,0x96,0x6b,0x96,0x6b,0x96,0x6b,0x96,0x6b,
0x96,0x6b,0x96,0x6b,0x96,0x6b,0x96,0x6b,0x96,0x6b,0x96,0x6b,0x96,0x6b,0x96,0x6b,0x96,0x6b,0x96,0x6b,0x96,0x6b,0x96,0x6b,
0x96,0x6b,0xb6,0x6b,0xb6,0x6b,0xb6,0x6b,0xb6,0x6b,0xb6,0x6b,0xb6,0x6b,0x96,0x6b,0xb6,0x6b,0x96,0x6b,0xb6,0x6b,0x96,0x6b,
0x96,0x6b,0x96,0x6b,0x96,0x6b,0x96,0x6b,0x96,0x6b,0x96,0x6b,0xb6,0x6b,0xb6,0x6b,0xb6,0x6b,0xb6,0x6b,0xb6,0x6b,0x96,0x6b,
0xb6,0x6b,0xb6,0x6b,0x96,0x6b,0x96,0x6b,0xb6,0x6b,0xb6,0x6b,0x96,0x6b,0x96,0x6b,0xb6,0x6b,0xb6,0x6b,0xb6,0x6b,0x96,0x6b,
0x96,0x6b,0x96,0x6b,0x96,0x6b,0x96,0x6b,0x96,0x6b,0xb6,0x6b,0x87,0x39,0x0c,0x83,0xcb,0x7a,0xa7,0x41,0xec,0x7a,0xcc,0x72,
0xcb,0x7a,0xcb,0x7a,0xcb,0x7a,0xcb,0x7a,0xcb,0x72,0xcb,0x72,0xcb,0x7a,0x26,0x29,0xc9,0x51,0xa8,0x49,0x47,0x31,0xcb,0x72,
0xcb,0x72,0xcb,0x72,0xcb,0x7a,0xcc,0x7a,0xcb,0x7a,0xcb,0x7a,0xcb,0x72,0xcb,0x72,0x67,0x39,0xab,0x72,0xab,0x72,0x67,0x39,
0x96,0x6b,0x96,0x6b,0x96,0x6b,0x96,0x6b,0x96,0x6b,0x96,0x6b,0x96,0x6b,0x96,0x6b,0xb6,0x6b,0xb6,0x6b,0xb6,0x6b,0xb6,0x6b,
0x96,0x6b,0x88,0x41,0xa9,0x49,0xa8,0x41,0x68,0x39,0x47,0x31,0x48,0x39,0xc8,0x11,0xc8,0x41,0x6a,0x2a,0xa9,0x49,0xa8,0x11,
0xa8,0x11,0x88,0x29,0xa9,0x41,0x88,0x39,0x89,0x41,0xe9,0x49,0xb6,0x6b,0x96,0x6b,0x95,0x6b,0x75,0x6b,0xd6,0x6b,0xb6,0x6b,
0xb6,0x6b,0xc9,0x11,0xa8,0x11,0xa8,0x11,0xc8,0x11,0xa8,0x11,0x95,0x6b,0x96,0x6b,0x96,0x6b,0xb6,0x6b,0xb6,0x6b,0xb6,0x6b,
0xb6,0x6b,0xb6,0x6b,0xb6,0x6b,0xb6,0x6b,0xb6,0x6b,0xb6,0x6b,0xb6,0x6b,0xb6,0x6b,0x96,0x6b,0xb6,0x6b,0x96,0x6b,0xb6,0x6b,
0xb6,0x6b,0xb6,0x6b,0xb6,0x6b,0xb6,0x6b,0xb6,0x6b,0xb6,0x6b,0xb6,0x6b,0x96,0x6b,0x96,0x6b,0x96,0x6b,0xb6,0x6b,0xb6,0x6b,
0xb6,0x6b,0x96,0x6b,0x96,0x6b,0x96,0x6b,0x96,0x6b,0x96,0x6b,0x96,0x6b,0x96,0x6b,0x96,0x6b,0x96,0x6b,0x96,0x6b,0x96,0x6b,
0x96,0x6b,0x96,0x6b,0xb6,0x6b,0x96,0x6b,0x96,0x6b,0x96,0x6b,0x96,0x6b,0x96,0x6b,0x96,0x6b,0x96,0x6b,0x96,0x6b,0x96,0x6b,
0x96,0x6b,0x96,0x6b,0x96,0x6b,0x96,0x6b,0x96,0x6b,0x96,0x6b,0x96,0x6b,0x96,0x6b,0xb6,0x6b,0x96,0x6b,0x96,0x6b,0x96,0x6b,
0x96,0x6b,0xb6,0x6b,0x96,0x6b,0xb6,0x6b,0x96,0x6b,0x96,0x6b,0xb6,0x6b,0xb6,0x6b,0xb6,0x6b,0xb6,0x6b,0xb6,0x6b,0xb6,0x6b,
0xb6,0x6b,0x96,0x6b,0x96,0x6b,0x96,0x6b,0x96,0x6b,0x96,0x6b,0x96,0x6b,0x96,0x6b,0x96,0x6b,0x96,0x6b,0x96,0x6b,0xb6,0x6b,
0xb6,0x6b,0xb6,0x6b,0x96,0x6b,0x96,0x6b,0x96,0x6b,0x96,0x6b,0x96,0x6b,0x96,0x6b,0x96,0x6b,0x96,0x6b,0x96,0x6b,0x96,0x6b,
0x96,0x6b,0x96,0x6b,0x96,0x6b,0x96,0x6b,0x96,0x6b,0x96,0x6b,0x96,0x6b,0x96,0x6b,0x96,0x6b,0xb6,0x6b,0x67,0x39,0x0c,0x83,
0xcb,0x7a,0xa7,0x41,0xeb,0x7a,0xcb,0x7a,0xcb,0x7a,0xcb,0x7a,0xcb,0x7a,0xcb,0x72,0xcb,0x7a,0xcb,0x72,0xcb,0x7a,0x67,0x39,
0xc8,0x41,0x87,0x41,0x26,0x31,0xcb,0x7a,0xcb,0x72,0xcb,0x7a,0xcb,0x7a,0xcb,0x7a,0xcc,0x7a,0xcb,0x7a,0xcb,0x7a,0xcb,0x72,
0x47,0x39,0xab,0x72,0xab,0x72,0x67,0x39,0x95,0x6b,0x96,0x6b,0x96,0x6b,0x96,0x6b,0xb6,0x6b,0x96,0x6b,0x96,0x6b,0xb6,0x6b,
0xb6,0x6b,0xb6,0x6b,0xb6,0x6b,0xb6,0x6b,0xb5,0x6b,0x26,0x39,0xc9,0x49,0x88,0x41,0x47,0x39,0x68,0x39,0x27,0x39,0x88,0x19,
0x49,0x32,0x49,0x32,0x88,0x41,0x67,0x11,0xc9,0x11,0xc9,0x39,0x88,0x41,0xa9,0x41,0xa9,0x41,0x88,0x41,0xb6,0x73,0x96,0x6b,
0x96,0x6b,0x95,0x6b,0x95,0x6b,0x96,0x6b,0xb6,0x73,0x88,0x11,0x68,0x11,0xc9,0x11,0xc9,0x11,0xa9,0x11,0x96,0x6b,0x96,0x6b,
0xb6,0x6b,0xb6,0x6b,0xb6,0x6b,0xb6,0x6b,0xb6,0x6b,0xb6,0x6b,0xb6,0x6b,0xb6,0x6b,0xb6,0x6b,0xb6,0x6b,0xb6,0x6b,0xb6,0x6b,
0xb6,0x6b,0xb6,0x6b,0x96,0x6b,0xb6,0x6b,0xb6,0x6b,0xb6,0x6b,0xb6,0x6b,0xb6,0x6b,0xb6,0x6b,0xb6,0x6b,0xb6,0x6b,0xb6,0x6b,
0xb6,0x6b,0xb6,0x6b,0xb6,0x6b,0xb6,0x6b,0xb6,0x6b,0x96,0x6b,0xb6,0x6b,0xb6,0x6b,0x96,0x6b,0x96,0x6b,0x96,0x6b,0xb6,0x6b,
0x96,0x6b,0x96,0x6b,0xb6,0x6b,0xb6,0x6b,0xb6,0x6b,0xb6,0x6b,0xb6,0x6b,0xb6,0x6b,0x96,0x6b,0x96,0x6b,0x96,0x6b,0x96,0x6b,
0x96,0x6b,0x96,0x6b,0x96,0x6b,0x96,0x6b,0x96,0x6b,0xb6,0x6b,0x96,0x6b,0x96,0x6b,0x96,0x6b,0x96,0x6b,0x96,0x6b,0x96,0x6b,
0xb6,0x6b,0xb6,0x6b,0xb6,0x6b,0xb6,0x6b,0xb6,0x6b,0xb6,0x6b,0xb6,0x6b,0xb6,0x6b,0xb6,0x6b,0x96,0x6b,0x96,0x6b,0xb6,0x6b,
0xb6,0x6b,0xb6,0x6b,0x96,0x6b,0x96,0x6b,0x96,0x6b,0x96,0x6b,0x96,0x6b,0x96,0x6b,0x96,0x6b,0x96,0x6b,0x96,0x6b,0x96,0x6b,
0x96,0x6b,0xb6,0x6b,0xb6,0x6b,0xb6,0x73,0xb6,0x6b,0xb6,0x6b,0x96,0x6b,0x96,0x6b,0xb6,0x6b,0x96,0x6b,0x96,0x6b,0xb6,0x6b,
0x96,0x6b,0xb6,0x6b,0xb6,0x6b,0xb6,0x6b,0xb6,0x6b,0xb6,0x6b,0x96,0x6b,0x96,0x6b,0x96,0x6b,0x96,0x6b,0x96,0x6b,0x96,0x6b,
0x96,0x6b,0x96,0x6b,0x87,0x39,0xec,0x7a,0xcb,0x72,0xa8,0x49,0xeb,0x7a,0xcb,0x7a,0xcb,0x7a,0xcb,0x7a,0xcb,0x7a,0xcb,0x7a,
0xcb,0x7a,0xcb,0x72,0xcb,0x7a,0xcc,0x72,0x67,0x31,0x26,0x29,0x09,0x52,0xab,0x72,0xcb,0x7a,0xcb,0x7a,0xcb,0x7a,0xcb,0x7a,
0xcb,0x7a,0xcb,0x7a,0xcb,0x7a,0xcb,0x7a,0x67,0x39,0xcb,0x72,0xab,0x72,0x67,0x39,0x95,0x6b,0x96,0x6b,0x96,0x6b,0x96,0x6b,
0xb6,0x6b,0xb6,0x6b,0xb6,0x6b,0xb6,0x6b,0x96,0x6b,0xb6,0x6b,0xb6,0x6b,0xb6,0x6b,0x0a,0x4a,0xd7,0xa4,0x76,0x9c,0x7b,0xbd,
0xdc,0xc5,0xdc,0xc5,0xdc,0xc5,0xdc,0xc5,0xbc,0xc5,0xbc,0xc5,0xbc,0xc5,0xdc,0xc5,0xdc,0xc5,0xbc,0xc5,0xbc,0xc5,0xbb,0xbd,
0x7b,0xbd,0x55,0x9c,0x87,0x39,0x75,0x6b,0x95,0x6b,0x96,0x6b,0xb6,0x6b,0x96,0x6b,0x96,0x6b,0x95,0x6b,0x95,0x6b,0x96,0x6b,
0x96,0x6b,0x96,0x6b,0x96,0x6b,0x96,0x6b,0x96,0x6b,0xb6,0x6b,0xb6,0x73,0xb6,0x6b,0xb6,0x73,0xb6,0x73,0xb6,0x73,0xb6,0x6b,
0xb6,0x6b,0xb6,0x6b,0xb6,0x6b,0xb6,0x6b,0xb6,0x6b,0xb6,0x6b,0xb6,0x6b,0xb6,0x6b,0xb6,0x6b,0xb6,0x6b,0xb6,0x6b,0x96,0x6b,
0xb6,0x6b,0xb6,0x6b,0xb6,0x6b,0xb6,0x6b,0xb6,0x6b,0xb6,0x6b,0xb6,0x6b,0xb6,0x6b,0xb6,0x6b,0xb6,0x6b,0xb6,0x6b,0xb6,0x6b,
0xb6,0x6b,0x96,0x6b,0xb6,0x6b,0xb6,0x6b,0xb6,0x6b,0xb6,0x6b,0xb6,0x6b,0xb6,0x6b,0xb6,0x6b,0xb6,0x6b,0xb6,0x6b,0x96,0x6b,
0xb6,0x6b,0x96,0x6b,0x96,0x6b,0x96,0x6b,0x96,0x6b,0x96,0x6b,0xb6,0x6b,0x96,0x6b,0x96,0x6b,0xb6,0x6b,0x96,0x6b,0xb6,0x6b,
0x96,0x6b,0x96,0x6b,0x96,0x6b,0xb6,0x6b,0x96,0x6b,0xb6,0x6b,0xb6,0x6b,0xb6,0x6b,0xb6,0x6b,0xb6,0x6b,0x96,0x6b,0xb6,0x6b,
0xb6,0x6b,0x96,0x6b,0xb6,0x6b,0xb6,0x6b,0xb6,0x6b,0x96,0x6b,0xb6,0x6b,0xb6,0x6b,0x96,0x6b,0x96,0x6b,0x96,0x6b,0x96,0x6b,
0xb6,0x6b,0xb6,0x6b,0x96,0x6b,0x96,0x6b,0xb6,0x6b,0xb6,0x6b,0xb6,0x6b,0xb6,0x6b,0xb6,0x6b,0xb6,0x6b,0xb6,0x6b,0xb6,0x6b,
0x96,0x6b,0xb6,0x6b,0x96,0x6b,0x96,0x6b,0xb6,0x6b,0xb6,0x6b,0xb6,0x6b,0xb6,0x6b,0xb6,0x6b,0xb6,0x6b,0xb6,0x6b,0x96,0x6b,
0x96,0x6b,0x96,0x6b,0x96,0x6b,0x96,0x6b,0x96,0x6b,0xb6,0x73,0x87,0x39,0xec,0x7a,0xab,0x72,0xa8,0x49,0xec,0x7a,0xcb,0x7a,
0xcb,0x7a,0xcb,0x7a,0xcb,0x7a,0xcb,0x7a,0xeb,0x7a,0xcb,0x7a,0xcb,0x7a,0xcb,0x7a,0xcc,0x7a,0xab,0x72,0xcb,0x72,0xcb,0x7a,
0xcb,0x7a,0xcb,0x7a,0xcb,0x7a,0xeb,0x7a,0xec,0x7a,0xeb,0x7a,0xeb,0x7a,0xcb,0x7a,0x67,0x39,0xcb,0x72,0xab,0x72,0x67,0x39,
0x96,0x6b,0xb6,0x6b,0xb6,0x6b,0x96,0x6b,0xb6,0x73,0xb6,0x6b,0xb6,0x73,0xb6,0x73,0xb6,0x73,0xb6,0x73,0xb6,0x73,0x75,0x6b,
0x88,0x39,0xb6,0xa4,0xb6,0xa4,0xb7,0xa4,0xb7,0xa4,0xb7,0xa4,0xb7,0xa4,0xb7,0xa4,0xb7,0xa4,0xb7,0xa4,0xb7,0xa4,0xb7,0xa4,
0xb7,0xa4,0xb7,0xa4,0xb7,0xa4,0xd7,0xa4,0x76,0x9c,0x13,0x8c,0x67,0x39,0xb6,0x6b,0xb6,0x6b,0x96,0x6b,0xb6,0x6b,0x96,0x6b,
0x96,0x6b,0x96,0x6b,0x96,0x6b,0x96,0x6b,0xb6,0x6b,0x96,0x6b,0xb6,0x6b,0xb6,0x6b,0xb6,0x73,0xb6,0x6b,0xb6,0x6b,0xb6,0x73,
0xb6,0x73,0xb6,0x73,0xb6,0x6b,0xb6,0x6b,0x96,0x6b,0xb6,0x73,0x96,0x6b,0xb6,0x6b,0xb6,0x6b,0xb6,0x6b,0xb6,0x6b,0xb6,0x6b,
0xb6,0x6b,0xb6,0x6b,0xb6,0x6b,0xb6,0x6b,0xb6,0x6b,0xb6,0x6b,0xb6,0x6b,0xb6,0x73,0xb6,0x6b,0xb6,0x6b,0xb6,0x73,0xb6,0x6b,
0xb6,0x73,0xb6,0x73,0xb6,0x6b,0xb6,0x6b,0xb6,0x6b,0xb6,0x6b,0x96,0x6b,0xb6,0x6b,0xb6,0x6b,0xb6,0x6b,0xb6,0x6b,0xb6,0x6b,
0xb6,0x6b,0xb6,0x6b,0xb6,0x6b,0xb6,0x6b,0xb6,0x6b,0xb6,0x6b,0x96,0x6b,0x96,0x6b,0x96,0x6b,0xb6,0x6b,0xb6,0x6b,0xb6,0x6b,
0xb6,0x6b,0xb6,0x6b,0xb6,0x6b,0xb6,0x6b,0x96,0x6b,0x96,0x6b,0xb6,0x6b,0xb6,0x6b,0x96,0x6b,0xb6,0x6b,0xb6,0x6b,0xb6,0x6b,
0xb6,0x6b,0x96,0x6b,0xb6,0x6b,0xb6,0x6b,0xb6,0x6b,0xb6,0x6b,0xb6,0x6b,0xb6,0x6b,0x96,0x6b,0x96,0x6b,0xb6,0x6b,0x96,0x6b,
0x96,0x6b,0xb6,0x6b,0x96,0x6b,0x96,0x6b,0xb6,0x6b,0xb6,0x6b,0x96,0x6b,0xb6,0x6b,0xb6,0x6b,0xb6,0x6b,0xb6,0x6b,0xb6,0x6b,
0xb6,0x6b,0xb6,0x6b,0x96,0x6b,0x96,0x6b,0xb6,0x6b,0xb6,0x6b,0xb6,0x6b,0x96,0x6b,0x96,0x6b,0xb6,0x6b,0xb6,0x6b,0xb6,0x73,
0xb6,0x73,0xb6,0x6b,0xb6,0x6b,0xb6,0x73,0xb6,0x6b,0xb6,0x6b,0x96,0x6b,0x96,0x6b,0xb6,0x6b,0x75,0x6b,0x87,0x39,0xec,0x7a,
0xcb,0x72,0xa8,0x49,0xec,0x7a,0xcb,0x7a,0xcb,0x7a,0xeb,0x7a,0xec,0x7a,0xec,0x7a,0xeb,0x7a,0xeb,0x7a,0xcb,0x7a,0xcb,0x72,
0xcb,0x7a,0xcb,0x7a,0xcb,0x7a,0xec,0x7a,0xcb,0x7a,0xeb,0x7a,0xeb,0x7a,0xec,0x7a,0xec,0x7a,0xeb,0x7a,0xec,0x7a,0xcb,0x72,
0x47,0x39,0xcb,0x7a,0xcb,0x7a,0x87,0x39,0xb6,0x73,0x96,0x6b,0x96,0x6b,0x96,0x6b,0x2e,0x4a,0x2e,0x4a,0x4e,0x4a,0x2e,0x4a,
0x2e,0x4a,0x2e,0x4a,0x4e,0x4a,0x0d,0x4a,0x88,0x39,0xd7,0xa4,0xb7,0xa4,0xb7,0xa4,0xb7,0xa4,0xb7,0xa4,0xb7,0xa4,0xb7,0xa4,
0xb7,0xa4,0xb7,0xa4,0xb7,0xa4,0xb7,0xa4,0xb7,0xa4,0xb7,0xa4,0xb7,0xa4,0xb7,0xa4,0xb7,0xa4,0x55,0x9c,0xa8,0x41,0x4e,0x4a,
0x2e,0x4a,0x2e,0x4a,0x2e,0x4a,0x2e,0x4a,0x2e,0x4a,0x2e,0x4a,0x2e,0x4a,0x2e,0x4a,0x2e,0x4a,0x2e,0x4a,0x2e,0x4a,0x2e,0x4a,
0x2e,0x4a,0x2e,0x4a,0x2e,0x4a,0x2e,0x4a,0x2e,0x4a,0x2e,0x4a,0x2e,0x4a,0x2e,0x4a,0x4e,0x4a,0x2e,0x4a,0x2e,0x4a,0x2e,0x4a,
0x2e,0x4a,0x2e,0x4a,0x4e,0x4a,0x4e,0x4a,0x2e,0x4a,0x2e,0x4a,0x2e,0x4a,0x2e,0x4a,0x2e,0x4a,0x2e,0x4a,0x2e,0x4a,0x2e,0x4a,
0x2e,0x4a,0x2e,0x4a,0x2e,0x4a,0x2e,0x4a,0x2e,0x4a,0x2e,0x4a,0x2e,0x4a,0x2e,0x4a,0x2e,0x4a,0x2e,0x4a,0x2e,0x4a,0x2e,0x4a,
0x2e,0x4a,0x2e,0x4a,0x2e,0x4a,0x2e,0x4a,0x2e,0x4a,0x2e,0x4a,0x2e,0x4a,0x2e,0x4a,0x2e,0x4a,0x2e,0x4a,0x2e,0x4a,0x2e,0x4a,
0x2e,0x4a,0x2e,0x4a,0x2e,0x4a,0x2e,0x4a,0x2e,0x4a,0x2e,0x4a,0x2e,0x4a,0x2e,0x4a,0x2e,0x4a,0x2e,0x4a,0x2e,0x4a,0x2e,0x4a,
0x2e,0x4a,0x2e,0x4a,0x2e,0x4a,0x4e,0x4a,0x2e,0x4a,0x2e,0x4a,0x2e,0x4a,0x2e,0x4a,0x2e,0x4a,0x2e,0x4a,0x2e,0x4a,0x2e,0x4a,
0x2e,0x4a,0x2e,0x4a,0x2e,0x4a,0x2e,0x4a,0x4e,0x4a,0x2e,0x4a,0x2e,0x4a,0x2e,0x4a,0x2e,0x4a,0x2e,0x4a,0x2e,0x4a,0x2e,0x4a,
0x2d,0x4a,0x2e,0x4a,0x2e,0x4a,0x2e,0x4a,0x4e,0x4a,0x2e,0x4a,0x2e,0x4a,0x2e,0x4a,0x2e,0x4a,0x2e,0x4a,0x2e,0x4a,0x2e,0x4a,
0x2e,0x4a,0x2e,0x4a,0x2e,0x4a,0x2e,0x4a,0x2e,0x4a,0x4e,0x4a,0x4e,0x4a,0x2e,0x4a,0x2e,0x4a,0x4e,0x4a,0x4e,0x4a,0x4e,0x4a,
0x4e,0x4a,0x2d,0x4a,0x87,0x41,0xec,0x7a,0xab,0x72,0xc8,0x49,0x67,0x39,0xa8,0x41,0xc8,0x49,0xc8,0x49,0xc8,0x49,0xc8,0x49,
0xc8,0x49,0xc8,0x49,0xa8,0x49,0xa8,0x41,0xa8,0x49,0xc8,0x49,0xa8,0x49,0xa8,0x49,0xa8,0x49,0xa8,0x49,0xa8,0x49,0xa8,0x41,
0xa8,0x41,0xc8,0x49,0xc8,0x49,0x67,0x39,0x67,0x39,0xab,0x72,0xcb,0x7a,0xa8,0x41,0x2e,0x4a,0x2e,0x4a,0x2e,0x4a,0x2e,0x4a,
0x34,0x6b,0x54,0x73,0x34,0x73,0x34,0x6b,0x34,0x6b,0x33,0x6b,0x33,0x6b,0x53,0x73,0xc9,0x49,0xf8,0xac,0xb7,0xa4,0xb7,0xa4,
0xb7,0xa4,0xb7,0xa4,0xb7,0xa4,0xb7,0xa4,0xb7,0xa4,0xb7,0xa4,0xb7,0xa4,0xb7,0xa4,0xb7,0xa4,0xb7,0xa4,0xb7,0xa4,0xb7,0xa4,
0xb7,0xa4,0x95,0x9c,0xa8,0x41,0x74,0x73,0x34,0x6b,0x34,0x6b,0x54,0x73,0x54,0x73,0x54,0x73,0x54,0x73,0x54,0x73,0x54,0x73,
0x54,0x73,0x54,0x73,0x54,0x73,0x34,0x73,0x54,0x73,0x54,0x73,0x54,0x73,0x34,0x73,0x54,0x73,0x54,0x73,0x54,0x73,0x34,0x73,
0x54,0x73,0x54,0x73,0x54,0x73,0x34,0x73,0x34,0x73,0x54,0x73,0x34,0x73,0x54,0x73,0x54,0x73,0x54,0x73,0x54,0x73,0x54,0x73,
0x54,0x73,0x54,0x73,0x34,0x73,0x34,0x73,0x34,0x6b,0x34,0x73,0x54,0x73,0x34,0x73,0x34,0x73,0x54,0x73,0x54,0x73,0x54,0x73,
0x54,0x73,0x54,0x73,0x34,0x73,0x34,0x73,0x34,0x73,0x34,0x73,0x34,0x73,0x34,0x73,0x54,0x73,0x54,0x73,0x54,0x73,0x54,0x73,
0x54,0x73,0x54,0x73,0x54,0x73,0x34,0x73,0x34,0x73,0x54,0x73,0x54,0x73,0x54,0x73,0x54,0x73,0x54,0x73,0x34,0x73,0x54,0x73,
0x54,0x73,0x54,0x73,0x54,0x73,0x34,0x73,0x33,0x6b,0x34,0x6b,0x34,0x73,0x54,0x73,0x54,0x73,0x54,0x73,0x54,0x73,0x54,0x73,
0x34,0x73,0x34,0x73,0x54,0x73,0x54,0x73,0x54,0x73,0x54,0x73,0x34,0x73,0x34,0x73,0x34,0x73,0x54,0x73,0x34,0x73,0x34,0x73,
0x54,0x73,0x54,0x73,0x34,0x73,0x54,0x73,0x54,0x73,0x54,0x73,0x54,0x73,0x54,0x73,0x54,0x73,0x54,0x73,0x54,0x73,0x54,0x73,
0x54,0x73,0x34,0x73,0x54,0x73,0x54,0x73,0x54,0x73,0x34,0x73,0x34,0x73,0x34,0x73,0x33,0x73,0x34,0x73,0x54,0x73,0x54,0x73,
0x54,0x73,0x54,0x73,0x34,0x6b,0x33,0x6b,0x33,0x6b,0x54,0x73,0x67,0x39,0x0c,0x83,0xab,0x72,0x67,0x39,0x0c,0x83,0xec,0x7a,
0x0c,0x83,0x2d,0x83,0x2d,0x83,0x2d,0x83,0x0d,0x83,0x0c,0x83,0x0c,0x83,0x0c,0x83,0x0c,0x83,0x2d,0x83,0x2d,0x83,0x2d,0x83,
0x0d,0x83,0x2d,0x83,0x2d,0x83,0x2d,0x83,0x2d,0x83,0x2d,0x83,0x0c,0x83,0xcc,0x72,0x67,0x39,0xcb,0x7a,0xcb,0x7a,0x87,0x39,
0x13,0x6b,0x54,0x73,0x74,0x73,0x54,0x73,0xd2,0x62,0xd2,0x62,0xd2,0x62,0xd2,0x62,0xd1,0x62,0xd1,0x5a,0xd1,0x62,0xf2,0x62,
0xc9,0x49,0xf8,0xac,0xb7,0xa4,0xb7,0xa4,0xb7,0xa4,0xb7,0xa4,0xb7,0xa4,0xb7,0xa4,0xb7,0xa4,0xb7,0xa4,0xb7,0xa4,0xb7,0xa4,
0xb7,0xa4,0xb7,0xa4,0xb7,0xa4,0xb6,0xa4,0xb7,0xa4,0x75,0x9c,0x88,0x39,0xb1,0x5a,0xd1,0x5a,0xd2,0x62,0xd2,0x62,0xf2,0x62,
0xd2,0x62,0xd2,0x62,0xd2,0x62,0xf2,0x62,0xf2,0x62,0xf2,0x62,0xd2,0x62,0xd2,0x62,0xd1,0x62,0xb1,0x5a,0xd1,0x62,0xd2,0x62,
0xd2,0x62,0xd2,0x62,0xd2,0x62,0xd2,0x62,0xd2,0x62,0xd2,0x62,0xd2,0x62,0xd2,0x62,0xd2,0x62,0xd2,0x62,0xd2,0x62,0xf2,0x62,
0xd2,0x62,0xd2,0x62,0xd2,0x62,0xd2,0x62,0xd2,0x62,0xd2,0x62,0xd2,0x62,0xd2,0x62,0xd2,0x62,0xd2,0x62,0xd2,0x62,0xd2,0x62,
0xd2,0x62,0xd1,0x62,0xd2,0x62,0xd2,0x62,0xd2,0x62,0xd1,0x62,0xd1,0x62,0xd2,0x62,0xd2,0x62,0xd2,0x62,0xd2,0x62,0xd2,0x62,
0xd2,0x62,0xf2,0x62,0xf2,0x62,0xf2,0x62,0xf2,0x62,0xd2,0x62,0xd2,0x62,0xd2,0x62,0xd2,0x62,0xd2,0x62,0xd2,0x62,0xd2,0x62,
0xd2,0x62,0xd2,0x62,0xd2,0x62,0xd1,0x62,0xd2,0x62,0xd2,0x62,0xd2,0x62,0xd2,0x62,0xd2,0x62,0xd2,0x62,0xd2,0x62,0xd2,0x62,
0xd2,0x62,0xd2,0x62,0xd2,0x62,0xd2,0x62,0xd2,0x62,0xd2,0x62,0xf2,0x62,0xd2,0x62,0xd2,0x62,0xd2,0x62,0xd2,0x62,0xd2,0x62,
0xd2,0x62,0xd2,0x62,0xd2,0x62,0xd2,0x62,0xd2,0x62,0xd2,0x62,0xd2,0x62,0xd2,0x62,0xd2,0x62,0xd2,0x62,0xd2,0x62,0xd2,0x62,
0xd2,0x62,0xd2,0x62,0xd2,0x62,0xd1,0x62,0xd2,0x62,0xd2,0x62,0xd1,0x62,0xd2,0x62,0xd2,0x62,0xd2,0x62,0xd2,0x62,0xd2,0x62,
0xd1,0x62,0xd1,0x62,0xd1,0x62,0xd2,0x62,0xd2,0x62,0xd2,0x62,0xd2,0x62,0xf2,0x62,0xd1,0x62,0x90,0x5a,0x67,0x39,0x0c,0x83,
0xab,0x72,0x67,0x39,0xcc,0x7a,0xcb,0x72,0xcb,0x7a,0xcb,0x72,0xab,0x72,0xab,0x72,0xab,0x72,0xab,0x72,0xab,0x72,0xcc,0x72,
0xec,0x7a,0xec,0x7a,0xec,0x7a,0xec,0x7a,0xcb,0x7a,0xcc,0x7a,0xcc,0x7a,0xcb,0x7a,0xcb,0x72,0xcc,0x72,0xcc,0x72,0xcb,0x72,
0x87,0x41,0xcb,0x7a,0xcb,0x7a,0x67,0x39,0xb1,0x5a,0xd2,0x62,0xd1,0x62,0xd2,0x62,0xf2,0x62,0xf2,0x62,0xd2,0x62,0xf2,0x62,
0xd2,0x62,0xd2,0x62,0xf2,0x62,0xf2,0x62,0x88,0x39,0xf8,0xa4,0xb7,0xa4,0xb7,0xa4,0xb7,0xa4,0xb7,0xa4,0xb7,0xa4,0xb7,0xa4,
0xb7,0xa4,0xb7,0xa4,0xb7,0xa4,0xb7,0xa4,0xb7,0xa4,0xb7,0xa4,0xb7,0xa4,0xb7,0xa4,0xb7,0xa4,0x55,0x9c,0x88,0x39,0xd1,0x5a,
0xd1,0x62,0xf2,0x62,0xf2,0x62,0xd1,0x62,0xf2,0x62,0xf2,0x62,0xf2,0x62,0xf2,0x62,0xf2,0x62,0xf2,0x62,0xd2,0x62,0xd1,0x62,
0xd1,0x62,0xd1,0x62,0xd2,0x62,0xd1,0x62,0xd1,0x62,0xd1,0x62,0xd1,0x62,0xd2,0x62,0xd2,0x62,0xd2,0x62,0xf2,0x62,0xf2,0x62,
0xf2,0x62,0xf2,0x62,0xf2,0x62,0xf2,0x62,0xd2,0x62,0xd2,0x62,0xf2,0x62,0xd1,0x62,0xd2,0x62,0xd2,0x62,0xd2,0x62,0xd2,0x62,
0xf2,0x62,0xf2,0x62,0xf2,0x62,0xd1,0x62,0xd1,0x62,0xd2,0x62,0xd1,0x62,0xd2,0x62,0xd1,0x62,0xd1,0x62,0xd1,0x62,0xd2,0x62,
0xd2,0x62,0xd2,0x62,0xd2,0x62,0xd2,0x62,0xf2,0x62,0xf2,0x62,0xf2,0x62,0xf2,0x62,0xd2,0x62,0xf2,0x62,0xf2,0x62,0xf2,0x62,
0xf2,0x62,0xd2,0x62,0xd2,0x62,0xd2,0x62,0xd2,0x62,0xd2,0x62,0xf2,0x62,0xd2,0x62,0xd1,0x62,0xd1,0x62,0xd1,0x62,0xd2,0x62,
0xd2,0x62,0xf2,0x62,0xd2,0x62,0xd2,0x62,0xd1,0x62,0xd1,0x62,0xd1,0x62,0xd2,0x62,0xd2,0x62,0xf2,0x62,0xf2,0x62,0xd2,0x62,
0xf2,0x62,0xd2,0x62,0xd2,0x62,0xd2,0x62,0xd1,0x62,0xd1,0x62,0xf2,0x62,0xf2,0x62,0xd2,0x62,0xd2,0x62,0xd2,0x62,0xd2,0x62,
0xd2,0x62,0xd2,0x62,0xf2,0x62,0xf2,0x62,0xd2,0x62,0xd1,0x62,0xd1,0x62,0xf2,0x62,0xf2,0x62,0xd1,0x62,0xd2,0x62,0xf2,0x62,
0xd2,0x62,0xd2,0x62,0xd1,0x62,0xd1,0x62,0xd1,0x62,0xd1,0x62,0xd2,0x62,0xd1,0x62,0xd2,0x62,0xd2,0x62,0xd2,0x62,0xd2,0x62,
0xd1,0x62,0xd1,0x62,0x87,0x39,0x0c,0x83,0xab,0x72,0xa8,0x41,0xcc,0x7a,0xcb,0x7a,0xcb,0x7a,0xcb,0x7a,0xcb,0x7a,0xcb,0x72,
0xcb,0x72,0xcb,0x72,0xcb,0x72,0xcb,0x72,0xa8,0x41,0x87,0x41,0xec,0x7a,0xec,0x7a,0xcb,0x7a,0xcb,0x72,0xcb,0x7a,0xcb,0x7a,
0xcb,0x72,0xcb,0x72,0xcb,0x72,0xec,0x72,0x87,0x41,0xcb,0x7a,0xcb,0x7a,0x87,0x39,0xf2,0x62,0xf2,0x62,0xd1,0x62,0xd1,0x5a,
0xd2,0x62,0xd2,0x62,0xd2,0x62,0xd2,0x62,0xd2,0x62,0xf2,0x62,0xd2,0x62,0xd1,0x5a,0x68,0x39,0xb6,0xa4,0xb7,0xa4,0xb7,0xa4,
0xb7,0xa4,0xb7,0xa4,0xb7,0xa4,0xb7,0xa4,0xb7,0xa4,0xb7,0xa4,0xb7,0xa4,0xb7,0xa4,0xb7,0xa4,0xb7,0xa4,0xb7,0xa4,0xb7,0xa4,
0xb7,0xa4,0x55,0x94,0x87,0x39,0xf2,0x62,0xd2,0x62,0xd2,0x62,0xd2,0x62,0xd2,0x62,0xd1,0x62,0xf2,0x62,0xf2,0x62,0xf2,0x62,
0xf2,0x62,0xf2,0x62,0xd2,0x62,0xd2,0x62,0xd2,0x62,0xf2,0x62,0xf2,0x62,0xf2,0x62,0xd2,0x62,0xd2,0x62,0xd2,0x62,0xd2,0x62,
0xd2,0x62,0xf2,0x62,0xf2,0x62,0xf2,0x62,0xf2,0x62,0xf2,0x62,0xf2,0x62,0xd2,0x62,0xd2,0x62,0xd2,0x62,0xd2,0x62,0xf2,0x62,
0xf2,0x62,0xf2,0x62,0xd2,0x62,0xd2,0x62,0xd2,0x62,0xd2,0x62,0xd1,0x62,0xd1,0x62,0xd1,0x62,0xf2,0x62,0xd1,0x62,0xd1,0x62,
0xd1,0x62,0xd2,0x62,0xd1,0x62,0xd2,0x62,0xd2,0x62,0xd2,0x62,0xd2,0x62,0xd2,0x62,0xf2,0x62,0xf2,0x62,0xf2,0x62,0xd2,0x62,
0xd2,0x62,0xd1,0x62,0xf2,0x62,0xf2,0x62,0xf2,0x62,0xd2,0x62,0xd2,0x62,0xd2,0x62,0xd2,0x62,0xf2,0x62,0xd2,0x62,0xf2,0x62,
0xd1,0x62,0xd2,0x62,0xd2,0x62,0xf2,0x62,0xf2,0x62,0xf2,0x62,0xd2,0x62,0xd2,0x62,0xd1,0x62,0xd2,0x62,0xd2,0x62,0xd2,0x62,
0xd2,0x62,0xd2,0x62,0xf2,0x62,0xf2,0x62,0xf2,0x62,0xf2,0x62,0xd2,0x62,0xd2,0x62,0xd2,0x62,0xd2,0x62,0xd2,0x62,0xd2,0x62,
0xf2,0x62,0xd2,0x62,0xd2,0x62,0xd2,0x62,0xf2,0x62,0xd2,0x62,0xd1,0x62,0xd2,0x62,0xd2,0x62,0xd1,0x62,0xd2,0x62,0xd1,0x62,
0xd2,0x62,0xd2,0x62,0xf2,0x62,0xd2,0x62,0xd1,0x62,0xd1,0x62,0xd2,0x62,0xd2,0x62,0xd2,0x62,0xd1,0x62,0xd1,0x62,0xd2,0x62,
0xd2,0x62,0xd2,0x62,0xd2,0x62,0xd1,0x62,0xd2,0x62,0xd2,0x62,0x87,0x39,0x0c,0x83,0xab,0x72,0xa8,0x49,0xec,0x7a,0xcb,0x7a,
0xcb,0x7a,0xcb,0x7a,0xcb,0x7a,0xcb,0x7a,0xcb,0x72,0xcb,0x72,0xcb,0x72,0x87,0x39,0x4a,0x5a,0xe9,0x51,0x26,0x29,0xcb,0x72,
0xcb,0x7a,0xcb,0x72,0xcb,0x7a,0xcb,0x7a,0xcb,0x7a,0xcb,0x7a,0xcb,0x7a,0xeb,0x72,0x87,0x41,0xab,0x7a,0xcb,0x7a,0x87,0x39,
0xf2,0x62,0xd1,0x62,0xd1,0x62,0xd1,0x62,0xb1,0x5a,0xb1,0x5a,0xb1,0x5a,0xb1,0x5a,0xb1,0x5a,0xb1,0x5a,0xb1,0x5a,0x90,0x5a,
0x67,0x39,0x96,0xa4,0xb7,0xa4,0xb7,0xa4,0xb7,0xa4,0xb7,0xa4,0xb7,0xa4,0xb7,0xa4,0xb7,0xa4,0xb7,0xa4,0xb7,0xa4,0xb7,0xa4,
0xb7,0xa4,0xb7,0xa4,0xb7,0xa4,0xb7,0xa4,0xb7,0xa4,0x55,0x94,0x88,0x39,0xb1,0x5a,0xd1,0x62,0xb0,0x5a,0xb0,0x5a,0xb1,0x62,
0xd1,0x62,0xd1,0x62,0xb1,0x62,0xd1,0x5a,0xd1,0x62,0xb1,0x5a,0xb1,0x62,0xb1,0x62,0xb1,0x5a,0xb1,0x5a,0xd1,0x62,0xd1,0x62,
0xb1,0x5a,0xb0,0x5a,0xb0,0x5a,0xb1,0x5a,0xd1,0x62,0xd1,0x62,0xd1,0x5a,0xd1,0x5a,0xd1,0x62,0xb1,0x62,0xb1,0x62,0xd1,0x62,
0xb1,0x5a,0xb1,0x5a,0xb1,0x5a,0xd1,0x5a,0xb1,0x5a,0xd1,0x62,0xb1,0x5a,0xb1,0x5a,0xb1,0x5a,0xb0,0x5a,0xb1,0x5a,0xb1,0x5a,
0xb1,0x5a,0xb1,0x5a,0xb0,0x5a,0xb0,0x5a,0xb0,0x5a,0xb0,0x5a,0xb0,0x5a,0xb0,0x5a,0xb0,0x5a,0xb0,0x5a,0xb1,0x5a,0xd1,0x62,
0xb1,0x5a,0xb1,0x5a,0xd1,0x62,0xd1,0x62,0xd1,0x62,0xd1,0x62,0xb0,0x5a,0xb1,0x62,0xd1,0x62,0xd1,0x62,0xd1,0x5a,0xb1,0x5a,
0xd1,0x62,0xb0,0x5a,0xb0,0x5a,0xb0,0x5a,0xb0,0x5a,0xb0,0x5a,0xb0,0x5a,0xd1,0x62,0xb1,0x5a,0xb1,0x5a,0xb0,0x5a,0xb1,0x5a,
0xb1,0x5a,0xb1,0x5a,0xb1,0x5a,0xb0,0x5a,0xb1,0x5a,0xb1,0x62,0xb1,0x62,0xb1,0x62,0xb1,0x62,0xb1,0x5a,0xb1,0x62,0xd1,0x62,
0xd1,0x62,0xb1,0x62,0xb1,0x5a,0xd1,0x62,0xb1,0x62,0xd1,0x62,0xb1,0x62,0xd1,0x62,0xd1,0x62,0xb1,0x62,0xb1,0x5a,0xb1,0x5a,
0xb1,0x5a,0xb1,0x5a,0xb1,0x5a,0xb0,0x5a,0xd1,0x62,0xd1,0x62,0xb1,0x5a,0xb1,0x5a,0xd1,0x5a,0xb1,0x62,0xb1,0x5a,0xb1,0x5a,
0xb0,0x5a,0xb1,0x5a,0xb1,0x5a,0xb1,0x5a,0xb1,0x5a,0xb0,0x5a,0xb0,0x5a,0xb1,0x5a,0xd1,0x62,0x90,0x5a,0x67,0x39,0x2d,0x83,
0xab,0x72,0xa8,0x49,0xeb,0x7a,0xcb,0x7a,0xcb,0x7a,0xcb,0x72,0xcb,0x7a,0xcb,0x7a,0xcb,0x7a,0xcb,0x72,0xcb,0x72,0x06,0x29,
0xa8,0x41,0xa8,0x41,0x67,0x39,0xcb,0x72,0xcb,0x7a,0xcb,0x7a,0xcb,0x7a,0xcb,0x7a,0xcb,0x7a,0xcb,0x7a,0xcb,0x72,0xcb,0x72,
0x87,0x41,0xcb,0x7a,0xcb,0x7a,0x87,0x41,0xb0,0x5a,0xb0,0x5a,0xb1,0x5a,0xb1,0x5a,0xab,0x39,0xab,0x39,0xcb,0x39,0xcb,0x39,
0xcb,0x39,0xcb,0x39,0xcb,0x39,0x0c,0x42,0xe9,0x49,0xf3,0x8b,0xf3,0x8b,0xb7,0xa4,0xb7,0xa4,0xb7,0xa4,0xb7,0xa4,0xb7,0xa4,
0xb7,0xa4,0xb7,0xa4,0xb7,0xa4,0xb7,0xa4,0xb7,0xa4,0xb7,0xa4,0xb7,0xa4,0xb7,0xa4,0xb7,0xa4,0xf3,0x8b,0xa8,0x41,0xab,0x39,
0xcb,0x39,0xcb,0x39,0xcb,0x39,0xcb,0x39,0xcb,0x39,0xcb,0x39,0xcb,0x39,0xcb,0x39,0xcb,0x39,0xcb,0x39,0xcb,0x41,0xcb,0x39,
0xcb,0x39,0xcb,0x39,0xcb,0x39,0xcb,0x39,0xcb,0x41,0xcb,0x41,0xcb,0x41,0xcb,0x39,0xcb,0x39,0xab,0x39,0xcb,0x39,0xcb,0x39,
0xcb,0x39,0xcb,0x39,0xcb,0x39,0xcb,0x39,0xcb,0x39,0xcb,0x39,0xcb,0x39,0xcb,0x39,0xcb,0x39,0xcb,0x39,0xcb,0x39,0xcb,0x39,
0xcb,0x39,0xcb,0x39,0xcb,0x39,0xec,0x41,0xcb,0x41,0xcb,0x39,0xcb,0x39,0xcb,0x39,0xcb,0x39,0xcb,0x39,0xcb,0x39,0xcb,0x39,
0xcb,0x39,0xcb,0x39,0xab,0x39,0xcb,0x39,0xcb,0x39,0xcb,0x39,0xcb,0x39,0xcb,0x41,0xcb,0x41,0xcb,0x39,0xcb,0x39,0xcb,0x39,
0xcb,0x39,0xcb,0x39,0xcb,0x39,0xcb,0x39,0xcb,0x39,0xcb,0x39,0xcb,0x39,0xab,0x39,0xcb,0x39,0xcb,0x41,0xcb,0x39,0xcb,0x39,
0xcb,0x39,0xcb,0x39,0xcb,0x39,0xcb,0x39,0xcb,0x39,0xcb,0x39,0xcb,0x39,0xcb,0x39,0xcb,0x39,0xcb,0x39,0xcb,0x39,0xcb,0x39,
0xcb,0x39,0xcb,0x39,0xab,0x39,0xcb,0x39,0xcb,0x41,0xcb,0x39,0xcb,0x39,0xcb,0x39,0xcb,0x39,0xcb,0x41,0xcb,0x41,0xcb,0x39,
0xcb,0x39,0xcb,0x39,0xcb,0x39,0xcb,0x39,0xcb,0x39,0xab,0x39,0xab,0x39,0xcb,0x39,0xcb,0x39,0xcb,0x39,0xcb,0x39,0xcb,0x39,
0xcb,0x41,0xcb,0x41,0xcb,0x39,0xcb,0x41,0xcb,0x39,0xcb,0x41,0xcb,0x39,0xcb,0x41,0xcb,0x39,0xcb,0x39,0xcb,0x39,0xec,0x41,
0xcb,0x41,0xeb,0x41,0x87,0x41,0x0d,0x83,0xab,0x72,0xa8,0x49,0xeb,0x7a,0xcb,0x7a,0xcb,0x7a,0xcb,0x7a,0xcb,0x7a,0xcb,0x7a,
0xcb,0x7a,0xcb,0x72,0xcb,0x72,0x4a,0x62,0x26,0x29,0x47,0x31,0xa7,0x41,0xcb,0x72,0xcb,0x7a,0xcb,0x7a,0xcb,0x7a,0xcb,0x7a,
0xcb,0x7a,0xcb,0x7a,0xcb,0x72,0xab,0x72,0x87,0x41,0xcb,0x7a,0xcb,0x7a,0x87,0x41,0xab,0x39,0xcb,0x39,0xcb,0x39,0xcb,0x39,
0x4e,0x52,0x6e,0x52,0x6e,0x52,0x6e,0x52,0x6e,0x52,0x6e,0x52,0x6e,0x52,0x0c,0x4a,0x6e,0x52,0x47,0x31,0x47,0x31,0xb7,0xa4,
0xb7,0xa4,0xb7,0xa4,0xb7,0xa4,0xb7,0xa4,0xb7,0xa4,0xb7,0xa4,0xb7,0xa4,0xb7,0xa4,0xb7,0xa4,0xb7,0xa4,0xb7,0xa4,0xd7,0xa4,
0x96,0x9c,0x87,0x39,0x8f,0x5a,0x6e,0x52,0x6e,0x52,0x8f,0x5a,0x8f,0x5a,0x8f,0x5a,0x8f,0x5a,0x8f,0x5a,0x8f,0x5a,0x0d,0x4a,
0x8f,0x5a,0x8f,0x5a,0x8f,0x5a,0x8f,0x5a,0x8f,0x5a,0xaf,0x5a,0x8f,0x5a,0x8f,0x5a,0x8f,0x5a,0x8f,0x5a,0x8f,0x5a,0x8f,0x5a,
0x8f,0x5a,0x8f,0x5a,0x8f,0x5a,0x0c,0x4a,0x8f,0x52,0x8f,0x5a,0x8f,0x5a,0x8f,0x5a,0x8f,0x5a,0x8f,0x5a,0x8f,0x5a,0x8f,0x5a,
0x8f,0x5a,0x8f,0x5a,0xaf,0x5a,0x8f,0x5a,0x8f,0x5a,0x8f,0x5a,0xaf,0x5a,0x8f,0x5a,0x8f,0x5a,0x8f,0x5a,0x8f,0x5a,0x8f,0x5a,
0x8f,0x5a,0x8f,0x5a,0x8f,0x5a,0x8f,0x5a,0x8f,0x5a,0x8f,0x5a,0x8e,0x52,0x8f,0x5a,0x8f,0x5a,0x8f,0x5a,0x8f,0x5a,0x2d,0x4a,
0x8f,0x5a,0x8f,0x5a,0x8f,0x5a,0x8f,0x5a,0x8f,0x5a,0x8f,0x5a,0x8f,0x5a,0x8f,0x5a,0x8f,0x5a,0x8f,0x5a,0x8f,0x52,0x8f,0x5a,
0x8f,0x5a,0x8f,0x5a,0x8f,0x5a,0x6e,0x52,0xec,0x41,0x8f,0x5a,0x8f,0x5a,0x8f,0x5a,0x8f,0x5a,0x8f,0x5a,0x8f,0x5a,0x8f,0x5a,
0x8f,0x5a,0x8f,0x52,0x8f,0x5a,0x8f,0x5a,0x8f,0x52,0x8f,0x52,0x8f,0x52,0x8e,0x52,0x2d,0x4a,0x8f,0x5a,0x8f,0x5a,0x8f,0x5a,
0x8f,0x5a,0x8f,0x5a,0x8f,0x5a,0x8f,0x5a,0x8f,0x5a,0x8f,0x5a,0x8f,0x5a,0x8f,0x5a,0xaf,0x5a,0x8f,0x5a,0x8f,0x5a,0x8f,0x5a,
0x0c,0x42,0xaf,0x5a,0xaf,0x5a,0x8f,0x5a,0x8f,0x5a,0x8f,0x5a,0x8f,0x5a,0x8f,0x5a,0x8f,0x5a,0x8f,0x5a,0x8f,0x5a,0xaf,0x5a,
0xaf,0x5a,0xaf,0x5a,0xaf,0x5a,0x2d,0x4a,0x8f,0x5a,0xf0,0x62,0x67,0x39,0x2d,0x83,0xab,0x72,0xc8,0x49,0xec,0x7a,0xcb,0x72,
0xcb,0x7a,0xcb,0x7a,0xcb,0x7a,0xcb,0x72,0xcb,0x7a,0xcb,0x72,0xcb,0x7a,0xec,0x7a,0x8b,0x6a,0x6a,0x6a,0xec,0x7a,0xcb,0x72,
0xcb,0x7a,0xcb,0x72,0xcb,0x7a,0xcb,0x7a,0xcb,0x7a,0xcb,0x7a,0xcb,0x72,0xcb,0x72,0x87,0x41,0xcb,0x7a,0xcb,0x7a,0x87,0x39,
0x6e,0x52,0x6e,0x52,0x6e,0x52,0x6e,0x52,0x8f,0x5a,0x8f,0x5a,0x8f,0x5a,0x8f,0x5a,0x8f,0x5a,0xaf,0x5a,0xaf,0x5a,0x6e,0x52,
0x8f,0x5a,0x46,0x31,0x47,0x31,0xb7,0xa4,0xb7,0xa4,0xb7,0xa4,0xb7,0xa4,0xb7,0xa4,0xb7,0xa4,0xb7,0xa4,0xb7,0xa4,0xb7,0xa4,
0xb7,0xa4,0xd7,0xa4,0xd7,0xa4,0xd7,0xa4,0x55,0x9c,0xa8,0x41,0xf1,0x62,0xf1,0x62,0xf1,0x62,0xf1,0x62,0xf1,0x62,0xf1,0x62,
0xf1,0x62,0xf1,0x62,0xf1,0x62,0xf0,0x62,0xf1,0x62,0xf1,0x62,0xf1,0x62,0xf1,0x62,0xf1,0x62,0xf1,0x62,0xf1,0x62,0xf1,0x62,
0xf1,0x62,0xf1,0x62,0xf1,0x62,0xf1,0x62,0xf1,0x62,0xf1,0x62,0xf1,0x62,0xf1,0x62,0xf1,0x62,0xf1,0x62,0xf1,0x62,0xf1,0x62,
0xf1,0x62,0xf1,0x62,0xf1,0x62,0xf1,0x62,0xf1,0x62,0xf1,0x62,0xf1,0x62,0xf1,0x62,0xd0,0x62,0xf0,0x62,0xd0,0x62,0x4e,0x52,
0x12,0x6b,0xf1,0x62,0xf1,0x62,0xf1,0x62,0xf1,0x62,0xd1,0x62,0xf1,0x62,0xf1,0x62,0xd1,0x62,0xd0,0x62,0xd0,0x62,0xd0,0x62,
0xd0,0x62,0xd0,0x62,0xf1,0x62,0xb0,0x5a,0xf1,0x62,0xf1,0x62,0xf1,0x62,0xf1,0x62,0xf1,0x62,0xf1,0x62,0xd0,0x62,0xf1,0x62,
0xf1,0x62,0xf1,0x62,0xd1,0x62,0xf1,0x62,0xf1,0x62,0xf1,0x62,0xf1,0x62,0xf1,0x62,0x4e,0x52,0xf1,0x62,0xf1,0x62,0xf1,0x62,
0xf1,0x62,0xf1,0x62,0xd1,0x62,0xf1,0x62,0xd1,0x62,0xd1,0x62,0xf1,0x62,0xf1,0x62,0xf1,0x62,0xd1,0x62,0xf1,0x62,0xf1,0x62,
0x4d,0x4a,0xd1,0x62,0xf1,0x62,0xf1,0x62,0xf1,0x62,0xf1,0x62,0xf1,0x62,0xf1,0x62,0xf1,0x62,0xf1,0x62,0xf1,0x62,0xf1,0x62,
0xf1,0x62,0xf1,0x62,0xf1,0x62,0xf1,0x62,0x2d,0x4a,0xf1,0x62,0xd1,0x62,0xd1,0x62,0xf1,0x62,0xd1,0x62,0xd1,0x62,0xd1,0x62,
0xf1,0x62,0xf1,0x62,0xf1,0x62,0xf1,0x62,0xf1,0x62,0xf1,0x62,0xf1,0x62,0x2d,0x4a,0xd0,0x62,0xd0,0x62,0x46,0x31,0x2d,0x83,
0xcb,0x7a,0xc8,0x49,0xec,0x7a,0xcb,0x72,0xcb,0x72,0xcb,0x7a,0xcb,0x7a,0xcb,0x72,0xcb,0x72,0xcb,0x72,0xcb,0x7a,0xcb,0x7a,
0xcb,0x7a,0xcb,0x72,0xcb,0x72,0xcb,0x72,0xcb,0x72,0xcb,0x72,0xcb,0x72,0xcb,0x72,0xab,0x72,0xcb,0x72,0xcb,0x72,0xab,0x72,
0x87,0x41,0xcb,0x7a,0xcb,0x7a,0x67,0x39,0x8f,0x5a,0xb0,0x5a,0xb0,0x5a,0xaf,0x5a,0xb0,0x5a,0xb0,0x5a,0xaf,0x5a,0xaf,0x5a,
0xb0,0x5a,0xb0,0x5a,0xaf,0x5a,0x8f,0x5a,0x8f,0x5a,0x67,0x39,0x67,0x39,0x96,0xa4,0xb7,0xa4,0xb7,0xa4,0xb7,0xa4,0xb7,0xa4,
0xb7,0xa4,0xb7,0xa4,0xb7,0xa4,0xb7,0xa4,0xb7,0xa4,0xd7,0xa4,0xd7,0xa4,0xb7,0xa4,0xf4,0x93,0x87,0x39,0x12,0x6b,0x12,0x6b,
0x12,0x6b,0x12,0x6b,0x12,0x6b,0x32,0x6b,0x32,0x6b,0x12,0x6b,0x4e,0x4a,0x12,0x6b,0x12,0x6b,0x32,0x6b,0x12,0x6b,0x12,0x6b,
0x32,0x6b,0x12,0x6b,0x12,0x6b,0x32,0x6b,0x12,0x6b,0x12,0x6b,0x12,0x6b,0x32,0x6b,0x32,0x6b,0x32,0x6b,0xd0,0x62,0x12,0x6b,
0x12,0x6b,0x12,0x6b,0x12,0x6b,0x32,0x6b,0x32,0x6b,0x32,0x6b,0x32,0x6b,0x32,0x6b,0x32,0x6b,0x12,0x6b,0x12,0x6b,0x12,0x6b,
0x12,0x6b,0x12,0x6b,0x12,0x6b,0x0d,0x4a,0x12,0x6b,0x12,0x6b,0x12,0x6b,0x12,0x6b,0x12,0x6b,0x12,0x6b,0x12,0x6b,0x12,0x6b,
0x12,0x6b,0x12,0x6b,0x12,0x6b,0x12,0x6b,0xf2,0x62,0x12,0x6b,0x12,0x63,0x4e,0x52,0x53,0x73,0x32,0x6b,0x32,0x6b,0x12,0x6b,
0x12,0x6b,0x12,0x6b,0x32,0x6b,0x32,0x6b,0x32,0x6b,0x32,0x6b,0x32,0x6b,0x32,0x6b,0x32,0x6b,0x32,0x6b,0x12,0x6b,0x12,0x6b,
0x4e,0x4a,0x32,0x6b,0x12,0x6b,0x12,0x6b,0x32,0x6b,0x12,0x6b,0x12,0x6b,0x12,0x6b,0x12,0x6b,0x12,0x6b,0x12,0x6b,0x12,0x6b,
0x12,0x6b,0x12,0x6b,0x12,0x6b,0x12,0x6b,0x4d,0x52,0x12,0x6b,0x32,0x6b,0x33,0x6b,0x33,0x6b,0x33,0x6b,0x33,0x6b,0x53,0x6b,
0x33,0x73,0x33,0x6b,0x33,0x6b,0x33,0x6b,0x32,0x6b,0x33,0x6b,0x33,0x6b,0x33,0x6b,0xf1,0x62,0x11,0x6b,0x12,0x6b,0x12,0x6b,
0x12,0x6b,0x12,0x6b,0x12,0x6b,0x12,0x6b,0x12,0x6b,0x12,0x6b,0x32,0x6b,0x12,0x6b,0x32,0x6b,0x32,0x6b,0x12,0x6b,0xb0,0x5a,
0x8f,0x5a,0x53,0x73,0x67,0x39,0x2c,0x83,0xcb,0x7a,0x46,0x31,0x6a,0x62,0x8a,0x6a,0xab,0x72,0xcb,0x72,0xcb,0x72,0xab,0x72,
0xab,0x72,0xab,0x72,0xab,0x72,0xab,0x72,0xab,0x72,0xcb,0x72,0xcb,0x72,0xcb,0x72,0xcb,0x72,0xcb,0x72,0xab,0x72,0xcb,0x72,
0xab,0x72,0x8a,0x6a,0xaa,0x6a,0xcb,0x72,0x87,0x41,0xab,0x72,0xcb,0x7a,0x87,0x41,0xb0,0x5a,0xb0,0x5a,0xb0,0x5a,0xb0,0x62,
0xb0,0x5a,0xb0,0x5a,0xaf,0x5a,0xaf,0x5a,0xb0,0x5a,0xaf,0x5a,0x4d,0x52,0x8f,0x5a,0xaf,0x5a,0x67,0x39,0x47,0x31,0xf3,0x8b,
0xb6,0xa4,0xb7,0xa4,0xb7,0xa4,0xb7,0xa4,0xb7,0xa4,0xb7,0xa4,0xb7,0xa4,0xd7,0xa4,0xd7,0xa4,0xd7,0xa4,0xd7,0xa4,0x34,0x94,
0x13,0x94,0x88,0x39,0x12,0x6b,0x12,0x6b,0x12,0x6b,0x12,0x6b,0x32,0x6b,0x32,0x6b,0x32,0x6b,0x12,0x6b,0x2d,0x4a,0x12,0x6b,
0x32,0x6b,0x12,0x6b,0x12,0x6b,0x12,0x6b,0x32,0x6b,0x32,0x6b,0x32,0x6b,0x32,0x6b,0x12,0x6b,0x12,0x6b,0x32,0x6b,0x32,0x6b,
0x32,0x6b,0x32,0x6b,0x4e,0x4a,0x32,0x6b,0x32,0x6b,0x32,0x6b,0x32,0x6b,0x32,0x6b,0x32,0x6b,0x32,0x6b,0x32,0x6b,0x32,0x6b,
0x32,0x6b,0x32,0x6b,0x32,0x6b,0x12,0x6b,0x32,0x6b,0x12,0x6b,0x12,0x63,0x6e,0x52,0x32,0x6b,0x32,0x6b,0x32,0x6b,0x12,0x6b,
0x32,0x6b,0x32,0x6b,0x32,0x6b,0x32,0x6b,0x32,0x6b,0x12,0x6b,0x12,0x6b,0x12,0x6b,0x32,0x6b,0x32,0x6b,0x32,0x6b,0x6e,0x52,
0x53,0x6b,0x32,0x6b,0x32,0x6b,0x32,0x6b,0x32,0x6b,0x32,0x6b,0x33,0x6b,0x32,0x6b,0x33,0x6b,0x32,0x6b,0x32,0x6b,0x33,0x6b,
0x33,0x6b,0x32,0x6b,0x12,0x6b,0x32,0x6b,0x4e,0x4a,0x32,0x6b,0x12,0x6b,0x32,0x6b,0x32,0x6b,0x32,0x6b,0x12,0x6b,0x32,0x6b,
0x32,0x6b,0x32,0x6b,0x32,0x6b,0x32,0x6b,0x32,0x6b,0x32,0x6b,0x32,0x6b,0x12,0x6b,0xb0,0x5a,0xd1,0x62,0xd0,0x5a,0xd1,0x62,
0xd1,0x62,0xd1,0x62,0xd1,0x62,0xd1,0x62,0xd1,0x62,0xd1,0x62,0xd1,0x62,0xd1,0x62,0xd1,0x62,0xd1,0x62,0xd1,0x62,0xd1,0x62,
0xd1,0x62,0x2d,0x4a,0x12,0x63,0x12,0x6b,0x32,0x6b,0x12,0x6b,0x12,0x6b,0x32,0x6b,0x32,0x6b,0x32,0x6b,0x32,0x6b,0x32,0x6b,
0x32,0x6b,0x32,0x6b,0x12,0x6b,0x12,0x6b,0x4e,0x52,0x32,0x6b,0x87,0x39,0xab,0x72,0xcb,0x7a,0xc8,0x49,0x26,0x29,0x67,0x39,
0x67,0x39,0x47,0x39,0x67,0x39,0x67,0x39,0x67,0x39,0x47,0x39,0x67,0x31,0x67,0x39,0x67,0x39,0x67,0x39,0x67,0x39,0x66,0x39,
0x67,0x39,0x67,0x39,0x67,0x39,0x67,0x39,0x67,0x39,0x67,0x39,0x67,0x39,0x67,0x39,0xa8,0x49,0xab,0x72,0xec,0x7a,0xa8,0x41,
0xd0,0x5a,0xb0,0x5a,0xd0,0x5a,0xd0,0x5a,0xf1,0x62,0xf1,0x62,0xd0,0x62,0xd0,0x62,0xd0,0x5a,0x0d,0x4a,0xaf,0x5a,0xaf,0x5a,
0xaf,0x5a,0x8f,0x5a,0x6d,0x52,0x87,0x39,0xce,0x6a,0x76,0x9c,0xb7,0xa4,0xb7,0xa4,0xb7,0xa4,0xb7,0xa4,0xd7,0xa4,0xb7,0xa4,
0xb7,0xa4,0xb7,0xa4,0x14,0x94,0x67,0x39,0x67,0x39,0x8f,0x5a,0x8f,0x5a,0xd0,0x62,0x32,0x6b,0x32,0x6b,0x32,0x6b,0x32,0x6b,
0x32,0x6b,0x2e,0x4a,0x12,0x6b,0x12,0x6b,0x12,0x6b,0x32,0x6b,0x12,0x6b,0x32,0x6b,0x32,0x6b,0x32,0x6b,0x32,0x6b,0x33,0x6b,
0x33,0x6b,0x32,0x6b,0x32,0x6b,0x32,0x6b,0x32,0x6b,0x32,0x6b,0x2d,0x4a,0xd0,0x62,0xd0,0x62,0xd0,0x62,0xd0,0x62,0xd0,0x62,
0xd0,0x62,0xd0,0x62,0xd1,0x62,0xd1,0x62,0xd1,0x62,0xd1,0x62,0xd1,0x62,0xd1,0x62,0xd1,0x62,0xf1,0x62,0xf1,0x62,0xb0,0x5a,
0xb0,0x5a,0xb0,0x5a,0xd0,0x62,0xd0,0x62,0xd0,0x62,0xb0,0x5a,0xb0,0x5a,0xb0,0x5a,0xd0,0x62,0xd1,0x62,0xd0,0x62,0xb0,0x5a,
0xb0,0x5a,0xb0,0x5a,0xd0,0x62,0x6e,0x52,0x53,0x73,0x32,0x6b,0x32,0x6b,0x32,0x6b,0x32,0x6b,0x32,0x6b,0x33,0x6b,0x33,0x6b,
0x32,0x6b,0x33,0x6b,0x33,0x6b,0x32,0x6b,0x32,0x6b,0x32,0x6b,0x32,0x6b,0x32,0x6b,0x2d,0x4a,0x12,0x6b,0x32,0x6b,0x32,0x6b,
0x32,0x6b,0x32,0x6b,0x32,0x6b,0x32,0x6b,0x32,0x6b,0x12,0x6b,0x12,0x6b,0x12,0x6b,0x12,0x6b,0x32,0x6b,0x12,0x6b,0x32,0x6b,
0x73,0x73,0x33,0x6b,0x33,0x6b,0x32,0x6b,0x32,0x6b,0x33,0x6b,0x33,0x6b,0x32,0x6b,0x32,0x6b,0x33,0x6b,0x32,0x6b,0x12,0x6b,
0x32,0x6b,0x32,0x6b,0x32,0x6b,0x32,0x6b,0x32,0x6b,0x4e,0x52,0x32,0x6b,0x12,0x6b,0x32,0x6b,0x32,0x6b,0x32,0x6b,0x33,0x6b,
0x33,0x6b,0x32,0x6b,0x32,0x6b,0x32,0x6b,0x32,0x6b,0x12,0x6b,0x32,0x6b,0x32,0x6b,0x32,0x6b,0xec,0x41,0x4d,0x4a,0x47,0x39,
0x47,0x31,0x46,0x31,0x2d,0x4a,0x2d,0x4a,0x2d,0x4a,0x2d,0x4a,0x2d,0x4a,0x2d,0x4a,0x2d,0x4a,0x2d,0x4a,0x4d,0x4a,0x2d,0x4a,
0xeb,0x41,0x2d,0x4a,0x2d,0x4a,0x2c,0x4a,0x2c,0x4a,0x2d,0x4a,0x2d,0x4a,0x2d,0x4a,0x2d,0x4a,0x2d,0x4a,0x2c,0x4a,0x0c,0x4a,
0x46,0x31,0x67,0x39,0x67,0x39,0x4d,0x52,0x6e,0x52,0x32,0x6b,0x32,0x6b,0x32,0x6b,0x33,0x6b,0x33,0x6b,0x53,0x73,0x33,0x6b,
0x4e,0x4a,0x32,0x6b,0x12,0x6b,0xb0,0x62,0x8f,0x5a,0x4e,0x52,0x6e,0x52,0x6e,0x52,0x68,0x39,0x88,0x39,0x88,0x39,0x67,0x39,
0x88,0x39,0x88,0x39,0x88,0x39,0x88,0x39,0x88,0x39,0x88,0x39,0x47,0x31,0x6e,0x52,0x6f,0x5a,0x6e,0x5a,0x8f,0x5a,0x12,0x6b,
0x33,0x6b,0x32,0x6b,0x32,0x6b,0x32,0x6b,0x12,0x6b,0x2d,0x4a,0x12,0x6b,0x32,0x6b,0x32,0x6b,0x12,0x6b,0x12,0x6b,0x32,0x6b,
0x32,0x6b,0x32,0x6b,0x32,0x6b,0x32,0x6b,0x33,0x6b,0x33,0x6b,0x32,0x6b,0x32,0x6b,0x32,0x6b,0x6e,0x52,0x32,0x6b,0x32,0x6b,
0x33,0x6b,0x33,0x6b,0x33,0x6b,0x32,0x6b,0x32,0x6b,0x32,0x6b,0x32,0x6b,0x32,0x6b,0x32,0x6b,0x32,0x6b,0x32,0x6b,0x32,0x6b,
0x32,0x6b,0x33,0x6b,0x12,0x63,0x33,0x6b,0x32,0x6b,0x33,0x6b,0x33,0x6b,0x33,0x6b,0x33,0x6b,0x33,0x6b,0x33,0x6b,0x33,0x6b,
0x33,0x6b,0x33,0x6b,0x33,0x6b,0x33,0x6b,0x33,0x6b,0x53,0x6b,0x32,0x6b,0x2e,0x4a,0x33,0x6b,0x32,0x6b,0x32,0x6b,0x32,0x6b,
0x32,0x6b,0x33,0x6b,0x33,0x6b,0x33,0x6b,0x33,0x6b,0x33,0x6b,0x32,0x6b,0x33,0x6b,0x32,0x6b,0x32,0x6b,0x32,0x6b,0x33,0x6b,
0x4e,0x4a,0x8f,0x5a,0xb0,0x5a,0xb0,0x5a,0xd0,0x5a,0xb0,0x5a,0xb0,0x5a,0xb0,0x5a,0xb0,0x5a,0xb0,0x5a,0xb0,0x5a,0xb0,0x5a,
0xb0,0x5a,0xb0,0x5a,0xb0,0x5a,0xd1,0x62,0xb0,0x5a,0x4e,0x52,0x53,0x6b,0x33,0x6b,0x33,0x6b,0x33,0x6b,0x32,0x6b,0x32,0x6b,
0x33,0x6b,0x32,0x6b,0x33,0x6b,0x32,0x6b,0x33,0x6b,0x33,0x6b,0x33,0x6b,0x32,0x6b,0x33,0x6b,0x32,0x6b,0x4e,0x52,0x12,0x6b,
0x32,0x6b,0x33,0x6b,0x33,0x6b,0x32,0x6b,0x33,0x6b,0x32,0x6b,0x32,0x6b,0x32,0x6b,0x32,0x6b,0x32,0x6b,0x32,0x6b,0x32,0x6b,
0x32,0x6b,0x0d,0x4a,0xb0,0x5a,0x8f,0x5a,0x4e,0x52,0x8f,0x5a,0x6e,0x5a,0x4d,0x52,0x4d,0x52,0x4d,0x52,0x4d,0x52,0x4d,0x52,
0x4d,0x52,0x4d,0x52,0x4d,0x52,0x4e,0x52,0x4d,0x52,0x6e,0x52,0x4d,0x52,0x4d,0x52,0x4d,0x52,0x4e,0x52,0x4e,0x52,0x4d,0x52,
0x6e,0x52,0x8f,0x5a,0x8f,0x5a,0x8f,0x5a,0x6e,0x52,0x6e,0x52,0x6e,0x52,0x8f,0x5a,0xd0,0x62,0x32,0x6b,0x32,0x6b,0x32,0x6b,
0x33,0x6b,0x33,0x6b,0x33,0x6b,0xb0,0x5a,0x11,0x63,0x32,0x6b,0x33,0x6b,0x33,0x6b,0x12,0x6b,0x8f,0x5a,0x8f,0x5a,0x6e,0x52,
0x8e,0x52,0xaf,0x5a,0xaf,0x5a,0xaf,0x5a,0xaf,0x5a,0x0c,0x42,0x8e,0x52,0x8e,0x52,0x8e,0x5a,0x8e,0x5a,0x8e,0x5a,0x6e,0x52,
0x8e,0x52,0xd0,0x62,0x53,0x6b,0x32,0x6b,0x32,0x6b,0x32,0x6b,0x32,0x6b,0x33,0x6b,0x0d,0x4a,0x32,0x6b,0x12,0x6b,0x32,0x6b,
0x32,0x6b,0x32,0x6b,0x32,0x6b,0x12,0x6b,0x32,0x6b,0x32,0x6b,0x32,0x6b,0x32,0x6b,0x33,0x6b,0x33,0x6b,0x32,0x6b,0x33,0x6b,
0x53,0x73,0x4e,0x52,0x33,0x6b,0x33,0x6b,0x33,0x6b,0x32,0x6b,0x32,0x6b,0x32,0x6b,0x32,0x6b,0x33,0x6b,0x32,0x6b,0x33,0x6b,
0x32,0x6b,0x33,0x6b,0x32,0x6b,0x32,0x6b,0x32,0x6b,0x33,0x6b,0x4e,0x52,0x33,0x6b,0x33,0x6b,0x33,0x6b,0x33,0x6b,0x33,0x6b,
0x33,0x6b,0x33,0x6b,0x33,0x6b,0x33,0x6b,0x33,0x6b,0x33,0x6b,0x33,0x6b,0x33,0x6b,0x33,0x6b,0x33,0x6b,0x32,0x6b,0x90,0x5a,
0x32,0x6b,0x32,0x6b,0x32,0x6b,0x32,0x6b,0x32,0x6b,0x32,0x6b,0x32,0x6b,0x32,0x6b,0x33,0x6b,0x33,0x6b,0x33,0x6b,0x32,0x6b,
0x32,0x6b,0x32,0x6b,0x32,0x6b,0x32,0x6b,0xb0,0x5a,0x32,0x6b,0x33,0x6b,0x32,0x6b,0x32,0x6b,0x32,0x6b,0x33,0x6b,0x33,0x6b,
0x33,0x6b,0x33,0x6b,0x33,0x6b,0x33,0x6b,0x33,0x6b,0x33,0x6b,0x33,0x6b,0x32,0x6b,0x33,0x6b,0x0d,0x4a,0x32,0x6b,0x33,0x6b,
0x33,0x6b,0x33,0x6b,0x32,0x6b,0x32,0x6b,0x33,0x6b,0x32,0x6b,0x33,0x6b,0x33,0x6b,0x33,0x6b,0x33,0x6b,0x33,0x6b,0x32,0x6b,
0x32,0x6b,0x53,0x6b,0x12,0x6b,0x33,0x6b,0x32,0x6b,0x32,0x6b,0x32,0x6b,0x32,0x6b,0x33,0x6b,0x33,0x6b,0x33,0x6b,0x32,0x6b,
0x32,0x6b,0x32,0x6b,0x32,0x6b,0x32,0x6b,0x32,0x6b,0x53,0x6b,0x2d,0x4a,0x33,0x6b,0x33,0x6b,0x53,0x73,0x33,0x6b,0x53,0x6b,
0x33,0x6b,0x33,0x6b,0x32,0x6b,0x33,0x73,0x52,0x73,0x53,0x73,0x52,0x73,0x52,0x73,0x32,0x6b,0x2d,0x4a,0x32,0x6b,0xf1,0x62,
0xf1,0x62,0xf1,0x62,0xf1,0x62,0xf1,0x62,0xf1,0x62,0xf1,0x62,0xf1,0x62,0x12,0x6b,0x32,0x6b,0x32,0x6b,0x32,0x6b,0xf0,0x62,
0x0d,0x4a,0x32,0x6b,0x32,0x6b,0x32,0x6b,0x33,0x6b,0x53,0x6b,0x53,0x6b,0x0d,0x4a,0x32,0x6b,0x32,0x6b,0x33,0x6b,0x32,0x6b,
0x32,0x6b,0x6e,0x52,0x6e,0x52,0x4e,0x52,0x4e,0x52,0x6e,0x52,0x8f,0x52,0x6e,0x52,0xaf,0x5a,0x2d,0x4a,0x6e,0x52,0x6e,0x52,
0x6e,0x52,0x6e,0x52,0x6e,0x52,0x6e,0x52,0x6e,0x52,0x33,0x6b,0x33,0x6b,0x32,0x6b,0x32,0x6b,0x32,0x6b,0x33,0x6b,0x33,0x6b,
0x0d,0x4a,0x12,0x6b,0x32,0x6b,0x32,0x6b,0x32,0x6b,0x32,0x6b,0x32,0x6b,0x32,0x6b,0x32,0x6b,0x33,0x6b,0x33,0x6b,0x33,0x6b,
0x32,0x6b,0x32,0x6b,0x33,0x6b,0x32,0x6b,0x53,0x6b,0x32,0x6b,0x32,0x6b,0x32,0x6b,0x33,0x6b,0x32,0x6b,0x32,0x6b,0x32,0x6b,
0x32,0x6b,0x33,0x6b,0x32,0x6b,0x32,0x6b,0x32,0x6b,0x32,0x6b,0x32,0x6b,0x33,0x6b,0x53,0x6b,0x32,0x6b,0x4d,0x4a,0x12,0x6b,
0x33,0x6b,0x53,0x6b,0x33,0x6b,0x33,0x6b,0x33,0x6b,0x33,0x6b,0x33,0x6b,0x33,0x6b,0x33,0x6b,0x33,0x6b,0x33,0x6b,0x32,0x6b,
0x32,0x6b,0x32,0x6b,0x33,0x6b,0x8f,0x5a,0x32,0x6b,0x33,0x6b,0x33,0x6b,0x12,0x6b,0x12,0x6b,0x32,0x6b,0x32,0x6b,0x32,0x6b,
0x33,0x6b,0x32,0x6b,0x33,0x6b,0x33,0x6b,0x32,0x6b,0x32,0x6b,0x32,0x6b,0x12,0x6b,0x12,0x6b,0x53,0x6b,0x32,0x6b,0x33,0x6b,
0x33,0x6b,0x33,0x6b,0x32,0x6b,0x33,0x6b,0x33,0x6b,0x32,0x6b,0x33,0x6b,0x33,0x6b,0x32,0x6b,0x32,0x6b,0x33,0x6b,0x33,0x6b,
0x32,0x6b,0x0d,0x4a,0x32,0x6b,0x32,0x6b,0x32,0x6b,0x32,0x6b,0x32,0x6b,0x33,0x6b,0x33,0x6b,0x33,0x6b,0x33,0x6b,0x33,0x6b,
0x33,0x6b,0x33,0x6b,0x33,0x73,0x33,0x6b,0x33,0x6b,0x33,0x6b,0x52,0x6b,0x32,0x6b,0x32,0x6b,0x32,0x6b,0x32,0x6b,0x32,0x6b,
0x33,0x6b,0x33,0x6b,0x33,0x6b,0x32,0x6b,0x32,0x6b,0x32,0x6b,0x32,0x6b,0x32,0x6b,0x32,0x6b,0x53,0x6b,0x2d,0x4a,0x53,0x73,
0x33,0x6b,0x32,0x6b,0x12,0x6b,0x32,0x6b,0x32,0x6b,0x32,0x6b,0x32,0x6b,0x32,0x6b,0x32,0x6b,0x32,0x6b,0x32,0x6b,0x32,0x6b,
0x12,0x6b,0x2d,0x4a,0xf1,0x62,0xf0,0x62,0xf1,0x62,0xf1,0x62,0xf1,0x62,0xf1,0x62,0xf1,0x62,0xd1,0x62,0xf1,0x62,0x12,0x6b,
0x12,0x6b,0x32,0x6b,0x12,0x6b,0x12,0x6b,0x2d,0x4a,0x32,0x6b,0x33,0x6b,0x33,0x6b,0xf1,0x62,0xf1,0x62,0x2d,0x4a,0xb0,0x5a,
0xb0,0x5a,0xb0,0x5a,0xb0,0x5a,0xb0,0x5a,0xb0,0x5a,0xb0,0x5a,0xb0,0x5a,0xb0,0x5a,0xb0,0x5a,0xb0,0x5a,0xb0,0x5a,0xd1,0x62,
0x0d,0x4a,0x33,0x6b,0x32,0x6b,0x32,0x6b,0x32,0x6b,0x32,0x6b,0x32,0x6b,0x32,0x6b,0x32,0x6b,0x32,0x6b,0x32,0x6b,0x32,0x6b,
0x33,0x6b,0x33,0x6b,0x33,0x6b,0x33,0x6b,0x6e,0x52,0x32,0x6b,0x32,0x6b,0x32,0x6b,0x32,0x6b,0x32,0x6b,0x32,0x6b,0x32,0x6b,
0x32,0x6b,0x32,0x6b,0x32,0x6b,0x32,0x6b,0x32,0x6b,0x32,0x6b,0x32,0x6b,0x32,0x6b,0x2d,0x4a,0x33,0x6b,0x32,0x6b,0x32,0x6b,
0x33,0x6b,0x32,0x6b,0x32,0x6b,0x32,0x6b,0x33,0x6b,0x52,0x6b,0x33,0x6b,0x32,0x6b,0x32,0x6b,0x32,0x6b,0x32,0x6b,0x32,0x6b,
0x32,0x6b,0x6e,0x52,0x6f,0x52,0x32,0x6b,0x33,0x6b,0x53,0x6b,0x33,0x6b,0x33,0x6b,0x33,0x6b,0x33,0x6b,0x33,0x6b,0x32,0x6b,
0x32,0x6b,0x33,0x6b,0x33,0x6b,0x33,0x6b,0x32,0x6b,0x32,0x6b,0x53,0x73,0xb0,0x5a,0x33,0x6b,0x32,0x6b,0x32,0x6b,0x32,0x6b,
0x32,0x6b,0x32,0x6b,0x32,0x6b,0x32,0x6b,0x32,0x6b,0x32,0x6b,0x33,0x6b,0x32,0x6b,0x32,0x6b,0x32,0x6b,0x32,0x6b,0x32,0x6b,
0x33,0x6b,0xd1,0x62,0x32,0x6b,0x33,0x6b,0x33,0x6b,0x33,0x6b,0x32,0x6b,0x33,0x6b,0x33,0x6b,0x33,0x6b,0x33,0x6b,0x53,0x6b,
0x32,0x6b,0x32,0x6b,0x33,0x6b,0x32,0x6b,0x32,0x6b,0x4e,0x52,0x12,0x63,0x12,0x6b,0x32,0x6b,0x32,0x6b,0x33,0x6b,0x33,0x6b,
0x33,0x6b,0x33,0x6b,0x33,0x6b,0x33,0x6b,0x53,0x6b,0x33,0x6b,0x32,0x6b,0x53,0x6b,0x33,0x6b,0x33,0x6b,0x33,0x6b,0x4e,0x52,
0x32,0x6b,0x32,0x6b,0x33,0x6b,0x33,0x6b,0x53,0x6b,0x53,0x6b,0x33,0x6b,0x32,0x6b,0x32,0x6b,0x32,0x6b,0x32,0x6b,0x32,0x6b,
0x32,0x6b,0x32,0x6b,0x32,0x6b,0x4d,0x52,0x32,0x6b,0x32,0x6b,0x32,0x6b,0x32,0x6b,0x32,0x6b,0x33,0x6b,0x32,0x6b,0x32,0x6b,
0x32,0x6b,0x32,0x6b,0x32,0x6b,0x32,0x6b,0x32,0x6b,0x32,0x6b,0x2d,0x4a,0x32,0x6b,0x33,0x6b,0x32,0x6b,0x32,0x6b,0x32,0x6b,
0x32,0x6b,0x32,0x6b,0x32,0x6b,0x32,0x6b,0x32,0x6b,0x32,0x6b,0x32,0x6b,0x32,0x6b,0x32,0x6b,0x12,0x6b,0x53,0x73,0x53,0x73,
0x53,0x6b,0x12,0x6b,0x4e,0x52,0x53,0x6b,0x33,0x6b,0x33,0x6b,0x33,0x6b,0x33,0x6b,0x33,0x6b,0x33,0x6b,0x33,0x6b,0x32,0x6b,
0x32,0x6b,0x32,0x6b,0x32,0x6b,0x4d,0x52,0x32,0x6b,0x53,0x6b,0x53,0x6b,0x53,0x6b,0x53,0x6b,0x33,0x73,0x53,0x6b,0x33,0x6b,
0x32,0x6b,0x32,0x6b,0x32,0x6b,0x32,0x6b,0x33,0x6b,0x33,0x6b,0x53,0x73,0x4d,0x4a,0x32,0x6b,0x32,0x6b,0x32,0x6b,0x33,0x6b,
0x33,0x6b,0x33,0x6b,0x33,0x6b,0x33,0x6b,0x33,0x6b,0x32,0x6b,0x33,0x6b,0x32,0x6b,0x32,0x6b,0x32,0x6b,0x32,0x6b,0x53,0x73,
0x4e,0x52,0x33,0x6b,0x53,0x6b,0x53,0x6b,0x53,0x73,0x33,0x6b,0x33,0x6b,0x33,0x6b,0x53,0x73,0x33,0x6b,0x53,0x73,0x53,0x6b,
0x33,0x6b,0x32,0x6b,0x32,0x6b,0x32,0x6b,0x32,0x6b,0x2d,0x4a,0x32,0x6b,0x32,0x6b,0x32,0x6b,0x33,0x6b,0x32,0x6b,0x33,0x6b,
0x33,0x6b,0x33,0x6b,0x33,0x6b,0x33,0x6b,0x32,0x6b,0x33,0x6b,0x32,0x6b,0x32,0x6b,0x33,0x6b,0x33,0x6b,0x53,0x73,0x8f,0x5a,
0xf1,0x62,0xf1,0x62,0xf1,0x62,0xf1,0x62,0xf1,0x6a,0xf1,0x62,0xf1,0x62,0xf1,0x62,0xf1,0x62,0xf1,0x62,0xf1,0x62,0xf1,0x62,
0xf1,0x62,0xf1,0x62,0xf1,0x62,0xf1,0x62,0xf1,0x62,0xf1,0x62,0x33,0x6b,0x32,0x6b,0x33,0x6b,0x32,0x6b,0x32,0x6b,0x33,0x6b,
0x32,0x6b,0x32,0x6b,0x32,0x6b,0x33,0x6b,0x33,0x6b,0x32,0x6b,0x32,0x6b,0x32,0x6b,0x32,0x6b,0x53,0x6b,0x4d,0x4a,0x32,0x6b,
0x32,0x6b,0x32,0x6b,0x33,0x6b,0x32,0x6b,0x32,0x6b,0x33,0x6b,0x32,0x6b,0x53,0x6b,0x33,0x6b,0x33,0x6b,0x33,0x6b,0x33,0x6b,
0x53,0x6b,0x33,0x6b,0x32,0x6b,0xf1,0x62,0x53,0x73,0x33,0x6b,0x32,0x6b,0x33,0x6b,0x53,0x6b,0x53,0x6b,0x53,0x6b,0x32,0x6b,
0x33,0x6b,0x32,0x6b,0x32,0x6b,0x32,0x6b,0x32,0x6b,0x52,0x73,0x53,0x73,0x2d,0x4a,0x32,0x6b,0x32,0x6b,0x32,0x6b,0x32,0x6b,
0x32,0x6b,0x32,0x6b,0x33,0x6b,0x33,0x6b,0x32,0x6b,0x33,0x6b,0x32,0x6b,0x33,0x6b,0x32,0x6b,0x33,0x6b,0x32,0x6b,0x4e,0x52,
0x32,0x6b,0x32,0x6b,0x32,0x6b,0x32,0x6b,0x52,0x6b,0x52,0x6b,0x33,0x6b,0x32,0x6b,0x33,0x6b,0x32,0x6b,0x32,0x6b,0x33,0x6b,
0x53,0x6b,0x6e,0x52,0x33,0x73,0x33,0x73,0x53,0x73,0x4e,0x52,0x33,0x6b,0x53,0x6b,0x53,0x73,0x53,0x73,0x53,0x73,0x53,0x73,
0x53,0x6b,0x33,0x6b,0x53,0x6b,0x53,0x6b,0x53,0x73,0x53,0x6b,0x53,0x73,0x11,0x6b,0x33,0x6b,0x33,0x73,0x53,0x73,0x53,0x73,
0x53,0x73,0x53,0x6b,0x53,0x6b,0x53,0x73,0x53,0x6b,0x53,0x6b,0x53,0x6b,0x53,0x73,0x53,0x6b,0x53,0x6b,0x73,0x73,0x32,0x6b,
0x32,0x6b,0x33,0x6b,0x32,0x6b,0x53,0x6b,0x33,0x6b,0x33,0x6b,0x53,0x6b,0x53,0x6b,0x53,0x6b,0x53,0x6b,0x53,0x6b,0x33,0x6b,
0x33,0x6b,0x33,0x73,0x32,0x6b,0x2d,0x4a,0x53,0x73,0x32,0x6b,0x53,0x6b,0x33,0x6b,0x53,0x6b,0x53,0x6b,0x33,0x6b,0x33,0x73,
0x53,0x73,0x52,0x6b,0x32,0x6b,0x32,0x6b,0x33,0x73,0x32,0x6b,0x32,0x6b,0x33,0x6b,0x53,0x73,0x4e,0x4a,0x33,0x6b,0x33,0x6b,
0x32,0x6b,0x32,0x6b,0x32,0x6b,0x32,0x6b,0x32,0x6b,0x33,0x6b,0x33,0x73,0x53,0x6b,0x33,0x6b,0x32,0x6b,0x32,0x6b,0x32,0x6b,
0x52,0x6b,0x53,0x73,0x32,0x6b,0x8f,0x5a,0x32,0x6b,0x32,0x6b,0x53,0x6b,0x33,0x6b,0x32,0x6b,0x32,0x6b,0x33,0x6b,0x32,0x6b,
0x33,0x6b,0x53,0x6b,0x32,0x6b,0x32,0x6b,0x53,0x6b,0x53,0x6b,0x33,0x6b,0x32,0x6b,0x12,0x6b,0xd0,0x5a,0x33,0x6b,0x32,0x6b,
0x32,0x6b,0x32,0x6b,0x32,0x6b,0x32,0x6b,0x33,0x6b,0x52,0x6b,0x33,0x6b,0x33,0x6b,0x32,0x6b,0x33,0x6b,0x32,0x6b,0x32,0x6b,
0x33,0x6b,0x32,0x6b,0x4e,0x52,0x32,0x6b,0x32,0x6b,0x32,0x6b,0x33,0x6b,0x32,0x6b,0x33,0x6b,0x33,0x6b,0x33,0x6b,0x33,0x6b,
0x32,0x6b,0x33,0x6b,0x53,0x6b,0x53,0x6b,0x53,0x6b,0x53,0x73,0x32,0x6b,0x53,0x6b,0x2d,0x4a,0x8f,0x5a,0x8f,0x5a,0x8f,0x5a,
0x8f,0x5a,0x8f,0x5a,0x8f,0x5a,0x90,0x5a,0x90,0x5a,0x8f,0x5a,0x8f,0x5a,0x8f,0x5a,0x90,0x5a,0x8f,0x5a,0x8f,0x5a,0x90,0x5a,
0x2e,0x52,0x53,0x6b,0x33,0x6b,0x32,0x6b,0x53,0x6b,0x53,0x6b,0x53,0x73,0x53,0x6b,0x33,0x6b,0x33,0x6b,0x33,0x6b,0x32,0x6b,
0x53,0x6b,0x53,0x73,0x53,0x73,0x11,0x6b,0x8f,0x5a,0x90,0x5a,0xb0,0x5a,0xb0,0x5a,0xb0,0x5a,0x90,0x5a,0x90,0x5a,0x8f,0x5a,
0x8f,0x5a,0x8f,0x5a,0x90,0x5a,0xb0,0x5a,0xb0,0x5a,0xb0,0x5a,0x2d,0x4a,0x52,0x6b,0x73,0x73,0xaf,0x5a,0x53,0x73,0x53,0x6b,
0x53,0x73,0x53,0x73,0x53,0x73,0x53,0x73,0x53,0x6b,0x53,0x73,0x53,0x73,0x53,0x73,0x53,0x73,0x73,0x73,0xaf,0x5a,0x53,0x6b,
0x33,0x6b,0x53,0x73,0x53,0x73,0x33,0x73,0x53,0x73,0x53,0x73,0x53,0x73,0x53,0x73,0x53,0x73,0x53,0x73,0x53,0x6b,0x53,0x73,
0x53,0x73,0x53,0x6b,0x8f,0x5a,0x53,0x73,0x32,0x6b,0x32,0x6b,0x32,0x6b,0x32,0x6b,0x33,0x6b,0x33,0x6b,0x33,0x6b,0x32,0x6b,
0x32,0x6b,0x53,0x6b,0x53,0x6b,0x32,0x6b,0x32,0x6b,0x33,0x6b,0x32,0x6b,0x2d,0x4a,0x32,0x6b,0x33,0x6b,0x32,0x6b,0x33,0x6b,
0x53,0x6b,0x33,0x6b,0x32,0x6b,0x33,0x6b,0x33,0x73,0x33,0x73,0x32,0x6b,0x32,0x6b,0x33,0x73,0x33,0x6b,0x32,0x6b,0x32,0x6b,
0x53,0x73,0x4e,0x52,0x32,0x6b,0x33,0x6b,0x33,0x6b,0x32,0x6b,0x32,0x6b,0x32,0x6b,0x32,0x6b,0x33,0x6b,0x33,0x73,0x32,0x6b,
0x32,0x6b,0x52,0x6b,0x33,0x6b,0x32,0x6b,0x32,0x6b,0x32,0x6b,0x53,0x6b,0xd0,0x5a,0x53,0x6b,0x53,0x6b,0x53,0x6b,0x32,0x6b,
0x32,0x6b,0x32,0x6b,0x52,0x6b,0x32,0x6b,0x32,0x6b,0x53,0x6b,0x53,0x6b,0x53,0x6b,0x33,0x6b,0x33,0x6b,0x53,0x6b,0x33,0x6b,
0x32,0x6b,0xf1,0x62,0x32,0x6b,0x53,0x6b,0x52,0x6b,0x32,0x6b,0x52,0x6b,0x32,0x6b,0x53,0x6b,0x32,0x6b,0x32,0x6b,0x32,0x6b,
0x32,0x6b,0x32,0x6b,0x32,0x6b,0x33,0x6b,0x33,0x6b,0x32,0x6b,0x4e,0x52,0x32,0x6b,0x33,0x6b,0x33,0x6b,0x33,0x6b,0x53,0x6b,
0x33,0x6b,0x53,0x6b,0x32,0x6b,0x32,0x6b,0x32,0x6b,0x53,0x73,0x33,0x73,0x33,0x73,0x52,0x73,0x33,0x6b,0x32,0x6b,0x33,0x6b,
0x4e,0x52,0xd1,0x62,0x11,0x6b,0x11,0x6b,0xf1,0x62,0xf1,0x62,0xf1,0x62,0xf1,0x6a,0x11,0x6b,0x11,0x63,0xf1,0x62,0xf1,0x62,
0xf1,0x62,0xf1,0x62,0xf1,0x62,0xf1,0x62,0x8f,0x52,0x12,0x6b,0x32,0x6b,0x32,0x6b,0x32,0x6b,0x33,0x6b,0x32,0x6b,0x32,0x6b,
0x32,0x6b,0x32,0x6b,0x32,0x6b,0x32,0x6b,0x32,0x6b,0x32,0x6b,0x33,0x6b,0x32,0x6b,0x4e,0x52,0xf1,0x62,0xf1,0x6a,0x11,0x6b,
0xf1,0x62,0xf1,0x62,0xf1,0x62,0x11,0x6b,0xf1,0x62,0xf1,0x62,0xf1,0x62,0xf1,0x62,0xf1,0x62,0xf1,0x62,0xb0,0x62,0x6f,0x52,
0x2e,0x52,0x53,0x6b,0x53,0x6b,0x53,0x73,0x53,0x73,0x53,0x73,0x53,0x73,0x53,0x73,0x53,0x73,0x53,0x73,0x53,0x73,0x53,0x73,
0x53,0x73,0x73,0x73,0x0d,0x4a,0x53,0x73,0x33,0x6b,0x33,0x6b,0x33,0x73,0x53,0x73,0x53,0x73,0x53,0x73,0x53,0x73,0x53,0x73,
0x53,0x73,0x53,0x73,0x53,0x73,0x53,0x73,0x53,0x73,0x53,0x73,0x2d,0x4a,0x53,0x6b,0x53,0x73,0x53,0x6b,0x53,0x6b,0x32,0x6b,
0x53,0x6b,0x53,0x73,0x53,0x73,0x53,0x6b,0x53,0x73,0x53,0x6b,0x53,0x73,0x53,0x73,0x32,0x73,0x53,0x73,0xf1,0x62,0x12,0x6b,
0x33,0x6b,0x32,0x6b,0x33,0x6b,0x32,0x6b,0x32,0x6b,0x33,0x6b,0x33,0x73,0x33,0x6b,0x33,0x6b,0x32,0x6b,0x32,0x6b,0x32,0x6b,
0x32,0x6b,0x32,0x6b,0x32,0x6b,0x33,0x6b,0x52,0x73,0xd0,0x62,0x33,0x6b,0x32,0x73,0x32,0x73,0x32,0x73,0x32,0x73,0x32,0x73,
0x32,0x73,0x32,0x73,0x33,0x73,0x32,0x33,0x32,0x33,0x32,0x33,0x32,0x33,0x32,0x33,0x32,0x33,0x32,0x33,0x32,0x33,0x32,0x33,
0x32,0x33,0x32,0x33,0x12,0x33,0x12,0x33,0x32,0x33,0x12,0x33,0x32,0x33,0x32,0x33,0x32,0x33,0x12,0x33,0x12,0x33,0x32,0x33,
0x32,0x33,0x32,0x33,0x32,0x33,0x32,0x33,0x32,0x33,0x32,0x33,0x32,0x33,0x12,0x33,0x12,0x33,0x12,0x33,0x12,0x33,0x32,0x33,
0x32,0x33,0x52,0x73,0x33,0x73,0x32,0x73,0x32,0x73,0x32,0x73,0x33,0x73,0x32,0x6b,0x33,0x6b,0x53,0x73,0x53,0x73,0xb0,0x62,
0x33,0x6b,0x53,0x73,0x33,0x6b,0x33,0x6b,0x53,0x73,0x53,0x73,0x33,0x6b,0x33,0x6b,0x32,0x6b,0x32,0x6b,0x53,0x73,0x52,0x73,
0x32,0x73,0x32,0x6b,0x32,0x6b,0x32,0x6b,0xb0,0x5a,0x53,0x73,0x53,0x73,0x53,0x73,0x53,0x73,0x53,0x73,0x53,0x6b,0x53,0x73,
0x53,0x73,0x53,0x73,0x53,0x73,0x53,0x6b,0x53,0x6b,0x32,0x6b,0x52,0x6b,0x53,0x73,0x73,0x73,0x4e,0x52,0x53,0x73,0x53,0x73,
0x53,0x73,0x32,0x73,0x33,0x73,0x53,0x73,0x33,0x73,0x52,0x73,0x53,0x73,0x53,0x73,0x53,0x73,0x53,0x73,0x53,0x73,0x53,0x73,
0x2d,0x4a,0x53,0x73,0x33,0x6b,0x33,0x6b,0x53,0x6b,0x53,0x73,0x53,0x73,0x53,0x73,0x33,0x6b,0x33,0x6b,0x32,0x6b,0x53,0x73,
0x53,0x73,0x53,0x6b,0x53,0x73,0x0d,0x4a,0x53,0x73,0x53,0x6b,0x33,0x6b,0x53,0x6b,0x33,0x6b,0x53,0x73,0x53,0x73,0x53,0x73,
0x53,0x73,0x53,0x73,0x53,0x73,0x53,0x73,0x53,0x73,0x4d,0x52,0x53,0x73,0x53,0x73,0x53,0x73,0x53,0x73,0x53,0x73,0x53,0x73,
0x53,0x73,0x53,0x73,0x53,0x73,0x53,0x73,0x53,0x73,0x53,0x73,0x53,0x73,0x53,0x73,0x53,0x73,0x12,0x6b,0xb0,0x5a,0x6f,0x5a,
0x8f,0x5a,0x8f,0x5a,0x8f,0x5a,0x8f,0x5a,0xb0,0x5a,0xb0,0x5a,0x8f,0x5a,0x8f,0x5a,0x8f,0x5a,0x8f,0x5a,0x8f,0x5a,0x8f,0x5a,
0xaf,0x5a,0x8f,0x5a,0x2d,0x4a,0x32,0x6b,0x33,0x6b,0x33,0x6b,0x33,0x6b,0x32,0x6b,0x32,0x6b,0x32,0x6b,0x32,0x6b,0x32,0x6b,
0x33,0x6b,0x32,0x6b,0x32,0x6b,0x33,0x6b,0x32,0x6b,0x32,0x6b,0x32,0x6b,0x52,0x6b,0x32,0x33,0x12,0x33,0x12,0x33,0x32,0x33,
0x32,0x33,0x32,0x33,0x32,0x33,0x32,0x33,0x32,0x33,0x32,0x33,0x32,0x33,0xf4,0x43,0xd4,0x43,0xd4,0x43,0xd4,0x43,0xd4,0x43,
0xd4,0x43,0xf4,0x43,0xf4,0x43,0xf4,0x43,0xd4,0x43,0xf4,0x43,0xf5,0x43,0xf5,0x43,0xf5,0x43,0xd4,0x43,0xf4,0x43,0xf4,0x43,
0xf4,0x43,0xf4,0x43,0xf4,0x43,0xd4,0x43,0xd4,0x43,0xf4,0x43,0xf4,0x43,0xd4,0x43,0xd4,0x43,0xd4,0x43,0xf4,0x43,0xd4,0x43,
0xd4,0x43,0xf4,0x43,0xf5,0x43,0xf4,0x43,0xf4,0x4b,0x12,0x33,0x32,0x33,0x32,0x33,0x32,0x33,0x12,0x33,0x32,0x33,0x32,0x33,
0x32,0x33,0x32,0x33,0x11,0x33,0x12,0x33,0x33,0x73,0x33,0x6b,0x53,0x6b,0x33,0x6b,0x33,0x6b,0x33,0x6b,0x53,0x6b,0x33,0x6b,
0x32,0x6b,0x32,0x73,0x32,0x6b,0x32,0x73,0x32,0x6b,0x32,0x6b,0x33,0x73,0x32,0x6b,0x53,0x73,0x6e,0x52,0x53,0x73,0x53,0x73,
0x53,0x73,0x53,0x73,0x53,0x73,0x53,0x73,0x53,0x73,0x53,0x73,0x53,0x73,0x53,0x73,0x53,0x6b,0x53,0x6b,0x53,0x6b,0x53,0x73,
0x53,0x73,0x4e,0x52,0x53,0x73,0x32,0x6b,0x33,0x6b,0x33,0x6b,0x53,0x73,0x53,0x73,0x53,0x73,0x33,0x73,0x33,0x73,0x53,0x73,
0x53,0x73,0x53,0x73,0x53,0x73,0x53,0x73,0x53,0x73,0x6e,0x52,0x53,0x73,0x53,0x73,0x53,0x73,0x53,0x73,0x53,0x73,0x53,0x73,
0x53,0x73,0x52,0x73,0x53,0x73,0x53,0x73,0x53,0x6b,0x53,0x73,0x53,0x73,0x53,0x73,0x53,0x73,0x53,0x73,0x53,0x73,0x53,0x73,
0x53,0x73,0x53,0x73,0x53,0x73,0x53,0x73,0x53,0x73,0x53,0x73,0x53,0x73,0x53,0x73,0x53,0x73,0x53,0x73,0x53,0x73,0x53,0x73,
0x53,0x73,0x53,0x73,0x53,0x73,0x53,0x73,0x53,0x73,0x53,0x73,0x53,0x73,0x53,0x73,0x53,0x73,0x53,0x73,0x53,0x73,0x53,0x73,
0x53,0x73,0x2d,0x4a,0x73,0x73,0x53,0x73,0x53,0x73,0x53,0x73,0x53,0x73,0x53,0x73,0x53,0x73,0x53,0x73,0x53,0x73,0x53,0x73,
0x53,0x73,0x53,0x73,0x53,0x73,0x53,0x73,0x33,0x6b,0x32,0x6b,0x2d,0x4a,0x53,0x6b,0x53,0x73,0x52,0x6b,0x32,0x6b,0x32,0x6b,
0x32,0x6b,0x32,0x6b,0x32,0x6b,0x32,0x6b,0x32,0x33,0x32,0x33,0x52,0x33,0x52,0x33,0x52,0x33,0x52,0x33,0x32,0x33,0x32,0x3b,
0xd4,0x43,0xd4,0x43,0xd4,0x43,0xd4,0x43,0xf4,0x43,0xd4,0x43,0xd4,0x43,0xd4,0x43,0xf4,0x43,0xf4,0x43,0xf4,0x43,0xf4,0x43,
0xf4,0x43,0xf4,0x43,0xf4,0x43,0xf4,0x43,0xf4,0x43,0xd4,0x43,0xd4,0x43,0xf4,0x43,0xf4,0x43,0xd4,0x43,0xf4,0x43,0xf4,0x43,
0xd4,0x43,0xf4,0x43,0xf4,0x43,0xf4,0x43,0xd4,0x43,0xf4,0x43,0xf4,0x43,0xf4,0x43,0xd4,0x43,0xf4,0x43,0xf4,0x43,0xf4,0x43,
0xf4,0x43,0xd4,0x43,0xd4,0x43,0xf4,0x43,0xf4,0x43,0xf4,0x43,0xf4,0x43,0xf4,0x43,0xf5,0x4b,0xf4,0x4b,0xf4,0x43,0xf4,0x43,
0xf4,0x43,0xf4,0x43,0xf4,0x43,0xf4,0x43,0xd4,0x43,0xf4,0x43,0xf4,0x43,0xd4,0x43,0x73,0x3b,0x52,0x33,0x53,0x3b,0x52,0x33,
0x53,0x33,0x53,0x33,0x53,0x3b,0x53,0x3b,0x32,0x6b,0x32,0x6b,0x32,0x6b,0x32,0x6b,0x32,0x73,0x32,0x73,0x32,0x73,0x53,0x73,
0x53,0x73,0x6e,0x52,0x53,0x73,0x53,0x73,0x53,0x73,0x53,0x73,0x53,0x73,0x53,0x73,0x53,0x73,0x53,0x73,0x53,0x73,0x53,0x73,
0x53,0x73,0x53,0x73,0x52,0x73,0x53,0x73,0x53,0x73,0x73,0x73,0x4e,0x52,0x32,0x6b,0x53,0x73,0x53,0x73,0x53,0x73,0x53,0x73,
0x53,0x73,0x53,0x73,0x53,0x73,0x53,0x73,0x53,0x73,0x53,0x73,0x53,0x73,0x53,0x73,0x53,0x73,0x73,0x73,0x8f,0x5a,0x53,0x73,
0x53,0x73,0x53,0x73,0x53,0x73,0x53,0x73,0x53,0x73,0x53,0x73,0x53,0x73,0x53,0x73,0x53,0x73,0x53,0x73,0x53,0x73,0x53,0x73,
0x33,0x6b,0x53,0x73,0x53,0x73,0x53,0x73,0x53,0x73,0x53,0x73,0x53,0x73,0x53,0x73,0x53,0x73,0x53,0x73,0x53,0x73,0x53,0x73,
0x4e,0x52,0x53,0x73,0x53,0x73,0x53,0x73,0x53,0x73,0x53,0x73,0x53,0x73,0x53,0x73,0x53,0x73,0x53,0x73,0x53,0x73,0x53,0x73,
0x53,0x73,0x53,0x73,0x53,0x73,0x53,0x73,0x4e,0x52,0x33,0x6b,0x53,0x73,0x53,0x73,0x53,0x73,0x53,0x73,0x53,0x73,0x53,0x73,
0x53,0x73,0x53,0x73,0x53,0x73,0x53,0x73,0x53,0x73,0x53,0x73,0x53,0x73,0x53,0x73,0x53,0x73,0x4e,0x52,0x53,0x6b,0x32,0x6b,
0x53,0x73,0x33,0x73,0x32,0x6b,0x53,0x73,0x32,0x33,0x12,0x33,0x12,0x33,0x32,0x33,0xd4,0x43,0xf4,0x43,0xf4,0x43,0xd4,0x43,
0xd4,0x43,0xf4,0x43,0xd4,0x43,0xd4,0x43,0xd4,0x43,0xd4,0x43,0xf4,0x43,0xd4,0x43,0xd4,0x43,0xd4,0x43,0xf4,0x43,0xd4,0x43,
0xd4,0x43,0xd4,0x43,0xf4,0x43,0xf4,0x43,0xf4,0x43,0xd4,0x43,0xd4,0x43,0xf4,0x43,0xf4,0x43,0xf5,0x4b,0xf4,0x43,0xf4,0x4b,
0xf4,0x43,0xd4,0x43,0xf4,0x43,0xd4,0x43,0xd4,0x43,0xd4,0x43,0xd4,0x43,0xd4,0x43,0xf4,0x4b,0xf4,0x43,0xf4,0x43,0xf5,0x4b,
0xf5,0x4b,0xf4,0x4b,0xf4,0x4b,0xf4,0x43,0xf4,0x43,0xd4,0x43,0xf4,0x43,0xf4,0x43,0xf4,0x43,0xf4,0x43,0xd4,0x43,0xd4,0x43,
0xf4,0x4b,0xd4,0x43,0xf4,0x43,0xf4,0x43,0xf4,0x43,0xf5,0x43,0xf4,0x43,0xf4,0x43,0xd4,0x43,0xf4,0x43,0xf4,0x43,0xd4,0x43,
0xd4,0x43,0xf5,0x4b,0xf5,0x4b,0xf4,0x43,0xf5,0x4b,0xf5,0x4b,0xf4,0x43,0xd4,0x43,0x52,0x3b,0x32,0x33,0x32,0x33,0x32,0x3b,
0x33,0x73,0x52,0x73,0x53,0x73,0x53,0x73,0x53,0x73,0x32,0x6b,0x2d,0x4a,0x53,0x73,0x53,0x73,0x53,0x73,0x53,0x73,0x53,0x73,
0x53,0x73,0x53,0x73,0x53,0x73,0x53,0x73,0x53,0x73,0x53,0x73,0x53,0x73,0x53,0x73,0x53,0x73,0x53,0x73,0x2d,0x4a,0x53,0x73,
0x53,0x73,0x53,0x73,0x53,0x73,0x53,0x73,0x53,0x73,0x53,0x73,0x53,0x73,0x53,0x73,0x53,0x73,0x53,0x73,0x53,0x73,0x53,0x73,
0x53,0x73,0x53,0x73,0x2d,0x4a,0x33,0x73,0x53,0x73,0x53,0x73,0x53,0x73,0x53,0x73,0x53,0x73,0x53,0x73,0x53,0x73,0x53,0x73,
0x53,0x73,0x53,0x73,0x53,0x73,0x53,0x73,0x53,0x73,0x53,0x73,0x53,0x73,0x53,0x73,0x53,0x73,0x53,0x73,0x53,0x73,0x53,0x73,
0x53,0x73,0x53,0x73,0x53,0x73,0x4e,0x52,0x53,0x73,0x53,0x73,0x52,0x73,0x53,0x73,0x53,0x73,0x53,0x73,0x53,0x73,0x53,0x73,
0x53,0x73,0x53,0x73,0x53,0x73,0x53,0x73,0x73,0x73,0x53,0x73,0x53,0x73,0x53,0x73,0x2d,0x52,0x53,0x73,0x53,0x73,0x53,0x73,
0x53,0x73,0x53,0x73,0x53,0x73,0x53,0x73,0x53,0x73,0x53,0x73,0x53,0x73,0x53,0x73,0x53,0x73,0x53,0x73,0x53,0x73,0x33,0x6b,
0x32,0x33,0x12,0x33,0x12,0x33,0x32,0x3b,0xf5,0x4b,0xf5,0x4b,0xf5,0x4b,0xf5,0x4b,0xd4,0x43,0xd4,0x43,0xd4,0x43,0xd4,0x43,
0xd4,0x43,0xd4,0x43,0xf4,0x43,0xf4,0x43,0xf4,0x43,0xf4,0x43,0xf4,0x43,0xd4,0x43,0xf4,0x43,0xd4,0x43,0xd4,0x43,0xd4,0x43,
0xf4,0x43,0xf4,0x43,0xf4,0x43,0xf4,0x43,0xf4,0x43,0xd4,0x43,0xf5,0x4b,0xf5,0x4b,0x59,0x7c,0x59,0x7c,0x59,0x7c,0x59,0x7c,
0x59,0x7c,0x59,0x7c,0x59,0x7c,0x59,0x7c,0x59,0x7c,0x59,0x7c,0x59,0x7c,0x59,0x7c,0x59,0x7c,0x39,0x7c,0x59,0x7c,0x59,0x7c,
0x59,0x7c,0x59,0x7c,0x59,0x7c,0x59,0x7c,0x59,0x7c,0x59,0x7c,0x59,0x7c,0x59,0x7c,0x59,0x7c,0x59,0x7c,0x59,0x7c,0x59,0x7c,
0x59,0x7c,0x59,0x7c,0x59,0x7c,0x59,0x7c,0xf5,0x53,0xf4,0x43,0xf4,0x43,0xf4,0x43,0xf4,0x43,0xf4,0x4b,0xf4,0x4b,0xf4,0x4b,
0xf4,0x43,0xf4,0x43,0xf4,0x43,0xf4,0x43,0xf4,0x4b,0xf4,0x43,0xd4,0x43,0xf4,0x43,0xf5,0x43,0xf5,0x43,0xf4,0x4b,0xf4,0x43,
0xf4,0x43,0xf5,0x43,0xf5,0x43,0xf5,0x43,0xf5,0x4b,0xf5,0x4b,0xf5,0x4b,0xd4,0x43,0x32,0x2b,0x11,0x33,0x52,0x3b,0x32,0x43,
0x53,0x73,0x53,0x73,0x53,0x73,0x53,0x73,0x53,0x73,0x53,0x73,0x53,0x73,0x53,0x73,0x53,0x73,0x53,0x73,0x53,0x73,0x53,0x73,
0x53,0x73,0x53,0x73,0x53,0x73,0x4e,0x52,0x52,0x73,0x53,0x73,0x53,0x73,0x53,0x73,0x53,0x73,0x53,0x73,0x53,0x73,0x53,0x73,
0x53,0x73,0x53,0x73,0x53,0x73,0x53,0x73,0x53,0x73,0x33,0x73,0x53,0x73,0x4e,0x52,0x53,0x73,0x53,0x73,0x53,0x73,0x53,0x73,
0x53,0x73,0x53,0x73,0x53,0x73,0x53,0x73,0x53,0x73,0x53,0x73,0x53,0x73,0x53,0x73,0x53,0x73,0x53,0x73,0x53,0x73,0x53,0x73,
0x53,0x73,0x53,0x73,0x53,0x73,0x73,0x73,0x73,0x73,0x53,0x73,0x73,0x73,0xd0,0x62,0x53,0x73,0x53,0x73,0x53,0x73,0x53,0x73,
0x53,0x73,0x53,0x73,0x53,0x73,0x53,0x73,0x53,0x73,0x53,0x73,0x53,0x73,0x53,0x73,0x73,0x73,0x53,0x73,0x53,0x73,0x0d,0x4a,
0x53,0x6b,0x53,0x73,0x53,0x73,0x53,0x73,0x53,0x73,0x53,0x73,0x53,0x73,0x53,0x73,0x53,0x73,0x53,0x73,0x53,0x73,0x53,0x73,
0x53,0x73,0x52,0x5b,0x53,0x5b,0x53,0x63,0x15,0x4c,0xd4,0x4b,0xd4,0x4b,0xf5,0x4b,0xf4,0x43,0xf5,0x43,0xf4,0x43,0xf5,0x43,
0xf5,0x43,0xd4,0x43,0xf4,0x43,0xf4,0x43,0xf4,0x4b,0xf5,0x43,0xf5,0x4b,0xf4,0x4b,0xd4,0x43,0xf4,0x43,0xf4,0x43,0xd4,0x43,
0xf4,0x43,0x39,0x7c,0x39,0x7c,0x59,0x7c,0x39,0x7c,0x59,0x7c,0x59,0x7c,0x39,0x7c,0x39,0x7c,0x38,0x7c,0x59,0x7c,0x59,0x7c,
0x39,0x74,0x39,0x7c,0x39,0x7c,0x39,0x7c,0x59,0x7c,0x39,0x7c,0x39,0x7c,0x39,0x7c,0x39,0x7c,0x39,0x7c,0x39,0x7c,0x39,0x7c,
0x39,0x7c,0x38,0x7c,0x39,0x7c,0x39,0x7c,0x38,0x7c,0x39,0x7c,0x39,0x7c,0x39,0x7c,0x39,0x7c,0x39,0x7c,0x38,0x7c,0x39,0x7c,
0x39,0x7c,0x39,0x7c,0x39,0x7c,0x38,0x7c,0x38,0x7c,0x38,0x7c,0x59,0x7c,0x39,0x74,0x59,0x7c,0x59,0x7c,0x59,0x7c,0x59,0x7c,
0x59,0x7c,0x59,0x7c,0x59,0x7c,0x59,0x7c,0x58,0x7c,0x58,0x7c,0x38,0x7c,0xf4,0x4b,0xf4,0x4b,0xf4,0x4b,0xf4,0x4b,0xf4,0x43,
0xf4,0x4b,0xf4,0x43,0xf5,0x4b,0xf4,0x43,0xf4,0x43,0xf4,0x43,0xd4,0x43,0xf5,0x43,0xf5,0x43,0xf4,0x43,0xd4,0x43,0xd4,0x43,
0xf5,0x43,0xf5,0x4b,0xf4,0x4b,0xd4,0x43,0x52,0x53,0x32,0x53,0x32,0x5b,0x32,0x6b,0x53,0x73,0x53,0x73,0x53,0x73,0x53,0x73,
0x53,0x73,0x53,0x73,0x53,0x73,0x53,0x73,0x53,0x73,0x53,0x73,0x53,0x73,0x53,0x6b,0x4e,0x52,0x53,0x73,0x53,0x73,0x53,0x73,
0x53,0x73,0x53,0x73,0x53,0x73,0x53,0x73,0x53,0x73,0x53,0x73,0x53,0x73,0x53,0x73,0x53,0x73,0x53,0x73,0x53,0x73,0x93,0x73,
0x6e,0x52,0x53,0x73,0x53,0x73,0x53,0x73,0x53,0x73,0x53,0x73,0x53,0x73,0x53,0x73,0x53,0x73,0x53,0x73,0x53,0x73,0x53,0x73,
0x53,0x73,0x53,0x73,0x53,0x73,0x53,0x73,0x53,0x73,0x53,0x73,0x53,0x73,0x53,0x73,0x53,0x73,0x53,0x73,0x0d,0x4a,0x8f,0x5a,
0x8f,0x5a,0x8f,0x5a,0xaf,0x5a,0xb0,0x5a,0xb0,0x5a,0xb0,0x5a,0xb0,0x5a,0xb0,0x5a,0xb0,0x5a,0xb0,0x5a,0xb0,0x5a,0xb0,0x5a,
0xb0,0x5a,0xb0,0x5a,0xd0,0x62,0x2d,0x4a,0x53,0x6b,0x53,0x73,0x53,0x73,0x53,0x73,0x53,0x73,0x53,0x73,0x53,0x73,0x53,0x73,
0x53,0x73,0x53,0x73,0x53,0x73,0x53,0x33,0x73,0x3b,0xf4,0x43,0xd4,0x43,0xf4,0x43,0xd4,0x43,0xf4,0x43,0xf4,0x43,0xf4,0x43,
0xf4,0x43,0xf4,0x43,0xf4,0x43,0xf4,0x43,0xf4,0x4b,0xf4,0x43,0xf4,0x4b,0xd4,0x43,0xf4,0x43,0xf4,0x4b,0xf5,0x4b,0x38,0x6c,
0x39,0x7c,0x39,0x7c,0x39,0x7c,0x38,0x7c,0x39,0x7c,0x39,0x7c,0x38,0x7c,0x38,0x74,0x38,0x74,0x38,0x74,0x38,0x7c,0x38,0x7c,
0x38,0x7c,0x38,0x74,0x38,0x74,0x38,0x74,0xd4,0x43,0xd5,0x43,0xf5,0x43,0xf5,0x43,0xd5,0x43,0xf5,0x43,0xf5,0x43,0xd5,0x43,
0xf5,0x43,0xf5,0x43,0xd5,0x43,0xf4,0x43,0xd5,0x43,0xf5,0x43,0xd5,0x43,0xd4,0x43,0xd5,0x43,0xf5,0x43,0xf4,0x43,0xf5,0x4b,
0xd5,0x43,0xd5,0x43,0xd5,0x43,0xd5,0x43,0xf5,0x43,0xf5,0x43,0xd4,0x43,0xd5,0x43,0xd4,0x43,0xd4,0x43,0xd4,0x43,0xd5,0x4b,
0x38,0x74,0x18,0x74,0x38,0x7c,0x38,0x7c,0x38,0x7c,0x38,0x7c,0x38,0x7c,0x38,0x7c,0x38,0x7c,0x38,0x7c,0x39,0x7c,0x59,0x7c,
0x39,0x7c,0x38,0x74,0x39,0x7c,0x59,0x7c,0x39,0x7c,0xf4,0x43,0xf4,0x4b,0xf4,0x4b,0xf5,0x4b,0xf5,0x4b,0xf4,0x43,0xf4,0x43,
0xf4,0x43,0xf4,0x43,0xf4,0x43,0xf4,0x43,0xf4,0x43,0xf4,0x43,0xf4,0x43,0xf4,0x43,0xf5,0x4b,0xd4,0x43,0xf5,0x43,0x73,0x33,
0x53,0x3b,0x33,0x6b,0x52,0x73,0x53,0x73,0x53,0x73,0x53,0x73,0x53,0x73,0x53,0x73,0x53,0x73,0x53,0x73,0x53,0x73,0x53,0x73,
0x4e,0x52,0xb0,0x62,0xb0,0x62,0xb0,0x5a,0xb0,0x62,0xd0,0x62,0xd0,0x62,0xd0,0x62,0xb0,0x62,0xd0,0x62,0xb0,0x5a,0xd0,0x62,
0xd0,0x62,0xb0,0x62,0xb0,0x5a,0xb0,0x5a,0x2d,0x4a,0x53,0x73,0x53,0x73,0x53,0x73,0x53,0x73,0x53,0x73,0x53,0x73,0x53,0x73,
0x53,0x73,0x53,0x73,0x53,0x73,0x53,0x73,0x53,0x73,0x53,0x73,0x53,0x73,0x73,0x73,0x53,0x73,0x53,0x73,0x53,0x73,0x53,0x73,
0x73,0x73,0x6f,0x5a,0x11,0x63,0x11,0x6b,0xf1,0x62,0xf1,0x62,0x11,0x63,0x11,0x63,0x11,0x6b,0xf1,0x62,0x11,0x6b,0x11,0x6b,
0x11,0x6b,0x12,0x6b,0x12,0x6b,0x12,0x6b,0x12,0x6b,0x12,0x6b,0x6e,0x52,0x12,0x6b,0x53,0x73,0x53,0x73,0x53,0x73,0x53,0x73,
0x53,0x73,0x53,0x73,0x73,0x73,0x53,0x73,0x53,0x73,0x73,0x3b,0x73,0x3b,0xf5,0x4b,0xf5,0x43,0xf4,0x43,0xf4,0x43,0xf4,0x43,
0xf4,0x43,0xf4,0x43,0xd4,0x43,0xf5,0x43,0xf4,0x43,0xf4,0x43,0xf4,0x43,0xf4,0x43,0xf4,0x43,0xf4,0x4b,0x17,0x64,0x37,0x64,
0x38,0x74,0x59,0x7c,0x38,0x7c,0x39,0x7c,0x39,0x7c,0x38,0x7c,0x38,0x74,0x38,0x7c,0x39,0x7c,0x38,0x74,0xf5,0x4b,0xf5,0x43,
0xf5,0x43,0xd5,0x43,0xd5,0x43,0xd5,0x43,0xd4,0x43,0xd4,0x43,0xd5,0x43,0xd4,0x43,0xf5,0x43,0xf5,0x4b,0xf5,0x4b,0xf5,0x4b,
0xf5,0x4b,0xf5,0x4b,0xf5,0x4b,0xf5,0x4b,0xf5,0x4b,0xf5,0x4b,0xf4,0x4b,0xf4,0x43,0xf4,0x43,0xf5,0x43,0xf5,0x4b,0xf5,0x43,
0xf5,0x4b,0xf5,0x4b,0xf5,0x4b,0xf5,0x4b,0xf5,0x4b,0xf5,0x4b,0xf5,0x4b,0xf5,0x4b,0xf5,0x4b,0xf5,0x4b,0xf5,0x4b,0xf5,0x4b,
0xf5,0x4b,0xf5,0x4b,0xf5,0x4b,0xf4,0x4b,0xd5,0x43,0xd5,0x43,0xd5,0x43,0xd5,0x43,0xd5,0x43,0xd4,0x43,0xb4,0x43,0xd4,0x43,
0xb4,0x43,0xd5,0x43,0x38,0x74,0x39,0x7c,0x39,0x7c,0x39,0x7c,0x38,0x7c,0x39,0x7c,0x59,0x7c,0x39,0x7c,0x39,0x7c,0x58,0x74,
0x37,0x64,0x17,0x64,0xf4,0x4b,0xf4,0x43,0xf5,0x4b,0xf4,0x43,0xf4,0x43,0xf4,0x43,0xf4,0x43,0xf4,0x43,0xf4,0x43,0xf4,0x43,
0xd4,0x43,0xd4,0x43,0xd4,0x43,0xf5,0x4b,0xf5,0x4b,0x53,0x3b,0x73,0x3b,0x53,0x73,0x53,0x73,0x53,0x73,0x53,0x73,0x53,0x73,
0x53,0x73,0x53,0x73,0x53,0x73,0x53,0x73,0x11,0x63,0x11,0x6b,0x11,0x6b,0x11,0x6b,0x12,0x6b,0x12,0x6b,0x12,0x6b,0x12,0x6b,
0x12,0x6b,0x12,0x6b,0x12,0x6b,0x12,0x6b,0x12,0x6b,0x11,0x6b,0x12,0x6b,0x11,0x6b,0xd1,0x62,0x8f,0x5a,0x53,0x73,0x53,0x73,
0x53,0x73,0x53,0x73,0x53,0x73,0x53,0x73,0x53,0x73,0x73,0x73,0x73,0x73,0x53,0x73,0x53,0x73,0x73,0x73,0x53,0x73,0x73,0x73,
0x73,0x73,0x53,0x73,0x73,0x73,0x53,0x73,0x53,0x73,0x2d,0x4a,0x73,0x73,0x53,0x73,0x53,0x73,0x53,0x73,0x53,0x73,0x73,0x73,
0x73,0x73,0x73,0x73,0x73,0x73,0x73,0x73,0x73,0x73,0x73,0x73,0x73,0x73,0x53,0x73,0x73,0x73,0x73,0x73,0x2d,0x4a,0x53,0x73,
0x53,0x73,0x53,0x73,0x53,0x73,0x53,0x73,0x53,0x73,0x53,0x73,0x52,0x3b,0x32,0x3b,0xd4,0x4b,0xd4,0x43,0xd4,0x43,0xf4,0x43,
0xf4,0x43,0xf5,0x43,0xf5,0x43,0xf4,0x43,0xf4,0x43,0xf4,0x43,0xd4,0x43,0xf4,0x4b,0xf5,0x4b,0xf5,0x4b,0x38,0x74,0x59,0x7c,
0x79,0x7c,0x78,0x7c,0x38,0x74,0x38,0x7c,0x38,0x7c,0x38,0x74,0x38,0x74,0x39,0x7c,0xd5,0x43,0xd4,0x43,0xf5,0x43,0xf5,0x43,
0xf5,0x43,0xf5,0x43,0xf5,0x43,0xf5,0x4b,0xf5,0x4b,0xf5,0x4b,0xf5,0x4b,0xf5,0x43,0xf5,0x4b,0xf4,0x43,0xf5,0x43,0xf5,0x43,
0xf5,0x43,0xf5,0x4b,0xf5,0x4b,0xf5,0x4b,0xf5,0x4b,0xf5,0x4b,0xf5,0x4b,0xf5,0x4b,0xf5,0x4b,0xf5,0x4b,0xf5,0x43,0xf4,0x43,
0xf5,0x43,0xf5,0x4b,0xf5,0x43,0xf5,0x43,0xf4,0x43,0xf4,0x43,0xf4,0x4b,0xf5,0x4b,0xf5,0x4b,0xf5,0x4b,0xf5,0x4b,0xf5,0x43,
0xf5,0x43,0xf4,0x43,0xf5,0x4b,0xf5,0x4b,0xf4,0x4b,0xf5,0x4b,0xf5,0x4b,0xf4,0x43,0xf5,0x43,0xf5,0x4b,0xf5,0x43,0xf5,0x43,
0xf5,0x43,0xf5,0x43,0xf5,0x43,0xf4,0x43,0xf4,0x43,0xf5,0x43,0xf5,0x43,0x15,0x4c,0xf5,0x4b,0xf5,0x43,0xd4,0x43,0xf4,0x3b,
0x58,0x7c,0x38,0x74,0x38,0x7c,0x38,0x7c,0x38,0x74,0x38,0x74,0x79,0x7c,0x58,0x7c,0x58,0x7c,0x58,0x7c,0xf4,0x4b,0xf4,0x43,
0xd4,0x43,0xf4,0x43,0xf5,0x4b,0xf4,0x43,0xf4,0x43,0xf4,0x43,0xf5,0x43,0xf5,0x43,0xf5,0x43,0xf4,0x43,0xf4,0x43,0xb4,0x43,
0x53,0x33,0x32,0x2b,0x53,0x73,0x53,0x73,0x53,0x73,0x53,0x73,0x53,0x73,0x53,0x73,0x53,0x73,0x4e,0x52,0x53,0x73,0x53,0x73,
0x73,0x73,0x73,0x73,0x53,0x73,0x73,0x73,0x73,0x73,0x73,0x73,0x73,0x73,0x73,0x73,0x73,0x73,0x73,0x73,0x73,0x73,0x53,0x73,
0x73,0x73,0x2e,0x52,0x53,0x73,0x53,0x73,0x53,0x73,0x53,0x73,0x53,0x73,0x53,0x73,0x53,0x73,0x53,0x73,0x53,0x73,0x53,0x73,
0x53,0x73,0x73,0x73,0x73,0x73,0x73,0x73,0x73,0x73,0x53,0x73,0x73,0x73,0x53,0x73,0x73,0x73,0x53,0x73,0x73,0x73,0x53,0x73,
0x53,0x73,0x53,0x73,0x73,0x73,0x53,0x73,0x73,0x73,0x73,0x73,0x73,0x73,0x73,0x73,0x73,0x73,0x73,0x73,0x73,0x73,0x73,0x73,
0x73,0x73,0x93,0x73,0xd0,0x62,0x53,0x73,0x53,0x73,0x53,0x73,0x53,0x73,0x53,0x73,0x53,0x73,0x52,0x3b,0xf5,0x43,0xd4,0x43,
0xd4,0x43,0xf4,0x43,0xd4,0x43,0xd4,0x43,0xf4,0x43,0xf4,0x43,0xf4,0x43,0xf4,0x43,0xf4,0x4b,0xf4,0x4b,0xf4,0x43,0x58,0x6c,
0x59,0x7c,0x59,0x7c,0x39,0x7c,0x59,0x7c,0x38,0x74,0x38,0x74,0x59,0x7c,0x38,0x74,0xd5,0x43,0xf5,0x43,0xf5,0x43,0xf5,0x43,
0xf5,0x43,0xf5,0x43,0xf5,0x43,0xf5,0x43,0xf5,0x43,0xf5,0x43,0xf5,0x43,0x15,0x4c,0xf5,0x4b,0xf5,0x4b,0xf5,0x43,0xf5,0x43,
0xf5,0x4b,0xf5,0x43,0xf4,0x43,0xf5,0x43,0xf5,0x4b,0xf5,0x4b,0xf5,0x4b,0xf5,0x4b,0x15,0x4c,0xf5,0x4b,0xf5,0x4b,0xf4,0x4b,
0xf5,0x4b,0xf5,0x4b,0xf5,0x43,0xf5,0x43,0xf5,0x43,0xf5,0x43,0xf5,0x4b,0xf5,0x4b,0xf5,0x4b,0xf5,0x43,0xf5,0x43,0xf5,0x4b,
0xf5,0x4b,0xf5,0x4b,0xf5,0x4b,0xf5,0x43,0xf5,0x4b,0xf5,0x4b,0xf5,0x4b,0xf5,0x4b,0xf5,0x4b,0xf5,0x4b,0xf5,0x4b,0xf5,0x4b,
0xf5,0x43,0xf5,0x43,0xf5,0x43,0xf5,0x43,0xf5,0x43,0xf5,0x43,0xf5,0x43,0xf5,0x43,0xf5,0x43,0xf5,0x43,0xf5,0x43,0xf5,0x43,
0xf5,0x43,0xf5,0x43,0xf4,0x43,0xf5,0x43,0xf5,0x4b,0xd4,0x4b,0xf5,0x4b,0x17,0x6c,0x38,0x74,0x59,0x7c,0x38,0x7c,0x38,0x7c,
0x38,0x7c,0x38,0x7c,0x59,0x7c,0x38,0x74,0x58,0x7c,0xf5,0x4b,0xf4,0x4b,0xf4,0x4b,0xf4,0x43,0xf4,0x4b,0xf4,0x43,0xf5,0x43,
0xf5,0x4b,0xf4,0x43,0xf4,0x43,0xf5,0x43,0xf4,0x43,0xf4,0x4b,0x73,0x3b,0x53,0x73,0x53,0x73,0x53,0x73,0x53,0x73,0x73,0x73,
0x53,0x73,0x8e,0x5a,0x73,0x73,0x53,0x73,0x73,0x73,0x73,0x73,0x73,0x73,0x73,0x73,0x73,0x73,0x73,0x73,0x73,0x73,0x73,0x73,
0x73,0x73,0x73,0x73,0x53,0x73,0x73,0x73,0x73,0x73,0x73,0x73,0x2d,0x52,0x53,0x73,0x53,0x73,0x53,0x73,0x53,0x73,0x53,0x73,
0x53,0x73,0x53,0x73,0x53,0x73,0x53,0x73,0x73,0x73,0x73,0x73,0x73,0x73,0x73,0x73,0x73,0x73,0x73,0x73,0x73,0x73,0x73,0x73,
0x4e,0x52,0x53,0x73,0x53,0x73,0x53,0x73,0x53,0x73,0x53,0x73,0x73,0x73,0x73,0x73,0x73,0x73,0x73,0x73,0x73,0x73,0x73,0x73,
0x73,0x73,0x73,0x73,0x73,0x73,0x73,0x73,0x73,0x73,0x6e,0x52,0x73,0x73,0x53,0x73,0x53,0x73,0x53,0x73,0x53,0x73,0x32,0x33,
0x73,0x3b,0xf4,0x43,0xf4,0x43,0xd4,0x43,0xf4,0x43,0xf4,0x4b,0xf4,0x4b,0xf4,0x43,0xd4,0x43,0xf5,0x43,0xf4,0x43,0xf4,0x4b,
0xd4,0x4b,0x38,0x74,0x59,0x7c,0x38,0x7c,0x59,0x7c,0x39,0x7c,0x39,0x7c,0x59,0x7c,0xf5,0x43,0xf4,0x43,0xf5,0x43,0xf5,0x4b,
0xf5,0x43,0xf5,0x43,0xf5,0x43,0xf5,0x43,0xf4,0x43,0xf5,0x43,0xf5,0x4b,0xf5,0x4b,0xf5,0x43,0xf5,0x43,0xf4,0x43,0x15,0x4c,
0xf4,0x43,0xf4,0x43,0xf4,0x43,0xf4,0x43,0xf5,0x4b,0xf5,0x4b,0xf5,0x4b,0xf4,0x43,0xf4,0x43,0xf4,0x43,0xf5,0x4b,0xf5,0x4b,
0xf4,0x4b,0xf4,0x43,0xf4,0x4b,0xf5,0x4b,0x15,0x4c,0x15,0x4c,0xf5,0x43,0xf5,0x43,0xf5,0x4b,0xf4,0x43,0xf5,0x4b,0xf5,0x4b,
0xf4,0x4b,0xf4,0x4b,0xf5,0x43,0xf5,0x43,0xf5,0x4b,0xf5,0x4b,0xf5,0x4b,0xf5,0x4b,0xf5,0x4b,0xf5,0x4b,0xf5,0x43,0xf5,0x43,
0xf5,0x43,0xf5,0x4b,0xf5,0x43,0xf5,0x4b,0xf5,0x43,0xf5,0x43,0xf5,0x43,0xf5,0x43,0xf5,0x43,0xf5,0x43,0xf5,0x43,0xf5,0x43,
0xf5,0x43,0xf5,0x43,0xf5,0x43,0xf4,0x43,0xf5,0x43,0xf4,0x43,0xf4,0x43,0xf5,0x4b,0xf5,0x4b,0xf4,0x43,0xf4,0x43,0xf4,0x43,
0xf4,0x43,0xf4,0x43,0xf4,0x43,0xd4,0x43,0x38,0x74,0x38,0x74,0x38,0x7c,0x59,0x7c,0x59,0x7c,0x59,0x7c,0x38,0x74,0xf4,0x4b,
0xf5,0x4b,0xf5,0x4b,0xf4,0x43,0xf5,0x43,0xf4,0x4b,0xf4,0x43,0xf5,0x4b,0xf5,0x43,0xf4,0x43,0xd4,0x43,0xf4,0x43,0x73,0x3b,
0x73,0x5b,0x53,0x73,0x53,0x73,0x73,0x73,0x73,0x73,0x53,0x73,0x4e,0x52,0x53,0x73,0x53,0x73,0x73,0x73,0x53,0x73,0x53,0x73,
0x73,0x73,0x73,0x73,0x73,0x73,0x73,0x73,0x53,0x73,0x73,0x73,0x53,0x73,0x73,0x73,0x73,0x73,0x53,0x73,0x6e,0x52,0x53,0x73,
0x53,0x73,0x53,0x73,0x53,0x73,0x53,0x73,0x53,0x73,0x53,0x73,0x53,0x73,0x53,0x73,0x73,0x73,0x73,0x73,0x73,0x73,0x73,0x73,
0x73,0x73,0x73,0x73,0x73,0x73,0x4e,0x52,0x53,0x73,0x73,0x73,0x73,0x73,0x73,0x73,0x53,0x73,0x53,0x73,0x73,0x73,0x73,0x73,
0x73,0x73,0x73,0x73,0x73,0x73,0x73,0x73,0x73,0x73,0x73,0x73,0x73,0x73,0x73,0x73,0x73,0x7b,0xd0,0x62,0x73,0x73,0x73,0x73,
0x53,0x73,0x53,0x73,0x53,0x3b,0xd4,0x43,0xd4,0x43,0xf4,0x43,0xf4,0x43,0xf4,0x43,0xd4,0x43,0xf4,0x4b,0xf4,0x43,0xf4,0x43,
0xf4,0x43,0xf4,0x4b,0x58,0x74,0x59,0x7c,0x59,0x7c,0x39,0x7c,0x58,0x7c,0x38,0x74,0xf6,0x53,0xf5,0x4b,0xf5,0x4b,0xf5,0x43,
0xf5,0x43,0xf5,0x43,0xf5,0x43,0xf5,0x43,0x15,0x44,0x15,0x44,0xf5,0x4b,0xf5,0x4b,0xf5,0x43,0xf4,0x43,0xf4,0x43,0xf5,0x43,
0x15,0x44,0xf5,0x4b,0xf4,0x43,0x15,0x4c,0xf4,0x4b,0xf5,0x43,0xf5,0x43,0x15,0x44,0x15,0x4c,0xf5,0x4b,0xf5,0x4b,0xf5,0x4b,
0xf5,0x43,0xf5,0x4b,0xf5,0x4b,0xf4,0x4b,0xf4,0x4b,0xf5,0x4b,0xf5,0x4b,0xf5,0x4b,0xf5,0x43,0xf5,0x43,0xf5,0x43,0x15,0x4c,
0xf4,0x43,0xf5,0x43,0xf5,0x4b,0xf4,0x43,0xf5,0x43,0xf4,0x43,0xf5,0x43,0xf5,0x43,0xf5,0x4b,0xf5,0x4b,0xf5,0x4b,0xf5,0x4b,
0xf5,0x4b,0xf5,0x4b,0xf5,0x4b,0xf5,0x4b,0xf5,0x4b,0xf5,0x4b,0xf5,0x4b,0xf5,0x4b,0xf5,0x43,0xf5,0x43,0xf5,0x43,0xf5,0x43,
0xf5,0x43,0xf5,0x43,0xf5,0x4b,0xf5,0x43,0xf5,0x43,0xf5,0x43,0xf5,0x43,0xf5,0x4b,0xf4,0x43,0xf5,0x43,0xf4,0x43,0xf5,0x43,
0xf5,0x43,0xf5,0x43,0xf4,0x43,0xf5,0x43,0xf4,0x43,0xf5,0x43,0xf4,0x43,0xf4,0x43,0xd4,0x43,0xf5,0x43,0xd5,0x43,0xb4,0x43,
0x59,0x7c,0x38,0x7c,0x39,0x7c,0x59,0x7c,0x39,0x7c,0x38,0x6c,0xf4,0x4b,0xf4,0x43,0xf4,0x4b,0xf4,0x4b,0xf5,0x4b,0xf4,0x43,
0xf4,0x43,0xf5,0x43,0xf4,0x43,0xf5,0x43,0x93,0x3b,0x52,0x3b,0x53,0x73,0x53,0x73,0x53,0x73,0x53,0x73,0xaf,0x5a,0x53,0x73,
0x53,0x73,0x73,0x73,0x73,0x73,0x73,0x73,0x73,0x73,0x73,0x73,0x73,0x73,0x73,0x73,0x73,0x73,0x73,0x73,0x73,0x73,0x73,0x73,
0x53,0x73,0x53,0x73,0x53,0x73,0x6e,0x52,0x53,0x73,0x73,0x73,0x53,0x73,0x53,0x73,0x53,0x73,0x73,0x73,0x53,0x73,0x53,0x73,
0x73,0x73,0x73,0x73,0x73,0x73,0x73,0x73,0x73,0x73,0x73,0x73,0x73,0x73,0x6e,0x52,0x73,0x73,0x73,0x73,0x73,0x73,0x73,0x73,
0x53,0x73,0x53,0x73,0x73,0x73,0x73,0x73,0x73,0x73,0x73,0x73,0x73,0x73,0x73,0x73,0x73,0x73,0x73,0x73,0x73,0x73,0x73,0x73,
0x4e,0x52,0x53,0x73,0x73,0x73,0x73,0x73,0x73,0x43,0x72,0x3b,0xd4,0x43,0xd4,0x43,0xf4,0x43,0xf4,0x43,0xf4,0x43,0xf4,0x43,
0xf4,0x43,0xf4,0x43,0xf4,0x43,0xf4,0x4b,0x17,0x5c,0x59,0x7c,0x39,0x7c,0x59,0x7c,0x59,0x7c,0x59,0x7c,0xd4,0x43,0xf5,0x4b,
0xf5,0x4b,0xf5,0x43,0xf5,0x43,0xf5,0x43,0xf5,0x43,0xf5,0x43,0xf5,0x43,0x15,0x44,0xf5,0x4b,0x15,0x4c,0xf5,0x4b,0xf5,0x43,
0xf5,0x43,0xf4,0x43,0xf5,0x43,0xf5,0x4b,0x15,0x4c,0xf5,0x4b,0xf5,0x4b,0xf5,0x4b,0xf4,0x4b,0xf4,0x4b,0xf5,0x43,0x15,0x4c,
0x15,0x4c,0xf5,0x4b,0xf5,0x43,0xf5,0x4b,0xf5,0x4b,0xf5,0x43,0xf5,0x43,0xf5,0x4b,0xf4,0x4b,0xf5,0x4b,0xf5,0x4b,0xf5,0x4b,
0xf4,0x4b,0xf5,0x4b,0x15,0x44,0xf4,0x43,0xf5,0x4b,0xf5,0x43,0xf4,0x4b,0xf4,0x4b,0xf5,0x4b,0xf4,0x43,0xf5,0x43,0xf5,0x43,
0xf5,0x43,0xf4,0x43,0xf4,0x4b,0xf4,0x4b,0xf5,0x4b,0xf5,0x4b,0xf5,0x4b,0xf5,0x4b,0xf5,0x4b,0xf5,0x4b,0xf5,0x4b,0xf5,0x4b,
0xf5,0x43,0xf5,0x43,0xf5,0x43,0xf5,0x43,0xf5,0x43,0xf4,0x43,0xf4,0x43,0xf4,0x43,0xf5,0x43,0xf4,0x43,0xf4,0x43,0xf5,0x43,
0xf4,0x43,0xf4,0x43,0xf4,0x43,0xf4,0x43,0xf5,0x43,0xf5,0x43,0xf5,0x4b,0xf4,0x43,0xf4,0x43,0xf4,0x4b,0xf5,0x43,0xf5,0x43,
0xf5,0x43,0xf4,0x43,0xd4,0x43,0xf5,0x43,0xf5,0x4b,0xd5,0x43,0x58,0x74,0x59,0x7c,0x38,0x7c,0x39,0x7c,0x38,0x7c,0x38,0x74,
0xf5,0x4b,0xf4,0x4b,0xf5,0x4b,0xf5,0x43,0xf5,0x4b,0xf5,0x4b,0xf5,0x4b,0xf5,0x4b,0xf5,0x4b,0xf4,0x43,0x73,0x3b,0x73,0x6b,
0x53,0x73,0x53,0x73,0x53,0x73,0x6e,0x52,0x53,0x73,0x53,0x73,0x53,0x73,0x53,0x73,0x53,0x73,0x73,0x73,0x73,0x73,0x73,0x73,
0x73,0x73,0x73,0x73,0x73,0x73,0x73,0x73,0x73,0x73,0x73,0x73,0x73,0x73,0x53,0x73,0xf0,0x62,0x53,0x73,0x53,0x73,0x53,0x73,
0x73,0x73,0x53,0x73,0x53,0x73,0x53,0x73,0x73,0x73,0x73,0x73,0x73,0x73,0x73,0x73,0x73,0x73,0x73,0x7b,0x4e,0x52,0x53,0x73,
0x53,0x73,0x73,0x73,0x73,0x73,0x73,0x73,0x73,0x73,0x53,0x73,0x73,0x73,0x73,0x73,0x73,0x73,0x73,0x73,0x73,0x73,0x73,0x73,
0x73,0x73,0x73,0x73,0x73,0x73,0x93,0x7b,0xf1,0x62,0x73,0x73,0x73,0x73,0x73,0x3b,0xf4,0x4b,0xd4,0x43,0xf4,0x43,0xf4,0x43,
0xf4,0x43,0xf4,0x43,0xf4,0x4b,0xf5,0x4b,0xf5,0x4b,0xf4,0x4b,0x38,0x7c,0x59,0x7c,0x39,0x7c,0x59,0x7c,0x39,0x7c,0xf4,0x43,
0xf5,0x43,0xf5,0x4b,0xf4,0x43,0xf5,0x43,0xf5,0x4b,0x15,0x44,0xf5,0x43,0xf5,0x43,0xf5,0x43,0xf5,0x43,0x15,0x44,0xf5,0x4b,
0x15,0x4c,0x15,0x4c,0xf5,0x4b,0xf4,0x43,0xf5,0x43,0xf5,0x43,0xf5,0x43,0xf4,0x43,0x15,0x4c,0x15,0x4c,0xf5,0x43,0xf5,0x4b,
0x15,0x44,0xf5,0x43,0xf5,0x43,0x15,0x4c,0x15,0x44,0xf5,0x4b,0x15,0x4c,0x15,0x4c,0xf5,0x43,0x15,0x4c,0x15,0x4c,0xf5,0x4b,
0xf4,0x4b,0x15,0x4c,0xf5,0x4b,0x15,0x4c,0xf5,0x43,0xf5,0x43,0xf4,0x43,0xf5,0x4b,0xf5,0x4b,0xf4,0x43,0xf5,0x43,0xf5,0x43,
0xf4,0x4b,0xf5,0x4b,0xf5,0x4b,0x15,0x4c,0xf5,0x4b,0xf4,0x4b,0xf5,0x43,0xf5,0x4b,0xf4,0x43,0xf5,0x43,0xf5,0x4b,0xf5,0x4b,
0xf5,0x4b,0x15,0x4c,0x15,0x4c,0xf5,0x43,0xf5,0x43,0xf5,0x43,0xf5,0x43,0xf5,0x4b,0xf4,0x43,0xf5,0x43,0xf4,0x43,0xf4,0x43,
0xf4,0x43,0xf4,0x43,0xf5,0x43,0xf5,0x43,0xf5,0x43,0xf5,0x43,0xf4,0x43,0xf5,0x43,0xf5,0x43,0xf4,0x43,0xf5,0x4b,0xf5,0x4b,
0xf5,0x43,0xf5,0x4b,0xf5,0x43,0xf5,0x43,0xf5,0x43,0xf5,0x43,0xf5,0x43,0xf5,0x4b,0xf5,0x43,0xf5,0x43,0xf4,0x43,0xd4,0x43,
0xf4,0x4b,0x58,0x7c,0x39,0x7c,0x59,0x7c,0x39,0x7c,0x59,0x7c,0xf5,0x4b,0xf5,0x4b,0xf5,0x4b,0xf5,0x4b,0xf5,0x4b,0xf5,0x4b,
0xf5,0x4b,0xf5,0x43,0xd4,0x43,0x73,0x3b,0x73,0x3b,0x73,0x73,0x73,0x73,0xd0,0x62,0x73,0x73,0x73,0x73,0x73,0x73,0x73,0x73,
0x73,0x73,0x73,0x73,0x73,0x73,0x73,0x73,0x73,0x73,0x73,0x73,0x73,0x73,0x73,0x73,0x73,0x73,0x73,0x73,0x73,0x73,0x73,0x73,
0x4e,0x52,0x73,0x73,0x73,0x73,0x53,0x73,0x73,0x73,0x73,0x73,0x73,0x73,0x53,0x73,0x53,0x73,0x73,0x73,0x73,0x73,0x73,0x73,
0x73,0x73,0x8f,0x5a,0x32,0x6b,0x53,0x73,0x53,0x73,0x73,0x73,0x73,0x73,0x73,0x73,0x73,0x73,0x73,0x73,0x73,0x73,0x73,0x73,
0x73,0x73,0x73,0x73,0x73,0x73,0x73,0x73,0x73,0x73,0x73,0x73,0x73,0x73,0x4e,0x52,0x73,0x7b,0x53,0x73,0x73,0x53,0xf4,0x4b,
0xf4,0x4b,0xd4,0x43,0xf4,0x43,0xf4,0x43,0xf4,0x43,0xf4,0x43,0xf4,0x43,0xf4,0x4b,0xf5,0x4b,0x38,0x74,0x59,0x7c,0x59,0x7c,
0x59,0x7c,0xd5,0x43,0xf4,0x43,0xf5,0x4b,0xf5,0x43,0xf5,0x43,0xf5,0x43,0xf5,0x43,0x15,0x44,0x15,0x44,0xf5,0x4b,0xf4,0x4b,
0xf4,0x43,0xf5,0x43,0x15,0x4c,0xf5,0x4b,0xf5,0x4b,0x15,0x4c,0xf5,0x43,0xf5,0x43,0xf5,0x43,0xf5,0x43,0xf5,0x43,0xf5,0x43,
0xf5,0x4b,0x15,0x4c,0x15,0x4c,0xf5,0x4b,0xf5,0x4b,0xf4,0x43,0xf5,0x43,0x15,0x44,0x15,0x4c,0xf5,0x4b,0x15,0x4c,0xf5,0x43,
0xf5,0x43,0xf5,0x4b,0xf5,0x4b,0xf5,0x4b,0xf5,0x4b,0xf5,0x4b,0xf5,0x4b,0xf5,0x43,0x15,0x4c,0xf5,0x43,0x15,0x4c,0x15,0x4c,
0xf5,0x43,0xf5,0x4b,0xf5,0x43,0xf5,0x43,0xf4,0x43,0xf4,0x43,0xf5,0x4b,0x15,0x4c,0xf5,0x4b,0xf5,0x4b,0xf5,0x43,0xf5,0x4b,
0xf4,0x4b,0xf5,0x4b,0xf5,0x4b,0xf5,0x4b,0xf5,0x4b,0xf5,0x4b,0xf5,0x4b,0xf5,0x4b,0xf5,0x43,0xf5,0x4b,0x15,0x4c,0xf5,0x4b,
0xf5,0x4b,0xf4,0x43,0xf4,0x43,0xf4,0x43,0xf4,0x43,0xf4,0x43,0xf5,0x43,0xf5,0x43,0xf5,0x43,0xf5,0x43,0xf4,0x43,0xf5,0x43,
0xf5,0x43,0xf4,0x43,0xf5,0x4b,0xf5,0x4b,0xf5,0x43,0xf5,0x4b,0xf5,0x4b,0xf5,0x4b,0xf5,0x4b,0xf4,0x43,0xf5,0x43,0xf5,0x43,
0xf5,0x43,0xf5,0x43,0xf4,0x43,0xf5,0x43,0xf5,0x4b,0xf4,0x43,0xd5,0x4b,0x59,0x7c,0x38,0x7c,0x39,0x7c,0x39,0x7c,0xf5,0x4b,
0xf5,0x4b,0xf5,0x4b,0xf4,0x4b,0xf5,0x4b,0xf5,0x4b,0xf4,0x4b,0xf5,0x43,0xf4,0x43,0xf4,0x4b,0x73,0x43,0x52,0x73,0x73,0x73,
0x6e,0x52,0x73,0x73,0x73,0x73,0x53,0x73,0x73,0x73,0x73,0x73,0x73,0x73,0x73,0x73,0x73,0x73,0x73,0x73,0x73,0x73,0x73,0x73,
0x73,0x73,0x73,0x73,0x73,0x73,0x73,0x73,0x52,0x73,0x6f,0x52,0x53,0x73,0x73,0x73,0x73,0x73,0x73,0x73,0x73,0x73,0x53,0x73,
0x53,0x73,0x73,0x73,0x73,0x73,0x73,0x73,0x73,0x73,0x2d,0x4a,0x53,0x73,0x73,0x73,0x53,0x73,0x73,0x73,0x73,0x73,0x73,0x73,
0x73,0x73,0x73,0x73,0x73,0x73,0x73,0x73,0x73,0x73,0x73,0x73,0x73,0x73,0x73,0x73,0x73,0x73,0x73,0x73,0x73,0x7b,0x2e,0x52,
0x73,0x73,0x33,0x6b,0x53,0x3b,0xf4,0x43,0xf5,0x4b,0xf4,0x43,0xf5,0x43,0xf4,0x43,0xf4,0x43,0xf4,0x43,0xf4,0x43,0xf5,0x4b,
0x38,0x74,0x38,0x74,0x59,0x7c,0x79,0x7c,0xf5,0x43,0xf5,0x4b,0xf5,0x43,0xf5,0x4b,0x15,0x44,0xf5,0x43,0xf5,0x4b,0xf5,0x4b,
0x15,0x4c,0xf5,0x4b,0xf5,0x43,0xf4,0x43,0xf4,0x43,0xf5,0x4b,0xf5,0x4b,0xf5,0x4b,0xf5,0x4b,0x15,0x4c,0xf5,0x43,0xf5,0x43,
0xf5,0x43,0xf5,0x43,0xf5,0x43,0xf5,0x4b,0xf5,0x43,0xf5,0x4b,0xf5,0x4b,0xf5,0x43,0xf5,0x43,0xf5,0x43,0xf5,0x43,0xf5,0x4b,
0xf5,0x4b,0xf5,0x4b,0xf5,0x43,0x15,0x4c,0xf5,0x4b,0x15,0x4c,0x15,0x4c,0xf5,0x4b,0xf5,0x4b,0xf5,0x43,0xf5,0x43,0x15,0x4c,
0xf5,0x43,0x15,0x4c,0x15,0x4c,0x15,0x4c,0xf5,0x43,0xf5,0x4b,0xf5,0x43,0xf5,0x43,0xf5,0x43,0xf4,0x43,0xf5,0x43,0xf4,0x4b,
0xf5,0x4b,0xf5,0x4b,0xf5,0x4b,0xf5,0x4b,0xf5,0x4b,0xf5,0x4b,0xf5,0x4b,0xf5,0x4b,0xf5,0x43,0x15,0x4c,0xf5,0x4b,0x15,0x44,
0xf4,0x43,0xf5,0x43,0xf5,0x4b,0xf5,0x43,0xf5,0x4b,0xf5,0x43,0xf4,0x43,0xf4,0x43,0xf4,0x43,0xf4,0x43,0xf5,0x4b,0xf5,0x4b,
0xf5,0x43,0xf4,0x43,0xf5,0x4b,0xf4,0x43,0xf5,0x43,0xf4,0x43,0xf5,0x43,0xf5,0x43,0xf5,0x43,0xf5,0x43,0xf5,0x43,0xf4,0x43,
0xf4,0x43,0xf5,0x43,0xf4,0x43,0xf5,0x43,0xf5,0x43,0xf5,0x43,0xf5,0x43,0xf4,0x43,0xf5,0x43,0xf5,0x4b,0xf5,0x43,0xf4,0x43,
0x59,0x7c,0x38,0x7c,0x39,0x7c,0x59,0x7c,0xf4,0x43,0xf5,0x4b,0xf4,0x4b,0xf5,0x4b,0xf5,0x4b,0xf5,0x4b,0xf5,0x43,0xf5,0x43,
0xf5,0x4b,0x93,0x3b,0x33,0x73,0x53,0x73,0x2d,0x52,0x53,0x73,0x73,0x73,0x73,0x73,0x73,0x73,0x73,0x73,0x73,0x73,0x73,0x73,
0x73,0x73,0x73,0x73,0x73,0x73,0x73,0x73,0x73,0x73,0x73,0x73,0x73,0x73,0x73,0x73,0x73,0x73,0x4e,0x52,0x53,0x73,0x73,0x73,
0x73,0x73,0x73,0x73,0x73,0x73,0x73,0x73,0x73,0x73,0x73,0x73,0x73,0x73,0x73,0x73,0x53,0x73,0x73,0x73,0x53,0x73,0x53,0x73,
0x53,0x73,0x53,0x73,0x73,0x73,0x73,0x73,0x73,0x73,0x73,0x73,0x73,0x73,0x73,0x73,0x73,0x73,0x73,0x73,0x73,0x73,0x73,0x73,
0x73,0x73,0x73,0x73,0x2d,0x4a,0x53,0x73,0x73,0x73,0x11,0x33,0xd4,0x43,0xf4,0x43,0xf4,0x4b,0xf4,0x43,0xf4,0x43,0xf4,0x43,
0xf4,0x43,0xf4,0x4b,0x58,0x6c,0x59,0x7c,0x39,0x7c,0x38,0x74,0xf5,0x43,0xf5,0x43,0xf5,0x43,0xf4,0x43,0xf5,0x43,0x15,0x4c,
0x15,0x44,0x15,0x4c,0xf5,0x43,0xf5,0x4b,0xf5,0x4b,0xf5,0x4b,0xf5,0x43,0xf5,0x4b,0xf5,0x4b,0xf4,0x43,0xf4,0x43,0xf4,0x43,
0xf5,0x4b,0xf5,0x4b,0xf5,0x4b,0xf5,0x4b,0xf5,0x43,0xf5,0x43,0xf5,0x43,0xf5,0x43,0xf5,0x43,0xf4,0x43,0xf5,0x43,0xf5,0x43,
0xf5,0x43,0xf5,0x43,0xf5,0x4b,0xf5,0x4b,0xf5,0x43,0xf5,0x4b,0xf5,0x4b,0x15,0x4c,0xf5,0x4b,0x15,0x4c,0x15,0x4c,0x15,0x4c,
0x15,0x4c,0x15,0x4c,0x15,0x44,0xf5,0x43,0xf5,0x43,0x15,0x4c,0x15,0x4c,0x15,0x4c,0x15,0x4c,0xf5,0x43,0xf4,0x43,0xf5,0x43,
0xf4,0x43,0xf4,0x43,0xf4,0x43,0xf4,0x43,0xf4,0x43,0xf5,0x43,0xf5,0x43,0xf5,0x4b,0xf5,0x4b,0xf5,0x4b,0x15,0x4c,0xf5,0x4b,
0xf5,0x43,0xf5,0x4b,0xf5,0x43,0xf5,0x4b,0xf4,0x43,0xf5,0x4b,0xf5,0x43,0xf5,0x43,0xf4,0x43,0xf4,0x43,0xf5,0x43,0xf5,0x43,
0xf4,0x43,0xf5,0x4b,0xf5,0x4b,0xf5,0x4b,0xf4,0x43,0xf5,0x43,0xf5,0x43,0xf4,0x43,0xf5,0x43,0xf5,0x4b,0xf5,0x4b,0xf5,0x43,
0xf5,0x4b,0xf5,0x43,0xf5,0x4b,0xf5,0x4b,0xf5,0x4b,0xf5,0x4b,0xf5,0x43,0xf5,0x43,0xf5,0x43,0xf5,0x43,0xf5,0x43,0xf4,0x43,
0xf5,0x4b,0xf5,0x4b,0xf5,0x43,0xf5,0x43,0xf5,0x43,0xd4,0x43,0x38,0x7c,0x39,0x7c,0x59,0x7c,0x77,0x74,0xf5,0x4b,0xf5,0x4b,
0xf5,0x4b,0xf5,0x4b,0xf5,0x4b,0xf5,0x43,0xf5,0x4b,0xf5,0x4b,0x11,0x33,0x53,0x73,0x53,0x73,0x2d,0x52,0x73,0x7b,0x73,0x73,
0x73,0x73,0x73,0x73,0x73,0x73,0x73,0x73,0x73,0x73,0x73,0x73,0x73,0x73,0x73,0x73,0x73,0x73,0x73,0x73,0x73,0x73,0x73,0x73,
0x73,0x73,0x73,0x73,0x4d,0x52,0x73,0x73,0x73,0x73,0x73,0x73,0x73,0x73,0x73,0x73,0x73,0x73,0x73,0x73,0x73,0x73,0x73,0x73,
0x4e,0x52,0x11,0x6b,0x11,0x6b,0x12,0x6b,0x12,0x6b,0x12,0x6b,0x12,0x6b,0x12,0x6b,0x12,0x6b,0x12,0x6b,0x12,0x6b,0x32,0x6b,
0x32,0x6b,0x12,0x6b,0x12,0x6b,0x12,0x6b,0x12,0x6b,0x11,0x6b,0x4d,0x4a,0x73,0x73,0x74,0x73,0x93,0x3b,0xf4,0x43,0xf4,0x43,
0xf4,0x4b,0xf5,0x4b,0xf4,0x43,0xf4,0x43,0xf4,0x43,0xf4,0x43,0x39,0x7c,0x39,0x74,0x39,0x7c,0xf4,0x43,0xf5,0x43,0xf5,0x4b,
0xf5,0x4b,0xf5,0x4b,0xf5,0x4b,0x15,0x4c,0x15,0x4c,0x15,0x4c,0x15,0x4c,0xf5,0x4b,0x15,0x4c,0xf5,0x43,0xf4,0x43,0xf5,0x43,
0xf5,0x43,0xf4,0x43,0xf5,0x43,0xf5,0x43,0xf5,0x4b,0xf5,0x4b,0xf4,0x43,0xf5,0x43,0xf5,0x43,0xf5,0x43,0xf5,0x43,0xf5,0x43,
0xf5,0x43,0xf5,0x43,0xf5,0x43,0xf5,0x4b,0xf5,0x4b,0xf5,0x4b,0xf5,0x43,0x15,0x44,0xf5,0x43,0x15,0x4c,0x15,0x4c,0x15,0x4c,
0x15,0x4c,0x15,0x4c,0x15,0x4c,0x15,0x4c,0xf5,0x43,0x15,0x4c,0x15,0x4c,0xf5,0x4b,0x15,0x4c,0xf5,0x43,0x15,0x4c,0x15,0x4c,
0x15,0x4c,0xf5,0x4b,0xf4,0x43,0xf5,0x43,0xf5,0x43,0xf4,0x4b,0xf5,0x4b,0xf5,0x43,0xf4,0x4b,0xf5,0x43,0xf5,0x4b,0xf5,0x4b,
0x15,0x4c,0xf5,0x4b,0xf5,0x43,0xf5,0x4b,0xf5,0x43,0xf5,0x43,0xf5,0x43,0xf5,0x4b,0x15,0x4c,0x15,0x4c,0xf5,0x4b,0xf5,0x43,
0xf4,0x43,0xf4,0x43,0xf5,0x4b,0xf5,0x43,0xf4,0x43,0xf5,0x43,0xf5,0x43,0xf5,0x43,0x15,0x4c,0x15,0x4c,0xf5,0x43,0xf5,0x43,
0x15,0x44,0x15,0x4c,0xf5,0x43,0xf5,0x4b,0xf5,0x4b,0xf5,0x4b,0xf5,0x4b,0xf5,0x4b,0xf5,0x4b,0xf4,0x43,0x15,0x4c,0x15,0x4c,
0xf5,0x4b,0xf5,0x43,0xf5,0x43,0xf5,0x4b,0xf5,0x43,0x15,0x4c,0x15,0x4c,0xf5,0x43,0xf5,0x4b,0xf4,0x43,0xf5,0x43,0x38,0x7c,
0x59,0x7c,0x59,0x7c,0xf5,0x4b,0xf5,0x4b,0xf5,0x4b,0xf5,0x4b,0x15,0x4c,0xf5,0x4b,0xf5,0x4b,0xf4,0x4b,0x73,0x3b,0x53,0x73,
0x73,0x73,0x4e,0x52,0x53,0x73,0x73,0x73,0x73,0x73,0x73,0x73,0x73,0x73,0x73,0x73,0x73,0x73,0x73,0x73,0x73,0x73,0x73,0x73,
0x73,0x73,0x73,0x73,0x73,0x7b,0x73,0x73,0x73,0x73,0x73,0x73,0x8f,0x5a,0x53,0x73,0x73,0x73,0x73,0x73,0x73,0x73,0x73,0x73,
0x73,0x73,0x73,0x73,0x73,0x73,0x2e,0x4a,0x94,0x7b,0x93,0x7b,0x93,0x73,0x93,0x7b,0x93,0x73,0x73,0x73,0x73,0x73,0x73,0x73,
0x73,0x73,0x73,0x73,0x93,0x7b,0x93,0x7b,0x73,0x73,0x73,0x73,0x73,0x73,0x73,0x73,0x73,0x73,0x2d,0x4a,0x53,0x73,0x53,0x73,
0xb0,0x2a,0xf5,0x4b,0xf4,0x43,0xf5,0x4b,0xf5,0x4b,0xf5,0x43,0x15,0x4c,0xf4,0x43,0xf4,0x43,0x59,0x7c,0x59,0x7c,0x59,0x7c,
0xf5,0x4b,0xf5,0x43,0xf5,0x43,0xf5,0x4b,0xf5,0x43,0x15,0x4c,0xf5,0x43,0x15,0x44,0x15,0x4c,0x15,0x4c,0xf5,0x4b,0x15,0x4c,
0x15,0x44,0xf5,0x43,0xf5,0x43,0xf4,0x43,0xf4,0x43,0xf4,0x43,0xf5,0x4b,0x15,0x4c,0xf5,0x4b,0xf5,0x43,0xf4,0x43,0xf4,0x43,
0xf4,0x43,0xf5,0x43,0xf5,0x43,0xf5,0x4b,0xf5,0x43,0x15,0x44,0xf5,0x43,0xf5,0x43,0xf5,0x4b,0x15,0x4c,0xf5,0x43,0x15,0x4c,
0x15,0x4c,0x15,0x4c,0x15,0x4c,0x15,0x4c,0x15,0x44,0x15,0x4c,0xf5,0x4b,0xf5,0x43,0xf5,0x4b,0x15,0x44,0x15,0x44,0x15,0x4c,
0x15,0x4c,0x15,0x4c,0x15,0x44,0x15,0x4c,0x15,0x4c,0xf4,0x43,0xf5,0x43,0x15,0x44,0xf4,0x43,0xf4,0x43,0xf5,0x43,0xf5,0x43,
0xf4,0x43,0xf4,0x43,0x15,0x4c,0xf5,0x4b,0xf5,0x4b,0x15,0x4c,0xf5,0x43,0x15,0x4c,0xf5,0x43,0xf4,0x43,0xf5,0x4b,0xf5,0x4b,
0x15,0x4c,0x15,0x4c,0x15,0x4c,0x15,0x4c,0xf5,0x43,0x15,0x44,0x15,0x4c,0x15,0x4c,0xf4,0x43,0xf5,0x4b,0xf4,0x43,0xf5,0x43,
0xf4,0x43,0x15,0x4c,0x15,0x4c,0xf5,0x4b,0xf5,0x43,0x15,0x4c,0xf5,0x43,0x15,0x4c,0x15,0x4c,0x15,0x4c,0x15,0x4c,0xf5,0x4b,
0xf5,0x4b,0xf5,0x4b,0xf5,0x4b,0x15,0x4c,0xf5,0x4b,0xf4,0x4b,0xf5,0x4b,0xf5,0x4b,0x15,0x4c,0x15,0x4c,0x15,0x4c,0x15,0x4c,
0xf4,0x43,0xf5,0x4b,0xf5,0x4b,0xf5,0x43,0x59,0x7c,0x59,0x7c,0x59,0x7c,0xf5,0x4b,0xf5,0x4b,0x15,0x4c,0x15,0x4c,0x15,0x4c,
0xf5,0x4b,0xf4,0x43,0xf4,0x43,0xaf,0x22,0x94,0x7b,0x53,0x73,0x2d,0x52,0x73,0x73,0x73,0x73,0x73,0x73,0x73,0x73,0x73,0x73,
0x73,0x73,0x73,0x73,0x73,0x73,0x73,0x73,0x73,0x73,0x73,0x73,0x73,0x7b,0x73,0x73,0x73,0x73,0x73,0x73,0x53,0x73,0x4d,0x52,
0x73,0x73,0x73,0x73,0x73,0x73,0x73,0x73,0x73,0x73,0x73,0x73,0x73,0x73,0x6f,0x5a,0x73,0x73,0x93,0x73,0x93,0x7b,0x93,0x73,
0x93,0x73,0x93,0x7b,0x73,0x73,0x73,0x73,0x93,0x7b,0x93,0x7b,0x73,0x73,0x73,0x7b,0x73,0x73,0x73,0x73,0x93,0x7b,0x73,0x73,
0x53,0x73,0x4e,0x52,0x73,0x73,0x93,0x73,0xaf,0x22,0xf5,0x43,0xf5,0x4b,0xf5,0x4b,0xf5,0x4b,0xf5,0x43,0xf5,0x43,0xf4,0x43,
0xf4,0x43,0x59,0x7c,0x39,0x7c,0x38,0x74,0xf5,0x4b,0xf5,0x4b,0xf5,0x43,0x15,0x4c,0x15,0x4c,0x15,0x44,0xf5,0x4b,0x15,0x4c,
0xf5,0x4b,0xf5,0x4b,0x15,0x4c,0x15,0x4c,0x15,0x4c,0x15,0x44,0xf5,0x43,0xf4,0x43,0xf4,0x43,0xf4,0x43,0xf5,0x43,0x15,0x4c,
0x15,0x44,0xf5,0x43,0xf5,0x43,0xf5,0x4b,0xf5,0x43,0xf5,0x43,0x15,0x4c,0xf5,0x43,0x15,0x44,0x15,0x44,0xf5,0x43,0x15,0x4c,
0xf5,0x4b,0xf5,0x4b,0x15,0x44,0xf5,0x43,0x15,0x44,0x15,0x44,0xf5,0x4b,0xf5,0x43,0x15,0x4c,0xf5,0x43,0x15,0x4c,0x15,0x4c,
0xf5,0x43,0xf5,0x43,0xf5,0x43,0xf5,0x43,0x15,0x4c,0x15,0x4c,0x15,0x44,0x15,0x44,0xf5,0x43,0xf5,0x43,0xf5,0x43,0xf5,0x43,
0xf5,0x43,0xf5,0x43,0xf5,0x43,0xf5,0x43,0xf4,0x43,0x15,0x4c,0xf4,0x4b,0x15,0x4c,0x15,0x4c,0xf5,0x4b,0xf5,0x4b,0xf5,0x43,
0xf4,0x43,0xf5,0x43,0xf5,0x4b,0xf5,0x4b,0xf5,0x43,0x15,0x4c,0x15,0x4c,0x15,0x4c,0x15,0x44,0xf5,0x43,0xf5,0x4b,0xf5,0x4b,
0xf5,0x43,0xf4,0x43,0xf4,0x43,0xf5,0x4b,0xf5,0x4b,0xf5,0x4b,0x15,0x4c,0xf5,0x43,0xf5,0x43,0xf5,0x43,0xf5,0x43,0xf5,0x43,
0x15,0x4c,0xf5,0x4b,0xf5,0x43,0xf5,0x4b,0xf5,0x4b,0x15,0x4c,0x15,0x4c,0x15,0x4c,0xf5,0x4b,0xf5,0x4b,0xf5,0x4b,0xf5,0x4b,
0x15,0x4c,0x15,0x4c,0x15,0x4c,0x15,0x4c,0xf4,0x4b,0xf5,0x43,0xf4,0x43,0xf5,0x4b,0x39,0x7c,0x59,0x7c,0x59,0x7c,0xf5,0x4b,
0xf5,0x4b,0x15,0x4c,0x15,0x4c,0x15,0x4c,0xf5,0x4b,0xf5,0x4b,0xf5,0x4b,0xaf,0x22,0x73,0x7b,0x53,0x73,0x0d,0x4a,0xd0,0x62,
0xd0,0x62,0xd0,0x62,0xd0,0x62,0xd0,0x62,0xd0,0x62,0xd0,0x62,0xd0,0x62,0xd0,0x62,0xd0,0x62,0xd0,0x62,0xd0,0x62,0xd0,0x62,
0xd0,0x62,0xd0,0x62,0xd0,0x62,0xb0,0x5a,0x0c,0x4a,0x53,0x73,0x73,0x73,0x73,0x73,0x73,0x73,0x73,0x73,0x6e,0x52,0x73,0x73,
0x73,0x7b,0x73,0x73,0x73,0x73,0x93,0x73,0x93,0x73,0x93,0x7b,0x73,0x73,0x73,0x73,0x73,0x73,0x93,0x7b,0x93,0x7b,0x93,0x7b,
0x73,0x73,0x73,0x73,0x73,0x73,0x93,0x7b,0x6e,0x52,0x73,0x73,0x73,0x73,0x93,0x7b,0xaf,0x2a,0xf4,0x43,0xf5,0x43,0xf5,0x4b,
0x15,0x4c,0x15,0x4c,0xf5,0x4b,0xf5,0x4b,0xf5,0x43,0x59,0x7c,0x59,0x7c,0x59,0x7c,0xf5,0x4b,0xf4,0x43,0xf4,0x43,0xf4,0x43,
0xf5,0x43,0x15,0x4c,0x15,0x4c,0x15,0x4c,0x15,0x4c,0x15,0x4c,0xf5,0x4b,0xf5,0x4b,0x15,0x4c,0xf5,0x43,0xf5,0x43,0xf5,0x4b,
0xf4,0x43,0xf5,0x4b,0xf5,0x4b,0x15,0x4c,0x15,0x4c,0xf5,0x43,0xf5,0x43,0x15,0x4c,0xf5,0x4b,0xf5,0x4b,0xf5,0x43,0xf5,0x43,
0xf5,0x4b,0xf5,0x4b,0xf5,0x43,0xf5,0x4b,0xf5,0x4b,0x15,0x4c,0x15,0x4c,0xf5,0x43,0x15,0x4c,0x15,0x4c,0xf5,0x43,0x15,0x4c,
0x15,0x4c,0xf5,0x43,0x15,0x4c,0x15,0x4c,0x15,0x44,0xf5,0x43,0xf5,0x43,0x15,0x4c,0x15,0x4c,0xf5,0x4b,0x15,0x4c,0xf5,0x43,
0xf5,0x43,0xf4,0x43,0xf5,0x4b,0xf5,0x4b,0x15,0x44,0xf5,0x43,0xf5,0x43,0xf5,0x4b,0xf5,0x4b,0x15,0x4c,0x15,0x4c,0x15,0x4c,
0x15,0x4c,0xf5,0x4b,0x15,0x44,0xf5,0x4b,0xf5,0x4b,0xf5,0x4b,0x15,0x4c,0x15,0x4c,0x15,0x4c,0xf5,0x43,0xf5,0x43,0xf5,0x43,
0xf5,0x4b,0xf4,0x43,0xf4,0x43,0xf5,0x43,0xf4,0x4b,0xf4,0x43,0x15,0x4c,0x15,0x4c,0xf5,0x4b,0xf5,0x4b,0x15,0x4c,0x15,0x44,
0xf5,0x43,0x15,0x4c,0x15,0x44,0xf5,0x43,0x15,0x44,0x15,0x44,0x15,0x4c,0xf5,0x4b,0xf5,0x4b,0x15,0x4c,0xf5,0x4b,0xf5,0x4b,
0xf5,0x4b,0xf5,0x4b,0x15,0x4c,0x15,0x4c,0x15,0x4c,0x15,0x4c,0x15,0x4c,0xf5,0x4b,0xf5,0x4b,0xf5,0x4b,0xf5,0x43,0xf5,0x4b,
0x39,0x7c,0x59,0x7c,0x59,0x7c,0xf5,0x4b,0xf5,0x4b,0x15,0x4c,0xf5,0x4b,0x15,0x4c,0x15,0x4c,0x15,0x4c,0xf4,0x4b,0xaf,0x22,
0x73,0x7b,0x73,0x73,0x73,0x73,0x4e,0x52,0x93,0x7b,0x73,0x73,0x73,0x73,0x73,0x73,0x73,0x73,0x73,0x73,0x73,0x73,0x73,0x73,
0x73,0x73,0x73,0x73,0x73,0x73,0x73,0x73,0x73,0x73,0x73,0x7b,0x73,0x73,0x73,0x73,0x8f,0x5a,0x73,0x73,0x73,0x73,0x73,0x73,
0x73,0x73,0x8f,0x5a,0x52,0x73,0x93,0x7b,0x93,0x7b,0x93,0x7b,0x73,0x73,0x94,0x7b,0x93,0x7b,0x93,0x7b,0x93,0x7b,0x93,0x7b,
0x93,0x7b,0x93,0x7b,0x93,0x7b,0x94,0x7b,0x93,0x7b,0x73,0x7b,0x93,0x7b,0x93,0x73,0x6e,0x5a,0x73,0x73,0x73,0x73,0x93,0x7b,
0xaf,0x2a,0xf5,0x43,0xf4,0x43,0xf5,0x4b,0x15,0x4c,0x15,0x4c,0x15,0x4c,0x15,0x4c,0xf4,0x4b,0x59,0x7c,0x38,0x7c,0x59,0x7c,
0x15,0x4c,0xf5,0x43,0xf4,0x43,0xf5,0x43,0x15,0x4c,0x15,0x4c,0x15,0x4c,0x15,0x44,0xf5,0x43,0x15,0x4c,0x15,0x44,0x15,0x4c,
0x15,0x4c,0x15,0x4c,0x15,0x4c,0xf5,0x4b,0xf5,0x4b,0x15,0x44,0xf5,0x43,0xf5,0x43,0x15,0x4c,0x15,0x4c,0x15,0x4c,0x15,0x4c,
0x15,0x4c,0xf5,0x43,0xf5,0x43,0xf5,0x43,0xf5,0x4b,0xf5,0x43,0xf5,0x4b,0xf5,0x43,0x15,0x4c,0x15,0x4c,0x15,0x4c,0xf5,0x43,
0x15,0x4c,0x15,0x44,0x15,0x4c,0x15,0x44,0x15,0x4c,0x15,0x4c,0x15,0x4c,0x15,0x4c,0x15,0x44,0x15,0x4c,0xf5,0x43,0x15,0x44,
0xf5,0x43,0x15,0x4c,0x15,0x4c,0xf5,0x43,0x15,0x4c,0xf5,0x43,0xf5,0x43,0xf5,0x43,0xf4,0x43,0x15,0x4c,0x15,0x4c,0x15,0x4c,
0x15,0x4c,0x15,0x4c,0xf5,0x4b,0xf5,0x43,0x15,0x4c,0x15,0x4c,0xf5,0x43,0xf5,0x43,0x15,0x4c,0x15,0x4c,0x15,0x4c,0x15,0x4c,
0xf5,0x43,0x15,0x44,0x15,0x44,0x15,0x44,0xf5,0x43,0xf5,0x43,0xf5,0x43,0xf5,0x43,0x15,0x4c,0xf4,0x4b,0x15,0x4c,0x15,0x4c,
0x15,0x4c,0x15,0x44,0x15,0x4c,0xf5,0x43,0x15,0x4c,0x15,0x4c,0x15,0x4c,0x15,0x4c,0x15,0x4c,0xf5,0x43,0x15,0x4c,0x15,0x4c,
0x15,0x4c,0x15,0x4c,0xf5,0x4b,0xf5,0x4b,0x15,0x44,0x15,0x4c,0x15,0x4c,0x15,0x4c,0x15,0x4c,0x15,0x4c,0x15,0x4c,0x15,0x4c,
0xf5,0x4b,0xf4,0x43,0xf5,0x43,0xf5,0x4b,0x58,0x7c,0x59,0x7c,0x39,0x7c,0xf5,0x4b,0x15,0x4c,0xf5,0x4b,0xf4,0x4b,0xf5,0x4b,
0x15,0x4c,0x15,0x4c,0x15,0x4c,0xb0,0x2a,0x73,0x7b,0x93,0x7b,0x93,0x7b,0x4e,0x52,0x94,0x7b,0x73,0x73,0x73,0x73,0x73,0x7b,
0x73,0x7b,0x73,0x7b,0x93,0x7b,0x73,0x7b,0x93,0x73,0x73,0x73,0x73,0x73,0x73,0x7b,0x73,0x7b,0x73,0x7b,0x73,0x73,0x73,0x73,
0x73,0x73,0x8f,0x5a,0x73,0x73,0x53,0x73,0x73,0x73,0x4e,0x52,0x73,0x73,0x93,0x7b,0x93,0x7b,0x93,0x7b,0x93,0x7b,0x93,0x7b,
0x93,0x7b,0x93,0x7b,0x93,0x7b,0x93,0x7b,0x93,0x7b,0x93,0x7b,0x93,0x7b,0x93,0x7b,0x73,0x7b,0x93,0x7b,0x93,0x7b,0x11,0x6b,
0x93,0x7b,0x73,0x73,0x73,0x73,0x93,0x7b,0xaf,0x2a,0xf4,0x43,0x15,0x4c,0x15,0x4c,0x15,0x4c,0x15,0x4c,0x15,0x4c,0xf5,0x4b,
0xf5,0x4b,0x37,0x6c,0x38,0x7c,0x38,0x7c,0x59,0x7c,0xf5,0x43,0xf5,0x43,0xf5,0x4b,0x15,0x4c,0x15,0x4c,0x15,0x4c,0x15,0x4c,
0x15,0x4c,0x15,0x4c,0x15,0x4c,0x15,0x4c,0x15,0x4c,0x15,0x4c,0x15,0x4c,0xf5,0x4b,0xf5,0x4b,0xf5,0x4b,0x15,0x4c,0x15,0x4c,
0x15,0x4c,0xf5,0x4b,0xf5,0x43,0x15,0x4c,0x15,0x4c,0x15,0x4c,0xf5,0x43,0xf4,0x43,0x15,0x4c,0xf5,0x4b,0xf5,0x43,0xf5,0x4b,
0xf5,0x43,0xf5,0x4b,0x15,0x4c,0x15,0x4c,0x15,0x44,0x15,0x4c,0x15,0x44,0xf5,0x43,0x15,0x44,0x15,0x4c,0xf5,0x4b,0xf5,0x4b,
0x15,0x4c,0x15,0x4c,0xf5,0x43,0xf5,0x4b,0xf5,0x4b,0xf5,0x4b,0x15,0x4c,0xf5,0x4b,0x15,0x4c,0xf5,0x4b,0xf5,0x43,0xf4,0x43,
0xf4,0x43,0x15,0x44,0xf5,0x4b,0x15,0x4c,0x15,0x4c,0x15,0x4c,0x15,0x4c,0x15,0x44,0x15,0x4c,0x15,0x44,0x15,0x4c,0x15,0x4c,
0x15,0x4c,0x15,0x4c,0x15,0x4c,0x15,0x4c,0xf5,0x4b,0x15,0x4c,0x15,0x4c,0x15,0x4c,0xf5,0x4b,0xf5,0x4b,0xf5,0x43,0xf5,0x43,
0x15,0x44,0x15,0x4c,0x15,0x4c,0x15,0x4c,0x15,0x4c,0x15,0x4c,0x15,0x44,0x15,0x44,0x15,0x4c,0x15,0x4c,0x15,0x4c,0x15,0x44,
0x15,0x4c,0x15,0x4c,0x15,0x44,0x15,0x4c,0x15,0x4c,0x15,0x4c,0x15,0x4c,0x15,0x4c,0x15,0x4c,0x15,0x4c,0x15,0x4c,0xf5,0x4b,
0x15,0x4c,0x15,0x4c,0x15,0x4c,0xf5,0x4b,0xf5,0x4b,0xf5,0x4b,0xf5,0x4b,0x58,0x74,0x39,0x7c,0x59,0x7c,0xd5,0x4b,0xf5,0x4b,
0xf5,0x4b,0xf5,0x4b,0xf5,0x4b,0x15,0x4c,0xf5,0x4b,0xf5,0x4b,0x15,0x4c,0x8f,0x2a,0x93,0x7b,0x73,0x73,0x73,0x73,0x52,0x73,
0xaf,0x5a,0x73,0x73,0x73,0x7b,0x73,0x7b,0x73,0x7b,0x73,0x7b,0x93,0x7b,0x93,0x7b,0x93,0x7b,0x93,0x7b,0x93,0x73,0x93,0x7b,
0x73,0x73,0x73,0x7b,0x73,0x7b,0x73,0x73,0x73,0x73,0x4e,0x52,0x93,0x7b,0x73,0x73,0x52,0x73,0x74,0x7b,0x73,0x7b,0x73,0x7b,
0x93,0x7b,0x93,0x7b,0x93,0x7b,0x73,0x7b,0x93,0x7b,0x73,0x7b,0x73,0x7b,0x73,0x7b,0x73,0x7b,0x73,0x7b,0x93,0x7b,0x93,0x7b,
0x93,0x7b,0x93,0x7b,0x93,0x7b,0x6e,0x52,0x73,0x73,0x73,0x73,0x73,0x73,0x94,0x7b,0x8f,0x22,0xf4,0x43,0xf5,0x43,0xf5,0x4b,
0x15,0x4c,0x15,0x4c,0xf5,0x43,0x15,0x4c,0xf5,0x4b,0xf5,0x4b,0x39,0x7c,0x59,0x7c,0x59,0x7c,0x39,0x7c,0xf5,0x4b,0xf4,0x43,
0xf5,0x4b,0x15,0x4c,0x15,0x4c,0x15,0x4c,0x15,0x4c,0x15,0x4c,0x15,0x4c,0x15,0x4c,0x15,0x4c,0x15,0x4c,0x15,0x4c,0x15,0x44,
0xf5,0x4b,0x15,0x4c,0x15,0x4c,0x15,0x4c,0x15,0x4c,0x15,0x4c,0xf5,0x43,0xf5,0x43,0x15,0x4c,0x15,0x4c,0x15,0x44,0xf5,0x43,
0x15,0x44,0x15,0x44,0x15,0x4c,0x15,0x44,0x15,0x4c,0x15,0x4c,0x15,0x4c,0x15,0x4c,0x15,0x4c,0x15,0x4c,0x15,0x44,0xf5,0x43,
0x15,0x4c,0xf5,0x4b,0x15,0x4c,0xf5,0x4b,0x15,0x4c,0x15,0x4c,0x15,0x4c,0xf5,0x4b,0xf5,0x43,0x15,0x4c,0xf5,0x4b,0x15,0x4c,
0x15,0x4c,0xf5,0x4b,0x14,0x44,0x15,0x44,0x15,0x44,0x15,0x44,0x15,0x4c,0x15,0x4c,0x15,0x4c,0x15,0x4c,0x15,0x4c,0x15,0x4c,
0x15,0x4c,0xf5,0x43,0x15,0x44,0x15,0x44,0x15,0x44,0x15,0x4c,0x15,0x44,0x15,0x4c,0xf5,0x43,0x15,0x4c,0x15,0x4c,0x15,0x4c,
0x15,0x4c,0x15,0x44,0x15,0x44,0x15,0x4c,0x15,0x4c,0x15,0x44,0x15,0x4c,0x15,0x4c,0x15,0x4c,0x15,0x4c,0x15,0x4c,0x15,0x4c,
0x15,0x4c,0x15,0x4c,0x15,0x4c,0x15,0x44,0x15,0x4c,0xf5,0x4b,0x15,0x4c,0x15,0x4c,0x15,0x4c,0x15,0x4c,0x15,0x4c,0x15,0x4c,
0x15,0x4c,0x15,0x4c,0x15,0x4c,0xf5,0x43,0xf5,0x4b,0xf5,0x4b,0xf5,0x4b,0xf5,0x43,0xf5,0x4b,0xf5,0x4b,0x38,0x7c,0x59,0x7c,
0x59,0x7c,0x59,0x7c,0xf5,0x4b,0xf5,0x4b,0xf5,0x4b,0x15,0x4c,0x15,0x4c,0xf5,0x4b,0xf5,0x4b,0xf4,0x4b,0xf5,0x4b,0x8e,0x2a,
0x94,0x7b,0x73,0x73,0x73,0x7b,0x73,0x73,0x8e,0x5a,0x73,0x73,0x73,0x7b,0x93,0x7b,0x73,0x7b,0x73,0x7b,0x93,0x7b,0x93,0x7b,
0x93,0x7b,0x73,0x73,0x73,0x73,0x93,0x73,0x93,0x7b,0x73,0x7b,0x73,0x7b,0x73,0x7b,0x73,0x73,0x73,0x73,0x4e,0x52,0x73,0x73,
0x4e,0x52,0x73,0x73,0x73,0x7b,0x73,0x7b,0x73,0x7b,0x73,0x7b,0x73,0x7b,0x73,0x7b,0x73,0x7b,0x73,0x7b,0x73,0x7b,0x93,0x7b,
0x93,0x7b,0x93,0x7b,0x93,0x7b,0x73,0x7b,0x73,0x7b,0x73,0x7b,0x4e,0x52,0x73,0x73,0x73,0x7b,0x73,0x7b,0x73,0x73,0x94,0x7b,
0xd0,0x5a,0xaf,0x22,0xf5,0x43,0x15,0x4c,0x15,0x4c,0x15,0x4c,0x15,0x4c,0x15,0x4c,0x15,0x4c,0x15,0x4c,0x15,0x4c,0x99,0x84,
0x59,0x7c,0x59,0x7c,0x59,0x7c,0x16,0x54,0x15,0x4c,0xf5,0x4b,0xf5,0x4b,0x15,0x4c,0x15,0x4c,0xf5,0x4b,0x15,0x4c,0xf5,0x4b,
0xf5,0x4b,0x15,0x4c,0x15,0x4c,0x15,0x4c,0x15,0x4c,0x15,0x4c,0x15,0x4c,0xf5,0x4b,0x15,0x4c,0xf5,0x4b,0x15,0x4c,0x15,0x4c,
0x15,0x4c,0x15,0x44,0x15,0x4c,0x15,0x4c,0xf5,0x43,0x15,0x4c,0x15,0x4c,0x15,0x4c,0x15,0x4c,0x15,0x4c,0x15,0x4c,0x15,0x4c,
0x15,0x4c,0xf5,0x4b,0x15,0x4c,0x15,0x44,0xf5,0x43,0x15,0x4c,0xf5,0x4b,0xf5,0x4b,0xf5,0x4b,0xf4,0x43,0xf5,0x4b,0xf5,0x43,
0xf5,0x43,0xf5,0x43,0x15,0x4c,0x15,0x4c,0xf5,0x43,0x15,0x44,0x15,0x44,0xf5,0x43,0x15,0x4c,0xf4,0x43,0x15,0x4c,0x15,0x4c,
0xf5,0x4b,0x15,0x4c,0x15,0x4c,0x15,0x4c,0x15,0x4c,0xf5,0x43,0x15,0x4c,0xf5,0x43,0xf5,0x43,0xf5,0x43,0x15,0x44,0x15,0x44,
0xf5,0x43,0xf5,0x4b,0x15,0x44,0x15,0x4c,0x15,0x4c,0xf5,0x4b,0x15,0x4c,0xf5,0x4b,0xf5,0x4b,0x15,0x4c,0x15,0x4c,0x15,0x4c,
0x15,0x4c,0x15,0x4c,0x15,0x4c,0x15,0x44,0xf5,0x4b,0xf5,0x4b,0xf5,0x4b,0x15,0x44,0x15,0x4c,0x15,0x4c,0x15,0x4c,0x15,0x4c,
0x15,0x4c,0x15,0x4c,0x15,0x4c,0x15,0x4c,0x15,0x4c,0x15,0x4c,0xf5,0x4b,0x15,0x4c,0xf5,0x4b,0xf5,0x4b,0xf4,0x43,0xf5,0x4b,
0x16,0x5c,0x39,0x7c,0x59,0x7c,0x59,0x7c,0x59,0x7c,0x15,0x4c,0x15,0x4c,0x15,0x4c,0x15,0x4c,0x15,0x4c,0x15,0x4c,0x15,0x4c,
0x15,0x4c,0xf4,0x4b,0x8f,0x22,0xd0,0x62,0x94,0x7b,0x73,0x7b,0x93,0x7b,0x73,0x7b,0x73,0x73,0x4e,0x52,0x73,0x7b,0x73,0x7b,
0x93,0x7b,0x73,0x7b,0x93,0x7b,0x73,0x7b,0x73,0x73,0x73,0x73,0x73,0x73,0x73,0x7b,0x73,0x73,0x73,0x73,0x73,0x7b,0x73,0x7b,
0x73,0x73,0x73,0x7b,0x73,0x7b,0x4e,0x52,0x73,0x73,0x73,0x7b,0x73,0x7b,0x73,0x73,0x73,0x7b,0x73,0x7b,0x73,0x7b,0x73,0x7b,
0x73,0x7b,0x93,0x7b,0x73,0x7b,0x73,0x7b,0x93,0x7b,0x73,0x7b,0x93,0x7b,0x73,0x7b,0x93,0x7b,0x93,0x7b,0x2d,0x4a,0x93,0x7b,
0x93,0x7b,0x73,0x7b,0x93,0x7b,0x73,0x73,0x94,0x7b,0x8f,0x2a,0xf5,0x43,0x15,0x4c,0x15,0x4c,0xf5,0x43,0x15,0x4c,0x15,0x4c,
0x15,0x4c,0x15,0x4c,0x15,0x4c,0x15,0x4c,0xf5,0x43,0x59,0x7c,0x59,0x7c,0x79,0x7c,0x78,0x7c,0xd5,0x4b,0xf4,0x4b,0xf5,0x4b,
0xf5,0x4b,0x15,0x4c,0x15,0x4c,0x15,0x4c,0x15,0x4c,0x15,0x4c,0xf5,0x4b,0x15,0x4c,0x15,0x4c,0x15,0x4c,0xf5,0x4b,0xf5,0x4b,
0x15,0x4c,0x15,0x4c,0x15,0x4c,0x15,0x4c,0x15,0x4c,0x15,0x4c,0x15,0x4c,0x15,0x4c,0x15,0x4c,0x15,0x44,0x15,0x44,0x15,0x4c,
0x15,0x4c,0x15,0x4c,0x15,0x4c,0x15,0x4c,0x15,0x4c,0x15,0x4c,0x15,0x4c,0x15,0x44,0xf5,0x43,0x15,0x4c,0xf5,0x4b,0xf5,0x4b,
0xf5,0x4b,0xf5,0x4b,0xf5,0x4b,0x15,0x4c,0x15,0x4c,0xf5,0x4b,0xf5,0x43,0x15,0x44,0x15,0x44,0xf4,0x43,0xf4,0x43,0xf5,0x43,
0x15,0x44,0x15,0x4c,0x15,0x44,0x15,0x4c,0x15,0x4c,0x15,0x4c,0x15,0x4c,0x15,0x4c,0x15,0x4c,0x15,0x44,0x15,0x44,0x15,0x4c,
0x15,0x44,0x15,0x4c,0xf5,0x43,0x15,0x4c,0x15,0x44,0x15,0x4c,0x15,0x4c,0x15,0x4c,0x15,0x44,0x15,0x44,0x15,0x4c,0x15,0x4c,
0x15,0x4c,0x15,0x4c,0x15,0x4c,0x15,0x4c,0x15,0x4c,0x15,0x4c,0x15,0x4c,0xf5,0x43,0x15,0x4c,0x15,0x4c,0x15,0x4c,0x15,0x4c,
0x15,0x4c,0x15,0x4c,0x15,0x44,0x15,0x4c,0x15,0x4c,0x15,0x4c,0x15,0x4c,0x15,0x4c,0x15,0x4c,0x15,0x4c,0xf5,0x4b,0xf5,0x4b,
0xf5,0x4b,0xf5,0x4b,0xf5,0x4b,0x58,0x7c,0x59,0x7c,0x59,0x7c,0x59,0x7c,0x37,0x64,0x15,0x4c,0x15,0x4c,0x15,0x4c,0x15,0x4c,
0x15,0x4c,0x15,0x4c,0x15,0x4c,0x15,0x4c,0x15,0x4c,0x15,0x4c,0x4e,0x22,0x53,0x7b,0x73,0x7b,0x93,0x7b,0x73,0x7b,0x73,0x7b,
0x73,0x73,0x4d,0x52,0x73,0x7b,0x73,0x7b,0x73,0x7b,0x73,0x7b,0x73,0x7b,0x73,0x7b,0x73,0x7b,0x73,0x7b,0x73,0x7b,0x73,0x7b,
0x73,0x73,0x73,0x7b,0x73,0x7b,0x73,0x7b,0x73,0x7b,0x73,0x7b,0x73,0x73,0x2d,0x52,0x73,0x73,0x73,0x7b,0x73,0x73,0x73,0x73,
0x73,0x73,0x73,0x7b,0x73,0x7b,0x73,0x7b,0x93,0x7b,0x93,0x7b,0x73,0x7b,0x93,0x7b,0x93,0x7b,0x73,0x7b,0x93,0x7b,0x73,0x7b,
0x73,0x73,0xd0,0x62,0x32,0x73,0x94,0x7b,0x93,0x7b,0x93,0x7b,0x93,0x7b,0x93,0x7b,0x93,0x7b,0xb0,0x42,0xd0,0x2a,0xf5,0x4b,
0x15,0x4c,0x15,0x4c,0x15,0x4c,0x15,0x4c,0x15,0x4c,0x15,0x4c,0x15,0x4c,0x15,0x4c,0x15,0x4c,0xf5,0x43,0x59,0x7c,0x59,0x7c,
0x59,0x7c,0x59,0x7c,0x58,0x74,0x16,0x5c,0x16,0x64,0xf5,0x4b,0x15,0x4c,0xf5,0x4b,0x15,0x4c,0x15,0x4c,0x15,0x4c,0x15,0x4c,
0x15,0x4c,0x15,0x4c,0x15,0x4c,0x15,0x4c,0x15,0x4c,0x15,0x44,0x15,0x4c,0x15,0x4c,0x15,0x4c,0x15,0x4c,0x15,0x4c,0x15,0x4c,
0x15,0x4c,0x15,0x4c,0x15,0x4c,0x15,0x4c,0x15,0x4c,0x15,0x4c,0x15,0x4c,0x15,0x4c,0x15,0x4c,0x15,0x4c,0x15,0x4c,0x15,0x4c,
0x15,0x4c,0x15,0x4c,0x15,0x4c,0xf5,0x4b,0x15,0x4c,0xf5,0x4b,0x15,0x4c,0x15,0x4c,0x15,0x4c,0x15,0x4c,0x15,0x44,0x15,0x4c,
0xf5,0x43,0xf5,0x43,0xf5,0x43,0x15,0x44,0xf5,0x43,0x15,0x44,0x15,0x44,0x15,0x4c,0x15,0x4c,0x15,0x4c,0x15,0x4c,0x15,0x4c,
0xf5,0x43,0x15,0x4c,0x15,0x4c,0x15,0x4c,0x15,0x4c,0x15,0x44,0x15,0x44,0x15,0x4c,0xf5,0x43,0x15,0x4c,0x15,0x4c,0x15,0x4c,
0x15,0x44,0x15,0x4c,0x15,0x4c,0x15,0x4c,0x15,0x4c,0x15,0x4c,0x15,0x4c,0x15,0x4c,0x15,0x4c,0x15,0x4c,0x15,0x4c,0x15,0x44,
0x15,0x4c,0x15,0x4c,0x15,0x4c,0x15,0x4c,0x15,0x4c,0x15,0x4c,0x15,0x4c,0x15,0x4c,0x15,0x4c,0x15,0x4c,0x15,0x4c,0x15,0x4c,
0x15,0x4c,0xf5,0x4b,0xf5,0x4b,0x16,0x5c,0x16,0x5c,0x59,0x7c,0x59,0x7c,0x39,0x7c,0x59,0x7c,0x59,0x7c,0xf4,0x4b,0x15,0x4c,
0x15,0x4c,0x15,0x4c,0x15,0x4c,0x15,0x4c,0x15,0x4c,0x15,0x4c,0x15,0x4c,0xf5,0x4b,0xf4,0x4b,0xd0,0x2a,0x90,0x42,0x73,0x73,
0x73,0x7b,0x93,0x7b,0x93,0x7b,0x73,0x7b,0x73,0x7b,0x32,0x73,0x8f,0x5a,0x73,0x7b,0x73,0x7b,0x73,0x7b,0x73,0x7b,0x73,0x7b,
0x73,0x7b,0x73,0x7b,0x73,0x7b,0x73,0x7b,0x73,0x7b,0x73,0x7b,0x73,0x7b,0x73,0x7b,0x73,0x7b,0x73,0x7b,0x73,0x7b,0x32,0x6b,
0x73,0x7b,0x73,0x73,0x73,0x73,0x73,0x73,0x73,0x73,0x73,0x73,0x73,0x7b,0x73,0x7b,0x73,0x73,0x73,0x7b,0x73,0x7b,0x73,0x7b,
0x73,0x7b,0x73,0x73,0x73,0x7b,0x73,0x7b,0x73,0x7b,0x2d,0x52,0x93,0x7b,0x94,0x7b,0x93,0x7b,0x93,0x7b,0x73,0x7b,0x93,0x7b,
0x93,0x7b,0xaf,0x5a,0x6f,0x2a,0x15,0x4c,0x15,0x4c,0xf5,0x4b,0xf4,0x43,0x15,0x4c,0x15,0x4c,0x15,0x4c,0x15,0x4c,0x15,0x4c,
0x15,0x4c,0xf5,0x4b,0x15,0x4c,0x79,0x7c,0x79,0x7c,0x59,0x7c,0x59,0x7c,0x39,0x7c,0x39,0x7c,0x58,0x7c,0x57,0x6c,0xf5,0x4b,
0x15,0x4c,0x15,0x4c,0x15,0x4c,0x15,0x4c,0xf5,0x4b,0xf5,0x4b,0x15,0x4c,0x15,0x4c,0x15,0x4c,0x15,0x44,0x15,0x4c,0x15,0x4c,
0x15,0x4c,0x15,0x4c,0x15,0x4c,0x15,0x4c,0x15,0x4c,0x15,0x4c,0x15,0x4c,0x15,0x4c,0x15,0x4c,0x15,0x4c,0x15,0x4c,0x15,0x4c,
0x15,0x44,0x15,0x44,0x15,0x44,0x15,0x44,0xf4,0x43,0x15,0x4c,0x15,0x4c,0x15,0x4c,0xf5,0x4b,0xf5,0x4b,0x15,0x4c,0x15,0x4c,
0x15,0x4c,0x15,0x4c,0x15,0x4c,0x15,0x44,0x15,0x44,0xf5,0x43,0xf5,0x43,0xf5,0x4b,0x15,0x4c,0xf5,0x43,0x15,0x44,0x15,0x44,
0x15,0x4c,0x15,0x4c,0x15,0x4c,0x15,0x4c,0xf5,0x43,0x15,0x4c,0x15,0x4c,0x15,0x4c,0x15,0x44,0xf5,0x43,0x15,0x4c,0xf5,0x43,
0x15,0x44,0x15,0x4c,0x15,0x4c,0x15,0x4c,0x15,0x4c,0x15,0x4c,0x15,0x4c,0x15,0x4c,0x15,0x4c,0x15,0x4c,0x15,0x4c,0x15,0x4c,
0x15,0x4c,0x15,0x4c,0x15,0x44,0x15,0x4c,0x15,0x4c,0x15,0x4c,0xf4,0x43,0x15,0x44,0xf5,0x4b,0xf5,0x4b,0x15,0x4c,0x15,0x4c,
0x15,0x4c,0x15,0x4c,0x15,0x4c,0x15,0x4c,0x15,0x4c,0x78,0x6c,0x58,0x7c,0x39,0x7c,0x59,0x7c,0x39,0x7c,0x59,0x7c,0x59,0x7c,
0x59,0x84,0x15,0x4c,0x15,0x4c,0x15,0x4c,0x15,0x4c,0x15,0x4c,0x15,0x4c,0x15,0x4c,0xf4,0x4b,0x15,0x4c,0xf5,0x4b,0x15,0x4c,
0xf5,0x4b,0x4e,0x22,0xb0,0x5a,0x93,0x7b,0x73,0x7b,0x73,0x7b,0x73,0x7b,0x73,0x7b,0x73,0x7b,0x73,0x73,0x4e,0x52,0x73,0x7b,
0x73,0x7b,0x73,0x7b,0x73,0x7b,0x73,0x7b,0x73,0x7b,0x73,0x7b,0x73,0x7b,0x73,0x7b,0x73,0x7b,0x93,0x7b,0x73,0x7b,0x73,0x7b,
0x93,0x7b,0x73,0x7b,0x73,0x7b,0x73,0x7b,0x73,0x7b,0x73,0x73,0x73,0x73,0x73,0x73,0x73,0x73,0x73,0x73,0x73,0x73,0x73,0x73,
0x73,0x73,0x73,0x73,0x73,0x73,0x73,0x73,0x73,0x73,0x73,0x73,0x73,0x73,0x73,0x7b,0x73,0x7b,0xaf,0x5a,0x73,0x7b,0x93,0x7b,
0x93,0x7b,0x73,0x7b,0x73,0x7b,0x73,0x7b,0x73,0x7b,0x73,0x73,0xd0,0x62,0xd0,0x2a,0xd4,0x43,0xf4,0x43,0xf5,0x4b,0x15,0x4c,
0x15,0x4c,0x15,0x4c,0x15,0x4c,0x15,0x4c,0x15,0x4c,0x15,0x4c,0x15,0x4c,0x15,0x4c,0xf5,0x4b,0xf5,0x4b,0x38,0x7c,0x38,0x74,
0x59,0x7c,0x39,0x7c,0x59,0x7c,0x59,0x7c,0x59,0x7c,0x15,0x4c,0xf6,0x4b,0xf5,0x4b,0xf5,0x4b,0xf5,0x43,0xf4,0x43,0xf5,0x4b,
0x15,0x4c,0x15,0x4c,0x15,0x4c,0xf5,0x4b,0x15,0x4c,0x15,0x4c,0x15,0x4c,0x15,0x4c,0x15,0x4c,0x15,0x4c,0x15,0x4c,0x15,0x4c,
0x15,0x4c,0x15,0x4c,0x15,0x4c,0x15,0x44,0x15,0x4c,0x15,0x4c,0xf5,0x43,0x15,0x4c,0xf5,0x4b,0xf5,0x4b,0x15,0x4c,0x15,0x4c,
0x15,0x4c,0x15,0x4c,0x15,0x4c,0x15,0x4c,0x15,0x4c,0x15,0x4c,0x15,0x4c,0x15,0x44,0x15,0x4c,0xf5,0x43,0xf5,0x43,0xf5,0x4b,
0x15,0x4c,0xf5,0x43,0x15,0x4c,0x15,0x4c,0x15,0x4c,0x15,0x4c,0x15,0x4c,0x15,0x4c,0x15,0x4c,0x15,0x4c,0x15,0x4c,0x15,0x44,
0x15,0x44,0x15,0x44,0x15,0x44,0x15,0x44,0xf5,0x4b,0xf5,0x43,0x15,0x4c,0x15,0x4c,0x15,0x4c,0x15,0x4c,0x15,0x4c,0x15,0x4c,
0x15,0x4c,0x15,0x4c,0x15,0x4c,0x15,0x4c,0x15,0x4c,0x15,0x4c,0x15,0x4c,0x15,0x44,0x15,0x44,0x15,0x4c,0x15,0x4c,0x15,0x4c,
0x15,0x4c,0x15,0x4c,0x15,0x4c,0x15,0x4c,0x17,0x5c,0x37,0x64,0x37,0x64,0x59,0x7c,0x59,0x7c,0x59,0x7c,0x59,0x7c,0x39,0x7c,
0x38,0x74,0x59,0x7c,0xf5,0x4b,0xf5,0x4b,0x15,0x4c,0x15,0x4c,0x15,0x4c,0x15,0x4c,0x15,0x4c,0x15,0x4c,0x15,0x4c,0x15,0x4c,
0x15,0x4c,0x15,0x4c,0xd4,0x43,0xf4,0x4b,0xd0,0x2a,0xd0,0x62,0x73,0x73,0x73,0x7b,0x73,0x7b,0x73,0x7b,0x93,0x7b,0x73,0x7b,
0x73,0x7b,0x73,0x73,0x11,0x6b,0x73,0x7b,0x73,0x73,0x73,0x7b,0x73,0x7b,0x73,0x7b,0x73,0x7b,0x73,0x7b,0x73,0x7b,0x73,0x7b,
0x73,0x7b,0x73,0x7b,0x73,0x7b,0x73,0x7b,0x73,0x7b,0x73,0x7b,0x73,0x7b,0x93,0x7b,0x11,0x6b,0x11,0x6b,0x11,0x6b,0x11,0x6b,
0x11,0x6b,0x11,0x6b,0x11,0x6b,0xf1,0x6a,0xf1,0x6a,0xf1,0x6a,0xf1,0x6a,0xf1,0x62,0xf1,0x6a,0xf1,0x6a,0xf1,0x6a,0xf1,0x6a,
0x4e,0x52,0x73,0x7b,0x73,0x7b,0x93,0x7b,0x73,0x7b,0x73,0x7b,0x73,0x7b,0x73,0x7b,0x73,0x7b,0x93,0x7b,0x94,0x7b,0xcf,0x62,
0xaf,0x2a,0xd0,0x2a,0xf5,0x4b,0x15,0x4c,0x15,0x4c,0x15,0x4c,0x15,0x4c,0x15,0x4c,0x15,0x4c,0x15,0x4c,0x15,0x4c,0x15,0x4c,
0x15,0x4c,0x15,0x4c,0x15,0x4c,0x15,0x4c,0x15,0x4c,0x38,0x7c,0x58,0x7c,0x59,0x7c,0x39,0x7c,0x38,0x74,0x59,0x7c,0x59,0x7c,
0x59,0x7c,0x59,0x7c,0x59,0x7c,0x78,0x74,0xf5,0x4b,0xf5,0x4b,0xf4,0x4b,0x15,0x4c,0x15,0x4c,0x15,0x4c,0x15,0x4c,0x15,0x4c,
0x15,0x4c,0x15,0x4c,0xf5,0x4b,0x15,0x44,0x15,0x4c,0x15,0x4c,0x15,0x4c,0x15,0x4c,0x15,0x4c,0x15,0x4c,0xf5,0x43,0xf5,0x43,
0xf5,0x43,0xf5,0x4b,0x15,0x4c,0x15,0x4c,0x15,0x4c,0x15,0x4c,0x15,0x4c,0x15,0x4c,0x15,0x4c,0x15,0x4c,0x15,0x4c,0x15,0x4c,
0x15,0x4c,0x15,0x44,0x15,0x4c,0x15,0x4c,0x15,0x4c,0x15,0x4c,0x15,0x4c,0x15,0x4c,0x15,0x4c,0x15,0x4c,0x15,0x4c,0x15,0x4c,
0x15,0x4c,0x15,0x4c,0x15,0x4c,0x15,0x4c,0x15,0x4c,0xf5,0x4b,0x15,0x4c,0x15,0x4c,0x15,0x4c,0xf4,0x43,0x15,0x4c,0x15,0x4c,
0x15,0x4c,0x15,0x4c,0x15,0x4c,0x15,0x4c,0xf5,0x4b,0x15,0x4c,0x15,0x4c,0x15,0x4c,0x15,0x4c,0x15,0x4c,0xf5,0x43,0xf5,0x43,
0xf5,0x4b,0x15,0x4c,0x15,0x4c,0x15,0x4c,0x15,0x4c,0x59,0x7c,0x59,0x7c,0x59,0x7c,0x39,0x7c,0x59,0x7c,0x59,0x7c,0x38,0x7c,
0x59,0x7c,0x59,0x7c,0x59,0x7c,0x15,0x4c,0xf5,0x4b,0x15,0x4c,0x15,0x4c,0x15,0x4c,0x15,0x4c,0x15,0x4c,0x15,0x4c,0x15,0x4c,
0x15,0x4c,0x15,0x4c,0x15,0x4c,0x15,0x4c,0x15,0x4c,0x15,0x4c,0xd0,0x2a,0x2d,0x1a,0x90,0x5a,0x93,0x7b,0x73,0x7b,0x73,0x7b,
0x73,0x7b,0x73,0x7b,0x73,0x7b,0x73,0x7b,0x73,0x7b,0x73,0x7b,0x73,0x7b,0x4d,0x52,0x73,0x7b,0x73,0x7b,0x73,0x7b,0x93,0x7b,
0x73,0x7b,0x73,0x7b,0x73,0x73,0x73,0x7b,0x73,0x7b,0x73,0x7b,0x73,0x7b,0x73,0x7b,0x73,0x7b,0x93,0x7b,0x93,0x7b,0x93,0x7b,
0x93,0x7b,0x93,0x7b,0x73,0x7b,0x93,0x7b,0x73,0x7b,0x73,0x7b,0x93,0x7b,0x73,0x7b,0x73,0x7b,0x73,0x7b,0x73,0x7b,0x73,0x7b,
0x93,0x7b,0x93,0x7b,0x73,0x7b,0x32,0x6b,0x53,0x73,0x73,0x7b,0x73,0x7b,0x73,0x7b,0x73,0x7b,0x73,0x7b,0x73,0x7b,0x93,0x7b,
0x93,0x7b,0x93,0x7b,0x93,0x7b,0x94,0x7b,0xcf,0x62,0xcf,0x5a,0x8f,0x2a,0x11,0x33,0x15,0x4c,0x15,0x4c,0x15,0x4c,0x15,0x4c,
0x15,0x4c,0x15,0x4c,0x15,0x4c,0x15,0x4c,0x15,0x4c,0x15,0x4c,0x15,0x4c,0x15,0x4c,0x15,0x4c,0x15,0x4c,0x15,0x4c,0x15,0x4c,
0x39,0x7c,0x59,0x7c,0x39,0x7c,0x59,0x7c,0x59,0x7c,0x39,0x7c,0x59,0x7c,0x59,0x7c,0x59,0x7c,0x59,0x7c,0x59,0x7c,0x59,0x7c,
0xf6,0x53,0x15,0x4c,0x15,0x4c,0x15,0x4c,0x15,0x4c,0xf5,0x4b,0xf5,0x43,0x15,0x44,0xf5,0x43,0xf5,0x43,0x15,0x4c,0x15,0x4c,
0xf4,0x43,0xf5,0x4b,0xf5,0x43,0xf5,0x43,0xf5,0x4b,0x15,0x4c,0x15,0x4c,0x15,0x4c,0x15,0x4c,0x15,0x4c,0x15,0x4c,0x15,0x4c,
0x15,0x4c,0x15,0x4c,0x15,0x4c,0x15,0x4c,0x15,0x44,0x15,0x44,0x15,0x44,0x15,0x4c,0x15,0x4c,0x15,0x4c,0x15,0x4c,0x15,0x4c,
0x15,0x4c,0x15,0x4c,0x15,0x4c,0x15,0x4c,0x15,0x4c,0x15,0x4c,0x15,0x4c,0x15,0x4c,0x15,0x4c,0x15,0x4c,0x15,0x4c,0x15,0x4c,
0x15,0x4c,0xf5,0x4b,0x15,0x4c,0x15,0x4c,0x15,0x4c,0x15,0x4c,0x15,0x4c,0x15,0x4c,0x15,0x4c,0x15,0x4c,0x15,0x4c,0x15,0x4c,
0x15,0x4c,0x15,0x4c,0xf5,0x43,0xd4,0x43,0x59,0x7c,0x59,0x7c,0x39,0x7c,0x59,0x7c,0x59,0x7c,0x59,0x7c,0x59,0x7c,0x59,0x7c,
0x59,0x7c,0x59,0x7c,0x59,0x7c,0xf6,0x53,0xf5,0x4b,0x15,0x4c,0x15,0x4c,0x15,0x4c,0x15,0x4c,0x15,0x4c,0x15,0x4c,0x15,0x4c,
0x15,0x4c,0x15,0x4c,0x15,0x4c,0x15,0x4c,0x15,0x4c,0x15,0x4c,0x15,0x4c,0x15,0x4c,0xd0,0x2a,0xaf,0x2a,0xaf,0x5a,0xaf,0x5a,
0x11,0x6b,0x12,0x6b,0x32,0x6b,0x32,0x6b,0x32,0x6b,0x12,0x6b,0x12,0x6b,0x12,0x6b,0x32,0x6b,0x32,0x6b,0x12,0x6b,0x32,0x6b,
0x6e,0x52,0x93,0x7b,0x73,0x7b,0x73,0x7b,0x73,0x7b,0x93,0x7b,0x73,0x7b,0x73,0x7b,0x73,0x7b,0x73,0x7b,0x73,0x7b,0x73,0x7b,
0x73,0x7b,0x93,0x7b,0x93,0x7b,0x73,0x7b,0x94,0x7b,0x93,0x7b,0x93,0x7b,0x93,0x7b,0x93,0x7b,0x93,0x7b,0x93,0x7b,0x93,0x7b,
0x73,0x7b,0x93,0x7b,0x73,0x7b,0x93,0x7b,0x93,0x7b,0x93,0x7b,0x93,0x7b,0x4e,0x52,0x32,0x73,0x12,0x6b,0x32,0x6b,0x32,0x6b,
0x32,0x6b,0x32,0x6b,0x32,0x73,0x32,0x73,0x32,0x73,0x32,0x73,0x32,0x6b,0x52,0x73,0x32,0x73,0xf0,0x6a,0xaf,0x52,0x6e,0x2a,
0xd0,0x2a,0x31,0x33,0xf4,0x43,0xf5,0x4b,0x15,0x4c,0x15,0x4c,0x15,0x4c,0x15,0x4c,0x15,0x4c,0x15,0x4c,0x15,0x4c,0x15,0x4c,
0x15,0x4c,0x15,0x4c,0x15,0x4c,0x15,0x4c,0x15,0x4c,0x15,0x4c,0xf5,0x4b,0xf6,0x53,0x15,0x4c,0xf5,0x4b,0xf5,0x53,0x59,0x7c,
0x59,0x7c,0x59,0x7c,0x59,0x7c,0x59,0x7c,0x59,0x7c,0x59,0x7c,0x59,0x7c,0x59,0x7c,0x59,0x7c,0x79,0x7c,0x79,0x7c,0xf5,0x4b,
0xf5,0x4b,0xf5,0x4b,0xf5,0x4b,0xf5,0x4b,0xf5,0x4b,0xf5,0x4b,0xf5,0x4b,0xf5,0x4b,0xf5,0x4b,0x15,0x4c,0x15,0x4c,0xf5,0x4b,
0x15,0x4c,0x15,0x4c,0x15,0x4c,0x15,0x4c,0x15,0x4c,0x15,0x4c,0x15,0x4c,0x15,0x4c,0x15,0x44,0xf5,0x43,0x15,0x4c,0x15,0x4c,
0x15,0x4c,0xf5,0x4b,0x15,0x4c,0x15,0x4c,0x15,0x4c,0x15,0x4c,0x15,0x4c,0x15,0x4c,0x15,0x4c,0x15,0x4c,0x15,0x4c,0x15,0x4c,
0x15,0x4c,0x15,0x4c,0x15,0x4c,0xf5,0x4b,0x15,0x4c,0x15,0x4c,0x15,0x54,0x15,0x54,0x15,0x4c,0x15,0x54,0x15,0x4c,0x15,0x4c,
0x15,0x54,0x59,0x7c,0x59,0x7c,0x59,0x7c,0x59,0x7c,0x59,0x7c,0x59,0x7c,0x59,0x7c,0x39,0x7c,0x39,0x7c,0x39,0x7c,0x59,0x7c,
0x59,0x7c,0xf5,0x43,0xf5,0x4b,0xf5,0x4b,0xf5,0x4b,0x15,0x4c,0xf5,0x4b,0x15,0x4c,0x15,0x4c,0x15,0x4c,0x15,0x4c,0x15,0x4c,
0x15,0x4c,0x15,0x4c,0x15,0x4c,0x15,0x4c,0x15,0x4c,0x15,0x4c,0x15,0x4c,0x15,0x4c,0x15,0x4c,0xf5,0x4b,0x11,0x33,0xb0,0x2a,
0xf0,0x52,0xcf,0x62,0x53,0x73,0x93,0x7b,0x73,0x7b,0x73,0x7b,0x93,0x7b,0x93,0x7b,0x93,0x7b,0x93,0x7b,0x73,0x7b,0x73,0x7b,
0x93,0x7b,0x73,0x7b,0x73,0x7b,0x94,0x7b,0x6e,0x52,0x32,0x6b,0x32,0x6b,0x32,0x6b,0x32,0x6b,0x32,0x6b,0x32,0x73,0x32,0x6b,
0x32,0x6b,0x32,0x73,0x32,0x6b,0x32,0x6b,0x32,0x6b,0x32,0x6b,0x32,0x6b,0x12,0x6b,0x93,0x7b,0x93,0x7b,0x93,0x7b,0x93,0x7b,
0x93,0x7b,0x93,0x7b,0x93,0x7b,0x93,0x7b,0x93,0x7b,0x93,0x7b,0x93,0x7b,0x93,0x7b,0x93,0x7b,0x94,0x7b,0x52,0x73,0x94,0x7b,
0x94,0x7b,0x93,0x7b,0x93,0x7b,0x94,0x7b,0x93,0x7b,0x93,0x7b,0x94,0x7b,0x93,0x7b,0x93,0x7b,0x93,0x7b,0x93,0x7b,0x94,0x7b,
0x73,0x7b,0x93,0x7b,0x93,0x7b,0xd0,0x62,0x8f,0x3a,0xd0,0x2a,0xd0,0x2a,0x11,0x33,0xf5,0x4b,0xf5,0x4b,0x15,0x4c,0x15,0x4c,
0x15,0x4c,0x15,0x4c,0x15,0x4c,0x15,0x4c,0x15,0x4c,0x15,0x4c,0x15,0x4c,0x15,0x4c,0x15,0x4c,0x15,0x4c,0x15,0x4c,0x15,0x4c,
0x15,0x4c,0x15,0x4c,0x15,0x4c,0x15,0x4c,0x15,0x4c,0x15,0x4c,0x15,0x4c,0x15,0x4c,0x39,0x7c,0x59,0x7c,0x58,0x7c,0x59,0x7c,
0x59,0x7c,0x59,0x7c,0x59,0x7c,0x59,0x7c,0x59,0x7c,0x59,0x7c,0x59,0x7c,0x59,0x7c,0x59,0x7c,0x59,0x7c,0x59,0x7c,0x59,0x7c,
0x59,0x7c,0x59,0x84,0x59,0x7c,0x59,0x7c,0x59,0x7c,0x59,0x7c,0x79,0x7c,0x79,0x7c,0x59,0x7c,0x59,0x7c,0x59,0x7c,0x59,0x7c,
0x59,0x7c,0x59,0x7c,0x59,0x7c,0x59,0x7c,0x59,0x7c,0x59,0x7c,0x59,0x7c,0x59,0x7c,0x59,0x7c,0x59,0x7c,0x59,0x7c,0x59,0x7c,
0x59,0x7c,0x59,0x7c,0x59,0x7c,0x59,0x7c,0x59,0x7c,0x59,0x7c,0x59,0x84,0x59,0x7c,0x59,0x7c,0x59,0x7c,0x59,0x7c,0x59,0x7c,
0x59,0x7c,0x59,0x7c,0x59,0x7c,0x59,0x7c,0x59,0x7c,0x39,0x7c,0x58,0x7c,0x59,0x7c,0x59,0x7c,0x39,0x7c,0x59,0x7c,0x59,0x7c,
0x15,0x44,0x15,0x4c,0x15,0x4c,0x15,0x4c,0x15,0x4c,0xf5,0x4b,0xf5,0x4b,0x15,0x4c,0x15,0x4c,0x15,0x4c,0x15,0x4c,0x15,0x4c,
0x15,0x4c,0x15,0x4c,0x15,0x4c,0x15,0x4c,0x15,0x4c,0x15,0x4c,0x15,0x4c,0x15,0x4c,0x15,0x4c,0x15,0x4c,0x15,0x4c,0x93,0x43,
0xf1,0x2a,0xd0,0x2a,0x8e,0x22,0x6f,0x32,0x11,0x63,0x93,0x7b,0x93,0x7b,0x93,0x7b,0x93,0x7b,0x93,0x7b,0x93,0x7b,0x93,0x7b,
0x93,0x7b,0x93,0x7b,0x93,0x7b,0x73,0x7b,0x93,0x7b,0x93,0x7b,0x94,0x7b,0x93,0x7b,0x93,0x7b,0x2e,0x52,0x73,0x7b,0x73,0x7b,
0x93,0x7b,0x93,0x7b,0x93,0x7b,0x93,0x7b,0x93,0x7b,0x93,0x7b,0x93,0x7b,0x93,0x7b,0x73,0x7b,0x73,0x7b,0x73,0x7b,0x73,0x7b,
0x73,0x7b,0x93,0x7b,0x93,0x7b,0x93,0x7b,0x93,0x7b,0x93,0x7b,0x93,0x7b,0x93,0x7b,0x93,0x7b,0x93,0x7b,0x93,0x7b,0x93,0x7b,
0x94,0x7b,0x93,0x7b,0x4e,0x52,0x93,0x7b,0x94,0x7b,0x94,0x7b,0x93,0x7b,0x94,0x7b,0x93,0x7b,0x93,0x7b,0x94,0x7b,0x93,0x7b,
0x93,0x7b,0x93,0x7b,0x93,0x7b,0x93,0x7b,0x93,0x7b,0x93,0x7b,0x94,0x7b,0x94,0x7b,0x72,0x73,0x4e,0x1a,0xaf,0x22,0xaf,0x22,
0xd0,0x2a,0x73,0x3b,0x72,0x3b,0xf5,0x4b,0x15,0x4c,0x15,0x4c,0x15,0x4c,0x15,0x4c,0x15,0x4c,0x15,0x4c,0x15,0x4c,0x15,0x4c,
0x15,0x4c,0x15,0x4c,0x15,0x4c,0x15,0x4c,0x15,0x4c,0x15,0x4c,0x15,0x4c,0x15,0x4c,0x15,0x4c,0x15,0x4c,0x15,0x4c,0x15,0x4c,
0xf5,0x4b,0x15,0x4c,0xf5,0x4b,0x15,0x4c,0xf5,0x4b,0xf5,0x4b,0xf5,0x4b,0x59,0x7c,0x59,0x7c,0x59,0x7c,0x59,0x7c,0x59,0x7c,
0x59,0x7c,0x59,0x7c,0x59,0x7c,0x59,0x7c,0x59,0x7c,0x39,0x7c,0x59,0x7c,0x59,0x7c,0x59,0x7c,0x59,0x7c,0x59,0x7c,0x59,0x7c,
0x59,0x7c,0x59,0x7c,0x59,0x7c,0x59,0x7c,0x59,0x7c,0x59,0x7c,0x39,0x7c,0x59,0x7c,0x59,0x7c,0x59,0x7c,0x59,0x7c,0x59,0x7c,
0x59,0x7c,0x39,0x7c,0x59,0x7c,0x59,0x7c,0x59,0x7c,0x59,0x7c,0x59,0x7c,0x59,0x7c,0x59,0x7c,0x59,0x7c,0x59,0x7c,0x59,0x7c,
0x59,0x7c,0x59,0x7c,0x59,0x7c,0x59,0x7c,0x59,0x7c,0x39,0x7c,0x59,0x7c,0x59,0x7c,0x59,0x7c,0x15,0x4c,0xf5,0x4b,0x15,0x4c,
0x15,0x4c,0x15,0x4c,0x15,0x4c,0x15,0x4c,0x15,0x4c,0x15,0x4c,0x15,0x4c,0x15,0x4c,0x15,0x4c,0x15,0x4c,0x15,0x4c,0x15,0x4c,
0x15,0x4c,0x15,0x4c,0x15,0x4c,0x15,0x4c,0x15,0x4c,0x15,0x4c,0x15,0x4c,0x15,0x4c,0x15,0x4c,0x15,0x4c,0x15,0x4c,0x15,0x4c,
0x15,0x4c,0x32,0x33,0x52,0x3b,0xd0,0x2a,0xaf,0x2a,0xaf,0x22,0x4e,0x1a,0x52,0x73,0x93,0x7b,0x93,0x7b,0x93,0x7b,0x93,0x7b,
0x93,0x7b,0x93,0x7b,0x93,0x7b,0x93,0x7b,0x93,0x7b,0x93,0x7b,0x93,0x7b,0x93,0x7b,0x93,0x7b,0x93,0x7b,0x93,0x7b,0x93,0x7b,
0x93,0x7b,0x4d,0x52,0x73,0x7b,0x93,0x7b,0x73,0x7b,0x93,0x7b,0x93,0x7b,0x93,0x7b,0x94,0x7b,0x94,0x7b,0x93,0x7b,0x93,0x7b,
0x93,0x7b,0x93,0x7b,0x73,0x7b,0x73,0x7b,0x93,0x7b,0x93,0x7b,0x93,0x7b,0x93,0x7b,0x93,0x7b,0x93,0x7b,0x93,0x7b,0x93,0x7b,
0x93,0x7b,0x94,0x7b,0x93,0x7b,0x93,0x7b,0x94,0x7b,0xf4,0x83,0x0d,0x4a,0x94,0x7b,0x93,0x7b,0x94,0x7b,0x94,0x7b,0x94,0x7b,
0x94,0x7b,0x94,0x7b,0x94,0x7b,0x94,0x7b,0x93,0x7b,0x93,0x7b,0x94,0x7b,0x93,0x7b,0x93,0x7b,0x93,0x7b,0x93,0x7b,0x94,0x7b,
0x93,0x7b,0x93,0x7b,0xf0,0x62,0xd0,0x62,0xaf,0x2a,0x8f,0x22,0x8f,0x22,0x8f,0x22,0x8f,0x22,0xf4,0x4b,0xf5,0x4b,0xf4,0x43,
0xf4,0x4b,0x15,0x4c,0x15,0x4c,0x15,0x4c,0x35,0x4c,0x15,0x4c,0x15,0x4c,0x15,0x4c,0x15,0x4c,0x15,0x4c,0x15,0x4c,0x15,0x4c,
0x15,0x4c,0x15,0x4c,0x15,0x4c,0x15,0x4c,0x15,0x4c,0x15,0x4c,0x15,0x4c,0x15,0x4c,0x15,0x4c,0x15,0x4c,0x15,0x4c,0x15,0x4c,
0xf5,0x4b,0x15,0x4c,0x15,0x4c,0x15,0x4c,0x15,0x4c,0x15,0x4c,0x15,0x4c,0x15,0x4c,0x16,0x54,0x59,0x7c,0x59,0x7c,0x59,0x7c,
0x59,0x7c,0x59,0x7c,0x59,0x7c,0x79,0x84,0x59,0x84,0x59,0x7c,0x79,0x84,0x79,0x84,0x79,0x7c,0x59,0x7c,0x59,0x7c,0x59,0x7c,
0x59,0x7c,0x79,0x7c,0x59,0x7c,0x59,0x7c,0x59,0x7c,0x59,0x7c,0x59,0x7c,0x59,0x84,0x59,0x7c,0x59,0x7c,0x59,0x7c,0x59,0x7c,
0x59,0x7c,0x59,0x7c,0x59,0x7c,0x79,0x7c,0x15,0x4c,0x15,0x4c,0x15,0x4c,0x15,0x4c,0x15,0x4c,0x15,0x4c,0x15,0x4c,0x15,0x4c,
0x15,0x4c,0x15,0x4c,0x15,0x4c,0x15,0x4c,0x15,0x4c,0x15,0x4c,0x15,0x4c,0x15,0x4c,0x15,0x4c,0x15,0x4c,0x15,0x4c,0x15,0x4c,
0x15,0x4c,0x15,0x4c,0x15,0x4c,0x15,0x4c,0x15,0x4c,0x15,0x4c,0x15,0x4c,0x15,0x4c,0x15,0x4c,0x15,0x4c,0x15,0x4c,0x15,0x4c,
0x15,0x4c,0x15,0x4c,0xf4,0x43,0x8f,0x22,0x8f,0x22,0x8f,0x22,0x8f,0x22,0xd0,0x52,0xd0,0x62,0x2d,0x52,0x93,0x7b,0x93,0x7b,
0x93,0x7b,0x93,0x7b,0x93,0x7b,0x93,0x7b,0x93,0x7b,0x93,0x7b,0x93,0x7b,0x93,0x7b,0x93,0x7b,0x94,0x7b,0x93,0x7b,0x93,0x7b,
0x93,0x7b,0x93,0x7b,0x93,0x7b,0x94,0x7b,0x94,0x7b,0x6e,0x52,0xb4,0x7b,0x73,0x7b,0x93,0x7b,0x93,0x7b,0x93,0x7b,0x93,0x7b,
0x93,0x7b,0x94,0x7b,0x93,0x7b,0x93,0x7b,0x94,0x7b,0x93,0x7b,0x93,0x7b,0x93,0x7b,0x93,0x7b,0x93,0x7b,0x93,0x7b,0x93,0x7b,
0x93,0x7b,0x93,0x7b,0x93,0x7b,0x93,0x7b,0x93,0x7b,0x93,0x7b,0x93,0x7b,0x93,0x7b,0x93,0x7b,0x6e,0x52,0x94,0x7b,0x94,0x7b,
0x94,0x7b,0x94,0x7b,0x93,0x7b,0x94,0x7b,0x93,0x7b,0x94,0x7b,0x94,0x7b,0x94,0x7b,0x94,0x7b,0x94,0x7b,0x94,0x7b,0x94,0x7b,
0x94,0x7b,0x93,0x7b,0x93,0x7b,0x93,0x7b,0x93,0x7b,0x93,0x7b,0x6e,0x52,0x73,0x7b,0x93,0x7b,0xf0,0x62,0xaf,0x5a,0x8e,0x1a,
0xaf,0x22,0x8f,0x22,0xb0,0x2a,0xd0,0x2a,0xb0,0x2a,0xf5,0x4b,0x15,0x4c,0x15,0x4c,0x15,0x4c,0x15,0x4c,0x35,0x4c,0x15,0x4c,
0x15,0x4c,0x15,0x4c,0x15,0x4c,0x15,0x4c,0x15,0x4c,0x15,0x4c,0x15,0x4c,0x15,0x4c,0x15,0x4c,0x15,0x4c,0x15,0x4c,0x15,0x4c,
0x15,0x4c,0x15,0x4c,0x15,0x4c,0x15,0x4c,0x15,0x4c,0x15,0x4c,0x15,0x4c,0x15,0x4c,0x15,0x4c,0x15,0x4c,0xf5,0x4b,0x15,0x4c,
0xf5,0x4b,0xf5,0x43,0x15,0x4c,0x15,0x4c,0x15,0x4c,0x15,0x4c,0x15,0x4c,0x15,0x4c,0x15,0x4c,0x15,0x4c,0x15,0x4c,0x15,0x4c,
0xf5,0x4b,0xf5,0x4b,0xf5,0x4b,0xf5,0x4b,0xf4,0x43,0xf5,0x43,0xf5,0x43,0x15,0x4c,0x15,0x4c,0x15,0x4c,0x15,0x4c,0x15,0x4c,
0x15,0x4c,0x15,0x4c,0x15,0x4c,0x15,0x4c,0x15,0x4c,0x15,0x4c,0x15,0x4c,0x15,0x4c,0x15,0x4c,0x15,0x4c,0x15,0x4c,0x15,0x4c,
0x15,0x4c,0x15,0x4c,0x15,0x4c,0x15,0x4c,0x15,0x4c,0x15,0x4c,0x15,0x4c,0x15,0x4c,0x15,0x4c,0x15,0x4c,0x15,0x4c,0x15,0x4c,
0x15,0x4c,0x15,0x4c,0x15,0x4c,0x15,0x4c,0x15,0x4c,0x15,0x4c,0x15,0x4c,0x15,0x4c,0x15,0x4c,0x15,0x4c,0x15,0x4c,0x15,0x4c,
0x15,0x4c,0x15,0x4c,0x15,0x4c,0xd0,0x2a,0xd0,0x2a,0xf1,0x32,0x8f,0x2a,0x8e,0x22,0x8e,0x22,0xcf,0x62,0xcf,0x62,0x94,0x7b,
0x93,0x7b,0x4e,0x52,0x73,0x7b,0x93,0x7b,0x93,0x7b,0x93,0x7b,0x93,0x7b,0x93,0x7b,0x93,0x7b,0x93,0x7b,0x93,0x7b,0x93,0x7b,
0x93,0x7b,0x94,0x7b,0x94,0x7b,0x93,0x7b,0x93,0x7b,0x93,0x7b,0x93,0x7b,0x93,0x7b,0x93,0x7b,0xb4,0x7b,0x6e,0x5a,0x93,0x7b,
0x93,0x7b,0x93,0x7b,0x93,0x7b,0x94,0x7b,0x94,0x7b,0x94,0x7b,0x93,0x7b,0x93,0x7b,0x93,0x7b,0x93,0x7b,0x94,0x7b,0x94,0x7b,
0x93,0x7b,0x93,0x7b,0x93,0x7b,0x93,0x7b,0x93,0x7b,0x93,0x7b,0x93,0x7b,0x93,0x7b,0x93,0x7b,0x93,0x7b,0x93,0x7b,0x93,0x7b,
0x73,0x7b,0xd0,0x62,0x94,0x7b,0x94,0x7b,0x94,0x7b,0x94,0x7b,0x94,0x7b,0x93,0x7b,0x93,0x7b,0x93,0x7b,0x94,0x7b,0x94,0x7b,
0x94,0x7b,0x93,0x7b,0x94,0x7b,0x93,0x7b,0x93,0x7b,0x93,0x7b,0x93,0x7b,0x93,0x7b,0x93,0x7b,0x72,0x73,0x52,0x73,0x73,0x7b,
0x93,0x7b,0x93,0x7b,0x73,0x7b,0x94,0x7b,0x94,0x7b,0x4e,0x22,0x8f,0x2a,0xd0,0x2a,0x8e,0x2a,0xaf,0x2a,0xd0,0x2a,0xd0,0x2a,
0xaf,0x2a,0x15,0x4c,0x15,0x4c,0x15,0x4c,0x15,0x4c,0x15,0x4c,0x15,0x4c,0x15,0x4c,0x15,0x4c,0x15,0x4c,0x15,0x4c,0x15,0x4c,
0x15,0x4c,0x15,0x4c,0x15,0x4c,0x15,0x4c,0x15,0x4c,0x15,0x4c,0x15,0x4c,0x15,0x4c,0x15,0x4c,0x15,0x4c,0x15,0x4c,0x15,0x4c,
0x15,0x4c,0x15,0x4c,0x15,0x4c,0x15,0x4c,0xf5,0x43,0x15,0x4c,0x15,0x4c,0x15,0x4c,0x15,0x4c,0x15,0x4c,0x15,0x4c,0x15,0x4c,
0x15,0x4c,0x15,0x4c,0x15,0x4c,0x15,0x4c,0x15,0x4c,0x15,0x4c,0x15,0x44,0x15,0x4c,0x15,0x4c,0x15,0x4c,0x15,0x4c,0x15,0x4c,
0x15,0x4c,0x15,0x4c,0x15,0x4c,0x15,0x4c,0x15,0x4c,0x15,0x4c,0x15,0x4c,0x15,0x4c,0x15,0x4c,0x15,0x4c,0x15,0x4c,0x15,0x4c,
0x15,0x4c,0x15,0x4c,0x15,0x4c,0x15,0x4c,0x15,0x4c,0x15,0x4c,0x15,0x4c,0x15,0x4c,0x15,0x4c,0x15,0x4c,0x15,0x4c,0x15,0x4c,
0x15,0x4c,0x15,0x4c,0x15,0x4c,0x15,0x4c,0x15,0x4c,0x15,0x4c,0x15,0x4c,0x15,0x4c,0x15,0x4c,0x15,0x4c,0x15,0x4c,0x15,0x4c,
0x15,0x4c,0x15,0x4c,0x15,0x4c,0x11,0x33,0xd0,0x2a,0xd0,0x2a,0xd0,0x2a,0xb0,0x32,0x8e,0x22,0xaf,0x2a,0x4f,0x2a,0x94,0x7b,
0xb4,0x7b,0x94,0x7b,0x93,0x7b,0x93,0x7b,0x93,0x7b,0x93,0x7b,0xcf,0x62,0x93,0x7b,0x93,0x7b,0x93,0x7b,0x93,0x7b,0x93,0x7b,
0x93,0x7b,0x93,0x7b,0x93,0x7b,0x93,0x7b,0x93,0x7b,0x93,0x7b,0x93,0x7b,0x93,0x7b,0x94,0x7b,0x93,0x7b,0x93,0x7b,0x93,0x7b,
0x93,0x7b,0x93,0x7b,0x52,0x73,0x94,0x7b,0x93,0x7b,0x93,0x7b,0x93,0x7b,0x93,0x7b,0x93,0x7b,0x93,0x7b,0x93,0x7b,0x93,0x7b,
0x93,0x7b,0x94,0x7b,0x94,0x7b,0x94,0x7b,0x93,0x7b,0x93,0x7b,0x93,0x7b,0x93,0x7b,0x93,0x7b,0x93,0x7b,0x93,0x7b,0x93,0x7b,
0x93,0x7b,0x93,0x7b,0x93,0x7b,0x93,0x7b,0x4e,0x52,0x94,0x7b,0x94,0x7b,0x94,0x7b,0x94,0x7b,0x94,0x7b,0x93,0x7b,0x94,0x7b,
0x94,0x7b,0x94,0x7b,0x94,0x7b,0x93,0x7b,0x94,0x7b,0x93,0x7b,0x93,0x7b,0x93,0x7b,0x93,0x7b,0x94,0x7b,0x93,0x7b,0x93,0x7b,
0x93,0x7b,0x6e,0x52,0x73,0x7b,0x93,0x7b,0x93,0x7b,0x93,0x7b,0x93,0x7b,0x93,0x7b,0x93,0x7b,0x93,0x7b,0x93,0x7b,0x93,0x7b,
0x94,0x7b,0x8f,0x22,0x8e,0x22,0x8f,0x22,0x6e,0x22,0xd0,0x2a,0xd0,0x2a,0xd0,0x2a,0xb0,0x2a,0x15,0x44,0x15,0x4c,0x15,0x44,
0x15,0x4c,0x15,0x4c,0x15,0x4c,0x15,0x4c,0x15,0x4c,0x15,0x4c,0x15,0x4c,0x15,0x4c,0x15,0x4c,0x15,0x4c,0x15,0x4c,0x15,0x4c,
0x15,0x4c,0x15,0x4c,0x15,0x4c,0x15,0x4c,0x15,0x4c,0xf5,0x4b,0x15,0x4c,0x15,0x4c,0x15,0x4c,0x15,0x4c,0x15,0x4c,0x15,0x4c,
0x15,0x4c,0x15,0x4c,0x15,0x4c,0x15,0x4c,0x15,0x4c,0x15,0x4c,0x15,0x4c,0x15,0x4c,0x15,0x4c,0x15,0x4c,0x15,0x4c,0x15,0x4c,
0x15,0x4c,0x15,0x4c,0x15,0x4c,0x15,0x4c,0x15,0x4c,0x15,0x4c,0x15,0x4c,0x15,0x4c,0x15,0x4c,0x15,0x4c,0x15,0x4c,0x15,0x4c,
0x15,0x4c,0x15,0x4c,0x15,0x4c,0x15,0x4c,0x15,0x4c,0x15,0x4c,0x15,0x4c,0x15,0x4c,0x15,0x4c,0x15,0x4c,0x15,0x4c,0x15,0x4c,
0x15,0x4c,0x15,0x4c,0x15,0x4c,0x15,0x4c,0x15,0x4c,0x15,0x4c,0x15,0x4c,0x15,0x4c,0x15,0x4c,0x15,0x4c,0x15,0x4c,0x15,0x4c,
0x15,0x4c,0xf5,0x43,0xf4,0x43,0xd0,0x2a,0xd0,0x2a,0xb0,0x2a,0xb0,0x2a,0xb0,0x22,0x8f,0x22,0x8f,0x22,0xaf,0x22,0x93,0x7b,
0x93,0x7b,0x93,0x7b,0x93,0x7b,0x93,0x7b,0x93,0x7b,0x93,0x7b,0x93,0x7b,0x93,0x7b,0x93,0x7b,0x93,0x7b,0x6e,0x52,0x93,0x7b,
0x93,0x7b,0x93,0x7b,0x93,0x7b,0x93,0x7b,0x93,0x7b,0x93,0x7b,0x93,0x7b,0x93,0x7b,0x93,0x7b,0x93,0x7b,0x93,0x7b,0x93,0x7b,
0x93,0x7b,0x93,0x7b,0x93,0x7b,0x93,0x7b,0x93,0x7b,0x93,0x7b,0x93,0x7b,0x4e,0x52,0x73,0x7b,0x93,0x7b,0x93,0x7b,0x93,0x7b,
0x93,0x7b,0x93,0x7b,0x93,0x7b,0x93,0x7b,0x93,0x7b,0x94,0x7b,0x94,0x7b,0x94,0x7b,0x93,0x7b,0x93,0x7b,0x94,0x7b,0x93,0x7b,
0x93,0x7b,0x93,0x7b,0x93,0x7b,0x93,0x7b,0x93,0x7b,0x93,0x7b,0x93,0x7b,0xb4,0x83,0x6e,0x5a,0x94,0x7b,0x94,0x7b,0x94,0x7b,
0x93,0x7b,0x93,0x7b,0x93,0x7b,0x93,0x7b,0x93,0x7b,0x93,0x7b,0x93,0x7b,0x93,0x7b,0x93,0x7b,0x93,0x7b,0x93,0x7b,0x93,0x7b,
0x94,0x7b,0x94,0x7b,0x93,0x7b,0x93,0x7b,0x93,0x7b,0x2d,0x4a,0x93,0x7b,0x93,0x7b,0x93,0x7b,0x93,0x7b,0x93,0x7b,0x93,0x7b,
0x93,0x7b,0x93,0x7b,0x93,0x7b,0x93,0x7b,0x93,0x7b,0x93,0x7b,0x73,0x7b,0x93,0x7b,0x93,0x7b,0xd0,0x4a,0xd0,0x4a,0xcf,0x4a,
0xcf,0x4a,0xd0,0x2a,0xd0,0x2a,0xd0,0x2a,0xd0,0x2a,0xd0,0x2a,0xb4,0x3b,0x35,0x4c,0x15,0x4c,0x15,0x4c,0x35,0x4c,0x15,0x4c,
0x35,0x4c,0x15,0x4c,0x15,0x4c,0x15,0x4c,0x15,0x4c,0x15,0x4c,0xf5,0x4b,0x15,0x4c,0x15,0x4c,0x15,0x4c,0x15,0x4c,0x15,0x4c,
0x15,0x4c,0x15,0x4c,0x15,0x4c,0x15,0x4c,0x15,0x4c,0x15,0x4c,0x15,0x4c,0x15,0x4c,0x15,0x4c,0x15,0x4c,0x15,0x4c,0x15,0x4c,
0x15,0x4c,0x15,0x4c,0x15,0x4c,0x15,0x4c,0x15,0x4c,0x15,0x4c,0x15,0x4c,0x15,0x4c,0x15,0x44,0x15,0x4c,0x15,0x4c,0x15,0x4c,
0x15,0x4c,0x15,0x4c,0x15,0x4c,0x15,0x4c,0x15,0x4c,0x15,0x4c,0x15,0x4c,0x15,0x4c,0x15,0x4c,0xf5,0x4b,0x15,0x4c,0x15,0x4c,
0xf5,0x43,0x15,0x4c,0x15,0x4c,0x15,0x4c,0x15,0x4c,0x15,0x4c,0x15,0x4c,0x35,0x4c,0x15,0x4c,0x35,0x4c,0x35,0x4c,0x15,0x4c,
0x15,0x4c,0x35,0x4c,0xd0,0x2a,0xd0,0x2a,0xd0,0x2a,0xd0,0x2a,0xb0,0x2a,0xd0,0x52,0xf0,0x52,0xd0,0x52,0xd0,0x52,0x73,0x73,
0x93,0x7b,0xb3,0x7b,0xb4,0x7b,0x93,0x7b,0x93,0x7b,0x93,0x7b,0x93,0x7b,0x93,0x7b,0x93,0x7b,0x93,0x7b,0x93,0x7b,0x93,0x7b,
0x93,0x7b,0x93,0x7b,0x6f,0x5a,0xb4,0x83,0x93,0x7b,0x93,0x7b,0x73,0x7b,0x93,0x7b,0x93,0x7b,0x93,0x7b,0x93,0x7b,0x93,0x7b,
0x93,0x7b,0x93,0x7b,0x93,0x7b,0x93,0x7b,0x93,0x7b,0x93,0x7b,0x93,0x7b,0x93,0x7b,0x73,0x7b,0x73,0x7b,0x73,0x7b,0xb4,0x7b,
0x4e,0x52,0x93,0x7b,0x93,0x7b,0x73,0x7b,0x73,0x7b,0x93,0x7b,0x93,0x7b,0x93,0x7b,0x93,0x7b,0x93,0x7b,0x93,0x7b,0x94,0x7b,
0x93,0x7b,0x93,0x7b,0x93,0x7b,0x93,0x7b,0x93,0x7b,0x93,0x7b,0x93,0x7b,0x93,0x7b,0x93,0x7b,0x93,0x7b,0x93,0x7b,0xaf,0x5a,
0x94,0x7b,0x93,0x7b,0x93,0x7b,0x94,0x7b,0x93,0x7b,0x93,0x7b,0x94,0x7b,0x94,0x7b,0x93,0x7b,0x93,0x7b,0x93,0x7b,0x94,0x7b,
0x93,0x7b,0x93,0x7b,0x93,0x7b,0x93,0x7b,0x93,0x7b,0x93,0x7b,0x93,0x7b,0x93,0x7b,0x8f,0x5a,0x52,0x73,0x93,0x7b,0x93,0x7b,
0x93,0x7b,0x93,0x7b,0x73,0x7b,0x93,0x7b,0x93,0x7b,0x93,0x7b,0x93,0x7b,0x93,0x7b,0x93,0x7b,0x93,0x7b,0x93,0x7b,0x93,0x7b,
0x93,0x7b,0x93,0x7b,0x93,0x7b,0x73,0x73,0x53,0x73,0xaf,0x42,0xf1,0x4a,0x6e,0x3a,0xaf,0x4a,0xaf,0x4a,0x8f,0x2a,0x8f,0x22,
0xaf,0x22,0xaf,0x22,0xaf,0x2a,0xaf,0x2a,0xaf,0x2a,0x15,0x4c,0x15,0x4c,0x15,0x4c,0x15,0x4c,0x15,0x4c,0x15,0x4c,0x15,0x4c,
0x15,0x4c,0x15,0x4c,0xf5,0x4b,0x15,0x4c,0x15,0x4c,0x15,0x4c,0x15,0x4c,0x15,0x4c,0x15,0x4c,0x15,0x4c,0x15,0x4c,0x15,0x4c,
0x15,0x4c,0x15,0x4c,0x15,0x4c,0x15,0x4c,0x15,0x4c,0x15,0x4c,0x15,0x4c,0x15,0x4c,0x15,0x4c,0x15,0x4c,0x15,0x4c,0x15,0x4c,
0x15,0x4c,0x15,0x4c,0x15,0x4c,0x15,0x4c,0x15,0x4c,0x15,0x4c,0x15,0x4c,0x15,0x4c,0x15,0x4c,0x15,0x4c,0x15,0x4c,0x15,0x4c,
0x15,0x4c,0xf4,0x4b,0xf5,0x4b,0x15,0x4c,0x15,0x4c,0x15,0x44,0x15,0x4c,0x15,0x4c,0x15,0x4c,0x15,0x4c,0x15,0x4c,0xb0,0x2a,
0xaf,0x2a,0x8f,0x22,0x8f,0x22,0x8f,0x22,0x8f,0x22,0xaf,0x22,0xaf,0x4a,0xcf,0x4a,0x4e,0x32,0xd0,0x52,0xd0,0x4a,0x73,0x7b,
0x73,0x7b,0x73,0x7b,0x73,0x7b,0x93,0x7b,0x93,0x7b,0x73,0x7b,0x93,0x7b,0x93,0x7b,0x93,0x7b,0x93,0x7b,0x73,0x7b,0x93,0x7b,
0x73,0x7b,0x93,0x7b,0x93,0x7b,0x93,0x7b,0x93,0x7b,0x93,0x7b,0x93,0x7b,0xf0,0x62,0x32,0x6b,0x32,0x6b,0x12,0x6b,0x12,0x6b,
0x12,0x6b,0x12,0x6b,0x12,0x6b,0x32,0x6b,0x32,0x6b,0x32,0x6b,0x32,0x6b,0x32,0x6b,0x32,0x6b,0x32,0x6b,0x32,0x6b,0x32,0x6b,
0x32,0x6b,0x32,0x73,0x32,0x6b,0x12,0x6b,0x2d,0x52,0x93,0x7b,0x93,0x7b,0x93,0x7b,0x93,0x7b,0x93,0x7b,0x93,0x7b,0x93,0x7b,
0x93,0x7b,0x93,0x7b,0x93,0x7b,0x93,0x7b,0x73,0x7b,0x93,0x7b,0x93,0x7b,0x93,0x7b,0x93,0x7b,0x93,0x7b,0x93,0x7b,0x93,0x7b,
0x93,0x7b,0x93,0x7b,0x93,0x7b,0xd0,0x62,0x93,0x7b,0x93,0x7b,0x93,0x7b,0x93,0x7b,0x93,0x7b,0x93,0x7b,0x93,0x7b,0x93,0x7b,
0x93,0x7b,0x94,0x7b,0x93,0x7b,0x93,0x7b,0x93,0x7b,0x93,0x7b,0x93,0x7b,0x93,0x7b,0x93,0x7b,0x93,0x7b,0x94,0x7b,0x93,0x7b,
0x4e,0x52,0x73,0x73,0x52,0x73,0x52,0x73,0x32,0x73,0x32,0x73,0x32,0x73,0x32,0x73,0x32,0x6b,0x52,0x73,0x52,0x73,0x52,0x73,
0x52,0x73,0x52,0x73,0x32,0x73,0x32,0x73,0x52,0x73,0x52,0x73,0x52,0x73,0x52,0x73,0x52,0x73,0x52,0x73,0x93,0x7b,0xaf,0x5a,
0x93,0x7b,0x93,0x7b,0xf0,0x62,0xaf,0x62,0xcf,0x62,0xaf,0x62,0xaf,0x5a,0xcf,0x62,0xcf,0x62,0xaf,0x22,0xaf,0x2a,0xaf,0x2a,
0x8f,0x2a,0x8f,0x2a,0x8f,0x2a,0x8f,0x22,0x8f,0x22,0xaf,0x2a,0xaf,0x2a,0x8f,0x22,0x8f,0x22,0x8f,0x22,0x8f,0x22,0x8f,0x22,
0x8f,0x22,0xaf,0x22,0x8f,0x22,0xaf,0x22,0xaf,0x22,0xaf,0x2a,0xaf,0x2a,0xaf,0x2a,0xaf,0x2a,0xaf,0x2a,0xaf,0x2a,0xaf,0x2a,
0x8f,0x2a,0x8f,0x2a,0xaf,0x2a,0x8f,0x22,0xaf,0x22,0xaf,0x2a,0xb0,0x2a,0xaf,0x2a,0xaf,0x2a,0xaf,0x2a,0xb0,0x2a,0xaf,0x2a,
0xaf,0x2a,0xaf,0x2a,0xaf,0x2a,0xaf,0x2a,0x8f,0x22,0x8f,0x22,0xb0,0x2a,0xaf,0x2a,0xaf,0x22,0x8f,0x22,0x8f,0x22,0x8f,0x22,
0x8f,0x22,0xaf,0x2a,0xaf,0x2a,0xcf,0x62,0xd0,0x62,0xcf,0x62,0xcf,0x62,0xd0,0x62,0xcf,0x62,0xaf,0x5a,0x73,0x7b,0x73,0x7b,
0xf0,0x62,0x73,0x73,0x73,0x7b,0x93,0x7b,0x93,0x7b,0x73,0x7b,0x73,0x7b,0x93,0x7b,0x93,0x7b,0x93,0x7b,0x93,0x7b,0x93,0x7b,
0x93,0x7b,0x73,0x7b,0x93,0x7b,0x73,0x7b,0x93,0x7b,0x73,0x7b,0x73,0x7b,0x73,0x7b,0x93,0x7b,0x73,0x7b,0x93,0x7b,0x2d,0x52,
0x94,0x7b,0xb4,0x7b,0xb4,0x7b,0x94,0x7b,0x94,0x7b,0x94,0x7b,0x94,0x7b,0x94,0x7b,0xb4,0x7b,0xb4,0x83,0x94,0x7b,0x94,0x7b,
0x93,0x7b,0x94,0x7b,0xb4,0x7b,0xb4,0x7b,0xb4,0x83,0xb4,0x83,0xb4,0x7b,0x93,0x7b,0xb4,0x83,0xb0,0x62,0x93,0x7b,0x93,0x7b,
0x93,0x7b,0x93,0x7b,0x93,0x7b,0x93,0x7b,0x94,0x7b,0x93,0x7b,0x93,0x7b,0x93,0x7b,0x93,0x7b,0x93,0x7b,0x93,0x7b,0x93,0x7b,
0x93,0x7b,0x93,0x7b,0x93,0x7b,0x93,0x7b,0x93,0x7b,0x93,0x7b,0x73,0x7b,0xb4,0x7b,0x93,0x7b,0x93,0x7b,0x93,0x7b,0x93,0x7b,
0x93,0x7b,0x94,0x7b,0x93,0x7b,0x94,0x7b,0x93,0x7b,0x94,0x7b,0x94,0x7b,0x94,0x7b,0x94,0x7b,0x93,0x7b,0x93,0x7b,0x93,0x7b,
0x93,0x7b,0x93,0x7b,0x93,0x7b,0xb4,0x83,0x6e,0x52,0x11,0x6b,0x31,0x6b,0x12,0x6b,0x12,0x6b,0x12,0x6b,0x12,0x6b,0x11,0x6b,
0x11,0x6b,0x11,0x6b,0x32,0x73,0x32,0x6b,0x32,0x6b,0x32,0x6b,0x32,0x6b,0x32,0x6b,0x32,0x6b,0x32,0x73,0x32,0x6b,0x32,0x6b,
0x32,0x6b,0x32,0x73,0x31,0x6b,0xf1,0x6a,0x94,0x7b,0x94,0x7b,0x94,0x7b,0x93,0x7b,0x93,0x7b,0x93,0x7b,0x93,0x7b,0x93,0x7b,
0x93,0x7b,0xd0,0x62,0xd0,0x5a,0xaf,0x5a,0xaf,0x5a,0xaf,0x5a,0xaf,0x5a,0xaf,0x5a,0xaf,0x5a,0xaf,0x5a,0xaf,0x62,0x8f,0x22,
0x8f,0x22,0x8e,0x22,0x8e,0x22,0x8e,0x22,0x8f,0x22,0x8e,0x22,0x8f,0x22,0x8f,0x22,0x8f,0x22,0x8f,0x22,0x8f,0x22,0xaf,0x22,
0xaf,0x22,0x8f,0x22,0x8f,0x22,0x8f,0x22,0x8f,0x22,0x8f,0x22,0x8f,0x22,0x8f,0x22,0x8f,0x22,0xaf,0x22,0xaf,0x22,0xaf,0x22,
0xaf,0x22,0x8f,0x22,0x8f,0x22,0x6e,0x22,0x8e,0x22,0x6e,0x22,0x6e,0x22,0x6f,0x22,0x6e,0x22,0xd0,0x62,0xaf,0x62,0xaf,0x5a,
0xb0,0x5a,0xaf,0x5a,0xaf,0x5a,0xaf,0x5a,0x8f,0x5a,0xaf,0x5a,0xd0,0x62,0x93,0x7b,0x93,0x7b,0x94,0x7b,0x94,0x7b,0x93,0x7b,
0x93,0x7b,0x73,0x7b,0x73,0x7b,0x93,0x7b,0x73,0x7b,0x73,0x73,0x93,0x7b,0x73,0x7b,0x93,0x7b,0x93,0x7b,0x93,0x7b,0x93,0x7b,
0x93,0x7b,0x93,0x7b,0x93,0x7b,0x93,0x7b,0x93,0x7b,0x93,0x7b,0x93,0x7b,0x93,0x7b,0x93,0x7b,0x93,0x7b,0x93,0x7b,0x93,0x7b,
0x93,0x7b,0x93,0x7b,0x93,0x7b,0x6e,0x52,0xb4,0x7b,0x93,0x7b,0x93,0x7b,0x93,0x7b,0x93,0x7b,0x93,0x7b,0x93,0x7b,0x93,0x7b,
0x93,0x7b,0x93,0x7b,0x93,0x7b,0x93,0x7b,0x93,0x7b,0x93,0x7b,0x93,0x7b,0x93,0x7b,0x93,0x7b,0x93,0x7b,0x93,0x7b,0x93,0x7b,
0x93,0x7b,0x2d,0x52,0x93,0x7b,0x93,0x7b,0x93,0x7b,0x93,0x7b,0x93,0x7b,0x93,0x7b,0x93,0x7b,0x93,0x7b,0x73,0x7b,0x93,0x7b,
0x93,0x7b,0x93,0x7b,0x93,0x7b,0x93,0x7b,0x93,0x7b,0x93,0x7b,0x93,0x7b,0x93,0x7b,0x93,0x7b,0x93,0x7b,0x4d,0x52,0x93,0x7b,
0x93,0x7b,0x93,0x7b,0x93,0x7b,0x93,0x7b,0x93,0x7b,0x93,0x7b,0x93,0x7b,0x94,0x7b,0x93,0x7b,0x93,0x7b,0x94,0x7b,0x93,0x7b,
0x94,0x7b,0x94,0x7b,0x93,0x7b,0x93,0x7b,0x94,0x7b,0x93,0x7b,0xb4,0x7b,0xd0,0x62,0x11,0x6b,0x93,0x7b,0x93,0x7b,0x93,0x7b,
0x93,0x7b,0x93,0x7b,0x93,0x7b,0x93,0x7b,0x93,0x7b,0x94,0x7b,0x93,0x7b,0x93,0x7b,0x94,0x7b,0x93,0x7b,0x93,0x7b,0x93,0x7b,
0x93,0x7b,0x93,0x7b,0x93,0x7b,0x93,0x7b,0x93,0x7b,0x93,0x7b,0x4d,0x52,0x93,0x7b,0x93,0x7b,0x94,0x7b,0x93,0x7b,0x93,0x7b,
0x93,0x7b,0x93,0x7b,0x93,0x7b,0x93,0x7b,0x93,0x7b,0x93,0x7b,0x93,0x7b,0x93,0x7b,0x93,0x7b,0x93,0x7b,0x93,0x7b,0x93,0x7b,
0x93,0x7b,0x93,0x7b,0x93,0x7b,0x73,0x73,0x52,0x73,0x72,0x7b,0x52,0x73,0x2d,0x52,0x11,0x6b,0x11,0x6b,0x31,0x73,0x32,0x73,
0x32,0x73,0x52,0x73,0x52,0x73,0x52,0x73,0x11,0x6b,0x11,0x6b,0x11,0x6b,0x32,0x73,0x32,0x6b,0x32,0x73,0x52,0x73,0x52,0x73,
0x52,0x73,0x52,0x73,0x52,0x73,0x52,0x73,0x52,0x73,0x52,0x73,0x32,0x73,0x52,0x73,0x2d,0x4a,0x32,0x73,0x52,0x73,0x73,0x7b,
0x73,0x7b,0x94,0x7b,0x93,0x7b,0x93,0x7b,0x93,0x7b,0x93,0x7b,0x93,0x7b,0x93,0x7b,0x93,0x7b,0x93,0x7b,0x93,0x7b,0x93,0x7b,
0x94,0x7b,0x94,0x7b,0x94,0x7b,0x93,0x7b,0x93,0x7b,0x93,0x7b,0x93,0x7b,0x73,0x7b,0x93,0x7b,0x6e,0x52,0x11,0x6b,0x11,0x6b,
0x11,0x6b,0x11,0x6b,0x11,0x6b,0x11,0x6b,0x11,0x6b,0x31,0x6b,0x11,0x6b,0x31,0x6b,0x31,0x6b,0x31,0x6b,0x31,0x6b,0x11,0x6b,
0x11,0x6b,0x11,0x6b,0x11,0x6b,0x11,0x6b,0x11,0x6b,0x11,0x6b,0x11,0x6b,0x32,0x6b,0x6e,0x52,0x93,0x7b,0x93,0x7b,0x93,0x7b,
0x93,0x7b,0x93,0x7b,0x93,0x7b,0x93,0x7b,0x93,0x7b,0x93,0x7b,0x93,0x7b,0x93,0x7b,0x93,0x7b,0x93,0x7b,0x94,0x7b,0x93,0x7b,
0x93,0x7b,0x93,0x7b,0x93,0x7b,0x93,0x7b,0x94,0x7b,0x4e,0x52,0x93,0x7b,0x93,0x7b,0x93,0x7b,0x93,0x7b,0x93,0x7b,0x93,0x7b,
0x93,0x7b,0x93,0x7b,0x93,0x7b,0x93,0x7b,0x32,0x6b,0x32,0x6b,0x32,0x6b,0x32,0x6b,0x32,0x6b,0x12,0x6b,0x12,0x6b,0x32,0x6b,
0x32,0x73,0x8e,0x5a,0x93,0x7b,0x93,0x7b,0x93,0x7b,0x93,0x7b,0x93,0x7b,0x93,0x7b,0x93,0x7b,0x93,0x7b,0x93,0x7b,0xb3,0x7b,
0x93,0x7b,0x93,0x7b,0xb4,0x7b,0x94,0x7b,0x93,0x7b,0x93,0x7b,0x94,0x7b,0x93,0x7b,0x93,0x7b,0x93,0x7b,0x93,0x7b,0x6e,0x52,
0x94,0x7b,0x93,0x7b,0x93,0x7b,0x93,0x7b,0x94,0x7b,0x93,0x7b,0x94,0x7b,0x93,0x7b,0x93,0x7b,0x93,0x7b,0x93,0x7b,0x94,0x7b,
0x93,0x7b,0x94,0x7b,0x93,0x7b,0x93,0x7b,0x93,0x7b,0x93,0x7b,0x93,0x7b,0x93,0x7b,0x93,0x7b,0x93,0x7b,0x6e,0x5a,0x93,0x7b,
0x93,0x7b,0x93,0x7b,0x93,0x7b,0x93,0x7b,0x94,0x7b,0x94,0x7b,0x93,0x7b,0x93,0x7b,0x93,0x7b,0x93,0x7b,0x93,0x7b,0x93,0x7b,
0x93,0x7b,0x93,0x7b,0x93,0x7b,0x93,0x7b,0x93,0x7b,0x93,0x7b,0x93,0x7b,0x93,0x7b,0x93,0x7b,0x93,0x7b,0x93,0x7b,0x6e,0x52,
0x93,0x7b,0x93,0x7b,0x93,0x7b,0x93,0x7b,0x93,0x7b,0x93,0x7b,0x93,0x7b,0x93,0x7b,0x93,0x7b,0x73,0x7b,0x73,0x7b,0x93,0x7b,
0x93,0x7b,0x93,0x7b,0x73,0x7b,0x93,0x7b,0x93,0x7b,0x93,0x7b,0x93,0x7b,0x93,0x7b,0x73,0x7b,0x73,0x7b,0x73,0x7b,0x93,0x7b,
0x4e,0x52,0x73,0x7b,0x73,0x7b,0x93,0x7b,0x94,0x7b,0x94,0x7b,0x94,0x7b,0x93,0x7b,0x93,0x7b,0x94,0x7b,0x93,0x7b,0x93,0x7b,
0x93,0x7b,0x93,0x7b,0x93,0x7b,0x94,0x7b,0x93,0x7b,0x93,0x7b,0x94,0x7b,0x94,0x7b,0x93,0x7b,0x93,0x7b,0x93,0x7b,0x93,0x7b,
0x93,0x7b,0x6e,0x52,0x73,0x73,0x73,0x7b,0x93,0x7b,0x93,0x7b,0x93,0x7b,0x93,0x7b,0x93,0x7b,0x93,0x7b,0x93,0x7b,0x93,0x7b,
0x93,0x7b,0x93,0x7b,0x93,0x7b,0x93,0x7b,0x93,0x7b,0x93,0x7b,0x93,0x7b,0x93,0x7b,0x93,0x7b,0x93,0x7b,0x73,0x7b,0x93,0x7b,
0x4e,0x52,0x93,0x7b,0x93,0x7b,0x93,0x7b,0x93,0x7b,0x93,0x7b,0x93,0x7b,0x93,0x7b,0x93,0x7b,0x93,0x7b,0x93,0x7b,0x93,0x7b,
0x93,0x7b,0x93,0x7b,0x94,0x7b,0x93,0x7b,0x93,0x7b,0x93,0x7b,0x93,0x7b,0x93,0x7b,0x93,0x7b,0x93,0x7b,0x4e,0x52,0x93,0x7b,
0x93,0x7b,0x93,0x7b,0x93,0x7b,0x93,0x7b,0x93,0x7b,0x93,0x7b,0x93,0x7b,0x93,0x7b,0x94,0x7b,0x93,0x7b,0x93,0x7b,0x93,0x7b,
0x93,0x7b,0x93,0x7b,0x93,0x7b,0x93,0x7b,0x93,0x7b,0x4e,0x52,0xb4,0x7b,0x93,0x7b,0x93,0x7b,0x93,0x7b,0x93,0x7b,0x93,0x7b,
0x93,0x7b,0x93,0x7b,0x93,0x7b,0x93,0x7b,0x93,0x7b,0x93,0x7b,0x94,0x7b,0x93,0x7b,0x93,0x7b,0x93,0x7b,0x93,0x7b,0x93,0x7b,
0x93,0x7b,0x93,0x7b,0xb4,0x7b,0x8e,0x5a,0x93,0x7b,0x93,0x7b,0x94,0x7b,0x93,0x7b,0x93,0x7b,0x94,0x7b,0x94,0x7b,0x94,0x7b,
0x93,0x7b,0x94,0x7b,0x93,0x7b,0x94,0x7b,0x94,0x7b,0x94,0x7b,0x93,0x7b,0x94,0x7b,0x93,0x7b,0x93,0x7b,0x93,0x7b,0x93,0x7b,
0x93,0x7b,0xb4,0x7b,0x6e,0x52,0x73,0x7b,0x93,0x7b,0x93,0x7b,0x93,0x7b,0x94,0x7b,0x93,0x7b,0x94,0x7b,0x94,0x7b,0x93,0x7b,
0x93,0x7b,0x93,0x7b,0x93,0x7b,0x93,0x7b,0x93,0x7b,0x93,0x7b,0x93,0x7b,0x93,0x7b,0x93,0x7b,0x93,0x7b,0x93,0x7b,0x93,0x7b,
0x93,0x7b,0x93,0x7b,0x93,0x7b,0x6e,0x52,0x93,0x7b,0x93,0x7b,0x93,0x7b,0x93,0x7b,0x93,0x7b,0x93,0x7b,0x93,0x7b,0x93,0x7b,
0x93,0x7b,0x93,0x7b,0x93,0x7b,0x93,0x7b,0x93,0x7b,0x93,0x7b,0x93,0x7b,0x93,0x7b,0x93,0x7b,0x93,0x7b,0x93,0x7b,0x93,0x7b,
0x93,0x7b,0x93,0x7b,0x93,0x7b,0x93,0x7b,0x4e,0x52,0x93,0x7b,0x93,0x7b,0x93,0x7b,0x93,0x7b,0x93,0x7b,0x93,0x7b,0x93,0x7b,
0x93,0x7b,0x93,0x7b,0x93,0x7b,0x93,0x7b,0x93,0x7b,0x93,0x7b,0x94,0x7b,0x93,0x7b,0x93,0x7b,0x93,0x7b,0x93,0x7b,0x93,0x7b,
0x93,0x7b,0x93,0x7b,0x93,0x7b,0x93,0x7b,0x93,0x7b,0x4d,0x52,0x73,0x7b,0x93,0x7b,0x93,0x7b,0x93,0x7b,0x93,0x7b,0x93,0x7b,
0x93,0x7b,0x93,0x7b,0x94,0x7b,0x93,0x7b,0x94,0x7b,0x93,0x7b,0x94,0x7b,0x93,0x7b,0x93,0x7b,0x93,0x7b,0x93,0x7b,0x93,0x7b,
0x93,0x7b,0x93,0x7b,0x93,0x7b,0x93,0x7b,0xb4,0x7b,0xb3,0x7b,0x93,0x7b,0x93,0x7b,0x93,0x7b,0x93,0x7b,0x93,0x7b,0x93,0x7b,
0x93,0x7b,0x94,0x7b,0x93,0x7b,0x93,0x7b,0x93,0x7b,0x93,0x7b,0x93,0x7b,0x93,0x7b,0x93,0x7b,0x93,0x7b,0x93,0x7b,0x93,0x7b,
0x93,0x7b,0x93,0x7b,0x4d,0x52,0x93,0x7b,0x93,0x7b,0x93,0x7b,0x93,0x7b,0x93,0x7b,0x93,0x7b,0x93,0x7b,0x93,0x7b,0x93,0x7b,
0x93,0x7b,0x94,0x7b,0x94,0x7b,0x93,0x7b,0x93,0x7b,0x93,0x7b,0x93,0x7b,0x93,0x7b,0x6f,0x5a,0xd0,0x62,0xb0,0x62,0xd0,0x62,
0xd0,0x62,0xd0,0x62,0xd0,0x62,0xb0,0x62,0xb0,0x62,0xd0,0x62,0xd0,0x62,0xb0,0x62,0xd0,0x62,0xd0,0x62,0xd0,0x62,0xd0,0x62,
0xd0,0x62,0xd0,0x62,0xd0,0x62,0xf0,0x62,0xd0,0x62,0xf0,0x62,0x6e,0x52,0x93,0x7b,0x93,0x7b,0x93,0x7b,0x93,0x7b,0x94,0x7b,
0x93,0x7b,0x93,0x7b,0x93,0x7b,0x93,0x7b,0x93,0x7b,0x93,0x7b,0x94,0x7b,0x94,0x7b,0x94,0x7b,0x94,0x7b,0x94,0x7b,0x93,0x7b,
0x94,0x7b,0x93,0x7b,0x93,0x7b,0x93,0x7b,0xb4,0x7b,0xb0,0x62,0x73,0x7b,0x73,0x7b,0x93,0x7b,0x93,0x7b,0x93,0x7b,0x93,0x7b,
0x93,0x7b,0x93,0x7b,0x93,0x7b,0x93,0x7b,0x93,0x7b,0x93,0x7b,0x93,0x7b,0x93,0x7b,0x93,0x7b,0x93,0x7b,0x94,0x7b,0x93,0x7b,
0x93,0x7b,0x93,0x7b,0x93,0x7b,0x93,0x7b,0x93,0x7b,0x73,0x7b,0x93,0x7b,0x6e,0x5a,0x93,0x7b,0x93,0x7b,0x93,0x7b,0x93,0x7b,
0x93,0x7b,0x93,0x7b,0x93,0x7b,0x93,0x7b,0x93,0x7b,0x93,0x7b,0x93,0x7b,0x93,0x7b,0x93,0x7b,0x93,0x7b,0x93,0x7b,0x93,0x7b,
0x93,0x7b,0x93,0x7b,0x93,0x7b,0x93,0x7b,0x93,0x7b,0x93,0x7b,0x93,0x7b,0x73,0x7b,0x4d,0x52,0x73,0x7b,0x93,0x7b,0x93,0x7b,
0x93,0x7b,0x93,0x7b,0x93,0x7b,0x93,0x7b,0x93,0x7b,0x93,0x7b,0x93,0x7b,0x94,0x7b,0x93,0x7b,0x93,0x7b,0x93,0x7b,0x93,0x7b,
0x93,0x7b,0x93,0x7b,0x93,0x7b,0x93,0x7b,0x93,0x7b,0x93,0x7b,0x93,0x7b,0x93,0x7b,0x93,0x7b,0x93,0x7b,0xd0,0x62,0x93,0x7b,
0x93,0x7b,0x93,0x7b,0x93,0x7b,0x93,0x7b,0x93,0x7b,0x93,0x7b,0x93,0x7b,0x93,0x7b,0x93,0x7b,0x93,0x7b,0x93,0x7b,0x93,0x7b,
0x93,0x7b,0x94,0x7b,0x93,0x7b,0x93,0x7b,0x93,0x7b,0x93,0x7b,0x93,0x7b,0x93,0x7b,0x93,0x7b,0x4e,0x52,0x73,0x7b,0x94,0x7b,
0x94,0x7b,0x93,0x7b,0x93,0x7b,0x93,0x7b,0x93,0x7b,0x93,0x7b,0x93,0x7b,0x93,0x7b,0x94,0x7b,0x93,0x7b,0x93,0x7b,0x93,0x7b,
0x93,0x7b,0x93,0x7b,0x93,0x7b,0x93,0x7b,0x93,0x7b,0x93,0x7b,0xb4,0x83,0x4e,0x52,0x12,0x6b,0x11,0x6b,0x11,0x6b,0x11,0x6b,
0x11,0x6b,0x11,0x6b,0x11,0x6b,0x11,0x6b,0x93,0x7b,0x93,0x7b,0x93,0x7b,0x93,0x7b,0x93,0x7b,0x93,0x7b,0x93,0x7b,0x93,0x7b,
0x4e,0x52,0x93,0x7b,0x73,0x7b,0x73,0x7b,0x52,0x73,0x73,0x73,0x73,0x73,0x73,0x7b,0x73,0x7b,0x73,0x7b,0x73,0x73,0x73,0x73,
0x73,0x7b,0x73,0x7b,0x73,0x73,0x73,0x73,0x73,0x73,0x72,0x73,0x73,0x73,0x73,0x73,0x52,0x73,0x73,0x7b,0x4e,0x52,0x93,0x7b,
0x93,0x7b,0x93,0x7b,0x93,0x7b,0x93,0x7b,0x93,0x7b,0x93,0x7b,0x93,0x7b,0x93,0x7b,0x93,0x7b,0x94,0x7b,0x94,0x7b,0x93,0x7b,
0x93,0x7b,0x94,0x7b,0x94,0x7b,0x94,0x7b,0x94,0x7b,0x93,0x7b,0x94,0x7b,0x94,0x7b,0x93,0x7b,0x6e,0x52,0x93,0x7b,0x73,0x7b,
0x73,0x7b,0x93,0x7b,0x93,0x7b,0x93,0x7b,0x93,0x7b,0x93,0x7b,0x93,0x7b,0x93,0x7b,0x93,0x7b,0x93,0x7b,0x93,0x7b,0x93,0x7b,
0x93,0x7b,0x93,0x7b,0x93,0x7b,0x93,0x7b,0x93,0x7b,0x93,0x7b,0x93,0x7b,0x73,0x7b,0x73,0x7b,0x93,0x7b,0x93,0x7b,0x4e,0x52,
0x53,0x73,0x73,0x73,0x73,0x73,0x73,0x73,0x73,0x73,0x73,0x73,0x73,0x7b,0x73,0x73,0x73,0x73,0x73,0x73,0x73,0x73,0x53,0x73,
0x73,0x73,0x73,0x7b,0x73,0x73,0x73,0x7b,0x73,0x7b,0x73,0x7b,0x73,0x7b,0x73,0x73,0x73,0x73,0x73,0x73,0x73,0x73,0x52,0x73,
0x4e,0x52,0x93,0x7b,0x93,0x7b,0x94,0x7b,0x93,0x7b,0x93,0x7b,0x93,0x7b,0x93,0x7b,0x93,0x7b,0x93,0x7b,0x93,0x7b,0x94,0x7b,
0x94,0x7b,0x94,0x7b,0x94,0x7b,0xb4,0x7b,0x93,0x7b,0x93,0x7b,0x93,0x7b,0x93,0x7b,0x93,0x7b,0x93,0x7b,0x93,0x7b,0x93,0x7b,
0x93,0x7b,0x93,0x7b,0x6e,0x5a,0x93,0x7b,0x93,0x7b,0x94,0x7b,0x93,0x7b,0x93,0x7b,0x93,0x7b,0x93,0x7b,0x93,0x7b,0x93,0x7b,
0x93,0x7b,0x93,0x7b,0x93,0x7b,0x93,0x7b,0x93,0x7b,0x93,0x7b,0x93,0x7b,0x93,0x7b,0x93,0x7b,0x93,0x7b,0x93,0x7b,0x93,0x7b,
0x93,0x7b,0x6e,0x52,0xb4,0x7b,0x93,0x7b,0x93,0x7b,0x94,0x7b,0x93,0x7b,0x93,0x7b,0x93,0x7b,0x93,0x7b,0x93,0x7b,0x93,0x7b,
0x93,0x7b,0x93,0x7b,0x93,0x7b,0x93,0x7b,0x93,0x7b,0x93,0x7b,0x93,0x7b,0x93,0x7b,0x93,0x7b,0x93,0x7b,0x93,0x7b,0x4e,0x52,
0x73,0x73,0x52,0x73,0x52,0x73,0x53,0x7b,0x53,0x73,0x53,0x73,0x53,0x7b,0x53,0x73,0x93,0x7b,0x93,0x7b,0x93,0x7b,0x93,0x7b,
0x93,0x7b,0x93,0x7b,0x93,0x7b,0x93,0x7b,0x6e,0x5a,0x94,0x7b,0x93,0x7b,0x93,0x7b,0x93,0x7b,0x73,0x7b,0x93,0x7b,0x93,0x7b,
0x93,0x7b,0x93,0x7b,0x93,0x7b,0x73,0x7b,0x93,0x7b,0x93,0x7b,0x93,0x7b,0x93,0x7b,0x93,0x7b,0x93,0x7b,0x93,0x7b,0x93,0x7b,
0x93,0x7b,0xb4,0x83,0x4d,0x52,0x93,0x7b,0x94,0x7b,0x93,0x7b,0x93,0x7b,0x93,0x7b,0x93,0x7b,0x93,0x7b,0x93,0x7b,0x93,0x7b,
0x93,0x7b,0x94,0x7b,0x94,0x7b,0x94,0x7b,0x93,0x7b,0x94,0x7b,0x93,0x7b,0x94,0x7b,0x93,0x7b,0x93,0x7b,0x93,0x7b,0x93,0x7b,
0x93,0x7b,0x6e,0x52,0xf1,0x6a,0xd0,0x62,0xf1,0x62,0xf1,0x6a,0xf1,0x6a,0xf1,0x62,0xf1,0x6a,0xf1,0x6a,0xf1,0x6a,0xf1,0x6a,
0xf0,0x62,0xf0,0x6a,0xf1,0x6a,0xf1,0x6a,0xf1,0x6a,0x11,0x6b,0x11,0x6b,0xf1,0x6a,0xf1,0x6a,0xf1,0x6a,0xf1,0x6a,0xf1,0x6a,
0xf1,0x6a,0x11,0x6b,0xf1,0x6a,0x4e,0x52,0x32,0x6b,0x32,0x73,0x32,0x73,0x32,0x6b,0x32,0x73,0x32,0x6b,0x32,0x6b,0x32,0x73,
0x11,0x6b,0x11,0x6b,0x12,0x6b,0x11,0x6b,0x12,0x6b,0x32,0x73,0x32,0x73,0x32,0x73,0x32,0x73,0x32,0x73,0x32,0x73,0x12,0x6b,
0x12,0x6b,0x12,0x6b,0x11,0x6b,0x32,0x6b,0x4e,0x52,0xd0,0x62,0xf1,0x6a,0xf0,0x6a,0xf0,0x6a,0xf0,0x62,0xf1,0x6a,0xf1,0x6a,
0xf0,0x6a,0xf0,0x6a,0xf1,0x6a,0xf0,0x6a,0xf0,0x6a,0xf1,0x6a,0xf0,0x6a,0xf1,0x6a,0xf1,0x6a,0xf1,0x6a,0xf1,0x6a,0x11,0x6b,
0xf1,0x6a,0xf1,0x6a,0xf1,0x6a,0xf1,0x6a,0xf0,0x62,0x11,0x6b,0x6e,0x5a,0x93,0x7b,0x93,0x7b,0x93,0x7b,0x93,0x7b,0x93,0x7b,
0x93,0x7b,0x93,0x7b,0x94,0x7b,0x93,0x7b,0x93,0x7b,0x93,0x7b,0x93,0x7b,0x93,0x7b,0x93,0x7b,0x93,0x7b,0x94,0x7b,0x93,0x7b,
0x93,0x7b,0x93,0x7b,0x93,0x7b,0x94,0x7b,0x93,0x7b,0x4e,0x52,0x94,0x7b,0x93,0x7b,0x93,0x7b,0x94,0x7b,0x93,0x7b,0x93,0x7b,
0x93,0x7b,0x94,0x7b,0x93,0x7b,0x94,0x7b,0x93,0x7b,0x93,0x7b,0x93,0x7b,0x93,0x7b,0x93,0x7b,0x93,0x7b,0x93,0x7b,0x93,0x7b,
0x93,0x7b,0x93,0x7b,0x93,0x7b,0xd0,0x62,0x73,0x73,0x73,0x7b,0x73,0x7b,0x73,0x7b,0x73,0x7b,0x73,0x7b,0x73,0x7b,0x73,0x7b,
0x93,0x7b,0x93,0x7b,0x93,0x7b,0x93,0x7b,0x94,0x7b,0x93,0x7b,0x94,0x7b,0x6e,0x5a,0x93,0x7b,0xb4,0x7b,0x94,0x7b,0x93,0x7b,
0x93,0x7b,0x93,0x7b,0x93,0x7b,0x93,0x7b,0x93,0x7b,0x93,0x7b,0x93,0x7b,0x93,0x7b,0x93,0x7b,0x93,0x7b,0x93,0x7b,0x93,0x7b,
0x93,0x7b,0x93,0x7b,0x93,0x7b,0x93,0x7b,0xb4,0x7b,0x6e,0x5a,0x93,0x7b,0x93,0x7b,0x93,0x7b,0x93,0x7b,0x93,0x7b,0x93,0x7b,
0x93,0x7b,0x93,0x7b,0x93,0x7b,0x93,0x7b,0x93,0x7b,0x94,0x7b,0x94,0x7b,0x93,0x7b,0x93,0x7b,0x93,0x7b,0x93,0x7b,0x93,0x7b,
0x93,0x7b,0x93,0x7b,0x93,0x7b,0x93,0x7b,0x93,0x7b,0xaf,0x62,0x94,0x7b,0x93,0x7b,0x93,0x7b,0x93,0x7b,0x93,0x7b,0x93,0x7b,
0x94,0x7b,0x94,0x7b,0x93,0x7b,0x94,0x7b,0x94,0x7b,0x94,0x7b,0x94,0x7b,0x93,0x7b,0x93,0x7b,0x93,0x7b,0x93,0x7b,0x93,0x7b,
0x94,0x7b,0x93,0x7b,0x94,0x7b,0x94,0x7b,0x94,0x7b,0xb4,0x7b,0xf1,0x62,0x52,0x73,0x93,0x7b,0x94,0x7b,0x93,0x7b,0x93,0x7b,
0x93,0x7b,0x93,0x7b,0x93,0x7b,0x93,0x7b,0x93,0x7b,0x93,0x7b,0x93,0x7b,0x93,0x7b,0x93,0x7b,0x94,0x7b,0x94,0x7b,0x93,0x7b,
0x93,0x7b,0x93,0x7b,0x93,0x7b,0x93,0x7b,0x93,0x7b,0x93,0x7b,0x93,0x7b,0x93,0x7b,0x11,0x6b,0x4e,0x52,0x73,0x7b,0x93,0x7b,
0x93,0x7b,0x94,0x7b,0x93,0x7b,0x94,0x7b,0x94,0x7b,0x94,0x7b,0x94,0x7b,0x93,0x7b,0x93,0x7b,0x93,0x7b,0x93,0x7b,0x93,0x7b,
0x93,0x7b,0x93,0x7b,0x94,0x7b,0x94,0x7b,0x93,0x7b,0x93,0x7b,0x93,0x7b,0x93,0x7b,0x93,0x7b,0x93,0x7b,0x8f,0x5a,0x73,0x7b,
0x93,0x7b,0x93,0x7b,0x93,0x7b,0x93,0x7b,0x93,0x7b,0x93,0x7b,0x93,0x7b,0x93,0x7b,0x93,0x7b,0x93,0x7b,0x93,0x7b,0x94,0x7b,
0x94,0x7b,0x93,0x7b,0x93,0x7b,0x93,0x7b,0x93,0x7b,0x93,0x7b,0x93,0x7b,0x93,0x7b,0x93,0x7b,0x93,0x7b,0x6e,0x52,0x73,0x7b,
0x93,0x7b,0x93,0x7b,0x93,0x7b,0x94,0x7b,0x93,0x7b,0x93,0x7b,0x93,0x7b,0x93,0x7b,0x93,0x7b,0x93,0x7b,0x93,0x7b,0x93,0x7b,
0x93,0x7b,0x93,0x7b,0x93,0x7b,0x93,0x7b,0x93,0x7b,0x93,0x7b,0x93,0x7b,0x93,0x7b,0x6e,0x52,0x73,0x7b,0x73,0x7b,0x93,0x7b,
0x73,0x7b,0x73,0x7b,0x93,0x7b,0x93,0x7b,0x93,0x7b,0x93,0x7b,0x93,0x7b,0x93,0x7b,0x93,0x7b,0x93,0x7b,0x93,0x7b,0x8f,0x5a,
0x93,0x7b,0x93,0x7b,0x93,0x7b,0x93,0x7b,0x93,0x7b,0x94,0x7b,0x93,0x7b,0x93,0x7b,0x94,0x7b,0x93,0x7b,0x93,0x7b,0x94,0x7b,
0x93,0x7b,0x94,0x7b,0x93,0x7b,0x93,0x7b,0x93,0x7b,0x93,0x7b,0x93,0x7b,0x93,0x7b,0xb4,0x7b,0x4e,0x52,0x93,0x7b,0x93,0x7b,
0x93,0x7b,0x93,0x7b,0x94,0x7b,0x93,0x7b,0x93,0x7b,0x93,0x7b,0x93,0x7b,0x93,0x7b,0x93,0x7b,0x93,0x7b,0x93,0x7b,0x93,0x7b,
0x93,0x7b,0x93,0x7b,0x93,0x7b,0x93,0x7b,0x93,0x7b,0x93,0x7b,0x93,0x7b,0x93,0x7b,0x6e,0x52,0x93,0x7b,0x93,0x7b,0x93,0x7b,
0x93,0x7b,0x93,0x7b,0x93,0x7b,0x93,0x7b,0x93,0x7b,0x93,0x7b,0x93,0x7b,0x93,0x7b,0x93,0x7b,0x94,0x7b,0x94,0x7b,0x93,0x7b,
0x93,0x7b,0x93,0x7b,0x93,0x7b,0x93,0x7b,0x93,0x7b,0x94,0x7b,0x94,0x7b,0x94,0x7b,0x93,0x7b,0x93,0x7b,0x2e,0x52,0x73,0x7b,
0x93,0x7b,0x93,0x7b,0x93,0x7b,0x93,0x7b,0x93,0x7b,0x93,0x7b,0x93,0x7b,0x93,0x7b,0x93,0x7b,0x93,0x7b,0x93,0x7b,0x93,0x7b,
0x93,0x7b,0x93,0x7b,0x93,0x7b,0x94,0x7b,0x93,0x7b,0x93,0x7b,0x93,0x7b,0x93,0x7b,0x93,0x7b,0x93,0x7b,0x93,0x7b,0x93,0x7b,
0x93,0x7b,0x0d,0x52,0x93,0x7b,0x93,0x7b,0x93,0x7b,0xb3,0x83,0x93,0x7b,0x93,0x7b,0x93,0x7b,0x93,0x7b,0x93,0x7b,0x93,0x7b,
0x93,0x7b,0x94,0x7b,0x94,0x7b,0x93,0x7b,0x93,0x7b,0x93,0x7b,0x93,0x7b,0x93,0x7b,0x93,0x7b,0x93,0x7b,0x93,0x7b,0x93,0x7b,
0x93,0x7b,0x93,0x7b,0x52,0x73,0xf1,0x6a,0x93,0x7b,0x93,0x7b,0x93,0x7b,0x93,0x7b,0x93,0x7b,0x93,0x7b,0x93,0x7b,0x93,0x7b,
0x93,0x7b,0x93,0x7b,0x93,0x7b,0x93,0x7b,0x93,0x7b,0x93,0x7b,0x93,0x7b,0x93,0x7b,0x93,0x7b,0x94,0x7b,0x93,0x7b,0x93,0x7b,
0x93,0x7b,0x93,0x7b,0x4e,0x52,0x73,0x7b,0x93,0x7b,0x93,0x7b,0x93,0x7b,0x93,0x7b,0x93,0x7b,0x93,0x7b,0x93,0x7b,0x94,0x7b,
0x93,0x7b,0x93,0x7b,0x93,0x7b,0x93,0x7b,0x93,0x7b,0x93,0x7b,0x93,0x7b,0x93,0x7b,0x93,0x7b,0x93,0x7b,0x93,0x7b,0x93,0x7b,
0x93,0x7b,0x73,0x7b,0x93,0x7b,0x93,0x7b,0x73,0x7b,0x73,0x7b,0x93,0x7b,0x93,0x7b,0x93,0x7b,0x93,0x7b,0x94,0x7b,0x93,0x7b,
0x94,0x7b,0x94,0x7b,0x8e,0x5a,0x93,0x7b,0x93,0x7b,0x93,0x7b,0x93,0x7b,0x93,0x7b,0x93,0x7b,0x93,0x7b,0x93,0x7b,0x94,0x7b,
0x94,0x7b,0x94,0x7b,0x93,0x7b,0x93,0x7b,0x93,0x7b,0x93,0x7b,0x93,0x7b,0x93,0x7b,0x94,0x7b,0xb4,0x7b,0x93,0x7b,0xb4,0x7b,
0x4e,0x52,0x52,0x73,0x93,0x7b,0x93,0x7b,0x93,0x7b,0x93,0x7b,0x93,0x7b,0x93,0x7b,0x93,0x7b,0x94,0x7b,0x94,0x7b,0x93,0x7b,
0x93,0x7b,0x93,0x7b,0x93,0x7b,0x93,0x7b,0x93,0x7b,0x93,0x7b,0x93,0x7b,0x93,0x7b,0x93,0x7b,0x93,0x7b,0x93,0x7b,0x94,0x7b,
0x4e,0x52,0x93,0x7b,0x93,0x7b,0x93,0x7b,0x93,0x7b,0x93,0x7b,0x93,0x7b,0x93,0x7b,0x93,0x7b,0x93,0x7b,0x93,0x7b,0x93,0x7b,
0x94,0x7b,0x94,0x7b,0x94,0x7b,0x93,0x7b,0x94,0x7b,0x93,0x7b,0x93,0x7b,0x93,0x7b,0x93,0x7b,0x93,0x7b,0x93,0x7b,0x93,0x7b,
0x93,0x7b,0x93,0x7b,0x2d,0x52,0x73,0x7b,0x93,0x7b,0x93,0x7b,0x93,0x7b,0x93,0x7b,0x94,0x7b,0x93,0x7b,0x93,0x7b,0x93,0x7b,
0x93,0x7b,0x93,0x7b,0x93,0x7b,0x93,0x7b,0x93,0x7b,0x93,0x7b,0x94,0x7b,0x94,0x7b,0x93,0x7b,0x93,0x7b,0x93,0x7b,0x93,0x7b,
0x93,0x7b,0x93,0x7b,0x93,0x7b,0x93,0x7b,0x93,0x7b,0x0d,0x4a,0x93,0x7b,0x93,0x7b,0x94,0x7b,0x93,0x7b,0x94,0x7b,0x94,0x7b,
0x93,0x7b,0x93,0x7b,0x93,0x7b,0x93,0x7b,0x93,0x7b,0x93,0x7b,0x93,0x7b,0x93,0x7b,0x93,0x7b,0x93,0x7b,0x93,0x7b,0x93,0x7b,
0x93,0x7b,0x93,0x7b,0x93,0x7b,0x93,0x7b,0x93,0x7b,0x93,0x7b,0x93,0x7b,0x6e,0x52,0x73,0x7b,0x93,0x7b,0x93,0x7b,0x93,0x7b,
0x93,0x7b,0x94,0x7b,0x93,0x7b,0x93,0x7b,0x94,0x7b,0x93,0x7b,0x93,0x7b,0x93,0x7b,0x93,0x7b,0x93,0x7b,0x93,0x7b,0x93,0x7b,
0x93,0x7b,0x93,0x7b,0x94,0x7b,0x93,0x7b,0x93,0x7b,0x93,0x7b,0xf0,0x62,0xd4,0x83,0x93,0x7b,0x93,0x7b,0x93,0x7b,0x93,0x7b,
0x93,0x7b,0x93,0x7b,0x93,0x7b,0x94,0x7b,0x93,0x7b,0x93,0x7b,0x93,0x7b,0x93,0x7b,0x93,0x7b,0x93,0x7b,0x93,0x7b,0x93,0x7b,
0x93,0x7b,0x93,0x7b,0x93,0x7b,0x93,0x7b,0x93,0x7b,0x6e,0x52,0x73,0x7b,0x93,0x7b,0x93,0x7b,0x93,0x7b,0x93,0x7b,0x93,0x7b,
0x94,0x7b,0x93,0x7b,0x93,0x7b,0x93,0x7b,0x94,0x7b,0xb4,0x7b,0x4e,0x52,0x94,0x7b,0x94,0x7b,0x94,0x7b,0xb4,0x7b,0xb4,0x7b,
0x93,0x7b,0x94,0x7b,0x94,0x7b,0x94,0x7b,0x94,0x7b,0x94,0x7b,0x94,0x7b,0x93,0x7b,0x93,0x7b,0x93,0x7b,0x93,0x7b,0x93,0x7b,
0x93,0x7b,0x94,0x7b,0xb4,0x7b,0xb4,0x7b,0x6e,0x52,0x93,0x7b,0x93,0x7b,0x94,0x7b,0x94,0x7b,0x93,0x7b,0x93,0x7b,0x93,0x7b,
0x94,0x7b,0x94,0x7b,0x94,0x7b,0x94,0x7b,0x93,0x7b,0x94,0x7b,0x93,0x7b,0x93,0x7b,0x93,0x7b,0x93,0x7b,0x93,0x7b,0x93,0x7b,
0x93,0x7b,0x93,0x7b,0x93,0x7b,0x94,0x7b,0x4e,0x52,0x93,0x7b,0x93,0x7b,0x93,0x7b,0x93,0x7b,0xb3,0x7b,0x93,0x7b,0xb4,0x7b,
0x94,0x7b,0x94,0x7b,0xb4,0x7b,0x93,0x7b,0x94,0x7b,0x93,0x7b,0x94,0x7b,0xb4,0x7b,0xb4,0x7b,0x94,0x7b,0x93,0x7b,0x93,0x7b,
0x93,0x7b,0x94,0x7b,0x93,0x7b,0x93,0x7b,0x93,0x7b,0x93,0x7b,0x2d,0x52,0x73,0x7b,0x93,0x7b,0x93,0x7b,0x93,0x7b,0x94,0x7b,
0x94,0x7b,0x94,0x7b,0x93,0x7b,0x93,0x7b,0x93,0x7b,0x94,0x7b,0x93,0x7b,0x93,0x7b,0x93,0x7b,0x93,0x7b,0x93,0x7b,0x93,0x7b,
0x93,0x7b,0x93,0x7b,0x93,0x7b,0x94,0x7b,0x94,0x7b,0x94,0x7b,0x93,0x7b,0x93,0x7b,0x93,0x7b,0x2d,0x52,0x93,0x7b,0x93,0x7b,
0x93,0x7b,0xb4,0x7b,0xb4,0x7b,0x93,0x7b,0x94,0x7b,0x94,0x7b,0x93,0x7b,0x94,0x7b,0x93,0x7b,0x94,0x7b,0x93,0x7b,0x93,0x7b,
0x93,0x7b,0x94,0x7b,0x93,0x7b,0x93,0x7b,0x93,0x7b,0x93,0x7b,0x93,0x7b,0x93,0x7b,0x93,0x7b,0x93,0x7b,0x93,0x7b,0x6e,0x52,
0x73,0x7b,0x93,0x7b,0x93,0x7b,0x93,0x7b,0x93,0x7b,0x94,0x7b,0x93,0x7b,0x93,0x7b,0x94,0x7b,0x94,0x7b,0x93,0x7b,0x93,0x7b,
0x93,0x7b,0x93,0x7b,0x93,0x7b,0x93,0x7b,0x93,0x7b,0x93,0x7b,0x94,0x7b,0x93,0x7b,0x93,0x7b,0x93,0x7b,0x93,0x7b,0x6e,0x5a,
0x94,0x7b,0x93,0x7b,0x93,0x7b,0x93,0x7b,0x93,0x7b,0x93,0x7b,0x93,0x7b,0x93,0x7b,0x93,0x7b,0x93,0x7b,0x93,0x7b,0x94,0x7b,
0x93,0x7b,0x93,0x7b,0x93,0x7b,0x93,0x7b,0x93,0x7b,0x93,0x7b,0x93,0x7b,0x93,0x7b,0x93,0x7b,0x6e,0x52,0x73,0x7b,0x93,0x7b,
0x93,0x7b,0x93,0x7b,0x93,0x7b,0x93,0x7b,0x93,0x7b,0x93,0x7b,0x94,0x7b,0x94,0x7b,0x94,0x7b,0x6f,0x5a,0xb4,0x83,0xb4,0x83,
0xb4,0x7b,0xb4,0x7b,0xb4,0x83,0xb4,0x7b,0x94,0x7b,0x94,0x7b,0x94,0x7b,0x93,0x7b,0xb4,0x7b,0x94,0x7b,0x93,0x7b,0x94,0x7b,
0x93,0x7b,0x93,0x7b,0x93,0x7b,0x93,0x7b,0xb3,0x7b,0xb3,0x7b,0xb4,0x83,0x73,0x73,0x4e,0x52,0x93,0x7b,0x93,0x7b,0x93,0x7b,
0x93,0x7b,0x93,0x7b,0x93,0x7b,0x93,0x7b,0x94,0x7b,0x94,0x7b,0x94,0x7b,0x94,0x7b,0x93,0x7b,0x94,0x7b,0x94,0x7b,0x94,0x7b,
0x94,0x7b,0x93,0x7b,0x93,0x7b,0x93,0x7b,0x93,0x7b,0x93,0x7b,0x93,0x7b,0x93,0x7b,0x4e,0x52,0x93,0x7b,0x93,0x7b,0x93,0x7b,
0x93,0x7b,0xb3,0x7b,0xb4,0x83,0xb4,0x7b,0x94,0x7b,0x93,0x7b,0xb4,0x7b,0xb4,0x7b,0x94,0x7b,0x94,0x7b,0x93,0x7b,0x93,0x7b,
0x94,0x7b,0x94,0x7b,0x94,0x7b,0x93,0x7b,0x93,0x7b,0x93,0x7b,0x94,0x7b,0x94,0x7b,0x93,0x7b,0x93,0x7b,0x2d,0x52,0x73,0x7b,
0x93,0x7b,0x93,0x7b,0x93,0x7b,0x93,0x7b,0x94,0x7b,0x94,0x7b,0x93,0x7b,0x93,0x7b,0x94,0x7b,0x94,0x7b,0x94,0x7b,0x93,0x7b,
0x93,0x7b,0x93,0x7b,0x94,0x7b,0x93,0x7b,0x93,0x7b,0x93,0x7b,0x94,0x7b,0x94,0x7b,0x94,0x7b,0x94,0x7b,0x93,0x7b,0x93,0x7b,
0x93,0x7b,0x2d,0x52,0x93,0x7b,0x93,0x7b,0x93,0x7b,0x94,0x7b,0x93,0x7b,0x93,0x7b,0x93,0x7b,0x93,0x7b,0x93,0x7b,0x94,0x7b,
0x93,0x7b,0x93,0x7b,0x94,0x7b,0x94,0x7b,0x94,0x7b,0x94,0x7b,0x94,0x7b,0x93,0x7b,0x93,0x7b,0x93,0x7b,0x93,0x7b,0x93,0x7b,
0x93,0x7b,0x93,0x7b,0x93,0x7b,0x4e,0x52,0x73,0x7b,0x93,0x7b,0x93,0x7b,0x93,0x7b,0x93,0x7b,0x93,0x7b,0x94,0x7b,0x94,0x7b,
0x94,0x7b,0x94,0x7b,0x94,0x7b,0x94,0x7b,0x94,0x7b,0x93,0x7b,0x93,0x7b,0x93,0x7b,0x93,0x7b,0x93,0x7b,0xb4,0x7b,0xb4,0x7b,
0x93,0x7b,0x93,0x7b,0x93,0x7b,0x2d,0x52,0x93,0x7b,0x93,0x7b,0x93,0x7b,0x93,0x7b,0x93,0x7b,0x94,0x7b,0xb4,0x7b,0xb4,0x7b,
0x93,0x7b,0x93,0x7b,0x93,0x7b,0x93,0x7b,0x93,0x7b,0x93,0x7b,0x93,0x7b,0x93,0x7b,0x93,0x7b,0x93,0x7b,0x93,0x7b,0x94,0x7b,
0x93,0x7b,0x94,0x7b,0x4e,0x52,0x93,0x7b,0x93,0x7b,0x93,0x7b,0x93,0x7b,0x93,0x7b,
};
static const lv_image_dsc_t room_night = {.header = {.magic=LV_IMAGE_HEADER_MAGIC, .cf=LV_COLOR_FORMAT_RGB565, .w=184, .h=152, .stride=368}, .data_size=sizeof(room_night_data), .data=room_night_data};
