// Generated by scripts/pack_playtime_art.py
#pragma once
#include <stdint.h>
static const uint32_t collectible_pixels[12][24*24] = {
{
0x00000000,0x00000000,0x00000000,0x00000000,0x00000000,0x00000000,0x00000000,0x00000000,0x00000000,0x00000000,0x00000000,0x00000000,
0x00000000,0x00000000,0x00000000,0x00000000,0x00000000,0x00000000,0x00000000,0x00000000,0x00000000,0x00000000,0x00000000,0x00000000,
0x00000000,0x00000000,0x00000000,0x00000000,0x00000000,0x00000000,0x00000000,0x00000000,0x00000000,0x00000000,0x00000000,0x00000000,
0x00000000,0x00000000,0x00000000,0x00000000,0x00000000,0x00000000,0x00000000,0x00000000,0x00000000,0x00000000,0x00000000,0x00000000,
0x00000000,0x00000000,0x00000000,0x00000000,0x00000000,0x00000000,0x00000000,0x00000000,0x00000000,0x00000000,0x00000000,0x00000000,
0x00000000,0x00000000,0x00000000,0x00000000,0x00000000,0x00000000,0x00000000,0x00000000,0x00000000,0x00000000,0x00000000,0x00000000,
0x00000000,0x00000000,0x00000000,0x00000000,0x00000000,0x00000000,0x00000000,0x00000000,0xff23022c,0xff260032,0x00000000,0x00000000,
0x00000000,0x00000000,0xff23022b,0xff25022b,0x00000000,0x00000000,0x00000000,0x00000000,0x00000000,0x00000000,0x00000000,0x00000000,
0x00000000,0x00000000,0x00000000,0x00000000,0x00000000,0x00000000,0x00000000,0xff240628,0xfffded3e,0xfffdeb3a,0xff22002d,0x00000000,
0x00000000,0xff2a013b,0xfffce851,0xfffcea41,0xff220528,0x00000000,0x00000000,0x00000000,0x00000000,0x00000000,0x00000000,0x00000000,
0x00000000,0x00000000,0x00000000,0x00000000,0x00000000,0x00000000,0x00000000,0xff1d061d,0xfffddb39,0xfffcd330,0xff22002b,0x00000000,
0x00000000,0xff21002c,0xfffced54,0xfffed738,0xff26062d,0x00000000,0x00000000,0x00000000,0x00000000,0x00000000,0x00000000,0x00000000,
0x00000000,0x00000000,0x00000000,0xff260131,0xff21022a,0xff2b0238,0x00000000,0x00000000,0xff280232,0xff1d0223,0xff3a1722,0x00000000,
0x00000000,0xff4f1334,0xff200127,0xff290132,0x00000000,0x00000000,0xff20012b,0xff20012a,0xff22012d,0x00000000,0x00000000,0x00000000,
0x00000000,0x00000000,0xff1a0423,0xff44ccfb,0xff4bd0fe,0xff42ccfc,0xff27032f,0xff1d0426,0x00000000,0x00000000,0xff3e172e,0xff4a094a,
0xff120111,0xff451a2b,0x00000000,0x00000000,0xff250532,0xff290331,0xff5bd6f9,0xff45cffd,0xff48cefd,0xff23032d,0x00000000,0x00000000,
0x00000000,0xff230131,0xff47cbfd,0xff48ccfc,0xfffbfdfb,0xffdbf4fe,0xff4dd3fe,0xff46d0fb,0xff290238,0x00000000,0x00000000,0xff1f0420,
0xff4f0837,0x00000000,0x00000000,0xff2a0033,0xff44cef9,0xff4ed3fc,0xfffdfcfe,0xfffbfcfc,0xff3ec6fd,0xff3fcafd,0xff20002c,0x00000000,
0x00000000,0xff1e0028,0xff4ad0fe,0xfffafcfc,0xffe7fbfc,0xffbdedfe,0xff41c9fc,0xff42cbfd,0xff44d0fe,0xff11071d,0x00000000,0xff2b0d17,
0xff39111d,0x00000000,0xff11051e,0xff59ddf9,0xff40cafc,0xff40c9fc,0xfff7ffff,0xfffdfefe,0xfffefbfa,0xff3fc9fc,0xff1f0129,0x00000000,
0x00000000,0xff20012b,0xff45cbfd,0xff9ee8fe,0xff3bcafc,0xff42cdfe,0xff3fccfc,0xff41cefc,0xff40c8fc,0xff44d2ff,0xff240329,0xffc7855a,
0xffc17f5a,0xff23012e,0xff44d1ff,0xff40ccfd,0xff3fcefc,0xff3ccafc,0xff43ccfd,0xff53d1fd,0xffa7e8fe,0xff3bc5fc,0xff240230,0x00000000,
0x00000000,0xff21022b,0xff40c8fc,0xff47ccfc,0xff45cbfc,0xff43cffd,0xfffdf456,0xfffcf150,0xff3fc7f2,0xff4acffd,0xff1f0f35,0xffb36d4f,
0xffab6c4d,0xff190632,0xff4bd1fc,0xff40cfff,0xfffbf151,0xfffef355,0xff42ccfd,0xff41cafc,0xff40c9fc,0xff36c2fb,0xff250131,0x00000000,
0x00000000,0xff7e028e,0xff24316a,0xff46cbfc,0xff48ccfc,0xff45cffd,0xfffef658,0xfffdf455,0xfffdf355,0xfffced4a,0xff211949,0xff552629,
0xff522227,0xff2b4f7f,0xffefef56,0xfffcf452,0xfffef456,0xfffef459,0xff46cefd,0xff43cafc,0xff43cbfd,0xff243072,0xff6c017d,0x00000000,
0x00000000,0x00000000,0xff1e012a,0xff0d8ff4,0xff219afd,0xff27adfd,0xff40d0f9,0xfffef456,0xfffdf254,0xfffff55b,0xff150f37,0xffcd8765,
0xffd18b68,0xff204879,0xfffff353,0xfffdf457,0xfffdf457,0xff37ccf9,0xff1ea4fc,0xff1897fd,0xff0d98f1,0xff20032c,0x00000000,0x00000000,
0x00000000,0x00000000,0x00000000,0xff270133,0xff1e0024,0xff1b012b,0xff33bcfc,0xff34bcff,0xff38c1ff,0xff22b6ff,0xff180c36,0xffb27158,
0xffa2614d,0xff1f457d,0xff35c3ff,0xff36c0ff,0xff25b8ff,0xff2fbafc,0xff20011f,0xff1d0024,0xff270235,0x00000000,0x00000000,0x00000000,
0x00000000,0x00000000,0x00000000,0x00000000,0xff21002c,0xff34bff8,0xff41c4fe,0xff40c4fa,0xfffcf452,0xfffff65e,0xff170937,0xffc4825c,
0xffc88861,0xff254580,0xfffdf255,0xfffbf650,0xff3bbbfa,0xff33b9fd,0xff22b4f8,0xff280238,0x00000000,0x00000000,0x00000000,0x00000000,
0x00000000,0x00000000,0x00000000,0xff120120,0xff18b8ff,0xff2aa8fc,0xff28b0fa,0xfffcf048,0xfffef24a,0xfffff24a,0xff1a0d44,0xffb7755a,
0xffb67152,0xff19307a,0xfffff34a,0xfffdf34c,0xfffcf14c,0xff1b97f9,0xff1c99fd,0xff22a6ec,0xff1b0029,0x00000000,0x00000000,0x00000000,
0x00000000,0x00000000,0x00000000,0xff150120,0xff1bb0ff,0xff1b9cfd,0xfffcf24c,0xfffef24e,0xfffdf34e,0xff1a97fd,0xff11093b,0xff692d32,
0xff5a2827,0xff16307c,0xff1e9ffc,0xfffdf54d,0xfffdf34b,0xfffcf54d,0xff1d9afc,0xff1894ec,0xff1c0129,0x00000000,0x00000000,0x00000000,
0x00000000,0x00000000,0x00000000,0xff0f0119,0xff25b4ff,0xff22a0fd,0xfffff54e,0xfffdf44e,0xff239bfb,0xff1d99fb,0xff1d0226,0xff7b3f36,
0xff7a3f35,0xff1c0128,0xff2bacff,0xff27a2fc,0xfffef550,0xfffef451,0xff239bfd,0xff1c98f2,0xff1e012c,0x00000000,0x00000000,0x00000000,
0x00000000,0x00000000,0x00000000,0x00000000,0xff29052f,0xff27a8ff,0xff2b9cfd,0xff289bfd,0xff2ea3ff,0xff1d0527,0x00000000,0xff723c38,
0xff7b4138,0x00000000,0xff16041e,0xff2097f4,0xff2898fb,0xff2698fc,0xff18a2ff,0xff0e0428,0x00000000,0x00000000,0x00000000,0x00000000,
0x00000000,0x00000000,0x00000000,0x00000000,0x00000000,0xff1b0124,0xff20022b,0xff22012d,0xff1f022d,0x00000000,0x00000000,0xff16021d,
0xff1e0323,0x00000000,0x00000000,0xff290235,0xff1e0129,0xff21022c,0xff15021e,0x00000000,0x00000000,0x00000000,0x00000000,0x00000000,
0x00000000,0x00000000,0x00000000,0x00000000,0x00000000,0x00000000,0x00000000,0x00000000,0x00000000,0x00000000,0x00000000,0x00000000,
0x00000000,0x00000000,0x00000000,0x00000000,0x00000000,0x00000000,0x00000000,0x00000000,0x00000000,0x00000000,0x00000000,0x00000000,
0x00000000,0x00000000,0x00000000,0x00000000,0x00000000,0x00000000,0x00000000,0x00000000,0x00000000,0x00000000,0x00000000,0x00000000,
0x00000000,0x00000000,0x00000000,0x00000000,0x00000000,0x00000000,0x00000000,0x00000000,0x00000000,0x00000000,0x00000000,0x00000000,
0x00000000,0x00000000,0x00000000,0x00000000,0x00000000,0x00000000,0x00000000,0x00000000,0x00000000,0x00000000,0x00000000,0x00000000,
0x00000000,0x00000000,0x00000000,0x00000000,0x00000000,0x00000000,0x00000000,0x00000000,0x00000000,0x00000000,0x00000000,0x00000000,
},
{
0x00000000,0x00000000,0x00000000,0x00000000,0x00000000,0x00000000,0x00000000,0x00000000,0x00000000,0x00000000,0x00000000,0x00000000,
0x00000000,0x00000000,0x00000000,0x00000000,0x00000000,0x00000000,0x00000000,0x00000000,0x00000000,0x00000000,0x00000000,0x00000000,
0x00000000,0x00000000,0x00000000,0x00000000,0x00000000,0x00000000,0x00000000,0x00000000,0x00000000,0x00000000,0xff2a0234,0xff24012e,
0xff260130,0xff260132,0x00000000,0x00000000,0x00000000,0x00000000,0x00000000,0x00000000,0x00000000,0x00000000,0x00000000,0x00000000,
0x00000000,0x00000000,0x00000000,0x00000000,0x00000000,0x00000000,0x00000000,0x00000000,0x00000000,0xff23012d,0xfffb89ba,0xfffc9ec5,
0xfffb9dc4,0xfffd95bf,0xff290236,0xff110418,0x00000000,0x00000000,0x00000000,0x00000000,0x00000000,0x00000000,0x00000000,0x00000000,
0x00000000,0x00000000,0x00000000,0x00000000,0x00000000,0xff1f022b,0xff1e0128,0xff4c0455,0xff170021,0xffb15c84,0xfffdbcd4,0xfffcbcd2,
0xfffdbad4,0xfffc9ac2,0xffff86b4,0xff25032b,0xff5d046f,0xff22032e,0xff230330,0x00000000,0x00000000,0x00000000,0x00000000,0x00000000,
0x00000000,0x00000000,0x00000000,0x00000000,0x00000000,0xff1a0025,0xff2d0232,0xff29042a,0xff240131,0xffb96488,0xfffdbed3,0xfffcb5cf,
0xfffa9bc2,0xfffc98c1,0xfffd7ba8,0xff2f043a,0xff320041,0xff28002e,0xff1d0020,0xff7c098b,0xff94059e,0x00000000,0x00000000,0x00000000,
0x00000000,0x00000000,0x00000000,0x00000000,0xff4a1e3d,0xfff89fbf,0xfffa9bba,0xfffc96ba,0xff26012f,0xff933d61,0xfffb99c0,0xfffc99c3,
0xfffb9ac3,0xfffba0c5,0xffff72a2,0xff200227,0xffffa4c6,0xfffb99c0,0xfffa90b9,0xff4a0c31,0xff5c086f,0x00000000,0x00000000,0x00000000,
0x00000000,0x00000000,0x00000000,0xff330739,0xfffb88b4,0xfffcc3d3,0xfffdb9d2,0xfffd9ac3,0xfffa7ead,0xfff96799,0xfffa8fbe,0xfffd9ec5,
0xfffc9cc4,0xfffca1ca,0xfff6659a,0xfff97dae,0xfffb9dc3,0xfffc9cc1,0xfffb9bc0,0xfff76699,0xff150024,0xff410558,0x00000000,0x00000000,
0x00000000,0x00000000,0x00000000,0xff220529,0xfffa94bc,0xfffb9ac1,0xfffa9bc1,0xfffc9ec5,0xfffc9cc4,0xfff983af,0xfffba1c8,0xfffd96c4,
0xfffd91c1,0xfffaa3c6,0xfff775a5,0xfffb9ec4,0xfffb9dc3,0xfffb9dc2,0xfffb99c1,0xfff86194,0xff110121,0xff4d0666,0x00000000,0x00000000,
0x00000000,0x00000000,0x00000000,0x00000000,0xff0c0016,0xfffb9bc2,0xfffa9bc2,0xfffc9bc3,0xfffc9fc4,0xfffcadba,0xfffee52b,0xffffef39,
0xfffff139,0xfffeee1c,0xfffbb383,0xfffc9ec4,0xfffc9cc3,0xfffc9ec4,0xfff981ab,0xff55143f,0xff9303a9,0x00000000,0x00000000,0x00000000,
0x00000000,0x00000000,0xff2c0137,0xff210226,0xff20032e,0xffc01034,0xfffa6699,0xfffc9fc5,0xfff6728d,0xfffef035,0xfffefeea,0xfffbfcf5,
0xfffced42,0xfffeef44,0xfffef347,0xffe6431b,0xfffc9fc3,0xfffa73a2,0xffbf3960,0xff490730,0xff25022e,0xff270137,0x00000000,0x00000000,
0x00000000,0xff20002c,0xff270530,0xfffca0c6,0xfffc9dc3,0xfffeaecc,0xfff23b71,0xfff54571,0xfffdd343,0xfffdf262,0xfffafbfd,0xfffffefb,
0xfffdef45,0xfffced44,0xfffded45,0xfffff248,0xffe7304c,0xfff04073,0xfff679a6,0xfffc9fc6,0xfffda5c8,0xff280430,0xff1f0129,0x00000000,
0x00000000,0xff260131,0xfff989b7,0xfffc9ec3,0xfffca1c5,0xfffc9fc4,0xfffc9ec3,0xfff77b98,0xfffee12e,0xfffef66e,0xfffefefc,0xfffdf047,
0xfffdef45,0xfffdf146,0xfffdee45,0xfffff14b,0xffeb5168,0xfffc9ec4,0xfffb9fc5,0xfffba0c4,0xfffd9fc4,0xfff76196,0xff280132,0x00000000,
0x00000000,0xff21012b,0xfff993bd,0xfffb9ec3,0xfffc9fc4,0xfffba0c4,0xfffc9dc4,0xfffa98a8,0xfffee631,0xfffced3c,0xfffdf048,0xfffdf14a,
0xfffef148,0xfffef046,0xfffdef45,0xfffff049,0xffeb5e72,0xfffc9dc4,0xfffca0c5,0xfffb9fc4,0xfffb9cc3,0xfffa6699,0xff1e0026,0x00000000,
0x00000000,0xff2a0135,0xfffb81aa,0xfffc9fc5,0xfffb9dc5,0xfffa9fc4,0xfff55080,0xfff5426a,0xfffbd32b,0xfffeed3c,0xfffcee48,0xfffcee47,
0xfffeef46,0xfffdef46,0xfffbd426,0xfffdc61c,0xffe53b56,0xfff44e7f,0xfff671a2,0xfffc9dc4,0xfffca2c5,0xfff86399,0xff25012d,0x00000000,
0x00000000,0x00000000,0xff2f0238,0xfff76396,0xfff86195,0xfffa6e9d,0xfff7608e,0xfffd93c0,0xffe24d5f,0xfffcb406,0xfffeed49,0xfffeef48,
0xfffdee45,0xfffef042,0xfffec81a,0xffe4371f,0xfffd97c3,0xfff6719b,0xfff54f85,0xfffa6396,0xfff95890,0xff250231,0x00000000,0x00000000,
0x00000000,0x00000000,0xff0a001e,0xff12002b,0xff170026,0xfffd7fab,0xfffc9ac4,0xfffb9bc2,0xfffb93c0,0xfffd9ca1,0xfffebe13,0xfffdc112,
0xfffec212,0xffffca0d,0xfffc9283,0xfffc9ec3,0xfffb9dc3,0xfffc98c1,0xfff579a3,0xff651846,0xff230037,0xff1c012d,0x00000000,0x00000000,
0x00000000,0x00000000,0x00000000,0xff250431,0xffff9dc0,0xfffca7c8,0xfffbaac8,0xfffc98c2,0xfffc9cc3,0xfffa7faf,0xfffeaacb,0xfffd9fc4,
0xfffc96bf,0xfffdadd0,0xfff877a3,0xfffb9bc4,0xfffc9cc3,0xfffc9cc2,0xfffc99c2,0xfffa6295,0xff140222,0xff590a75,0x00000000,0x00000000,
0x00000000,0x00000000,0x00000000,0xff280430,0xfffa8cb7,0xfffaa9c7,0xfffa9ac3,0xfffb9bc3,0xfff76fa3,0xfff85e91,0xfffc9ac4,0xfffd9dc4,
0xfffb9ec4,0xfffd9ac4,0xfff7598f,0x00000000,0xfffb9cc3,0xfffb9dc3,0xfffb9cc4,0xfff86093,0xff11001f,0xff4a0664,0x00000000,0x00000000,
0x00000000,0x00000000,0x00000000,0xff36053a,0xfff66495,0xfffc9cc2,0xfffb9ac2,0xfff97aab,0xff952a5b,0xffc56d92,0xfffb9ac3,0xfffb9bc3,
0xfffc9dc3,0xfffc98c1,0xffff80ad,0xff040022,0xfffa6da0,0xfffc9ac2,0xfff970a3,0xfffa6295,0xff200333,0xff540767,0x00000000,0x00000000,
0x00000000,0x00000000,0x00000000,0x00000000,0xff21042f,0xfff76196,0xfff86197,0xffa5396e,0xff270134,0xffca7398,0xfffb9ac2,0xfffb9bc3,
0xfffc9ec3,0xfffc9cc3,0xfffb79a4,0xff24022f,0xff932a5f,0xfff85a93,0xfff96396,0xff2c0030,0x00000000,0x00000000,0x00000000,0x00000000,
0x00000000,0x00000000,0x00000000,0x00000000,0x00000000,0xff24002e,0xff21012a,0xff6d077a,0xff22012e,0xff88355f,0xfffb9bc1,0xfffc97c1,
0xfffc9ec4,0xfff96194,0xffff669d,0xff27032f,0xff8d0399,0xff23012d,0xff250130,0x00000000,0x00000000,0x00000000,0x00000000,0x00000000,
0x00000000,0x00000000,0x00000000,0x00000000,0x00000000,0x00000000,0x00000000,0x00000000,0x00000000,0xff1f052f,0xffdf4585,0xfff86399,
0xfff76096,0xfffa619c,0xff2c043c,0x00000000,0x00000000,0x00000000,0x00000000,0x00000000,0x00000000,0x00000000,0x00000000,0x00000000,
0x00000000,0x00000000,0x00000000,0x00000000,0x00000000,0x00000000,0x00000000,0x00000000,0x00000000,0x00000000,0xff25003c,0xff22012d,
0xff250132,0xff10001c,0x00000000,0x00000000,0x00000000,0x00000000,0x00000000,0x00000000,0x00000000,0x00000000,0x00000000,0x00000000,
0x00000000,0x00000000,0x00000000,0x00000000,0x00000000,0x00000000,0x00000000,0x00000000,0x00000000,0x00000000,0x00000000,0x00000000,
0x00000000,0x00000000,0x00000000,0x00000000,0x00000000,0x00000000,0x00000000,0x00000000,0x00000000,0x00000000,0x00000000,0x00000000,
},
{
0x00000000,0x00000000,0x00000000,0x00000000,0x00000000,0x00000000,0x00000000,0x00000000,0x00000000,0x00000000,0x00000000,0x00000000,
0x00000000,0x00000000,0x00000000,0x00000000,0x00000000,0x00000000,0x00000000,0x00000000,0x00000000,0x00000000,0x00000000,0x00000000,
0x00000000,0x00000000,0x00000000,0x00000000,0xff2b0135,0xff22022c,0xff25022e,0xff2d0237,0x00000000,0x00000000,0x00000000,0x00000000,
0x00000000,0x00000000,0x00000000,0xff24022e,0xff250232,0xff250231,0xff25022f,0x00000000,0x00000000,0x00000000,0x00000000,0x00000000,
0x00000000,0x00000000,0x00000000,0xff230331,0xfffdfde8,0xfffefef0,0xfffdfdee,0xfffcfbe7,0xff230131,0x00000000,0x00000000,0x00000000,
0x00000000,0x00000000,0xff270135,0xfffefeee,0xfffefded,0xfffefeed,0xfffefdeb,0xff270331,0x00000000,0x00000000,0x00000000,0x00000000,
0x00000000,0x00000000,0xff290036,0xfffbfbec,0xfffefdef,0xfffefeec,0xfffefeed,0xfffefdf0,0xfff8f7ea,0xff1f012d,0x00000000,0x00000000,
0x00000000,0xff250131,0xfffafaeb,0xfffefdf0,0xfffdfdee,0xfffefeee,0xfffefdf1,0xfffbf7dd,0xff220130,0x00000000,0x00000000,0x00000000,
0x00000000,0x00000000,0xff23012f,0xfffbfbf3,0xfffdfeec,0xfffa6795,0xfffa6291,0xfffdfdeb,0xfff8f7ee,0xff23012d,0x00000000,0x00000000,
0x00000000,0xff20012a,0xfffbfbf3,0xfffdfdeb,0xfffa5c92,0xfffb6091,0xfffdfdeb,0xfffbf9ea,0xff21002f,0x00000000,0x00000000,0x00000000,
0x00000000,0x00000000,0xff22002d,0xfffbfaf1,0xfffefdeb,0xfff9638f,0xfff96690,0xfffb7199,0xfffefdec,0xfffbfaec,0xff240033,0x00000000,
0xff22022f,0xfff9f8ec,0xfffdfeef,0xfff96d98,0xfff86292,0xfffa6490,0xfffdfdee,0xfffdfae5,0xff1e0129,0x00000000,0x00000000,0x00000000,
0x00000000,0x00000000,0xff270132,0xfffcfbed,0xfffefdf0,0xfffa6590,0xfffa6591,0xfffa6891,0xfffdfeee,0xfffbfaec,0xff260032,0x00000000,
0xff22012f,0xfffaf9f3,0xfffefded,0xfff86592,0xfff96691,0xfffb638f,0xfffdfdf2,0xfffbf4da,0xff23002d,0x00000000,0x00000000,0x00000000,
0x00000000,0x00000000,0x00000000,0xff240132,0xfffefef3,0xfffefce8,0xfffa6893,0xfffb6691,0xfffefeed,0xfffafaf0,0xff1b0024,0x00000000,
0xff230231,0xfffafaf0,0xfffefef0,0xfff86492,0xfff96590,0xfffdfbf1,0xfffef5d7,0xff2a0237,0x00000000,0x00000000,0x00000000,0x00000000,
0x00000000,0x00000000,0x00000000,0xff24012e,0xfffefef2,0xfffffdea,0xfffa6993,0xfffb6991,0xfffdfdea,0xfffbfaed,0xff280132,0xff22012d,
0xff240230,0xfffafaf3,0xfffefdec,0xfff96992,0xfffa6790,0xfffdfcee,0xfffef7db,0xff23002b,0x00000000,0x00000000,0x00000000,0x00000000,
0x00000000,0x00000000,0x00000000,0x00000000,0xff21012c,0xfffefde8,0xfffdfaf4,0xfffb6a90,0xfffefdeb,0xfffdf9df,0xfffbfbf0,0xfffffffe,
0xfffefdf2,0xfffcfcef,0xfffefef0,0xfffb668f,0xfffefef1,0xfffdf3d7,0xff260130,0x00000000,0x00000000,0x00000000,0x00000000,0x00000000,
0x00000000,0x00000000,0x00000000,0x00000000,0xff540263,0xff513b4e,0xfffdfdf0,0xfffefdec,0xfffefded,0xfffefcee,0xfffdfdee,0xfffefdee,
0xfffcfded,0xfffefdee,0xfffdfded,0xfffefdee,0xfffffbe6,0xff523b50,0xff560568,0x00000000,0x00000000,0x00000000,0x00000000,0x00000000,
0x00000000,0x00000000,0x00000000,0x00000000,0xff23012a,0xff7c657a,0xfffefdf4,0xfffefefc,0xfffefdf7,0xfffdfef5,0xfffefdee,0xfffefdee,
0xfffdfdef,0xfffefdee,0xfffdfeee,0xfffefdee,0xfffdfded,0xff846b7d,0xff1f0225,0x00000000,0x00000000,0x00000000,0x00000000,0x00000000,
0x00000000,0x00000000,0x00000000,0xff74027a,0xff312132,0xfffefef2,0xfffefdfc,0xfffefef6,0xfffdfcef,0xfffdfdef,0xfffefdee,0xfffefdee,
0xfffdfdee,0xfffdfdee,0xfffefeef,0xfffdfdee,0xfffefdf0,0xfffdf9e4,0xff2f1e2f,0xff630271,0x00000000,0x00000000,0x00000000,0x00000000,
0x00000000,0x00000000,0x00000000,0xff250133,0xfffdfef2,0xfffdfefc,0xfffdfdf1,0xfffdfded,0xfffefeef,0xfffefdef,0xfffefdee,0xfffefdee,
0xfffffeef,0xfffdfdef,0xfffefeef,0xfffefeed,0xfffdfdee,0xfffdfeee,0xfffef7dd,0xff25012f,0x00000000,0x00000000,0x00000000,0x00000000,
0x00000000,0x00000000,0xff21042f,0xfff7f3f7,0xfffefef8,0xfffefef1,0xfffffff4,0xff633032,0xfffffffd,0xfffefeed,0xfffefdee,0xfffdfdee,
0xfffefeef,0xfffdfeee,0xffffffff,0xff5d2f2f,0xfffffdef,0xfffdfdee,0xfffefded,0xfff8f5ef,0xff20032e,0x00000000,0x00000000,0x00000000,
0x00000000,0x00000000,0xff280134,0xfffaf9f0,0xfffdfef0,0xfffefdee,0xff4b1e26,0xff17001b,0xff391319,0xfffefdef,0xfffefef0,0xfffefef1,
0xfffefdee,0xfffdfdec,0xff3f131b,0xff200424,0xff381218,0xfffdfded,0xfffefeed,0xfff9f4e4,0xff1e002a,0x00000000,0x00000000,0x00000000,
0x00000000,0x00000000,0xff24012f,0xfffbfaf2,0xfffdfdec,0xfffefdf0,0xffefecef,0xff4d2225,0xffeeeae9,0xfffdfcec,0xfffee0df,0xfff66188,
0xfffefcf0,0xfffdfdf0,0xffeeecee,0xff40191d,0xfff3f2f1,0xfffdfdec,0xfffdfdf0,0xfff9f4e4,0xff22012e,0x00000000,0x00000000,0x00000000,
0x00000000,0x00000000,0xff2a0237,0xfff9f8ee,0xfffefdef,0xfffc97b9,0xfffd8eb4,0xfffdfded,0xfffdfeee,0xff451a3a,0xfffefee7,0xff360f24,
0xfffaf8f8,0xff78646d,0xfffefded,0xfffdfeef,0xfffc84ac,0xfffd99b7,0xfffdf6dd,0xfffaf4df,0xff250131,0x00000000,0x00000000,0x00000000,
0x00000000,0x00000000,0xff26012f,0xfff9f8f1,0xfffcfdeb,0xfffd92b3,0xfffc95b5,0xfffefdf0,0xfffefeef,0xfffdfdeb,0xff3b1027,0xff260916,
0xff380f22,0xfffefef4,0xfffdfced,0xfffdfcea,0xfffc94b1,0xfffc8bae,0xfffdf7e1,0xfff7f3e1,0xff23012c,0x00000000,0x00000000,0x00000000,
0x00000000,0x00000000,0x00000000,0xff2f023b,0xfffdf7d9,0xfffefeef,0xfffdfdef,0xfffefded,0xfffefdef,0xfffdfef0,0xfffdfdec,0xfffdfef0,
0xfffdfcec,0xfffdfded,0xfffdfeed,0xfffdfdee,0xfffef6e0,0xfffdf6db,0xfffdf6d9,0xff2d0038,0x00000000,0x00000000,0x00000000,0x00000000,
0x00000000,0x00000000,0x00000000,0x00000000,0xff2f0340,0xfffef8de,0xfffdf7d9,0xfffef8e0,0xfffdfded,0xfffefeef,0xfffdfef0,0xfffdfdf0,
0xfffdfdee,0xfffdfeee,0xfffdf8e0,0xfffef7de,0xfffef7db,0xfffdf7df,0xff30013b,0x00000000,0x00000000,0x00000000,0x00000000,0x00000000,
0x00000000,0x00000000,0x00000000,0x00000000,0x00000000,0xff22002c,0xff23012e,0xfffcf4d6,0xfffef5dd,0xfffef7e0,0xfffdf6e0,0xfffdf6df,
0xfffdf6e0,0xfffdf5de,0xfffdf6de,0xfffcf6dc,0xff24002c,0xff260030,0x00000000,0x00000000,0x00000000,0x00000000,0x00000000,0x00000000,
0x00000000,0x00000000,0x00000000,0x00000000,0x00000000,0x00000000,0x00000000,0xff230130,0xff260130,0xff24022d,0xff24012d,0xff24012e,
0xff22012c,0xff270231,0xff260231,0xff240332,0x00000000,0x00000000,0x00000000,0x00000000,0x00000000,0x00000000,0x00000000,0x00000000,
0x00000000,0x00000000,0x00000000,0x00000000,0x00000000,0x00000000,0x00000000,0x00000000,0x00000000,0x00000000,0x00000000,0x00000000,
0x00000000,0x00000000,0x00000000,0x00000000,0x00000000,0x00000000,0x00000000,0x00000000,0x00000000,0x00000000,0x00000000,0x00000000,
},
{
0x00000000,0x00000000,0x00000000,0x00000000,0x00000000,0x00000000,0x00000000,0x00000000,0x00000000,0x00000000,0x00000000,0x00000000,
0x00000000,0x00000000,0x00000000,0x00000000,0x00000000,0x00000000,0x00000000,0x00000000,0x00000000,0x00000000,0x00000000,0x00000000,
0x00000000,0x00000000,0x00000000,0x00000000,0x00000000,0x00000000,0x00000000,0x00000000,0x00000000,0x00000000,0x00000000,0x00000000,
0x00000000,0x00000000,0x00000000,0x00000000,0x00000000,0x00000000,0x00000000,0x00000000,0x00000000,0x00000000,0x00000000,0x00000000,
0x00000000,0x00000000,0x00000000,0x00000000,0x00000000,0x00000000,0x00000000,0x00000000,0x00000000,0x00000000,0x00000000,0x00000000,
0x00000000,0x00000000,0x00000000,0x00000000,0x00000000,0x00000000,0x00000000,0x00000000,0x00000000,0x00000000,0x00000000,0x00000000,
0x00000000,0x00000000,0x00000000,0x00000000,0x00000000,0x00000000,0x00000000,0x00000000,0x00000000,0x00000000,0x00000000,0x00000000,
0x00000000,0x00000000,0x00000000,0x00000000,0x00000000,0x00000000,0x00000000,0x00000000,0x00000000,0x00000000,0x00000000,0x00000000,
0x00000000,0x00000000,0x00000000,0x00000000,0x00000000,0x00000000,0x00000000,0x00000000,0x00000000,0xff25022e,0xff26032d,0xff23022a,
0xff230229,0xff220229,0xff25022e,0x00000000,0x00000000,0x00000000,0x00000000,0x00000000,0x00000000,0x00000000,0x00000000,0x00000000,
0x00000000,0x00000000,0x00000000,0x00000000,0x00000000,0x00000000,0x00000000,0x00000000,0xff26032d,0xfff7584b,0xfff94d3e,0xfff84c3d,
0xfff84c3e,0xfff95041,0xfff84c40,0xff25022a,0xff290130,0x00000000,0x00000000,0x00000000,0x00000000,0x00000000,0x00000000,0x00000000,
0x00000000,0x00000000,0x00000000,0x00000000,0x00000000,0x00000000,0x00000000,0xff28041e,0xfff64d3f,0xfff85041,0xfff9573c,0xfffb5738,
0xfffa5639,0xfffb543b,0xfff8593b,0xfff74d3e,0xfff7483b,0xff24012e,0x00000000,0x00000000,0x00000000,0x00000000,0x00000000,0x00000000,
0x00000000,0x00000000,0x00000000,0x00000000,0x00000000,0x00000000,0xff1e042a,0xfff84d40,0xfffef131,0xfffdef31,0xfffced33,0xfffdee34,
0xfffdee34,0xfffdef34,0xfffdee30,0xfffff236,0xfff74a3a,0xfff94f3e,0xff17041e,0x00000000,0x00000000,0x00000000,0x00000000,0x00000000,
0x00000000,0x00000000,0x00000000,0x00000000,0x00000000,0xff15031b,0xfff85140,0xfffdee33,0xfffdee31,0xfffef035,0xfffdf035,0xffc8dd3b,
0xffc5e03d,0xffc3e03e,0xfffeef34,0xfffdee33,0xffffef33,0xfff8503e,0xffe63732,0xff440356,0x00000000,0x00000000,0x00000000,0x00000000,
0x00000000,0x00000000,0x00000000,0x00000000,0xff210129,0xfff74d3c,0xfffef437,0xfffdef32,0xfffdef33,0xff6cc53b,0xff6ac43f,0xff68c141,
0xff65be3f,0xff68c33d,0xff64bd3c,0xfffeee35,0xfffcec33,0xfffeee38,0xfff5493d,0xff0f0029,0x00000000,0x00000000,0x00000000,0x00000000,
0x00000000,0x00000000,0x00000000,0x00000000,0xff210225,0xfffa5740,0xfffdf73a,0xfffdef33,0xff69c140,0xff5ebf3a,0xff33cdfa,0xff3ec8fb,
0xff40c9fc,0xff39ccfc,0xff38d4f4,0xff64bf3c,0xfffdef35,0xfffcec32,0xfff85142,0xff1a032c,0x00000000,0x00000000,0x00000000,0x00000000,
0x00000000,0x00000000,0x00000000,0xff250233,0xfff85141,0xfffb4e41,0xfffeee3a,0xff65c03e,0xff64c040,0xff3dcdfc,0xff3ac6fc,0xff1392fc,
0xff1595fd,0xff129afd,0xff40cefc,0xff5dbe33,0xff68c042,0xfffced35,0xfffcea3b,0xfff84d3f,0xff200128,0x00000000,0x00000000,0x00000000,
0x00000000,0x00000000,0x00000000,0xff22022d,0xff2a0432,0xff280130,0xfffbee34,0xff69c141,0xff45d4fc,0xff3bc9fc,0xff1294fc,0xff280130,
0xff25022e,0xff1c1860,0xff41c9fc,0xff42d5fb,0xff60c041,0xfffcef31,0xff41282b,0xff60232b,0xff22012b,0x00000000,0x00000000,0x00000000,
0x00000000,0x00000000,0xff2f0032,0xff17091b,0xfffefefd,0xffd2f4fd,0xff23032b,0xff200227,0xff3dccfd,0xff199cfc,0xff1c0123,0x00000000,
0x00000000,0xff3d014b,0xff10a1fa,0xff44cafe,0xff21032c,0xff26032f,0xffe0d9e3,0xffffffff,0xff2c0835,0xff180221,0x00000000,0x00000000,
0x00000000,0x00000000,0xff1f082b,0xfffefefe,0xfffdfdfc,0xffd5f1fd,0xfffdfdfd,0xfffcfcf8,0xff1d0428,0xff1c0524,0x00000000,0x00000000,
0x00000000,0x00000000,0xff290035,0xff100020,0xff92829b,0xfffefefd,0xfffdfdfd,0xfffefdfc,0xfffefffe,0xff250831,0x00000000,0x00000000,
0x00000000,0xff230230,0xfffdfefd,0xfffdfefd,0xfffefefd,0xfffdfdfd,0xfffdfdfe,0xffa7e6fc,0xff9de2f8,0xff180123,0x00000000,0x00000000,
0x00000000,0x00000000,0x00000000,0xfff6f3f7,0xfffefefd,0xfffefefe,0xfffefefd,0xfffefefe,0xfffdfdfd,0xffb2eafb,0xff280131,0x00000000,
0x00000000,0xff1e0128,0xffe5f9fd,0xfffefdfc,0xfffdfefd,0xfffefefd,0xfffdfdfd,0xfffefdfd,0xffa2e4fb,0xff3e5e6c,0x00000000,0x00000000,
0x00000000,0x00000000,0xff280d35,0xfffbfdfc,0xfffdfefd,0xfffefefe,0xfffefefd,0xfffffefd,0xfff5fbfe,0xff9fe0fb,0xff2c0235,0x00000000,
0x00000000,0x00000000,0xff170c1d,0xffa1e5fd,0xfffefefe,0xfffdfdfc,0xff95dffb,0xffa6e6fd,0xff99dff9,0xff480359,0x00000000,0x00000000,
0x00000000,0x00000000,0x00000000,0xffbbf0fe,0xffade8fc,0xfffefffd,0xfffefefe,0xffc4eafb,0xff94ddfb,0xff270a2e,0x00000000,0x00000000,
0x00000000,0x00000000,0x00000000,0xff250537,0xff9be0fc,0xff9de1fb,0xff98defd,0xff250333,0xff270439,0x00000000,0x00000000,0x00000000,
0x00000000,0x00000000,0x00000000,0xff070015,0xff220431,0xff96dffb,0xff9be0fb,0xff98defb,0xff270839,0x00000000,0x00000000,0x00000000,
0x00000000,0x00000000,0x00000000,0x00000000,0xff260231,0xff23012d,0xff250130,0x00000000,0x00000000,0x00000000,0x00000000,0x00000000,
0x00000000,0x00000000,0x00000000,0x00000000,0x00000000,0xff270233,0xff260230,0xff23012e,0x00000000,0x00000000,0x00000000,0x00000000,
0x00000000,0x00000000,0x00000000,0x00000000,0x00000000,0x00000000,0x00000000,0x00000000,0x00000000,0x00000000,0x00000000,0x00000000,
0x00000000,0x00000000,0x00000000,0x00000000,0x00000000,0x00000000,0x00000000,0x00000000,0x00000000,0x00000000,0x00000000,0x00000000,
0x00000000,0x00000000,0x00000000,0x00000000,0x00000000,0x00000000,0x00000000,0x00000000,0x00000000,0x00000000,0x00000000,0x00000000,
0x00000000,0x00000000,0x00000000,0x00000000,0x00000000,0x00000000,0x00000000,0x00000000,0x00000000,0x00000000,0x00000000,0x00000000,
0x00000000,0x00000000,0x00000000,0x00000000,0x00000000,0x00000000,0x00000000,0x00000000,0x00000000,0x00000000,0x00000000,0x00000000,
0x00000000,0x00000000,0x00000000,0x00000000,0x00000000,0x00000000,0x00000000,0x00000000,0x00000000,0x00000000,0x00000000,0x00000000,
0x00000000,0x00000000,0x00000000,0x00000000,0x00000000,0x00000000,0x00000000,0x00000000,0x00000000,0x00000000,0x00000000,0x00000000,
0x00000000,0x00000000,0x00000000,0x00000000,0x00000000,0x00000000,0x00000000,0x00000000,0x00000000,0x00000000,0x00000000,0x00000000,
},
{
0x00000000,0x00000000,0x00000000,0x00000000,0x00000000,0x00000000,0x00000000,0x00000000,0x00000000,0x00000000,0x00000000,0x00000000,
0x00000000,0x00000000,0x00000000,0x00000000,0x00000000,0x00000000,0x00000000,0x00000000,0x00000000,0x00000000,0x00000000,0x00000000,
0x00000000,0x00000000,0x00000000,0x00000000,0x00000000,0x00000000,0x00000000,0x00000000,0x00000000,0x00000000,0x00000000,0xff20012b,
0x00000000,0x00000000,0x00000000,0x00000000,0x00000000,0x00000000,0x00000000,0x00000000,0x00000000,0x00000000,0x00000000,0x00000000,
0x00000000,0x00000000,0x00000000,0x00000000,0x00000000,0x00000000,0x00000000,0x00000000,0x00000000,0xff20012a,0xff1d0325,0xff07c8b5,
0xff16021d,0x00000000,0x00000000,0x00000000,0x00000000,0x00000000,0x00000000,0x00000000,0x00000000,0x00000000,0x00000000,0x00000000,
0x00000000,0x00000000,0x00000000,0x00000000,0x00000000,0x00000000,0x00000000,0xff13011a,0xff20022c,0xff63fbf1,0xff5bf9f0,0xff037a86,
0xff1fb3a3,0x00000000,0x00000000,0x00000000,0x00000000,0x00000000,0x00000000,0x00000000,0x00000000,0x00000000,0x00000000,0x00000000,
0x00000000,0x00000000,0x00000000,0x00000000,0x00000000,0x00000000,0xff23022e,0xff70ffff,0xff6ff7f1,0xffa2fafb,0xff29b4b2,0xff20ccc1,
0xff22aa95,0xff1b0127,0x00000000,0x00000000,0x00000000,0x00000000,0x00000000,0x00000000,0x00000000,0x00000000,0x00000000,0x00000000,
0x00000000,0x00000000,0x00000000,0x00000000,0xff1e0128,0xff12071d,0xff66f9ef,0xffffffff,0xffa8f8f8,0xff66f7ed,0xff03717c,0xff25e7d0,
0xff1ee2ce,0xff190620,0xff3e004a,0x00000000,0x00000000,0x00000000,0x00000000,0x00000000,0x00000000,0x00000000,0x00000000,0x00000000,
0x00000000,0x00000000,0x00000000,0xff230234,0xff04c4ae,0xff69f7ec,0xff73f6ed,0xff6cf7f1,0xff69f8ee,0xff65f8ed,0xff037c85,0xff22e5cc,
0xff22e5cd,0xff21e3ce,0xff200230,0x00000000,0x00000000,0x00000000,0x00000000,0x00000000,0x00000000,0x00000000,0x00000000,0x00000000,
0x00000000,0x00000000,0x00000000,0xff290137,0xff2ae8cf,0xff04ae9e,0xff058a8b,0xff037d8a,0xff037883,0xff037a84,0xff057f88,0xff1ddfcb,
0xff22e4cd,0xff22e5cd,0xff1cd8be,0xff1c0228,0x00000000,0x00000000,0x00000000,0x00000000,0x00000000,0x00000000,0x00000000,0x00000000,
0x00000000,0x00000000,0x00000000,0x00000000,0xff1e012b,0xff2eead3,0xff2bead5,0xff2ae8d3,0xff2cebd4,0xff037e88,0xff058081,0xff047a84,
0xff037b84,0xff017c85,0xff0a9694,0xff062f41,0xff1e0129,0x00000000,0x00000000,0x00000000,0x00000000,0x00000000,0x00000000,0x00000000,
0x00000000,0x00000000,0x00000000,0x00000000,0x00000000,0xff1b0422,0xff2cecd4,0xff2eead5,0xff28e8d5,0xff037c87,0xff04c2ac,0xff05c6b0,
0xff06c6af,0xff08c5af,0xff026b5e,0xff1c0629,0x00000000,0x00000000,0x00000000,0x00000000,0x00000000,0x00000000,0x00000000,0x00000000,
0x00000000,0x00000000,0x00000000,0x00000000,0x00000000,0xff1a0226,0xff2de9d6,0xff2eead6,0xff2decd5,0xff037c87,0xff05c3ad,0xff04c4af,
0xff07c4af,0xff210730,0xff280233,0x00000000,0x00000000,0x00000000,0x00000000,0x00000000,0x00000000,0x00000000,0x00000000,0x00000000,
0x00000000,0x00000000,0x00000000,0x00000000,0x00000000,0x00000000,0xff1b0029,0xff2cebd4,0xff2bead6,0xff047981,0xff05c1ab,0xff04c7af,
0xff071320,0xff190125,0x00000000,0x00000000,0x00000000,0x00000000,0x00000000,0x00000000,0x00000000,0x00000000,0x00000000,0x00000000,
0x00000000,0x00000000,0x00000000,0x00000000,0x00000000,0x00000000,0xff15071e,0xff29ead5,0xff0fa49e,0xff038084,0xff05c5af,0xff0bbfa6,
0xff1d0127,0x00000000,0x00000000,0x00000000,0x00000000,0x00000000,0x00000000,0x00000000,0x00000000,0x00000000,0x00000000,0x00000000,
0x00000000,0x00000000,0x00000000,0x00000000,0x00000000,0x00000000,0x00000000,0xff2a9492,0xff14a8a8,0xff05bfaa,0xff0f8582,0xff270336,
0x00000000,0x00000000,0x00000000,0x00000000,0x00000000,0x00000000,0x00000000,0x00000000,0x00000000,0x00000000,0x00000000,0x00000000,
0x00000000,0x00000000,0x00000000,0x00000000,0x00000000,0x00000000,0x00000000,0xff1f0129,0xff039b90,0xff220a2c,0xff1c0126,0x00000000,
0x00000000,0xff20032a,0xff260132,0x00000000,0x00000000,0x00000000,0x00000000,0x00000000,0x00000000,0x00000000,0x00000000,0x00000000,
0x00000000,0x00000000,0x00000000,0x00000000,0x00000000,0x00000000,0x00000000,0xff260335,0xff250438,0xff200129,0x00000000,0x00000000,
0xff2e0040,0xffb9a84c,0xfffdf35b,0xff24002e,0x00000000,0x00000000,0x00000000,0x00000000,0x00000000,0x00000000,0x00000000,0x00000000,
0x00000000,0x00000000,0x00000000,0x00000000,0x00000000,0x00000000,0x00000000,0x00000000,0x00000000,0xff24012e,0xff1d0124,0xff260131,
0xff20002b,0xfffef453,0xfffddc35,0xff24012c,0x00000000,0x00000000,0x00000000,0x00000000,0x00000000,0x00000000,0x00000000,0x00000000,
0x00000000,0x00000000,0x00000000,0x00000000,0x00000000,0x00000000,0x00000000,0x00000000,0x00000000,0x00000000,0xff220922,0xfffdf252,
0xfffad238,0xff200623,0xff27042c,0xff200423,0x00000000,0x00000000,0xff27032c,0xff26012f,0x00000000,0x00000000,0x00000000,0x00000000,
0x00000000,0x00000000,0x00000000,0x00000000,0x00000000,0x00000000,0x00000000,0x00000000,0x00000000,0x00000000,0xff22052a,0xfffdde38,
0xff957838,0x00000000,0x00000000,0xff2d0335,0xff250030,0xff2c0038,0xffeede5a,0xfffcf04a,0xff270235,0x00000000,0x00000000,0x00000000,
0x00000000,0x00000000,0x00000000,0x00000000,0x00000000,0x00000000,0x00000000,0x00000000,0x00000000,0x00000000,0x00000000,0xff1a0522,
0xff93792e,0x00000000,0x00000000,0x00000000,0xff21022c,0xff22032a,0xfffeed43,0xfffee034,0xff250230,0x00000000,0x00000000,0x00000000,
0x00000000,0x00000000,0x00000000,0x00000000,0x00000000,0x00000000,0x00000000,0x00000000,0x00000000,0x00000000,0x00000000,0xff080213,
0xff16021e,0x00000000,0x00000000,0xff23012f,0xfffdee3c,0xfffff23f,0xff220327,0xff25022d,0x00000000,0x00000000,0x00000000,0x00000000,
0x00000000,0x00000000,0x00000000,0x00000000,0x00000000,0x00000000,0x00000000,0x00000000,0x00000000,0x00000000,0x00000000,0x00000000,
0x00000000,0x00000000,0x00000000,0xff5b0064,0xff220219,0xff90772c,0x00000000,0xff24042a,0xff2d043d,0x00000000,0x00000000,0x00000000,
0x00000000,0x00000000,0x00000000,0x00000000,0x00000000,0x00000000,0x00000000,0x00000000,0x00000000,0x00000000,0x00000000,0x00000000,
0x00000000,0x00000000,0x00000000,0x00000000,0xff410055,0xff180226,0x00000000,0x00000000,0xff23022e,0x00000000,0x00000000,0x00000000,
0x00000000,0x00000000,0x00000000,0x00000000,0x00000000,0x00000000,0x00000000,0x00000000,0x00000000,0x00000000,0x00000000,0x00000000,
0x00000000,0x00000000,0x00000000,0x00000000,0x00000000,0x00000000,0x00000000,0x00000000,0x00000000,0x00000000,0x00000000,0x00000000,
},
{
0x00000000,0x00000000,0x00000000,0x00000000,0x00000000,0x00000000,0x00000000,0x00000000,0x00000000,0x00000000,0x00000000,0x00000000,
0x00000000,0x00000000,0x00000000,0x00000000,0x00000000,0x00000000,0x00000000,0x00000000,0x00000000,0x00000000,0x00000000,0x00000000,
0x00000000,0x00000000,0x00000000,0x00000000,0x00000000,0x00000000,0x00000000,0x00000000,0x00000000,0x00000000,0x00000000,0x00000000,
0x00000000,0x00000000,0x00000000,0x00000000,0x00000000,0x00000000,0x00000000,0x00000000,0x00000000,0x00000000,0x00000000,0x00000000,
0x00000000,0x00000000,0x00000000,0x00000000,0x00000000,0x00000000,0x00000000,0x00000000,0x00000000,0x00000000,0x00000000,0x00000000,
0x00000000,0x00000000,0x00000000,0x00000000,0x00000000,0x00000000,0x00000000,0x00000000,0x00000000,0x00000000,0x00000000,0x00000000,
0x00000000,0x00000000,0x00000000,0x00000000,0x00000000,0x00000000,0x00000000,0x00000000,0x00000000,0x00000000,0x00000000,0x00000000,
0x00000000,0x00000000,0x00000000,0x00000000,0x00000000,0x00000000,0x00000000,0x00000000,0x00000000,0x00000000,0x00000000,0x00000000,
0x00000000,0x00000000,0x00000000,0x00000000,0x00000000,0x00000000,0x00000000,0x00000000,0x00000000,0x00000000,0x00000000,0xff260231,
0xff24012c,0xff22002c,0xff260031,0xff090017,0x00000000,0x00000000,0x00000000,0x00000000,0x00000000,0x00000000,0x00000000,0x00000000,
0x00000000,0x00000000,0x00000000,0x00000000,0xff280232,0xff1e0126,0xff1e0129,0x00000000,0x00000000,0x00000000,0xff1e042e,0xff66f2b6,
0xff36e49b,0xff38e69d,0xff34e39c,0xff54c08f,0x00000000,0x00000000,0x00000000,0x00000000,0x00000000,0x00000000,0x00000000,0x00000000,
0x00000000,0x00000000,0x00000000,0xff300c39,0xff84f4c2,0xff98f9ce,0xff200028,0x00000000,0x00000000,0xff260133,0xff4ceba8,0xff2bd79c,
0xff290334,0xff1f032b,0xff200628,0xff29d692,0xff20042c,0x00000000,0xff260132,0xff23022d,0x00000000,0x00000000,0x00000000,0x00000000,
0x00000000,0x00000000,0xff180322,0xffaafad9,0xff98fad2,0xff63edaf,0xff1f0029,0x00000000,0x00000000,0xff250130,0xff2ecf90,0xff280233,
0xff380043,0xff25002f,0xff250332,0xff198b65,0xff21052d,0xff15282e,0xff50eea9,0xff54eca9,0xff0e061c,0x00000000,0x00000000,0x00000000,
0x00000000,0xff230230,0xff9bf9cc,0xff96f7c8,0xff5debae,0xff05926b,0xff4e0056,0x00000000,0xff200027,0xff10b383,0xffbefce4,0xffc1fae6,
0xff9df7d5,0xffb2f8dc,0xff9ff7d4,0xffabf9d7,0xff01986d,0xff2ad996,0xff13001a,0xff280f3c,0xff58eca7,0xff15061c,0x00000000,0x00000000,
0x00000000,0xff240230,0xff4de2a1,0xff36dd98,0xff049b6e,0xff67eeb3,0xff62efb6,0xff270338,0xff200128,0xff7df2c4,0xff09a779,0xff09a878,
0xff08ac78,0xff09a875,0xff08b079,0xff08a775,0xff31dc94,0xff1c0328,0x00000000,0x00000000,0xff309265,0xff4eeaa1,0xff21012c,0x00000000,
0x00000000,0x00000000,0xff1c0326,0xff250233,0xff33e28e,0xff60ebaf,0xff5febac,0xff85f1c7,0xff22012d,0xff7ef4ca,0xfffefefd,0xff63efae,
0xff63eeae,0xff66f0af,0xff62efae,0xff6af3b3,0xff31dc92,0xff210329,0x00000000,0x00000000,0xff2d996b,0xff47e7a0,0xff1f0129,0x00000000,
0x00000000,0x00000000,0x00000000,0x00000000,0xff1f0129,0xff3de49b,0xff60ecab,0xff60edae,0xff190828,0xff90f7cf,0xfff9fefc,0xff66efb1,
0xfffefefd,0xfffefefc,0xff61eeae,0xff5deeac,0xff34dc93,0xff24032f,0x00000000,0x00000000,0xff2aa16d,0xff23d18a,0xff270132,0x00000000,
0x00000000,0x00000000,0x00000000,0x00000000,0xff2a0538,0xff23cd87,0xff61edae,0xff64edad,0xff0cb880,0xff8af6c9,0xff83f5c8,0xfffffffe,
0xfffdfefb,0xfffefffd,0xffffffff,0xfff9fcfb,0xff38de95,0xff24ce8b,0xff1b0028,0x00000000,0xff32ac77,0xff20cb86,0xff1e0226,0x00000000,
0x00000000,0x00000000,0x00000000,0x00000000,0x00000000,0xff240132,0xff2fd993,0xff6defb1,0xff21bc80,0xff6decb3,0xff67edb6,0xfffefbfa,
0xfffcf9bf,0xfffedb16,0xfffefefc,0xfff9fefd,0xff31d894,0xff38dc97,0xff1c0124,0xff21544b,0xff32db99,0xff1b0326,0x00000000,0x00000000,
0x00000000,0x00000000,0x00000000,0x00000000,0x00000000,0x00000000,0xff21042c,0xff37e197,0xff6af4b9,0xff6fedb3,0xff69ecb6,0xfff6fcf8,
0xfffdce14,0xfffcc90d,0xfffefefe,0xfff9fefd,0xff35da98,0xff35db96,0xff018a62,0xff32dc97,0xff13072e,0x00000000,0x00000000,0x00000000,
0x00000000,0x00000000,0x00000000,0x00000000,0x00000000,0x00000000,0xff26012f,0xff20d38d,0xff69f1b4,0xff6decb5,0xff72efb9,0xfffefefd,
0xfffdfefc,0xfffefffe,0xfffefefb,0xfffcfefd,0xff3cdc9a,0xff37da96,0xff0ebd81,0xff015d53,0x00000000,0x00000000,0x00000000,0x00000000,
0x00000000,0x00000000,0x00000000,0x00000000,0x00000000,0x00000000,0x00000000,0xff210329,0xff6af2b1,0xff6eeeb2,0xff6bedb4,0xff67eeaf,
0xfffffeff,0xfffefcfb,0xff61edad,0xff60ebad,0xff61ecac,0xff34d996,0xff27d392,0xff280235,0x00000000,0x00000000,0x00000000,0x00000000,
0x00000000,0x00000000,0x00000000,0x00000000,0x00000000,0x00000000,0x00000000,0xff1f0226,0xff68f0ae,0xff69eeaf,0xff67efae,0xff66eead,
0xff63eeab,0xff62eeaa,0xff60edab,0xff5fecab,0xff55e8a8,0xff34db98,0xff23cf8d,0xff270131,0x00000000,0x00000000,0x00000000,0x00000000,
0x00000000,0x00000000,0x00000000,0x00000000,0x00000000,0x00000000,0x00000000,0x00000000,0xff23042f,0xff2fd891,0xff31d893,0xff31d892,
0xff2fd794,0xff32d893,0xff31d795,0xff2ed694,0xff15ba7f,0xff21062d,0xff1b0124,0x00000000,0x00000000,0x00000000,0x00000000,0x00000000,
0x00000000,0x00000000,0x00000000,0x00000000,0x00000000,0x00000000,0x00000000,0x00000000,0x00000000,0xff21022d,0xff250230,0xff21012b,
0xff22022d,0xff21012b,0xff22022d,0xff20012a,0xff23012f,0x00000000,0x00000000,0x00000000,0x00000000,0x00000000,0x00000000,0x00000000,
0x00000000,0x00000000,0x00000000,0x00000000,0x00000000,0x00000000,0x00000000,0x00000000,0x00000000,0x00000000,0x00000000,0x00000000,
0x00000000,0x00000000,0x00000000,0x00000000,0x00000000,0x00000000,0x00000000,0x00000000,0x00000000,0x00000000,0x00000000,0x00000000,
0x00000000,0x00000000,0x00000000,0x00000000,0x00000000,0x00000000,0x00000000,0x00000000,0x00000000,0x00000000,0x00000000,0x00000000,
0x00000000,0x00000000,0x00000000,0x00000000,0x00000000,0x00000000,0x00000000,0x00000000,0x00000000,0x00000000,0x00000000,0x00000000,
0x00000000,0x00000000,0x00000000,0x00000000,0x00000000,0x00000000,0x00000000,0x00000000,0x00000000,0x00000000,0x00000000,0x00000000,
0x00000000,0x00000000,0x00000000,0x00000000,0x00000000,0x00000000,0x00000000,0x00000000,0x00000000,0x00000000,0x00000000,0x00000000,
0x00000000,0x00000000,0x00000000,0x00000000,0x00000000,0x00000000,0x00000000,0x00000000,0x00000000,0x00000000,0x00000000,0x00000000,
0x00000000,0x00000000,0x00000000,0x00000000,0x00000000,0x00000000,0x00000000,0x00000000,0x00000000,0x00000000,0x00000000,0x00000000,
},
{
0x00000000,0x00000000,0x00000000,0x00000000,0x00000000,0x00000000,0x00000000,0x00000000,0x00000000,0x00000000,0x00000000,0x00000000,
0x00000000,0x00000000,0x00000000,0x00000000,0x00000000,0x00000000,0x00000000,0x00000000,0x00000000,0x00000000,0x00000000,0x00000000,
0x00000000,0x00000000,0x00000000,0x00000000,0x00000000,0x00000000,0x00000000,0x00000000,0x00000000,0x00000000,0x00000000,0x00000000,
0x00000000,0x00000000,0x00000000,0x00000000,0x00000000,0x00000000,0x00000000,0x00000000,0x00000000,0x00000000,0x00000000,0x00000000,
0x00000000,0x00000000,0x00000000,0x00000000,0x00000000,0x00000000,0x00000000,0x00000000,0x00000000,0x00000000,0x00000000,0x00000000,
0x00000000,0x00000000,0x00000000,0x00000000,0x00000000,0x00000000,0x00000000,0x00000000,0x00000000,0x00000000,0x00000000,0x00000000,
0x00000000,0x00000000,0x00000000,0x00000000,0x00000000,0x00000000,0x00000000,0x00000000,0x00000000,0x00000000,0x00000000,0x00000000,
0x00000000,0x00000000,0x00000000,0x00000000,0x00000000,0x00000000,0x00000000,0x00000000,0x00000000,0x00000000,0x00000000,0x00000000,
0x00000000,0x00000000,0x00000000,0x00000000,0x00000000,0x00000000,0x00000000,0x00000000,0x00000000,0xff280133,0xff25012e,0xff270030,
0xff26012f,0xff57045e,0x00000000,0x00000000,0x00000000,0x00000000,0x00000000,0x00000000,0x00000000,0x00000000,0x00000000,0x00000000,
0x00000000,0x00000000,0x00000000,0x00000000,0x00000000,0x00000000,0x00000000,0x00000000,0xff23032f,0xffafe8fc,0xffaee8fc,0xffb8ecfc,
0xffb6eafb,0xff748ca7,0xff4b054f,0x00000000,0x00000000,0x00000000,0x00000000,0x00000000,0x00000000,0x00000000,0x00000000,0x00000000,
0x00000000,0x00000000,0x00000000,0x00000000,0x00000000,0x00000000,0x00000000,0xff230430,0xffb5ebfc,0xfffefefe,0xfffefefd,0xfffcfdfc,
0xffb8ebfc,0xffb7eafc,0xff342e54,0x00000000,0x00000000,0x00000000,0x00000000,0x00000000,0x00000000,0x00000000,0x00000000,0x00000000,
0x00000000,0x00000000,0x00000000,0x00000000,0x00000000,0x00000000,0xff2a0237,0xffb6ebfd,0xfffdfdfd,0xfffefefe,0xfffcfcfc,0xffb9ebfb,
0xffb9ecfc,0xffb7eafb,0xff69c6fb,0xff27002d,0xff22022a,0xff270230,0xff0a000d,0x00000000,0x00000000,0x00000000,0x00000000,0x00000000,
0x00000000,0x00000000,0x00000000,0x00000000,0xff23022d,0xff25022f,0xff260232,0xffbfeffc,0xfffdfdfb,0xffb7ebfc,0xffbaecfc,0xffbaecfb,
0xffbaecfb,0xffb8ebfd,0xff6ac5fc,0xff260328,0xffb1e8fa,0xffb7ecfb,0xffa2d2db,0x00000000,0x00000000,0x00000000,0x00000000,0x00000000,
0x00000000,0x00000000,0x00000000,0xff290233,0xffb7ebfd,0xffbbecfc,0xffbbecfb,0xffbcecfc,0xffbbebfc,0xffb9ebfc,0xffbaecfc,0xffbaebfb,
0xffb9ebfb,0xffb8ebfd,0xffbaecfd,0xffbaecfc,0xffc3edfb,0xffb6eafc,0xffb5ebfb,0xff1d002d,0x00000000,0x00000000,0x00000000,0x00000000,
0x00000000,0x00000000,0xff21022b,0xffbeedfb,0xfffcfeff,0xfffcfcfb,0xffd9f3fc,0xffbcecfc,0xffbbecfb,0xffbaebfc,0xffbaebfc,0xffbbecfc,
0xffbaecfc,0xffb8ebfb,0xffbaecfc,0xffbaecfc,0xffb8eafb,0xffbbedfd,0xffa4e6fc,0xff140022,0xff2a0336,0x00000000,0x00000000,0x00000000,
0x00000000,0xff21012b,0xffbceefc,0xfffefefd,0xfffdfdfc,0xffbfedfc,0xffbaecfc,0xffb9ecfc,0xffbaebfb,0xffbbecfb,0xffbbedfd,0xffbbecfd,
0xffbaecfc,0xffbbebfb,0xffbbecfd,0xffbbedfd,0xffbaecfc,0xffb9ebfc,0xff54befc,0xffc0f2fc,0xffb1eafc,0xff1f022a,0x00000000,0x00000000,
0x00000000,0xff260034,0xffb6ecfc,0xfffffffe,0xffc0edfc,0xffb7ebfc,0xffb8ebfc,0xffb9ebfc,0xffbbecfc,0xffb9ecfc,0xffbbecfc,0xffbbecfb,
0xffbaecfc,0xffbcedfd,0xffbbecfb,0xffbaecfc,0xffbaecfc,0xffbaecfc,0xffbbecfc,0xffb9ebfc,0xffb6eafc,0xff67c5fa,0xff22022b,0x00000000,
0x00000000,0xff1d0026,0xffb8edfd,0xffb7ebfc,0xffb9ecfd,0xffbbecfb,0xffbaebfb,0xffb8ebfc,0xffb9ebfc,0xffbcedfc,0xffb9ecfc,0xffbcecfc,
0xffbbecfb,0xffbbedfd,0xffbbecfc,0xffbbecfc,0xffbaecfc,0xffbbecfc,0xffb8eafc,0xffb7eafd,0xff6bc7fc,0xff69c7fb,0xff24022c,0x00000000,
0x00000000,0xff2c003d,0xff54bcf1,0xffc0ecfd,0xffbbedfc,0xffb8eafc,0xffb8ebfc,0xffbbedfb,0xff64c1fd,0xff63c1fa,0xffbdedfc,0xffbaebfc,
0xffbaecfd,0xffbcecfc,0xffbbedfd,0xffb1e9fc,0xffaae7fd,0xffb9e9fc,0xffbaecfc,0xffbeecfb,0xff63c3fb,0xff67c5fb,0xff24002d,0x00000000,
0x00000000,0x00000000,0xff270132,0xff66c4fa,0xff67c5fc,0xffbcebfd,0xffbeecfc,0xff73cbfb,0xff65c3fb,0xff62c1fb,0xff64c2fc,0xffc4f2fd,
0xffbbebfc,0xffb8ebfb,0xff63c2fc,0xff60c2fc,0xff61c1fc,0xff61c1fc,0xff62c1fc,0xff63c1fc,0xff5dc0f9,0xff260235,0x00000000,0x00000000,
0x00000000,0x00000000,0x00000000,0xff2c0137,0xff62bef3,0xff66c1fb,0xff65c0fb,0xff65c1fc,0xff66c0fa,0xff200533,0xff60c1fc,0xff65c2fc,
0xff62c0fb,0xff61bffb,0xff61c1fc,0xff5cbffc,0xff260539,0xff5dbffb,0xff63bffb,0xff62c1fb,0xff2b0438,0x00000000,0x00000000,0x00000000,
0x00000000,0x00000000,0x00000000,0x00000000,0xff2d033d,0xff6bd0ff,0xff72d4ff,0xff6ad4ff,0xff0c3eb1,0x00000000,0xff1e0331,0xff61c0fc,
0xff65c1fc,0xff65c1fc,0xff5ab9fb,0xff2c0237,0x00000000,0xff23012e,0xff22022c,0xff290235,0x00000000,0x00000000,0x00000000,0x00000000,
0x00000000,0x00000000,0x00000000,0x00000000,0x00000000,0x00000000,0x00000000,0x00000000,0x00000000,0x00000000,0x00000000,0xff260130,
0xff280432,0xff280332,0xff290232,0x00000000,0x00000000,0x00000000,0x00000000,0x00000000,0x00000000,0x00000000,0x00000000,0x00000000,
0x00000000,0x00000000,0x00000000,0x00000000,0x00000000,0x00000000,0x00000000,0x00000000,0x00000000,0x00000000,0x00000000,0x00000000,
0x00000000,0x00000000,0x00000000,0x00000000,0x00000000,0x00000000,0x00000000,0x00000000,0x00000000,0x00000000,0x00000000,0x00000000,
0x00000000,0x00000000,0x00000000,0x00000000,0x00000000,0x00000000,0x00000000,0x00000000,0x00000000,0x00000000,0x00000000,0x00000000,
0x00000000,0x00000000,0x00000000,0x00000000,0x00000000,0x00000000,0x00000000,0x00000000,0x00000000,0x00000000,0x00000000,0x00000000,
0x00000000,0x00000000,0x00000000,0x00000000,0x00000000,0x00000000,0x00000000,0x00000000,0x00000000,0x00000000,0x00000000,0x00000000,
0x00000000,0x00000000,0x00000000,0x00000000,0x00000000,0x00000000,0x00000000,0x00000000,0x00000000,0x00000000,0x00000000,0x00000000,
0x00000000,0x00000000,0x00000000,0x00000000,0x00000000,0x00000000,0x00000000,0x00000000,0x00000000,0x00000000,0x00000000,0x00000000,
0x00000000,0x00000000,0x00000000,0x00000000,0x00000000,0x00000000,0x00000000,0x00000000,0x00000000,0x00000000,0x00000000,0x00000000,
0x00000000,0x00000000,0x00000000,0x00000000,0x00000000,0x00000000,0x00000000,0x00000000,0x00000000,0x00000000,0x00000000,0x00000000,
0x00000000,0x00000000,0x00000000,0x00000000,0x00000000,0x00000000,0x00000000,0x00000000,0x00000000,0x00000000,0x00000000,0x00000000,
},
{
0x00000000,0x00000000,0x00000000,0x00000000,0x00000000,0x00000000,0x00000000,0x00000000,0x00000000,0x00000000,0x00000000,0x00000000,
0x00000000,0x00000000,0x00000000,0x00000000,0x00000000,0x00000000,0x00000000,0x00000000,0x00000000,0x00000000,0x00000000,0x00000000,
0x00000000,0x00000000,0x00000000,0x00000000,0x00000000,0x00000000,0x00000000,0x00000000,0x00000000,0x00000000,0x00000000,0xff250032,
0xff270131,0x00000000,0x00000000,0x00000000,0x00000000,0x00000000,0x00000000,0x00000000,0x00000000,0x00000000,0x00000000,0x00000000,
0x00000000,0x00000000,0x00000000,0x00000000,0x00000000,0x00000000,0x00000000,0x00000000,0x00000000,0x00000000,0xff250231,0xfffbec31,
0xfffbeb32,0xff230229,0x00000000,0x00000000,0x00000000,0x00000000,0x00000000,0x00000000,0x00000000,0x00000000,0x00000000,0x00000000,
0x00000000,0x00000000,0x00000000,0x00000000,0x00000000,0xff31023c,0xff21032a,0x00000000,0x00000000,0x00000000,0xff200924,0xfffdee32,
0xfffbeb30,0xff230925,0x00000000,0x00000000,0x00000000,0xff1f0031,0xff330240,0x00000000,0x00000000,0x00000000,0x00000000,0x00000000,
0x00000000,0x00000000,0x00000000,0x00000000,0xff1e0523,0xfffaee56,0xfffffe64,0xff2c0236,0x00000000,0xff290534,0xfffaed2f,0xfffed316,
0xfffcd114,0xfffae32e,0xff1d0127,0x00000000,0xff2c0235,0xfffdee5b,0xfffaee5f,0xff2c0630,0x00000000,0x00000000,0x00000000,0x00000000,
0x00000000,0x00000000,0x00000000,0x00000000,0xff180520,0xfffeed31,0xfffef14b,0xfffdf154,0xff190021,0xff23022f,0xffe38e03,0xffeb9205,
0xffeb9105,0xffed9202,0xff23022a,0xff1f0527,0xfffdf256,0xfffdf04d,0xfffce133,0xff280529,0x00000000,0x00000000,0x00000000,0x00000000,
0x00000000,0x00000000,0x00000000,0x00000000,0xff1a0326,0xfffcc207,0xfffef24b,0xfffacf24,0xfff49405,0xfffded43,0xfffcf151,0xfffef354,
0xfffef254,0xfffef354,0xfffdf453,0xfff39705,0xfffcc211,0xfffdf14e,0xfffcba0f,0xff250327,0x00000000,0x00000000,0x00000000,0x00000000,
0x00000000,0x00000000,0x00000000,0x00000000,0x00000000,0xff1b0927,0xfffef754,0xffef8f04,0xfffcf145,0xfffefef7,0xfffdfdf0,0xfffdf253,
0xfffef355,0xfffef356,0xfffcf354,0xfffdf258,0xffee9006,0xfffdf24c,0xff120027,0x00000000,0x00000000,0x00000000,0x00000000,0x00000000,
0x00000000,0x00000000,0x00000000,0x00000000,0xff24042e,0xff110220,0xffe9b51f,0xfffdf36f,0xfffefefa,0xfffbfcf9,0xfffcfcbf,0xfffef354,
0xfffef356,0xfffef456,0xfffdf358,0xfffef458,0xfffcf14f,0xffd6ac23,0xff1d0033,0xff19021f,0x00000000,0x00000000,0x00000000,0x00000000,
0x00000000,0x00000000,0xff290132,0xff1e0222,0xfffdf030,0xfffde920,0xfffcf054,0xfffefefe,0xfffef357,0xfffcf459,0xfffef252,0xfffdf355,
0xfffef356,0xfffef458,0xfffef45a,0xfffef459,0xfffef357,0xfffcf054,0xfffde222,0xfffdee32,0xff1f0320,0xff250232,0x00000000,0x00000000,
0x00000000,0xff1f002c,0xfffef030,0xfffeef2a,0xfffced28,0xfffab309,0xfffdf457,0xfffcfbfe,0xfffdf156,0xfffdf34f,0xfffef252,0xfffdf356,
0xfffef356,0xfffef457,0xfffef359,0xfffdf35a,0xfffef458,0xfffef355,0xfffdb60b,0xfffdec2a,0xfffeed2c,0xfffdec28,0xff280333,0x00000000,
0x00000000,0xff21012d,0xffffcd19,0xfffcee27,0xfffeef30,0xffe88600,0xfffef356,0xfffef256,0xff3f1520,0xff36121e,0xfff8ec50,0xfffef354,
0xfffef355,0xfffaf052,0xff3f1720,0xff39141d,0xfffdf359,0xfffcf254,0xffee9904,0xfffded29,0xfffdee29,0xfffcc612,0xff25032b,0x00000000,
0x00000000,0x00000000,0xff24012c,0xfffdce1a,0xfffcc80e,0xffee8f00,0xfffff457,0xfff9f155,0xfffffd5d,0xfffbee54,0xff44261c,0xfffdf353,
0xfffef254,0xffae9843,0xfffdef55,0xfffdf862,0xfffdf562,0xfffef254,0xfff09c09,0xfffcca12,0xfffbcb17,0xff28022c,0x00000000,0x00000000,
0x00000000,0x00000000,0x00000000,0xff23032f,0xff240230,0xffd77a00,0xfffdf453,0xfffa7e9d,0xfffd7aa4,0xfffdf351,0xfffdf74e,0xfffef351,
0xfffef351,0xfff9f54d,0xfffdf354,0xfffa7b94,0xfff97899,0xfffef554,0xffe88d03,0xff22022a,0xff24002f,0x00000000,0x00000000,0x00000000,
0x00000000,0x00000000,0x00000000,0xff36033d,0xfffbef3c,0xfffcc013,0xfffef34f,0xfffa769a,0xfffa769f,0xfffdf24e,0xff856e36,0xff27091a,
0xff320a23,0xff493421,0xfffcf14e,0xfffa7c9b,0xfffa7a9d,0xfffdf750,0xfff8b80a,0xfffdeb2f,0xff290233,0x00000000,0x00000000,0x00000000,
0x00000000,0x00000000,0x00000000,0xff210324,0xfffdef3f,0xfff8bb0f,0xfffcdc30,0xfffef14d,0xfffdf14c,0xfffef24f,0xfffcf14e,0xfff7ea4f,
0xfff9ee4b,0xfffdf24e,0xfffdf14e,0xfffef14d,0xfffcef4a,0xfffdd72d,0xfff9b812,0xfffdec31,0xff300732,0x00000000,0x00000000,0x00000000,
0x00000000,0x00000000,0xff21012b,0xfffdef3d,0xfffdee3f,0xfffee53a,0xfff19307,0xfffddf2e,0xfffdf14c,0xfffdf350,0xfffdf351,0xfffef351,
0xfffef251,0xfffef250,0xfffef250,0xfffdf24e,0xfffcd82b,0xfff29004,0xfffedc32,0xfffcec36,0xfffdea39,0xff1f0424,0x00000000,0x00000000,
0x00000000,0x00000000,0xff2c0135,0xfffded3d,0xfffcee48,0xfffcbc0e,0xff220328,0xfff48e01,0xfffdd62f,0xfffbd426,0xfffdf350,0xfffef351,
0xfffef250,0xfffef14f,0xfffcd326,0xfffdd72d,0xffea8402,0xff200127,0xfffcba0d,0xfffcc41e,0xfffce834,0xff22042d,0x00000000,0x00000000,
0x00000000,0x00000000,0x00000000,0xff0b0119,0xff080114,0xff120128,0xff230131,0xfffcd321,0xffec8e04,0xfff39402,0xfffcbf14,0xfffbbf17,
0xfffbc117,0xfffcbe14,0xfff09102,0xffed8e04,0xfffccb1b,0xff200227,0xff120122,0xff060112,0xff0a0018,0x00000000,0x00000000,0x00000000,
0x00000000,0x00000000,0x00000000,0x00000000,0x00000000,0x00000000,0xff1e002c,0xfffff140,0xfffded3e,0xfffcc217,0xff25022c,0xff2b0a1f,
0xff2c0920,0xff240324,0xfffdc41c,0xfffdee35,0xfffede2b,0xff260231,0x00000000,0x00000000,0x00000000,0x00000000,0x00000000,0x00000000,
0x00000000,0x00000000,0x00000000,0x00000000,0x00000000,0x00000000,0xff240033,0xfffdee38,0xfff6d23a,0xff23022b,0x00000000,0x00000000,
0x00000000,0x00000000,0xff21032a,0xfffdec3e,0xfffddc2c,0xff280234,0x00000000,0x00000000,0x00000000,0x00000000,0x00000000,0x00000000,
0x00000000,0x00000000,0x00000000,0x00000000,0x00000000,0x00000000,0x00000000,0xff24032d,0xff1e0126,0x00000000,0x00000000,0x00000000,
0x00000000,0x00000000,0x00000000,0xff200226,0xff2a0131,0x00000000,0x00000000,0x00000000,0x00000000,0x00000000,0x00000000,0x00000000,
0x00000000,0x00000000,0x00000000,0x00000000,0x00000000,0x00000000,0x00000000,0x00000000,0x00000000,0x00000000,0x00000000,0x00000000,
0x00000000,0x00000000,0x00000000,0x00000000,0x00000000,0x00000000,0x00000000,0x00000000,0x00000000,0x00000000,0x00000000,0x00000000,
0x00000000,0x00000000,0x00000000,0x00000000,0x00000000,0x00000000,0x00000000,0x00000000,0x00000000,0x00000000,0x00000000,0x00000000,
0x00000000,0x00000000,0x00000000,0x00000000,0x00000000,0x00000000,0x00000000,0x00000000,0x00000000,0x00000000,0x00000000,0x00000000,
},
{
0x00000000,0x00000000,0x00000000,0x00000000,0x00000000,0x00000000,0x00000000,0x00000000,0x00000000,0x00000000,0x00000000,0x00000000,
0x00000000,0x00000000,0x00000000,0x00000000,0x00000000,0x00000000,0x00000000,0x00000000,0x00000000,0x00000000,0x00000000,0x00000000,
0x00000000,0x00000000,0x00000000,0x00000000,0x00000000,0x00000000,0x00000000,0x00000000,0x00000000,0x00000000,0x00000000,0x00000000,
0x00000000,0x00000000,0x00000000,0x00000000,0x00000000,0x00000000,0x00000000,0x00000000,0x00000000,0x00000000,0x00000000,0x00000000,
0x00000000,0x00000000,0x00000000,0x00000000,0x00000000,0x00000000,0x00000000,0x00000000,0x00000000,0x00000000,0x00000000,0x00000000,
0xff1b0126,0xff20002b,0xff250233,0x00000000,0x00000000,0x00000000,0x00000000,0x00000000,0x00000000,0x00000000,0x00000000,0x00000000,
0x00000000,0x00000000,0x00000000,0x00000000,0x00000000,0x00000000,0x00000000,0x00000000,0xff2f0333,0xff270232,0xff230230,0xff21012a,
0xff50f9f3,0xff5cf6e8,0xff4ff5e7,0xff220032,0x00000000,0x00000000,0x00000000,0x00000000,0x00000000,0x00000000,0x00000000,0x00000000,
0x00000000,0x00000000,0x00000000,0x00000000,0x00000000,0x00000000,0x00000000,0xff240432,0xff6af4f3,0xff6bf9ef,0xff71f8ef,0xff80faf0,
0xff7af9f0,0xff7cfbf3,0xff12d8c2,0xff1c0228,0x00000000,0x00000000,0x00000000,0x00000000,0x00000000,0x00000000,0x00000000,0x00000000,
0x00000000,0x00000000,0x00000000,0x00000000,0x00000000,0x00000000,0xff170022,0xff6cfaf1,0xfffafefa,0xff72f9eb,0xff6cfaeb,0xff3eeede,
0xff2cf1d5,0xff29e6d0,0xff07c0ac,0xff220130,0x00000000,0x00000000,0x00000000,0x00000000,0x00000000,0x00000000,0x00000000,0x00000000,
0x00000000,0x00000000,0x00000000,0x00000000,0x00000000,0x00000000,0xff17001b,0xff32efdd,0xff3fefe3,0xff09d2b8,0xff0ad0b5,0xff06d7b9,
0xff04d8b6,0xff04e4c4,0xff07d2b9,0xff1a0125,0x00000000,0x00000000,0x00000000,0x00000000,0x00000000,0x00000000,0x00000000,0x00000000,
0x00000000,0x00000000,0x00000000,0x00000000,0x00000000,0x00000000,0xff150019,0xff3bf0db,0xff14dbbe,0xff09a792,0xff0c7f7e,0xff06726c,
0xff820389,0xff240031,0xff0ac4ae,0xff21012f,0x00000000,0x00000000,0x00000000,0xff290234,0xff23012c,0xff240130,0x00000000,0x00000000,
0x00000000,0x00000000,0x00000000,0x00000000,0x00000000,0x00000000,0xff16001d,0xff31d8cf,0xff0a0006,0xff420357,0xff330249,0x00000000,
0x00000000,0xff20002c,0xff12e3cb,0xff170123,0x00000000,0x00000000,0xff18021d,0xff55f5e8,0xff4af4e9,0xff51f9eb,0xff21012f,0x00000000,
0x00000000,0x00000000,0x00000000,0x00000000,0x00000000,0x00000000,0xff18001b,0xff2fd6cf,0xff22032f,0x00000000,0x00000000,0x00000000,
0x00000000,0xff230030,0xff14d6c1,0xff22022f,0x00000000,0xff15031f,0xff5ff9ee,0xff92fdf6,0xff47f5e6,0xff0dd9c3,0xff1b0027,0x00000000,
0x00000000,0x00000000,0x00000000,0x00000000,0x00000000,0x00000000,0xff160019,0xff31ddd5,0xff1f022e,0x00000000,0x00000000,0x00000000,
0x00000000,0xff21002c,0xff19dcc4,0xff1d0129,0x00000000,0xff1b0225,0xff67faee,0xff0dd5bc,0xff03a297,0xff290833,0xff820289,0x00000000,
0x00000000,0x00000000,0x00000000,0x00000000,0x00000000,0x00000000,0xff19001f,0xff56ebe7,0xff22032e,0x00000000,0x00000000,0xff290236,
0xff1e0026,0xff22002c,0xff19ddc4,0xff1d012a,0x00000000,0xff170320,0xff67f9ed,0xff1d0328,0xff240135,0x00000000,0x00000000,0x00000000,
0x00000000,0x00000000,0x00000000,0xff20012f,0xff24012f,0xff22012c,0xff18001d,0xff57e8e6,0xff140220,0x00000000,0xff200435,0xff14b3a6,
0xff64f7e8,0xff50f5e4,0xff17e7cc,0xff180122,0x00000000,0xff1a0325,0xff58f9ee,0xff22022f,0x00000000,0x00000000,0x00000000,0x00000000,
0x00000000,0x00000000,0xff1f002c,0xff36f1d8,0xff69f7ed,0xff69f9ec,0xff64f9ec,0xff4de1dd,0xff220333,0xff1f032b,0xff4ff9f0,0xfff8fefe,
0xff9bfcf9,0xff61f6e7,0xff19d2bf,0xff220230,0x00000000,0xff1b0227,0xff5ff9ec,0xff1d0127,0x00000000,0x00000000,0x00000000,0x00000000,
0x00000000,0xff1e002c,0xff30ecd7,0xfffefffe,0xfffafefd,0xff2de9d2,0xff31ecd4,0xff4adcda,0xff12021e,0xff2c043a,0xff69faf2,0xfff9fdfd,
0xff3deddc,0xff0fd2bc,0xff01b6aa,0xff1c0127,0x00000000,0xff13031c,0xff60f8e9,0xff21012c,0x00000000,0x00000000,0x00000000,0x00000000,
0x00000000,0xff1e022a,0xff34ecd6,0xfffefcfc,0xff2ee8d3,0xff2eead4,0xff2bf1d4,0xff09a6a0,0xff230331,0xff21022a,0xff2df2d3,0xff2cebd6,
0xff0ed2bd,0xff02c1b0,0xff1f0533,0x00000000,0x00000000,0xff1b0326,0xff54f7ea,0xff21012c,0x00000000,0x00000000,0x00000000,0x00000000,
0x00000000,0xff260131,0xff28ead5,0xff36edd5,0xff2be9d3,0xff32ebd5,0xff0dd3b9,0xff099f95,0xff1e0127,0x00000000,0xff1f012a,0xff03c1a1,
0xff03cbae,0xff180a2e,0x00000000,0xff17001d,0xff13001d,0xff180021,0xff61f8e9,0xff20012b,0x00000000,0x00000000,0x00000000,0x00000000,
0x00000000,0x00000000,0xff20012d,0xff08cab0,0xff0bd2b9,0xff09c5af,0xff03b192,0xff1b0225,0x00000000,0x00000000,0x00000000,0xff240136,
0xff1e012b,0xff6e0279,0xff16051c,0xff33bdba,0xff6af7eb,0xff64f6eb,0xff57f8e8,0xff280235,0x00000000,0x00000000,0x00000000,0x00000000,
0x00000000,0x00000000,0x00000000,0xff230131,0xff20022b,0xff250131,0xff170222,0x00000000,0x00000000,0x00000000,0x00000000,0x00000000,
0x00000000,0xff260135,0xff52f9ea,0xfffdfefc,0xff3defd8,0xff38ecd7,0xff05c4ae,0xff1f0129,0x00000000,0x00000000,0x00000000,0x00000000,
0x00000000,0x00000000,0x00000000,0x00000000,0x00000000,0x00000000,0x00000000,0x00000000,0x00000000,0x00000000,0x00000000,0x00000000,
0x00000000,0xff230031,0xff63f9ea,0xff60f6e9,0xff29e9d2,0xff09cdb6,0xff03b4a1,0xff260231,0x00000000,0x00000000,0x00000000,0x00000000,
0x00000000,0x00000000,0x00000000,0x00000000,0x00000000,0x00000000,0x00000000,0x00000000,0x00000000,0x00000000,0x00000000,0x00000000,
0x00000000,0x00000000,0xff290239,0xff0cd9be,0xff10ccb4,0xff02b2a6,0xff250135,0x00000000,0x00000000,0x00000000,0x00000000,0x00000000,
0x00000000,0x00000000,0x00000000,0x00000000,0x00000000,0x00000000,0x00000000,0x00000000,0x00000000,0x00000000,0x00000000,0x00000000,
0x00000000,0x00000000,0x00000000,0xff22012f,0xff20012d,0xff20012a,0x00000000,0x00000000,0x00000000,0x00000000,0x00000000,0x00000000,
0x00000000,0x00000000,0x00000000,0x00000000,0x00000000,0x00000000,0x00000000,0x00000000,0x00000000,0x00000000,0x00000000,0x00000000,
0x00000000,0x00000000,0x00000000,0x00000000,0x00000000,0x00000000,0x00000000,0x00000000,0x00000000,0x00000000,0x00000000,0x00000000,
0x00000000,0x00000000,0x00000000,0x00000000,0x00000000,0x00000000,0x00000000,0x00000000,0x00000000,0x00000000,0x00000000,0x00000000,
0x00000000,0x00000000,0x00000000,0x00000000,0x00000000,0x00000000,0x00000000,0x00000000,0x00000000,0x00000000,0x00000000,0x00000000,
},
{
0x00000000,0x00000000,0x00000000,0x00000000,0x00000000,0x00000000,0x00000000,0x00000000,0x00000000,0x00000000,0x00000000,0x00000000,
0x00000000,0x00000000,0x00000000,0x00000000,0x00000000,0x00000000,0x00000000,0x00000000,0x00000000,0x00000000,0x00000000,0x00000000,
0x00000000,0x00000000,0x00000000,0x00000000,0x00000000,0x00000000,0x00000000,0x00000000,0x00000000,0x00000000,0x00000000,0x00000000,
0x00000000,0x00000000,0x00000000,0x00000000,0x00000000,0x00000000,0x00000000,0x00000000,0x00000000,0x00000000,0x00000000,0x00000000,
0x00000000,0x00000000,0x00000000,0x00000000,0x00000000,0x00000000,0x00000000,0x00000000,0x00000000,0x00000000,0x00000000,0x00000000,
0x00000000,0x00000000,0x00000000,0x00000000,0x00000000,0x00000000,0x00000000,0x00000000,0x00000000,0x00000000,0x00000000,0x00000000,
0x00000000,0x00000000,0x00000000,0x00000000,0x00000000,0x00000000,0x00000000,0x00000000,0x00000000,0x00000000,0x00000000,0xff26022d,
0xff270231,0x00000000,0x00000000,0x00000000,0x00000000,0x00000000,0x00000000,0x00000000,0x00000000,0x00000000,0x00000000,0x00000000,
0x00000000,0x00000000,0x00000000,0x00000000,0x00000000,0x00000000,0x00000000,0x00000000,0x00000000,0x00000000,0xff1b0623,0xfffded37,
0xfffcb50b,0xff2f0234,0x00000000,0x00000000,0x00000000,0x00000000,0x00000000,0x00000000,0x00000000,0x00000000,0x00000000,0x00000000,
0x00000000,0x00000000,0x00000000,0x00000000,0x00000000,0x00000000,0x00000000,0x00000000,0x00000000,0xff250230,0xfffef040,0xfffffefe,
0xfffdeb38,0xfffbac09,0xff250132,0x00000000,0x00000000,0x00000000,0x00000000,0x00000000,0x00000000,0x00000000,0x00000000,0x00000000,
0x00000000,0x00000000,0x00000000,0xff300049,0x00000000,0x00000000,0x00000000,0x00000000,0x00000000,0xff130118,0xffecba30,0xfff7c913,
0xfffab20d,0xfff9a60c,0xff0f0017,0x00000000,0x00000000,0x00000000,0x00000000,0x00000000,0xff23003b,0x00000000,0x00000000,0x00000000,
0x00000000,0x00000000,0xff210827,0xfff7e42d,0xff200822,0x00000000,0x00000000,0x00000000,0x00000000,0x00000000,0xff1f022c,0xfffdef38,
0xfffcc61a,0xff230228,0x00000000,0x00000000,0x00000000,0x00000000,0x00000000,0xff210525,0xfff7ed40,0xff1c0320,0x00000000,0x00000000,
0x00000000,0xff21002b,0xfffbfbf8,0xfffce93f,0xfffbb810,0xff250130,0x00000000,0x00000000,0xff6b0082,0xff270032,0xffffee3d,0xfffcee3d,
0xfffdee40,0xfffbb40e,0xff250031,0x00000000,0x00000000,0x00000000,0xff25022d,0xfffef047,0xfffcee38,0xfffbb614,0xff20012a,0x00000000,
0x00000000,0xff2b0236,0xfffdf35f,0xfffce632,0xfffcbd12,0xff250130,0x00000000,0x00000000,0xff2d0236,0xfffef23f,0xfffdfdfc,0xfffef143,
0xfffdef41,0xfffdee41,0xfff9c626,0xff24032b,0x00000000,0x00000000,0xff1f0225,0xfffeed39,0xfffdd626,0xfffdb812,0xff1f0127,0x00000000,
0x00000000,0x00000000,0xff25042b,0xfff9c21c,0xfff8a70c,0xff4a281a,0xff2b0233,0xff69096e,0xffe4700a,0xfffefefe,0xfffdfded,0xfff49a56,
0xfffab955,0xfffdee43,0xfffdee3f,0xfff7830c,0x00000000,0xff21012a,0xff502b1d,0xfffbc81d,0xfff7b509,0xff270532,0x00000000,0x00000000,
0x00000000,0x00000000,0x00000000,0xff140120,0xfffef681,0xfffce335,0xff464325,0xff5b4e2e,0xfffcf14a,0xfffded3e,0xfffcec35,0xfffca5c8,
0xfff970a3,0xfffdf347,0xfffcef42,0xfffef444,0xff51422b,0xff55432e,0xfffeee40,0xfffbcd19,0xff14012d,0x00000000,0x00000000,0x00000000,
0x00000000,0x00000000,0x00000000,0xff130022,0xfffcee44,0xfffdf040,0xfffef043,0xfffdf142,0xfffdf044,0xfffcef44,0xffe32b63,0xfffdedf0,
0xfffb69a2,0xffd6184e,0xfffef245,0xfffcef43,0xfffeef41,0xfffcee3e,0xfffdee41,0xfffbbd0f,0xff1c0131,0x00000000,0x00000000,0x00000000,
0x00000000,0x00000000,0x00000000,0xff1d0627,0xfffdf240,0xfffdef43,0xfffcfe46,0xffe72368,0xfffef040,0xfffdf144,0xffd71e5b,0xfffb79ac,
0xfffa4184,0xffd41c51,0xfffdf144,0xfffeef45,0xffef256a,0xfffeef4b,0xfffdee3f,0xfffcbe0d,0xff13002d,0x00000000,0x00000000,0x00000000,
0x00000000,0x00000000,0x00000000,0xff20012e,0xfff9ec46,0xfffdee44,0xfffad8e5,0xfffb8cb5,0xfffdf648,0xfffef145,0xfffaeb43,0x00000000,
0xfffb5288,0xfffbed3f,0xfffdf043,0xffffed47,0xfffffefd,0xfff4649a,0xfffdee3e,0xfff6b60e,0xff9103a2,0x00000000,0x00000000,0x00000000,
0x00000000,0x00000000,0x00000000,0xff28003a,0xfffbe331,0xfffdef41,0xfff8a75e,0xfff84c86,0xfffdf248,0xfffdf043,0xfffef044,0xffef8545,
0xfff38855,0xfffdef42,0xfffcee41,0xfffff644,0xfffb5f90,0xfff98d63,0xfffde237,0xfff5ab0a,0xff8c0599,0x00000000,0x00000000,0x00000000,
0x00000000,0x00000000,0x00000000,0xff7d0c98,0xff45281e,0xfffcee3e,0xfffef048,0xfffdd32e,0xfffccd26,0xfffdcd28,0xfffccd2b,0xfffccb26,
0xfffcc925,0xfffbca26,0xfffcc91e,0xfffcc71a,0xfffcc21d,0xfffee83e,0xfffde439,0xff4b2418,0x00000000,0x00000000,0x00000000,0x00000000,
0x00000000,0x00000000,0x00000000,0x00000000,0xff230230,0xfffdf247,0xfffdfab1,0xfffefcf6,0xfffcf34e,0xfffcf249,0xfffcf349,0xfffcf348,
0xfffcf045,0xfffcf048,0xfffcf148,0xfffdf248,0xfffcf144,0xfffdbd1c,0xfffcbb17,0xff1b0025,0x00000000,0x00000000,0x00000000,0x00000000,
0x00000000,0x00000000,0x00000000,0x00000000,0xff260135,0xfffab614,0xfffde93f,0xfffdec3d,0xfffee239,0xfffde439,0xfffee73d,0xfffde53b,
0xfffde43a,0xfffde33c,0xfffdc721,0xfffcc61f,0xfffcc41d,0xfffcbb14,0xfffcbb14,0xff270138,0x00000000,0x00000000,0x00000000,0x00000000,
0x00000000,0x00000000,0x00000000,0x00000000,0x00000000,0xff230131,0xff240230,0xff240230,0xff23022e,0xff22012e,0xff24022f,0xff24012f,
0xff23012e,0xff24012f,0xff24012e,0xff25012f,0xff24012f,0xff22012b,0xff270135,0x00000000,0x00000000,0x00000000,0x00000000,0x00000000,
0x00000000,0x00000000,0x00000000,0x00000000,0x00000000,0x00000000,0x00000000,0x00000000,0x00000000,0x00000000,0x00000000,0x00000000,
0x00000000,0x00000000,0x00000000,0x00000000,0x00000000,0x00000000,0x00000000,0x00000000,0x00000000,0x00000000,0x00000000,0x00000000,
0x00000000,0x00000000,0x00000000,0x00000000,0x00000000,0x00000000,0x00000000,0x00000000,0x00000000,0x00000000,0x00000000,0x00000000,
0x00000000,0x00000000,0x00000000,0x00000000,0x00000000,0x00000000,0x00000000,0x00000000,0x00000000,0x00000000,0x00000000,0x00000000,
0x00000000,0x00000000,0x00000000,0x00000000,0x00000000,0x00000000,0x00000000,0x00000000,0x00000000,0x00000000,0x00000000,0x00000000,
0x00000000,0x00000000,0x00000000,0x00000000,0x00000000,0x00000000,0x00000000,0x00000000,0x00000000,0x00000000,0x00000000,0x00000000,
0x00000000,0x00000000,0x00000000,0x00000000,0x00000000,0x00000000,0x00000000,0x00000000,0x00000000,0x00000000,0x00000000,0x00000000,
0x00000000,0x00000000,0x00000000,0x00000000,0x00000000,0x00000000,0x00000000,0x00000000,0x00000000,0x00000000,0x00000000,0x00000000,
},
{
0x00000000,0x00000000,0x00000000,0x00000000,0x00000000,0x00000000,0x00000000,0x00000000,0x00000000,0x00000000,0x00000000,0x00000000,
0x00000000,0x00000000,0x00000000,0x00000000,0x00000000,0x00000000,0x00000000,0x00000000,0x00000000,0x00000000,0x00000000,0x00000000,
0x00000000,0x00000000,0x00000000,0x00000000,0x00000000,0x00000000,0x00000000,0x00000000,0x00000000,0x00000000,0x00000000,0x00000000,
0x00000000,0x00000000,0x00000000,0x00000000,0x00000000,0x00000000,0x00000000,0x00000000,0x00000000,0x00000000,0x00000000,0x00000000,
0x00000000,0x00000000,0x00000000,0x00000000,0xff260132,0xff260233,0xff211655,0x00000000,0x00000000,0x00000000,0x00000000,0x00000000,
0x00000000,0x00000000,0x00000000,0x00000000,0x00000000,0xff240433,0xff290234,0xff270233,0xff07020f,0x00000000,0x00000000,0x00000000,
0x00000000,0x00000000,0x00000000,0xff340c42,0xfffdfde3,0xfffefce4,0xfffaf8ee,0xff260334,0xff310441,0x00000000,0x00000000,0x00000000,
0x00000000,0x00000000,0x00000000,0x00000000,0xff21032a,0xffe9e4dc,0xfffefde3,0xfffcf3cf,0xff1b0023,0xff1f0223,0x00000000,0x00000000,
0x00000000,0x00000000,0xff18081b,0xfffefce7,0xfffefade,0xfffdf4d0,0xfffef5ce,0xfffefde4,0xfff9f7e2,0xff2c0237,0x00000000,0x00000000,
0x00000000,0x00000000,0xff21022b,0xff15001d,0xfffefce6,0xfffdf6d1,0xfffef3ce,0xfffffce4,0xfffefad9,0xff1c002a,0x00000000,0x00000000,
0x00000000,0xff1e022c,0xff0873f0,0xff01339f,0xff145fd4,0xfffefee6,0xfffefce5,0xfffef4cc,0xfffef3cc,0xfffefde4,0xff1f0228,0x00000000,
0x00000000,0xff22032b,0xfffefde4,0xfffefde7,0xfffef3cd,0xfffffade,0xfffdfde1,0xff0b57ca,0xff013098,0xff0461db,0xff240133,0x00000000,
0x00000000,0xff21012d,0xff4fbdfc,0xff91dffc,0xff064bc4,0xff0234a0,0xff0647bd,0xfff6f6eb,0xfffefce7,0xfffdf4d0,0xfffefbe1,0xff18091c,
0xff180623,0xfffdfce9,0xfffef3cc,0xfffefde8,0xfffafaf0,0xff05359b,0xff0236a5,0xff094abe,0xff8ddefd,0xff2e9bfb,0xff21022f,0x00000000,
0x00000000,0xff1e002b,0xff43abfd,0xff41a6fb,0xff91dcfd,0xff8dddfd,0xff1467d8,0xff0135a5,0xff0747bb,0xfffffffd,0xfffdf8dd,0xfff7f5dd,
0xfffefdea,0xfffef1c9,0xfff6faf5,0xff0644ba,0xff0332a2,0xff277de0,0xff85d8fd,0xff87d8fc,0xff3da4fc,0xff1f7efb,0xff240230,0x00000000,
0x00000000,0xff1f002b,0xff44a9fb,0xff45a9fc,0xff46abfc,0xff45abfb,0xff9ce6fd,0xff91dffd,0xff5ca7ed,0xff2364ab,0xff2f64b1,0xffb5bfcb,
0xff9eafc4,0xff012999,0xff2969b4,0xff2a7ac6,0xff94e1fd,0xff7cd0fd,0xff41a5fc,0xff41a3fb,0xff3ea2fc,0xff217efb,0xff22022f,0x00000000,
0x00000000,0xff1f002b,0xff45aafc,0xff46aafc,0xff47abfc,0xff47aafb,0xff46aafc,0xff45aafc,0xff39a7fb,0xff57b7f7,0xff7e9d66,0xfffbea48,
0xfff9e73e,0xff063398,0xff74cafc,0xff339cfb,0xff3ea3fb,0xff3bb0f7,0xff56acd6,0xff40a2fb,0xff257cfc,0xff217cfb,0xff230233,0x00000000,
0x00000000,0xff1f002b,0xff46a9fc,0xff46a9fc,0xff47aafc,0xff46a9fb,0xff46aafc,0xff45a9fb,0xff46abfc,0xff41aaf6,0xff5d8890,0xffb2d283,
0xffb8cf8c,0xff0437a4,0xff3ea0fa,0xff42a5fc,0xff41a2fc,0xfffdf247,0xfffef14e,0xff3eabf8,0xff1b7dec,0xff2382fc,0xff21012f,0x00000000,
0x00000000,0xff1e012b,0xff227bfc,0xff45a9fc,0xff47aafb,0xff47aafc,0xff47aafb,0xff46a9fc,0xff46aafb,0xff3ca3f2,0xff176acd,0xff2f96fd,
0xff2e93fc,0xff01319d,0xff47abfd,0xff36a6f5,0xfffff44b,0xfffcf14c,0xfffef24e,0xfffdf048,0xff6a91b8,0xff1f7efb,0xff250234,0x00000000,
0x00000000,0xff1f012b,0xff237dfc,0xff43a7fb,0xff46a9fb,0xff46aafb,0xff46aafb,0xff47abfc,0xff46abfc,0xff3ea6f3,0xff1b6fd3,0xff2c91fd,
0xff2c90fc,0xff0134a5,0xff3da2fb,0xffaccea7,0xfffcf14a,0xfffdf24e,0xfffcf14b,0xfffdf14d,0xff2b86fd,0xff1967ea,0xff240231,0x00000000,
0x00000000,0xff22012f,0xff227afb,0xff44aafd,0xff46a8fc,0xff45a8fa,0xff46aafc,0xff47aafc,0xff46aafc,0xff3da8f5,0xff166cd2,0xff3195fd,
0xff3194fc,0xff02329f,0xff44a8fc,0xff3fa4fc,0xfff8ed58,0xfffcf14d,0xfffef24c,0xfffdf245,0xff2584fe,0xff1a6aec,0xff21012d,0x00000000,
0x00000000,0xff1d0028,0xff247bfb,0xff277efb,0xff44aafc,0xff45a9fc,0xff46a9fc,0xff47aafb,0xff46aafb,0xff3da5f4,0xff196fd3,0xff359bfd,
0xff3398fb,0xff0237a6,0xff40a4fb,0xff3da5fa,0xfffcf046,0xffa0c6b1,0xff2e9bfb,0xfffee53d,0xff0478fd,0xff185fe2,0xff230131,0x00000000,
0x00000000,0xff22012c,0xff1861e5,0xff267ffb,0xff257efb,0xff257efb,0xff43a9fc,0xff46aafc,0xff47abfc,0xff40a9f6,0xff1d6fd4,0xff3a9efd,
0xff399bfb,0xff0133a2,0xff41a7fc,0xff40a9fb,0xfff5ef48,0xff369ffd,0xff247dfd,0xff267dfc,0xff2580fe,0xff125dde,0xff22012d,0x00000000,
0x00000000,0x00000000,0xff22012d,0xff1c81f4,0xff2981fd,0xff267dfb,0xff2882fd,0xff267efb,0xff46aafc,0xff3ea7f4,0xff2074d9,0xff3ba1fd,
0xff399cfc,0xff0135a5,0xff3da1fb,0xff3fa7fc,0xff227cfc,0xff257ffd,0xff257cfd,0xff247afc,0xff105edc,0xff22012d,0x00000000,0x00000000,
0x00000000,0x00000000,0x00000000,0xff2f023b,0xff220330,0xff290538,0xff2580fb,0xff2880fb,0xff2a84fd,0xff2278f1,0xff81986a,0xfffce938,
0xfffce93a,0xff0638a4,0xff247efc,0xff2783fe,0xff2680fd,0xff1459e2,0xff210636,0xff260133,0xff1d022a,0x00000000,0x00000000,0x00000000,
0x00000000,0x00000000,0x00000000,0x00000000,0x00000000,0x00000000,0xff200334,0xff200333,0xff1861e5,0xff1460e7,0xff197ddf,0xff1595fe,
0xff219afe,0xff013db3,0xff1865eb,0xff1766e9,0xff21022f,0xff230233,0x00000000,0x00000000,0x00000000,0x00000000,0x00000000,0x00000000,
0x00000000,0x00000000,0x00000000,0x00000000,0x00000000,0x00000000,0x00000000,0x00000000,0xff270134,0xff23012e,0xff1d6abf,0xff3facfc,
0xff43adfb,0xff012c94,0xff260232,0xff24022e,0x00000000,0x00000000,0x00000000,0x00000000,0x00000000,0x00000000,0x00000000,0x00000000,
0x00000000,0x00000000,0x00000000,0x00000000,0x00000000,0x00000000,0x00000000,0x00000000,0x00000000,0x00000000,0xff24022d,0xff260131,
0xff23012d,0xff24012f,0x00000000,0x00000000,0x00000000,0x00000000,0x00000000,0x00000000,0x00000000,0x00000000,0x00000000,0x00000000,
0x00000000,0x00000000,0x00000000,0x00000000,0x00000000,0x00000000,0x00000000,0x00000000,0x00000000,0x00000000,0x00000000,0x00000000,
0x00000000,0x00000000,0x00000000,0x00000000,0x00000000,0x00000000,0x00000000,0x00000000,0x00000000,0x00000000,0x00000000,0x00000000,
0x00000000,0x00000000,0x00000000,0x00000000,0x00000000,0x00000000,0x00000000,0x00000000,0x00000000,0x00000000,0x00000000,0x00000000,
0x00000000,0x00000000,0x00000000,0x00000000,0x00000000,0x00000000,0x00000000,0x00000000,0x00000000,0x00000000,0x00000000,0x00000000,
0x00000000,0x00000000,0x00000000,0x00000000,0x00000000,0x00000000,0x00000000,0x00000000,0x00000000,0x00000000,0x00000000,0x00000000,
0x00000000,0x00000000,0x00000000,0x00000000,0x00000000,0x00000000,0x00000000,0x00000000,0x00000000,0x00000000,0x00000000,0x00000000,
},
{
0x00000000,0x00000000,0x00000000,0x00000000,0x00000000,0x00000000,0x00000000,0x00000000,0x00000000,0x00000000,0x00000000,0x00000000,
0x00000000,0x00000000,0x00000000,0x00000000,0x00000000,0x00000000,0x00000000,0x00000000,0x00000000,0x00000000,0x00000000,0x00000000,
0x00000000,0x00000000,0x00000000,0x00000000,0x00000000,0xff2c0333,0xff270231,0xff260130,0xff210129,0x00000000,0x00000000,0x00000000,
0x00000000,0x00000000,0xff24032d,0xff24022c,0xff260130,0xff26022e,0x00000000,0x00000000,0x00000000,0x00000000,0x00000000,0x00000000,
0x00000000,0x00000000,0x00000000,0x00000000,0xff7f0384,0xff3d281b,0xfffefdfc,0xfffefefd,0xfffccc1c,0xff2d0531,0x00000000,0x00000000,
0x00000000,0xff1d0023,0xffffec2f,0xfffefdf9,0xfffdfdfc,0xfffabe11,0xff2c0233,0x00000000,0x00000000,0x00000000,0x00000000,0x00000000,
0x00000000,0x00000000,0x00000000,0x00000000,0xff17032c,0xfffcf15e,0xfffffffd,0xfffef244,0xfffee937,0xfffcb60e,0xff1f012a,0x00000000,
0x00000000,0xff390d22,0xfffdf55c,0xfffef9a9,0xfffdf03e,0xfffedd2c,0xfff4a304,0xff2a0133,0x00000000,0x00000000,0x00000000,0x00000000,
0x00000000,0x00000000,0x00000000,0x00000000,0xff1d042a,0xfffdf65c,0xfff9d87c,0xfff69905,0xfffccf23,0xfffccf23,0xff36052f,0xff1e0226,
0xff24012c,0xffc0ad43,0xfffef046,0xfff69807,0xfffaa10e,0xfffdea3e,0xfffcb207,0xff27012e,0x00000000,0x00000000,0x00000000,0x00000000,
0x00000000,0x00000000,0x00000000,0x00000000,0xff20052d,0xfffff041,0xfffdec41,0xfffdd125,0xffee9508,0xfffccc27,0xffef930c,0xfffdf672,
0xfffeef58,0xfffdd726,0xfff69c09,0xfffdf04a,0xfffced45,0xfffdd12a,0xfffeb40f,0xff20022a,0x00000000,0x00000000,0x00000000,0x00000000,
0x00000000,0x00000000,0xff070010,0xff1f0024,0xff130013,0xffffa811,0xffffee39,0xfffff33b,0xffffda27,0xffeb8402,0xfffef24f,0xfffeffff,
0xfffdfcc4,0xfff58b04,0xffffd129,0xffffff50,0xffffda25,0xffffdb28,0xff5f1819,0xff390f37,0xff532049,0xff602954,0xff69016c,0x00000000,
0x00000000,0xff23002c,0xfffcadcb,0xfffdb3cb,0xfffa8fb8,0xffa04456,0xffa5475b,0xff942838,0xffa17d49,0xffc89543,0xfffbdf36,0xfffde43e,
0xfffde447,0xffc77d18,0xffaf8133,0xff94632c,0xffa43e40,0xff9c7244,0xfff4dda7,0xfffc7faa,0xfffb87ad,0xfff7487e,0xff220132,0x00000000,
0x00000000,0xff280133,0xfffa7fad,0xfffc8ab6,0xfffefefd,0xfffdf4f4,0xfffb81ad,0xfff64874,0xfffdf04e,0xfffcef44,0xfffef884,0xfff54d7c,
0xfffb70a4,0xfffe82b4,0xfffdf55f,0xfffef259,0xfff65584,0xfffdca2e,0xfffcc929,0xfffa4388,0xfff74c81,0xfff84f81,0xff21012e,0x00000000,
0x00000000,0xff26012f,0xfffa7bad,0xfffa8cb6,0xfffdfbfb,0xfffc85b5,0xfffb81b0,0xfff74874,0xfffcf04b,0xfffdf048,0xfffdf14c,0xfff23d6e,
0xfffa8fb6,0xfffc8bb5,0xfff84b82,0xfff84f82,0xfff85084,0xfffdca2b,0xfffcc92b,0xfffa4388,0xfff74e81,0xfff95083,0xff20012a,0x00000000,
0x00000000,0xff2c0036,0xfffa7fae,0xfffb7daf,0xfffb84b1,0xfffb80ae,0xfffb84af,0xfff74574,0xfffdf04e,0xfffdf14b,0xfffdf14a,0xfff64a74,
0xfffa89b4,0xfffb8ab4,0xfff85184,0xfff84f83,0xfff85284,0xfffcca2b,0xfffcc92b,0xfff8437d,0xfff84d7e,0xfff2447d,0xff21032b,0x00000000,
0x00000000,0x00000000,0xff21022f,0xfff44578,0xfff54678,0xffec355d,0xffed355e,0xfff34271,0xfffdf14a,0xfffdf24c,0xfffef14c,0xfff54670,
0xfffc88b4,0xfffb8ab3,0xfff75184,0xfff75084,0xfff75083,0xfffaad05,0xfffeb60a,0xffd61e3a,0xffcb2236,0xff260235,0x00000000,0x00000000,
0x00000000,0x00000000,0xff1f012a,0xfffa80ae,0xfffc7bac,0xfffb7aac,0xfffb81ae,0xffea3542,0xfffef150,0xfffdf24b,0xfffcf04a,0xffe62f37,
0xffe23245,0xffe23145,0xfff64a80,0xfff75184,0xff931629,0xfffbc631,0xfffcc525,0xfff73778,0xfff64576,0xff20012c,0x00000000,0x00000000,
0x00000000,0x00000000,0xff21022e,0xfffb7eae,0xfffffffe,0xfffdeaef,0xfffb7cab,0xfff74771,0xfffef14d,0xfffdf14a,0xfffdf14c,0xfff23c66,
0xfffb71a3,0xfffc7ca7,0xffd82b3f,0xffd72b3e,0xffdb3049,0xfffcc327,0xfffec92c,0xfff83b80,0xfff44276,0xff23012f,0x00000000,0x00000000,
0x00000000,0x00000000,0xff240234,0xfffa7eaf,0xfffdfefd,0xfffdeff4,0xfffb82ae,0xfff64471,0xfffdf24c,0xfffef14b,0xfffdef49,0xfff2446e,
0xfffb79a9,0xfffa77a8,0xfffa7daa,0xfff54279,0xffd82645,0xfffdc62b,0xfffdc72d,0xfff7357c,0xfff54175,0xff22012e,0x00000000,0x00000000,
0x00000000,0x00000000,0xff21022e,0xfffa7dac,0xfffefdfe,0xfffa7fae,0xfffa7fad,0xfff64773,0xfffdf14c,0xfffdf04a,0xfffef14b,0xfff23f6a,
0xfffa7ba9,0xfffb7eaa,0xfffa7ba8,0xfff54579,0xffd72d47,0xfffdc72c,0xfffdc92d,0xfff83a7f,0xfff44277,0xff22012f,0x00000000,0x00000000,
0x00000000,0x00000000,0xff230233,0xfffa7cab,0xfffc7ead,0xfffb81ae,0xfffa7fad,0xfff74773,0xfffdf04b,0xfffdf049,0xfffef047,0xfff4426c,
0xfffb7aa9,0xfffb7ca9,0xfff97ba7,0xfff54678,0xffd32a46,0xfffcc92c,0xfffdc92c,0xfff7397f,0xfff54478,0xff240130,0x00000000,0x00000000,
0x00000000,0x00000000,0xff20022c,0xfffb7fac,0xfffb7dac,0xfffb80ae,0xfffa81ad,0xfff94874,0xfffdf049,0xfffdf048,0xfffef046,0xfff3436d,
0xfffb7aa9,0xfffb7ba9,0xfff97aa8,0xfff64679,0xffd82a45,0xfffcc72a,0xfffdca2c,0xfff83a7c,0xfff54373,0xff250230,0x00000000,0x00000000,
0x00000000,0x00000000,0xff260133,0xfffa7bae,0xfffb82af,0xfffb81af,0xfffb80ad,0xfff74774,0xfffdef48,0xfffdf046,0xfffef145,0xfff4446e,
0xfffa79a8,0xfffa78a7,0xfffb79a6,0xfff54578,0xffd72d42,0xfffcc72c,0xfffbc628,0xffff4a88,0xffff3a72,0xff0e011d,0x00000000,0x00000000,
0x00000000,0x00000000,0x00000000,0xff290336,0xfffb7eb0,0xfffa80af,0xfffa80af,0xfff33a62,0xfffdef46,0xfffdf045,0xfffeef46,0xfff1416c,
0xfffa77a7,0xfffb79a7,0xfffa78a7,0xfff5477a,0xffd2233a,0xff0f0026,0xff0f0028,0x00000000,0x00000000,0x00000000,0x00000000,0x00000000,
0x00000000,0x00000000,0x00000000,0x00000000,0xff1f022b,0xff270237,0xff290238,0xff22022d,0xfffcc113,0xfffbbf15,0xfffabe16,0xffea355f,
0xfffa75a5,0xfffa78a7,0xfff13f74,0xffef3b6f,0xff290330,0x00000000,0x00000000,0x00000000,0x00000000,0x00000000,0x00000000,0x00000000,
0x00000000,0x00000000,0x00000000,0x00000000,0x00000000,0x00000000,0x00000000,0x00000000,0xff25002e,0xff280231,0xff23022a,0xff290132,
0xff280131,0xff23002c,0xff22002c,0xff270133,0x00000000,0x00000000,0x00000000,0x00000000,0x00000000,0x00000000,0x00000000,0x00000000,
0x00000000,0x00000000,0x00000000,0x00000000,0x00000000,0x00000000,0x00000000,0x00000000,0x00000000,0x00000000,0x00000000,0x00000000,
0x00000000,0x00000000,0x00000000,0x00000000,0x00000000,0x00000000,0x00000000,0x00000000,0x00000000,0x00000000,0x00000000,0x00000000,
0x00000000,0x00000000,0x00000000,0x00000000,0x00000000,0x00000000,0x00000000,0x00000000,0x00000000,0x00000000,0x00000000,0x00000000,
0x00000000,0x00000000,0x00000000,0x00000000,0x00000000,0x00000000,0x00000000,0x00000000,0x00000000,0x00000000,0x00000000,0x00000000,
},
};
static const uint32_t decoration_pixels[6][40*40] = {
{
0x00000000,0x00000000,0x00000000,0x00000000,0x00000000,0x00000000,0x00000000,0x00000000,0x00000000,0x00000000,0x00000000,0x00000000,
0x00000000,0x00000000,0x00000000,0x00000000,0x00000000,0x00000000,0x00000000,0x00000000,0x00000000,0x00000000,0x00000000,0x00000000,
0x00000000,0x00000000,0x00000000,0x00000000,0x00000000,0x00000000,0x00000000,0x00000000,0x00000000,0x00000000,0x00000000,0x00000000,
0x00000000,0x00000000,0x00000000,0x00000000,0x00000000,0x00000000,0x00000000,0x00000000,0x00000000,0x00000000,0x00000000,0x00000000,
0x00000000,0x00000000,0x00000000,0x00000000,0x00000000,0x00000000,0x00000000,0x00000000,0x00000000,0x00000000,0xff31022f,0xff360234,
0xff31022f,0xff250022,0x00000000,0x00000000,0x00000000,0x00000000,0x00000000,0x00000000,0x00000000,0x00000000,0x00000000,0x00000000,
0x00000000,0x00000000,0x00000000,0x00000000,0x00000000,0x00000000,0x00000000,0x00000000,0x00000000,0x00000000,0x00000000,0x00000000,
0x00000000,0x00000000,0x00000000,0x00000000,0x00000000,0x00000000,0x00000000,0x00000000,0x00000000,0x00000000,0x00000000,0x00000000,
0x00000000,0xff3f043f,0xfffb809d,0xfffa8ba4,0xfff784a1,0xff330532,0xff260320,0x00000000,0x00000000,0x00000000,0x00000000,0x00000000,
0x00000000,0x00000000,0x00000000,0x00000000,0x00000000,0x00000000,0x00000000,0x00000000,0x00000000,0x00000000,0x00000000,0x00000000,
0x00000000,0x00000000,0x00000000,0x00000000,0x00000000,0x00000000,0x00000000,0x00000000,0x00000000,0x00000000,0x00000000,0x00000000,
0x00000000,0x00000000,0xff8b0592,0xff910898,0xff94039d,0xff3d053b,0xfffaa6b8,0xfffb9fb2,0xfff790a9,0xff541247,0xff3f053d,0x00000000,
0x00000000,0x00000000,0x00000000,0x00000000,0x00000000,0x00000000,0x00000000,0x00000000,0x00000000,0x00000000,0x00000000,0x00000000,
0x00000000,0x00000000,0x00000000,0x00000000,0x00000000,0x00000000,0x00000000,0x00000000,0x00000000,0x00000000,0x00000000,0x00000000,
0x00000000,0x00000000,0x00000000,0x00000000,0xff380437,0xff4d054f,0xff3f063a,0xffcd88a5,0xffd196aa,0xff3a0a32,0xfffde0d7,0xfffdd4d3,
0xfffdd4d4,0xff7a295b,0xffbb5681,0xffc26e96,0xff3f053a,0x00000000,0x00000000,0x00000000,0x00000000,0x00000000,0x00000000,0x00000000,
0x00000000,0x00000000,0x00000000,0x00000000,0x00000000,0x00000000,0x00000000,0x00000000,0x00000000,0x00000000,0x00000000,0x00000000,
0x00000000,0x00000000,0x00000000,0x00000000,0x00000000,0x00000000,0x00000000,0x00000000,0xff380435,0xff340732,0xfffcabb7,0xfffddcd8,
0xfffdd4cf,0xfffed4d5,0xfffcb5c3,0xfffdd7d6,0xfffed7da,0xfffec3cd,0xfffee1df,0xfffdd9d5,0xfffca5b5,0xff3a073d,0xff32062f,0x00000000,
0xff350531,0xff350433,0xff31042f,0xff320330,0xff330837,0x00000000,0x00000000,0x00000000,0x00000000,0x00000000,0x00000000,0x00000000,
0x00000000,0x00000000,0x00000000,0x00000000,0x00000000,0x00000000,0x00000000,0x00000000,0x00000000,0x00000000,0x00000000,0x00000000,
0xff3a0436,0xff30062c,0xfffca9b1,0xfffdd8d3,0xfffddad5,0xfffddcda,0xfffb5155,0xfffca3ba,0xfffb83a0,0xfffddcda,0xfffcd8d5,0xfffcd9d6,
0xfffdc3c7,0xff300733,0xff360337,0xff250327,0xff290627,0xff7dc639,0xff69c234,0xff371627,0xff2d1a1c,0x00000000,0x00000000,0x00000000,
0x00000000,0x00000000,0x00000000,0x00000000,0x00000000,0x00000000,0x00000000,0x00000000,0x00000000,0x00000000,0x00000000,0x00000000,
0x00000000,0x00000000,0x00000000,0x00000000,0x00000000,0xff350232,0xff2b0a27,0xfffed8d8,0xfffdc5d0,0xfffdac9f,0xfffed22d,0xfffdcc20,
0xffec8b0b,0xfff8bdbe,0xfffcafbc,0xfffcd4d2,0xfffc9cb9,0xff2e0431,0xff290228,0xff240824,0xff66b234,0xff72c039,0xff66b834,0xff2f131d,
0xff2e1c1c,0x00000000,0x00000000,0x00000000,0x00000000,0x00000000,0x00000000,0x00000000,0x00000000,0x00000000,0x00000000,0x00000000,
0x00000000,0xff200031,0xff1a002b,0xff1e0030,0xff1e002e,0xff1b002c,0x00000000,0xff3e0241,0xff360332,0xfffdcdd6,0xfffdcdce,0xfffdadbc,
0xfffb7a92,0xfffeee95,0xffffd83a,0xfffcca1d,0xfffdbb15,0xffef9010,0xfffb85a1,0xfffa81a1,0xff380533,0xff350535,0xff52b531,0xff53ab36,
0xff3b9b30,0xff61b636,0xff58ae34,0xff2e0631,0xff2f0935,0x00000000,0x00000000,0x00000000,0x00000000,0x00000000,0x00000000,0x00000000,
0x00000000,0x00000000,0x00000000,0x00000000,0x00000000,0xff30042e,0xff2a032b,0xff28042a,0xff270429,0xff29032b,0xff87008c,0xff380339,
0xfff7b5c2,0xfffedcd7,0xfffddfd9,0xfffed2d0,0xfffc888e,0xfffdd84b,0xfffdd227,0xfffdcb1f,0xfff09808,0xfff2920f,0xfffed6d9,0xfffdd6d1,
0xfffdbfc7,0xff280229,0xff387022,0xff499e31,0xff2a852c,0xff62bd36,0xff33612b,0xff27022a,0xff25062c,0x00000000,0x00000000,0x00000000,
0x00000000,0x00000000,0x00000000,0x00000000,0x00000000,0x00000000,0x00000000,0xff580456,0xff2e052c,0xff5eb039,0xff6fc339,0xff70be3b,
0xff62b537,0xff66c338,0xff282c26,0xff29022c,0xfff8c0cb,0xfffed7d5,0xfffddbd6,0xfffdd2d2,0xfffa89a8,0xfff68e42,0xffe89108,0xffe38708,
0xffe9860d,0xfffed3d3,0xfffed9d5,0xfffddbd6,0xfffdced1,0xff29072e,0xff213523,0xff21582c,0xff4c793c,0xff4c753b,0xff340337,0x00000000,
0x00000000,0x00000000,0x00000000,0x00000000,0x00000000,0x00000000,0x00000000,0x00000000,0x00000000,0x00000000,0x00000000,0xff4f024e,
0xff2f052c,0xff60b437,0xff65b93a,0xff2f8d2c,0xff5cae35,0xff56a834,0xff55a634,0xff260228,0xff310332,0xff894c74,0xff864369,0xfff485a5,
0xfffdd8d7,0xfffec0cb,0xfff97e91,0xfffcc6ca,0xfffa789a,0xfffe93b2,0xfffb92af,0xfffdcdcf,0xffca738b,0xff2b062f,0xff2b022d,0xff350837,
0xff270829,0xff300333,0xff490152,0x00000000,0x00000000,0x00000000,0x00000000,0x00000000,0x00000000,0x00000000,0x00000000,0x00000000,
0x00000000,0x00000000,0x00000000,0xff5c035a,0xff350533,0xff599a38,0xff5fb837,0xff5eba39,0xff23822b,0xff2b882a,0xff4e8733,0xff743756,
0xff803f64,0xff29022b,0xff2c052d,0xfffed9d9,0xfffcdbd7,0xfffee4e4,0xfffed8dc,0xfffed7d5,0xfffdd3d4,0xfff8bcc6,0xff1f000f,0xfff5c8c9,
0xff56143f,0xff2f0331,0xffcda9b3,0xfffbd8d1,0xfffeddda,0xfff5d0d1,0xff2e0230,0xff30002c,0xff2a002e,0x00000000,0x00000000,0x00000000,
0x00000000,0x00000000,0x00000000,0x00000000,0x00000000,0x00000000,0x00000000,0x00000000,0x00000000,0xff28042e,0xff57ae36,0xff5bb43a,
0xff27792d,0xff2b882d,0xff370931,0xfffb98ae,0xfffda3b7,0xff2c0731,0xff340535,0xfffedfdf,0xfffdd7d4,0xfffb87b1,0xfffed6d5,0xfffdd8d7,
0xfffdd1d2,0xfff9cdcf,0xff2d032c,0xff2a022c,0xff280228,0xff2b032c,0xfffdeeeb,0xfffededa,0xfffed9d5,0xfffabdc4,0xff611642,0xfff8d0cb,
0xff3c053c,0xff2a042a,0x00000000,0x00000000,0x00000000,0x00000000,0x00000000,0x00000000,0x00000000,0x00000000,0x00000000,0x00000000,
0x00000000,0x00000000,0xff360636,0xff2b022b,0xff280426,0xff2e042b,0xff411837,0xfffde1db,0xfffee0da,0xfffc94bb,0xff340533,0xff330532,
0xff320331,0xff2f022f,0xfff879a8,0xfffcbac3,0xfff88faf,0xff1e001f,0xff2b012b,0xff25622c,0xff360537,0xfffcd5cd,0xfffb799f,0xfffcb3c0,
0xfffca3b0,0xfffb809e,0xfffed5d1,0xfffcdad6,0xfffb9fb6,0xff3b023c,0x00000000,0x00000000,0x00000000,0x00000000,0x00000000,0x00000000,
0x00000000,0x00000000,0x00000000,0x00000000,0x00000000,0x00000000,0xff300333,0xfff6cad1,0xfffee1de,0xfffed2d2,0xfffb9fb6,0xfffcbcc0,
0xfffdabb9,0xfff3588c,0xfffa99b4,0xfffbd3d4,0xff370333,0xff220f26,0xff2d042f,0xff240523,0xff350635,0xff270327,0xff18572a,0xff330737,
0xfffbc0c9,0xfffdded8,0xfffdcdc9,0xfffdc82d,0xfffdcd25,0xfff9a10e,0xfffdb7c2,0xfffcc3c7,0xfffea9bf,0xff310432,0x00000000,0x00000000,
0x00000000,0x00000000,0x00000000,0x00000000,0x00000000,0x00000000,0x00000000,0x00000000,0x00000000,0x00000000,0xff350337,0xfff8b4c6,
0xfffed8d7,0xfffdd9d8,0xfffddab8,0xfffef9c9,0xfffecd24,0xfff49612,0xfffed7d5,0xfffddfdb,0xfff7a2b9,0xff2d032c,0xff115120,0xff232f21,
0xff1d1721,0xff388b31,0xff2e8429,0xff27062a,0xfffedfd7,0xfffddfd9,0xfffddbdf,0xfffbb113,0xfffbc216,0xffe58d0b,0xfffd8daf,0xfffd95b0,
0xff2b042d,0xff2d0330,0xff28032d,0xff37043f,0x00000000,0x00000000,0x00000000,0x00000000,0x00000000,0x00000000,0x00000000,0xff860891,
0xff94009f,0xff6f0279,0xff2a022c,0xff300434,0xfff7d0ce,0xfffdc5d2,0xfffcae29,0xfffddd46,0xfffdca19,0xfff19818,0xfffee5e6,0xfffedbda,
0xfffac2ca,0xff2b032c,0xff15461d,0xff348725,0xff28531e,0xff4a9a2e,0xff5bb239,0xff381e31,0xfffffaf4,0xfffddcd6,0xfffeccd3,0xfff37247,
0xfff39a0d,0xfff8824a,0xfffcccce,0xfffddad5,0xfffaadc2,0xff320434,0xff36432e,0xff26002c,0xff2a0033,0x00000000,0x00000000,0x00000000,
0x00000000,0x00000000,0x00000000,0xff310638,0xff2b022d,0xff300a2c,0xff449d34,0xff2c042e,0xff360635,0xfffecbd0,0xfffaaaae,0xfff09811,
0xfff2900d,0xfff58f75,0xfffdabbc,0xff2c0428,0xff2e022c,0xff2f042d,0xff124c1a,0xff82cb3d,0xff81cd40,0xff3e9f2e,0xff71c536,0xff2f3521,
0xff2e032d,0xff2d042a,0xfff578a2,0xfffeddd9,0xfffeb9c5,0xfffc7ba6,0xfffde1de,0xfffdd8d4,0xfffaa2b6,0xff2d052f,0xff4ba730,0xff29022f,
0xff2e0332,0x00000000,0x00000000,0x00000000,0x00000000,0x00000000,0x00000000,0xff370539,0xff80d840,0xff6fc03c,0xff28862e,0xff2d052f,
0xfffdb2c3,0xfffde2de,0xfffed4dc,0xfffed0d3,0xfffededd,0xfffb98b5,0xfffdd2d0,0xfffcd6d6,0xff30042e,0xff1a601f,0xff60af33,0xff84cb3f,
0xff38972d,0xff7cca3b,0xff7bc93d,0xff1c6021,0xff235123,0xff2c022d,0xfffbdade,0xfffeddd9,0xfffddedb,0xff290727,0xff3c062f,0xff4e1245,
0xff2b032c,0xff1f6026,0xff52a232,0xff52a732,0xff50af2f,0xff2d0334,0x00000000,0x00000000,0x00000000,0x00000000,0xff2e0431,0xff72c43d,
0xff78c741,0xff389f31,0xff5eb337,0xff2c052f,0xff320937,0xfff89fb3,0xff31083c,0xfffbd7d7,0xfffdd9d9,0xfff97cac,0xff1c031f,0xff350931,
0xff324e2a,0xff1b6820,0xff73c439,0xff2c932d,0xff68be3b,0xff66bb3e,0xff61bc3f,0xff131818,0xff19541f,0xff226b23,0xff29052e,0xffffb6cc,
0xfff898b2,0xff300530,0xff197124,0xff1a5e23,0xff44a12d,0xff5eb134,0xff29822a,0xff54af31,0xff49bc2d,0xff2e0535,0x00000000,0x00000000,
0x00000000,0x00000000,0xff2f0432,0xff73c741,0xff74c43e,0xff66bd3a,0xff61bd3a,0xff241927,0xff2f072e,0xff350532,0xff2e032d,0xfff7e1de,
0xfff8d9d7,0xffa22e6d,0xff2e0429,0xff1e0718,0xff1c5d1f,0xff1c591f,0xff70bd39,0xff30932d,0xff6ec342,0xff6ac03e,0xff379831,0xff111414,
0xff338924,0xff358627,0xff2d052f,0xff2e0331,0xff2d052b,0xff2a022a,0xff166b22,0xff226d27,0xff429b2c,0xff5eab36,0xff5ab233,0xff52ab31,
0xff4abe2d,0xff310734,0x00000000,0x00000000,0x00000000,0x00000000,0xff2c042f,0xff69be37,0xff6ac23c,0xff59b23a,0xff31092d,0xff23081a,
0xff471d0e,0xff441c10,0xff421b12,0xff2c032a,0xff2d022a,0xff2a0328,0xff222c1b,0xff328025,0xff14411c,0xff181915,0xff409d2f,0xff4aa532,
0xff4cac36,0xff245020,0xff141c15,0xff1b541b,0xff368426,0xff343b16,0xff371b11,0xff331810,0xff542112,0xff280229,0xff29032c,0xff29022a,
0xff2a0430,0xff299137,0xff4cab34,0xff50ac35,0xff47bb2a,0xff290629,0x00000000,0x00000000,0x00000000,0x00000000,0xff29022d,0xff2b022f,
0xff28022e,0xff2c0332,0x00000000,0xff2b012e,0xffe65b1c,0xffe46023,0xffcd4d1d,0xff66200f,0xff43190e,0xff3c180d,0xff40180e,0xff302d14,
0xff2e0f17,0xff2d1015,0xff22411c,0xff1d6022,0xff1a1318,0xff280f16,0xff260e13,0xff361810,0xff361811,0xff49190f,0xffac3916,0xffb53f18,
0xffdd5922,0xff260223,0xff25002a,0x00000000,0x00000000,0xff27022e,0xff2b0231,0xff26032e,0xff27022e,0xff26032e,0x00000000,0x00000000,
0x00000000,0x00000000,0x00000000,0x00000000,0x00000000,0x00000000,0x00000000,0xff28012b,0xffe76022,0xffe46724,0xfff0792e,0xfffb9e4a,
0xfff99a45,0xfffaa050,0xfff99648,0xfff8923e,0xfff99340,0xfff99546,0xfff89544,0xfff7923e,0xfff89242,0xfff89042,0xfff88b3c,0xfff78d3f,
0xfff7893d,0xffed6f28,0xffda5221,0xffd14c1f,0xffc9441b,0xff2a0326,0xff300236,0x00000000,0x00000000,0x00000000,0x00000000,0x00000000,
0x00000000,0x00000000,0x00000000,0x00000000,0x00000000,0x00000000,0x00000000,0x00000000,0x00000000,0x00000000,0x00000000,0xff28022b,
0xffe65f20,0xffe66a27,0xfff28033,0xfffdb464,0xfffdbe74,0xfffbae60,0xffea6e26,0xffec722c,0xffeb712a,0xffea7029,0xffea722b,0xffea722b,
0xffea712b,0xffea712a,0xffe97129,0xffe76827,0xffcf4f1f,0xffd6501f,0xffd75120,0xffd44e1d,0xffca471c,0xff35052b,0xff29022f,0x00000000,
0x00000000,0x00000000,0x00000000,0x00000000,0x00000000,0x00000000,0x00000000,0x00000000,0x00000000,0x00000000,0x00000000,0x00000000,
0x00000000,0x00000000,0x00000000,0xff2f0131,0xffe56329,0xffe46725,0xfff27e2f,0xfffcba6e,0xfffdb366,0xfffcb266,0xffef7730,0xffee732f,
0xffeb722d,0xffec742d,0xffec732e,0xffec742e,0xffed742f,0xffec722d,0xffee712b,0xffea6b2a,0xffd85221,0xffd45020,0xffd34d1f,0xffd24d1e,
0xffca451c,0xff24022a,0xff2a0230,0x00000000,0x00000000,0x00000000,0x00000000,0x00000000,0x00000000,0x00000000,0x00000000,0x00000000,
0x00000000,0x00000000,0x00000000,0x00000000,0x00000000,0x00000000,0x00000000,0xff2b022f,0xff2c0330,0xff2e042b,0xffb53e19,0xffed6524,
0xfffbb062,0xfffdb468,0xffee732e,0xffee732d,0xffed722d,0xffec722c,0xffed742d,0xffee742e,0xffed722d,0xffee752e,0xffef732d,0xffd65221,
0xffd75220,0xffae3317,0xff962915,0xff992a15,0xff29032d,0xff28012c,0xff2f0237,0x00000000,0x00000000,0x00000000,0x00000000,0x00000000,
0x00000000,0x00000000,0x00000000,0x00000000,0x00000000,0x00000000,0x00000000,0x00000000,0x00000000,0x00000000,0x00000000,0x00000000,
0x00000000,0xff200229,0xffc04d20,0xffc4471e,0xffbb3f19,0xffb23c19,0xffb23818,0xffac3518,0xffad3516,0xffac3417,0xffa63116,0xffa63016,
0xffab3117,0xffa53018,0xffa53117,0xffae3617,0xffa33217,0xffa33317,0xffb03314,0xffa13114,0xff2a0430,0x00000000,0x00000000,0x00000000,
0x00000000,0x00000000,0x00000000,0x00000000,0x00000000,0x00000000,0x00000000,0x00000000,0x00000000,0x00000000,0x00000000,0x00000000,
0x00000000,0x00000000,0x00000000,0x00000000,0x00000000,0xff2a052d,0xffeb732f,0xffbc421b,0xffc8471a,0xffbf4117,0xffb33715,0xffb33716,
0xffb13719,0xffa73217,0xffad3317,0xffab3217,0xffa02c16,0xffae3318,0xffaa3217,0xffa43015,0xffad3316,0xffc34018,0xffc8421a,0xffc23e19,
0xff1e0321,0x00000000,0x00000000,0x00000000,0x00000000,0x00000000,0x00000000,0x00000000,0x00000000,0x00000000,0x00000000,0x00000000,
0x00000000,0x00000000,0x00000000,0x00000000,0x00000000,0x00000000,0x00000000,0x00000000,0x00000000,0xff300232,0xffed7b39,0xfff39144,
0xfffba650,0xfffdba74,0xffee742f,0xffeb6e2a,0xffeb6d2c,0xffeb702d,0xffec702c,0xffe96c2a,0xffeb702d,0xffd24a1c,0xffd8501f,0xffcf4b20,
0xffce4a1f,0xffce4a1f,0xffcd471d,0xff1b002a,0xff2e0235,0x00000000,0x00000000,0x00000000,0x00000000,0x00000000,0x00000000,0x00000000,
0x00000000,0x00000000,0x00000000,0x00000000,0x00000000,0x00000000,0x00000000,0x00000000,0x00000000,0x00000000,0x00000000,0x00000000,
0x00000000,0xff2b022d,0xffe96b27,0xffee7930,0xfff78f3d,0xfffcb871,0xfff18537,0xfff07630,0xffed742f,0xffed732e,0xffed7430,0xffed732f,
0xffec722e,0xffea6f2c,0xffec702b,0xffd04c20,0xffd04b1f,0xffcf4b1f,0xffc9441e,0xff1d0228,0xff2a012f,0x00000000,0x00000000,0x00000000,
0x00000000,0x00000000,0x00000000,0x00000000,0x00000000,0x00000000,0x00000000,0x00000000,0x00000000,0x00000000,0x00000000,0x00000000,
0x00000000,0x00000000,0x00000000,0x00000000,0x00000000,0xff2e0132,0xff370538,0xffd36b2b,0xfff17f2f,0xfffcb66e,0xfff28636,0xfff0752f,
0xffee742f,0xffec722e,0xffee7330,0xffed722f,0xffec722e,0xffe76729,0xffe86626,0xffd04c20,0xffcf4a1e,0xffcd4a1f,0xff300336,0xff27012d,
0xff26012d,0x00000000,0x00000000,0x00000000,0x00000000,0x00000000,0x00000000,0x00000000,0x00000000,0x00000000,0x00000000,0x00000000,
0x00000000,0x00000000,0x00000000,0x00000000,0x00000000,0x00000000,0x00000000,0x00000000,0x00000000,0xff65026f,0xff360339,0xffe26c2b,
0xfff27e30,0xfffdb368,0xfff18433,0xffee732e,0xffed722e,0xffed722e,0xffed722e,0xffeb702d,0xffed732e,0xffe56128,0xffe56227,0xffce4a20,
0xffcd4b20,0xffcd4a1f,0xff260229,0xff360043,0xff5d0369,0x00000000,0x00000000,0x00000000,0x00000000,0x00000000,0x00000000,0x00000000,
0x00000000,0x00000000,0x00000000,0x00000000,0x00000000,0x00000000,0x00000000,0x00000000,0x00000000,0x00000000,0x00000000,0x00000000,
0x00000000,0x00000000,0xff2a022e,0xffca5525,0xffed7731,0xfffeb164,0xfffca95c,0xffef7530,0xffed722e,0xffec712d,0xffed722e,0xffed722d,
0xffed712d,0xffcf471c,0xffd04b1f,0xffd04c1f,0xffcf4b1f,0xffcc4920,0xff270328,0xff8d079d,0x00000000,0x00000000,0x00000000,0x00000000,
0x00000000,0x00000000,0x00000000,0x00000000,0x00000000,0x00000000,0x00000000,0x00000000,0x00000000,0x00000000,0x00000000,0x00000000,
0x00000000,0x00000000,0x00000000,0x00000000,0x00000000,0x00000000,0xff320337,0xffb74525,0xffde5f22,0xffe86f2a,0xfff9a253,0xffee732c,
0xffee752f,0xffed742e,0xffed722d,0xffee732c,0xffcf491e,0xffd14a1f,0xffd24b20,0xffd14c1f,0xffce4a1e,0xffb9401d,0xff2a032a,0xff9106a8,
0x00000000,0x00000000,0x00000000,0x00000000,0x00000000,0x00000000,0x00000000,0x00000000,0x00000000,0x00000000,0x00000000,0x00000000,
0x00000000,0x00000000,0x00000000,0x00000000,0x00000000,0x00000000,0x00000000,0x00000000,0x00000000,0x00000000,0xff360439,0xff2d032f,
0xff230125,0xffd95b1d,0xffdc5e23,0xffdc5f25,0xffd65623,0xffd85522,0xffd25220,0xffd04f1f,0xffd34b1d,0xffd24b1e,0xffd04b1e,0xffcf4a1e,
0xffaa321f,0xff270229,0xff2e0332,0xff900d9e,0x00000000,0x00000000,0x00000000,0x00000000,0x00000000,0x00000000,0x00000000,0x00000000,
0x00000000,0x00000000,0x00000000,0x00000000,0x00000000,0x00000000,0x00000000,0x00000000,0x00000000,0x00000000,0x00000000,0x00000000,
0x00000000,0x00000000,0x00000000,0xff2c0130,0xff2c0230,0xff510e1e,0xff6a1f28,0xff5a1927,0xff571724,0xff551626,0xff581526,0xff571425,
0xff531325,0xff4e1125,0xff531225,0xff4f1325,0xff2c032a,0xff27032a,0xff4b0258,0x00000000,0x00000000,0x00000000,0x00000000,0x00000000,
0x00000000,0x00000000,0x00000000,0x00000000,0x00000000,0x00000000,0x00000000,0x00000000,0x00000000,0x00000000,0x00000000,0x00000000,
0x00000000,0x00000000,0x00000000,0x00000000,0x00000000,0x00000000,0x00000000,0x00000000,0x00000000,0xff310233,0xff29012b,0xff2b022d,
0xff2e0230,0xff2d022f,0xff2b022d,0xff270229,0xff29022a,0xff2b022e,0xff2c022f,0xff2d0230,0xff27022b,0x00000000,0x00000000,0x00000000,
0x00000000,0x00000000,0x00000000,0x00000000,0x00000000,0x00000000,0x00000000,0x00000000,0x00000000,0x00000000,0x00000000,0x00000000,
0x00000000,0x00000000,0x00000000,0x00000000,0x00000000,0x00000000,0x00000000,0x00000000,0x00000000,0x00000000,0x00000000,0x00000000,
0x00000000,0x00000000,0x00000000,0x00000000,0x00000000,0x00000000,0x00000000,0x00000000,0x00000000,0x00000000,0x00000000,0x00000000,
0x00000000,0x00000000,0x00000000,0x00000000,0x00000000,0x00000000,0x00000000,0x00000000,0x00000000,0x00000000,0x00000000,0x00000000,
0x00000000,0x00000000,0x00000000,0x00000000,
},
{
0x00000000,0x00000000,0x00000000,0x00000000,0x00000000,0x00000000,0x00000000,0x00000000,0x00000000,0x00000000,0x00000000,0x00000000,
0x00000000,0x00000000,0x00000000,0x00000000,0x00000000,0x00000000,0x00000000,0x00000000,0x00000000,0x00000000,0x00000000,0x00000000,
0x00000000,0x00000000,0x00000000,0x00000000,0x00000000,0x00000000,0x00000000,0x00000000,0x00000000,0x00000000,0x00000000,0x00000000,
0x00000000,0x00000000,0x00000000,0x00000000,0x00000000,0x00000000,0x00000000,0x00000000,0x00000000,0x00000000,0x00000000,0x00000000,
0x00000000,0x00000000,0x00000000,0x00000000,0x00000000,0x00000000,0x00000000,0x00000000,0x00000000,0x00000000,0x00000000,0x00000000,
0x00000000,0x00000000,0x00000000,0x00000000,0x00000000,0x00000000,0x00000000,0x00000000,0x00000000,0x00000000,0x00000000,0x00000000,
0x00000000,0x00000000,0x00000000,0x00000000,0x00000000,0x00000000,0x00000000,0x00000000,0x00000000,0x00000000,0x00000000,0x00000000,
0x00000000,0x00000000,0x00000000,0x00000000,0x00000000,0x00000000,0x00000000,0x00000000,0x00000000,0x00000000,0x00000000,0x00000000,
0x00000000,0x00000000,0x00000000,0x00000000,0x00000000,0x00000000,0x00000000,0x00000000,0x00000000,0x00000000,0x00000000,0x00000000,
0x00000000,0x00000000,0x00000000,0x00000000,0x00000000,0x00000000,0x00000000,0x00000000,0x00000000,0x00000000,0x00000000,0x00000000,
0x00000000,0x00000000,0x00000000,0x00000000,0x00000000,0x00000000,0x00000000,0x00000000,0x00000000,0x00000000,0x00000000,0x00000000,
0x00000000,0x00000000,0x00000000,0x00000000,0x00000000,0x00000000,0x00000000,0x00000000,0x00000000,0x00000000,0x00000000,0x00000000,
0x00000000,0x00000000,0x00000000,0x00000000,0x00000000,0x00000000,0x00000000,0x00000000,0x00000000,0x00000000,0x00000000,0x00000000,
0x00000000,0x00000000,0x00000000,0x00000000,0x00000000,0x00000000,0x00000000,0x00000000,0x00000000,0x00000000,0x00000000,0x00000000,
0x00000000,0x00000000,0x00000000,0x00000000,0x00000000,0x00000000,0x00000000,0x00000000,0x00000000,0x00000000,0x00000000,0x00000000,
0x00000000,0x00000000,0x00000000,0x00000000,0x00000000,0x00000000,0x00000000,0x00000000,0x00000000,0x00000000,0x00000000,0x00000000,
0x00000000,0x00000000,0x00000000,0x00000000,0x00000000,0x00000000,0x00000000,0x00000000,0x00000000,0x00000000,0x00000000,0x00000000,
0x00000000,0x00000000,0x00000000,0x00000000,0x00000000,0x00000000,0x00000000,0x00000000,0x00000000,0x00000000,0x00000000,0x00000000,
0x00000000,0x00000000,0x00000000,0x00000000,0x00000000,0x00000000,0x00000000,0x00000000,0x00000000,0x00000000,0x00000000,0x00000000,
0x00000000,0x00000000,0x00000000,0x00000000,0x00000000,0x00000000,0x00000000,0x00000000,0x00000000,0x00000000,0x00000000,0x00000000,
0x00000000,0x00000000,0x00000000,0x00000000,0x00000000,0x00000000,0x00000000,0x00000000,0x00000000,0x00000000,0x00000000,0x00000000,
0x00000000,0x00000000,0x00000000,0x00000000,0x00000000,0x00000000,0x00000000,0x00000000,0x00000000,0x00000000,0x00000000,0x00000000,
0x00000000,0x00000000,0x00000000,0x00000000,0x00000000,0x00000000,0x00000000,0x00000000,0x00000000,0x00000000,0x00000000,0x00000000,
0x00000000,0x00000000,0x00000000,0x00000000,0x00000000,0x00000000,0x00000000,0x00000000,0x00000000,0x00000000,0x00000000,0x00000000,
0x00000000,0x00000000,0x00000000,0x00000000,0x00000000,0x00000000,0x00000000,0x00000000,0x00000000,0x00000000,0x00000000,0x00000000,
0x00000000,0x00000000,0x00000000,0x00000000,0x00000000,0x00000000,0x00000000,0x00000000,0x00000000,0x00000000,0x00000000,0x00000000,
0x00000000,0x00000000,0x00000000,0x00000000,0x00000000,0x00000000,0x00000000,0x00000000,0x00000000,0x00000000,0x00000000,0x00000000,
0x00000000,0x00000000,0x00000000,0x00000000,0x00000000,0x00000000,0x00000000,0x00000000,0x00000000,0x00000000,0x00000000,0x00000000,
0x00000000,0x00000000,0x00000000,0x00000000,0x00000000,0x00000000,0x00000000,0x00000000,0x00000000,0x00000000,0x00000000,0x00000000,
0x00000000,0x00000000,0x00000000,0x00000000,0x00000000,0x00000000,0x00000000,0x00000000,0x00000000,0x00000000,0x00000000,0x00000000,
0x00000000,0x00000000,0x00000000,0x00000000,0x00000000,0x00000000,0x00000000,0x00000000,0x00000000,0x00000000,0x00000000,0x00000000,
0x00000000,0x00000000,0x00000000,0x00000000,0x00000000,0x00000000,0x00000000,0x00000000,0x00000000,0x00000000,0x00000000,0x00000000,
0x00000000,0x00000000,0x00000000,0x00000000,0x00000000,0x00000000,0x00000000,0x00000000,0x00000000,0x00000000,0x00000000,0x00000000,
0x00000000,0x00000000,0x00000000,0x00000000,0x00000000,0x00000000,0xff2e0232,0xff330337,0x00000000,0x00000000,0x00000000,0x00000000,
0x00000000,0x00000000,0x00000000,0x00000000,0x00000000,0x00000000,0x00000000,0x00000000,0x00000000,0x00000000,0x00000000,0x00000000,
0x00000000,0x00000000,0x00000000,0x00000000,0x00000000,0x00000000,0x00000000,0x00000000,0x00000000,0x00000000,0x00000000,0x00000000,
0x00000000,0x00000000,0x00000000,0x00000000,0xff350338,0xff2e0432,0x00000000,0x00000000,0x00000000,0xff320236,0xffbc7e3f,0xffb97f46,
0xff2a0231,0x00000000,0x00000000,0x00000000,0x00000000,0x00000000,0x00000000,0x00000000,0x00000000,0x00000000,0x00000000,0x00000000,
0x00000000,0x00000000,0x00000000,0x00000000,0x00000000,0x00000000,0x00000000,0x00000000,0x00000000,0x00000000,0x00000000,0x00000000,
0x00000000,0x00000000,0x00000000,0x00000000,0x00000000,0x00000000,0x00000000,0xff320238,0xffbd763e,0xffa16837,0xff2f0332,0x00000000,
0x00000000,0xff370440,0xff9a603e,0xffbc8347,0xff26022a,0x00000000,0x00000000,0x00000000,0x00000000,0x00000000,0x00000000,0x00000000,
0x00000000,0x00000000,0x00000000,0x00000000,0x00000000,0x00000000,0x00000000,0x00000000,0x00000000,0x00000000,0x00000000,0x00000000,
0x00000000,0x00000000,0x00000000,0x00000000,0x00000000,0x00000000,0x00000000,0x00000000,0x00000000,0x00000000,0x00000000,0xff2d0432,
0xffa1683a,0xff723d34,0xff35053b,0x00000000,0x00000000,0x00000000,0xff350237,0xff582224,0xff320132,0xff2c0130,0x00000000,0x00000000,
0x00000000,0x00000000,0x00000000,0x00000000,0x00000000,0x00000000,0x00000000,0x00000000,0x00000000,0x00000000,0x00000000,0x00000000,
0x00000000,0x00000000,0x00000000,0x00000000,0x00000000,0x00000000,0x00000000,0x00000000,0x00000000,0x00000000,0x00000000,0x00000000,
0x00000000,0x00000000,0xff1f0021,0xff340239,0xff4d1c23,0xff2f0235,0x00000000,0x00000000,0x00000000,0x00000000,0xff2f0233,0xfff97396,
0xfff0527a,0xfff35179,0xff310233,0xff1f021a,0x00000000,0x00000000,0x00000000,0x00000000,0x00000000,0x00000000,0x00000000,0x00000000,
0x00000000,0x00000000,0x00000000,0x00000000,0x00000000,0x00000000,0x00000000,0x00000000,0x00000000,0x00000000,0x00000000,0x00000000,
0x00000000,0x00000000,0x00000000,0x00000000,0xff31002f,0xff2f0333,0xff340533,0x00000000,0xffab6ad7,0xff29022f,0x00000000,0x00000000,
0x00000000,0x00000000,0xff340239,0xfffb869d,0xfffdf2ed,0xfffdf1ec,0xfffb7b95,0xff2b062a,0xff340237,0xff26012e,0x00000000,0x00000000,
0x00000000,0x00000000,0x00000000,0x00000000,0x00000000,0x00000000,0x00000000,0x00000000,0x00000000,0x00000000,0x00000000,0x00000000,
0x00000000,0x00000000,0x00000000,0x00000000,0x00000000,0x00000000,0xff2e0332,0xff350338,0xff29032b,0x00000000,0xffe0a1ec,0xffdfa5eb,
0x00000000,0xff2f0136,0x00000000,0x00000000,0x00000000,0x00000000,0xff330238,0xfffb92a4,0xfffdeeea,0xfffd8ea3,0xfffc94a5,0xfffb93a6,
0xffd07277,0xff984f3d,0xff360439,0xff2f0333,0xff360239,0x00000000,0x00000000,0x00000000,0x00000000,0x00000000,0x00000000,0x00000000,
0x00000000,0x00000000,0x00000000,0x00000000,0x00000000,0x00000000,0x00000000,0xff3e053e,0xff2f0234,0xff39023d,0xff8f5a62,0xffaa759c,
0xffe2aceb,0xfffeedf8,0xffdfa3ed,0xffdc9ceb,0xffb272dd,0xff320239,0x00000000,0x00000000,0x00000000,0x00000000,0xff350139,0xfffb92a6,
0xfffc92a6,0xfffb8ea3,0xfffb93a4,0xfff75783,0xffa13459,0xff2a081d,0xfffde46c,0xfffadc64,0xffdda842,0xff360539,0xff2d0331,0xff2b0630,
0x00000000,0x00000000,0x00000000,0x00000000,0x00000000,0x00000000,0x00000000,0x00000000,0xff2b0238,0xff300337,0xff390340,0xff5067c5,
0xff6dadf7,0xff64a6f9,0xff26063a,0xff5e2877,0x00000000,0xffe0a3ed,0xffdfa1ee,0xffdfa2eb,0xffb370dc,0xff2e0235,0x00000000,0x00000000,
0x00000000,0x00000000,0xff36023b,0xfffa91a7,0xfffb91a5,0xfffb93a7,0xfff96c92,0xff3a0a3f,0xff2a052b,0xff370732,0xfffde778,0xfffdfdfd,
0xfffbe272,0xfff8de61,0xfff4d764,0xff1f071a,0xff2d0232,0xff2e0334,0xff2d0333,0xff2d0334,0xff2a0230,0xff2b0230,0xff300235,0xff2d022f,
0xff290219,0xff869ec4,0xff78baf8,0xff8dc3f9,0xff8fbffa,0xff4f8ef6,0xff2f0438,0xff32043c,0xff310833,0xffba73df,0xffdea3ec,0xffdfa2eb,
0xffb16cda,0xff300339,0x00000000,0x00000000,0x00000000,0x00000000,0xff330238,0xfffa8ea5,0xfffd91a6,0xfffb89a2,0xffd44b78,0xff24052f,
0xff3c043c,0xff3e063f,0xfffde572,0xfffafaf2,0xfffce46e,0xfffce470,0xfffcd251,0xff703e2c,0xff613229,0xff91f2ab,0xff8beeb3,0xff88f0b0,
0xff97f1b8,0xff8df0b3,0xff52dba2,0xff7b4539,0xff72342d,0xff89bffa,0xffafd4fc,0xff8fc1fa,0xff8bbdfa,0xff488af5,0xff2e0238,0xff30013c,
0xff37053e,0x00000000,0xffd799ec,0xffdda3ed,0xffb26fda,0xff34023c,0x00000000,0x00000000,0x00000000,0x00000000,0xff36023b,0xfffc8ba2,
0xfffa7795,0xfff44e81,0xff300235,0x00000000,0x00000000,0xff320532,0xfffde573,0xfffefdf8,0xfffde570,0xfffce571,0xfffcc93d,0xff100021,
0xff1d0219,0xff93f0ac,0xff92e9b8,0xff9eedb5,0xff94efb3,0xff97f1b6,0xff68dda7,0xff230126,0xff1b001d,0xff6caffd,0xfffcfdfe,0xff89bdf9,
0xff8cbefa,0xff478bf4,0xff30033d,0xff77048d,0x00000000,0xff2f0337,0x00000000,0xffbf7dde,0xffb271da,0xff2e0235,0x00000000,0x00000000,
0x00000000,0x00000000,0xff360239,0xfff85f8a,0xff290126,0xff2d0230,0x00000000,0x00000000,0x00000000,0xff2b052b,0xfffbdb55,0xfffde773,
0xfffde56f,0xfffde56b,0xfffbbf34,0x00000000,0xff38053d,0xff9af8b9,0xfffcfdfb,0xff94eeb3,0xff92edb5,0xff94efb7,0xff66c99f,0xff26022c,
0x00000000,0xff67b2f9,0xffdbecfb,0xff89befa,0xff8cbefa,0xff3c7ced,0xff2f033c,0xff810596,0x00000000,0x00000000,0xff3c0340,0xff29022c,
0x00000000,0xff2d0234,0x00000000,0x00000000,0x00000000,0x00000000,0xff35023a,0xff2f0233,0xff200021,0x00000000,0x00000000,0x00000000,
0x00000000,0xff360634,0xfffbce3e,0xfffce571,0xfffde56d,0xfff7c139,0xff2f012a,0x00000000,0xff2f0237,0xff98f8c3,0xffe6fbe8,0xff98f0b7,
0xff94eeb6,0xff91f0b9,0xff61da9f,0xff30013c,0x00000000,0xff2e0235,0xff6aa3f8,0xff8ec1fa,0xff90c1fb,0xff316bdd,0xff350541,0xff810495,
0x00000000,0x00000000,0x00000000,0xff470053,0xff2d0334,0xff32033a,0x00000000,0x00000000,0x00000000,0x00000000,0x00000000,0x00000000,
0x00000000,0x00000000,0x00000000,0x00000000,0x00000000,0xff2a0320,0xffbda951,0xfffce666,0xfff7ca44,0xff2f022f,0x00000000,0x00000000,
0xff2f023a,0xff6fcb9b,0xff9df4ba,0xff94eeb6,0xff96f1b7,0xff50daa3,0xff3e7463,0xff31013c,0x00000000,0x00000000,0xff2e0239,0xff5f9ef7,
0xff8cc0fb,0xff3e5fa9,0xff1f002a,0x00000000,0x00000000,0x00000000,0x00000000,0x00000000,0x00000000,0x00000000,0x00000000,0x00000000,
0x00000000,0x00000000,0x00000000,0x00000000,0x00000000,0x00000000,0x00000000,0x00000000,0x00000000,0xff200215,0xffbc9a3b,0xfffbd03b,
0xff3a0631,0x00000000,0x00000000,0x00000000,0x00000000,0xff37023f,0xff9bf3bd,0xff95eeb5,0xff57d89d,0xff52e3a6,0xff370340,0x00000000,
0x00000000,0x00000000,0x00000000,0xff31063a,0xff5a97f7,0xff4465b2,0xff1e0126,0x00000000,0x00000000,0x00000000,0x00000000,0x00000000,
0x00000000,0x00000000,0x00000000,0x00000000,0x00000000,0x00000000,0x00000000,0x00000000,0x00000000,0x00000000,0x00000000,0x00000000,
0x00000000,0xff19020f,0xff1f0a1e,0xff22081d,0xff41014c,0x00000000,0x00000000,0x00000000,0x00000000,0xff300237,0xff84f4b1,0xff95f2b6,
0xff5bdca0,0xff53e1a0,0xff2a0231,0x00000000,0x00000000,0x00000000,0x00000000,0xff4f025f,0xff260942,0xff260c40,0xff15011b,0x00000000,
0x00000000,0x00000000,0x00000000,0x00000000,0x00000000,0x00000000,0x00000000,0x00000000,0x00000000,0x00000000,0x00000000,0x00000000,
0x00000000,0x00000000,0x00000000,0x00000000,0x00000000,0x00000000,0xff330730,0xff340636,0x00000000,0x00000000,0x00000000,0x00000000,
0x00000000,0x00000000,0xff39053f,0xff93fcbf,0xff60f1a6,0xff2e0637,0x00000000,0x00000000,0x00000000,0x00000000,0x00000000,0x00000000,
0xff370845,0xff2f063d,0x00000000,0x00000000,0x00000000,0x00000000,0x00000000,0x00000000,0x00000000,0x00000000,0x00000000,0x00000000,
0x00000000,0x00000000,0x00000000,0x00000000,0x00000000,0x00000000,0x00000000,0x00000000,0x00000000,0x00000000,0x00000000,0x00000000,
0x00000000,0x00000000,0x00000000,0x00000000,0x00000000,0x00000000,0xff33033c,0xff62eeb3,0xff5cecaa,0xff28012f,0x00000000,0x00000000,
0x00000000,0x00000000,0x00000000,0x00000000,0x00000000,0x00000000,0x00000000,0x00000000,0x00000000,0x00000000,0x00000000,0x00000000,
0x00000000,0x00000000,0x00000000,0x00000000,0x00000000,0x00000000,0x00000000,0x00000000,0x00000000,0x00000000,0x00000000,0x00000000,
0x00000000,0x00000000,0x00000000,0x00000000,0x00000000,0x00000000,0x00000000,0x00000000,0x00000000,0x00000000,0x00000000,0xff2d0531,
0xff27042d,0x00000000,0x00000000,0x00000000,0x00000000,0x00000000,0x00000000,0x00000000,0x00000000,0x00000000,0x00000000,0x00000000,
0x00000000,0x00000000,0x00000000,0x00000000,0x00000000,0x00000000,0x00000000,0x00000000,0x00000000,0x00000000,0x00000000,0x00000000,
0x00000000,0x00000000,0x00000000,0x00000000,0x00000000,0x00000000,0x00000000,0x00000000,0x00000000,0x00000000,0x00000000,0x00000000,
0x00000000,0x00000000,0x00000000,0x00000000,0x00000000,0x00000000,0x00000000,0x00000000,0x00000000,0x00000000,0x00000000,0x00000000,
0x00000000,0x00000000,0x00000000,0x00000000,0x00000000,0x00000000,0x00000000,0x00000000,0x00000000,0x00000000,0x00000000,0x00000000,
0x00000000,0x00000000,0x00000000,0x00000000,0x00000000,0x00000000,0x00000000,0x00000000,0x00000000,0x00000000,0x00000000,0x00000000,
0x00000000,0x00000000,0x00000000,0x00000000,0x00000000,0x00000000,0x00000000,0x00000000,0x00000000,0x00000000,0x00000000,0x00000000,
0x00000000,0x00000000,0x00000000,0x00000000,0x00000000,0x00000000,0x00000000,0x00000000,0x00000000,0x00000000,0x00000000,0x00000000,
0x00000000,0x00000000,0x00000000,0x00000000,0x00000000,0x00000000,0x00000000,0x00000000,0x00000000,0x00000000,0x00000000,0x00000000,
0x00000000,0x00000000,0x00000000,0x00000000,0x00000000,0x00000000,0x00000000,0x00000000,0x00000000,0x00000000,0x00000000,0x00000000,
0x00000000,0x00000000,0x00000000,0x00000000,0x00000000,0x00000000,0x00000000,0x00000000,0x00000000,0x00000000,0x00000000,0x00000000,
0x00000000,0x00000000,0x00000000,0x00000000,0x00000000,0x00000000,0x00000000,0x00000000,0x00000000,0x00000000,0x00000000,0x00000000,
0x00000000,0x00000000,0x00000000,0x00000000,0x00000000,0x00000000,0x00000000,0x00000000,0x00000000,0x00000000,0x00000000,0x00000000,
0x00000000,0x00000000,0x00000000,0x00000000,0x00000000,0x00000000,0x00000000,0x00000000,0x00000000,0x00000000,0x00000000,0x00000000,
0x00000000,0x00000000,0x00000000,0x00000000,0x00000000,0x00000000,0x00000000,0x00000000,0x00000000,0x00000000,0x00000000,0x00000000,
0x00000000,0x00000000,0x00000000,0x00000000,0x00000000,0x00000000,0x00000000,0x00000000,0x00000000,0x00000000,0x00000000,0x00000000,
0x00000000,0x00000000,0x00000000,0x00000000,0x00000000,0x00000000,0x00000000,0x00000000,0x00000000,0x00000000,0x00000000,0x00000000,
0x00000000,0x00000000,0x00000000,0x00000000,0x00000000,0x00000000,0x00000000,0x00000000,0x00000000,0x00000000,0x00000000,0x00000000,
0x00000000,0x00000000,0x00000000,0x00000000,0x00000000,0x00000000,0x00000000,0x00000000,0x00000000,0x00000000,0x00000000,0x00000000,
0x00000000,0x00000000,0x00000000,0x00000000,0x00000000,0x00000000,0x00000000,0x00000000,0x00000000,0x00000000,0x00000000,0x00000000,
0x00000000,0x00000000,0x00000000,0x00000000,0x00000000,0x00000000,0x00000000,0x00000000,0x00000000,0x00000000,0x00000000,0x00000000,
0x00000000,0x00000000,0x00000000,0x00000000,0x00000000,0x00000000,0x00000000,0x00000000,0x00000000,0x00000000,0x00000000,0x00000000,
0x00000000,0x00000000,0x00000000,0x00000000,0x00000000,0x00000000,0x00000000,0x00000000,0x00000000,0x00000000,0x00000000,0x00000000,
0x00000000,0x00000000,0x00000000,0x00000000,0x00000000,0x00000000,0x00000000,0x00000000,0x00000000,0x00000000,0x00000000,0x00000000,
0x00000000,0x00000000,0x00000000,0x00000000,0x00000000,0x00000000,0x00000000,0x00000000,0x00000000,0x00000000,0x00000000,0x00000000,
0x00000000,0x00000000,0x00000000,0x00000000,0x00000000,0x00000000,0x00000000,0x00000000,0x00000000,0x00000000,0x00000000,0x00000000,
0x00000000,0x00000000,0x00000000,0x00000000,0x00000000,0x00000000,0x00000000,0x00000000,0x00000000,0x00000000,0x00000000,0x00000000,
0x00000000,0x00000000,0x00000000,0x00000000,0x00000000,0x00000000,0x00000000,0x00000000,0x00000000,0x00000000,0x00000000,0x00000000,
0x00000000,0x00000000,0x00000000,0x00000000,0x00000000,0x00000000,0x00000000,0x00000000,0x00000000,0x00000000,0x00000000,0x00000000,
0x00000000,0x00000000,0x00000000,0x00000000,0x00000000,0x00000000,0x00000000,0x00000000,0x00000000,0x00000000,0x00000000,0x00000000,
0x00000000,0x00000000,0x00000000,0x00000000,0x00000000,0x00000000,0x00000000,0x00000000,0x00000000,0x00000000,0x00000000,0x00000000,
0x00000000,0x00000000,0x00000000,0x00000000,0x00000000,0x00000000,0x00000000,0x00000000,0x00000000,0x00000000,0x00000000,0x00000000,
0x00000000,0x00000000,0x00000000,0x00000000,0x00000000,0x00000000,0x00000000,0x00000000,0x00000000,0x00000000,0x00000000,0x00000000,
0x00000000,0x00000000,0x00000000,0x00000000,0x00000000,0x00000000,0x00000000,0x00000000,0x00000000,0x00000000,0x00000000,0x00000000,
0x00000000,0x00000000,0x00000000,0x00000000,0x00000000,0x00000000,0x00000000,0x00000000,0x00000000,0x00000000,0x00000000,0x00000000,
0x00000000,0x00000000,0x00000000,0x00000000,0x00000000,0x00000000,0x00000000,0x00000000,0x00000000,0x00000000,0x00000000,0x00000000,
0x00000000,0x00000000,0x00000000,0x00000000,0x00000000,0x00000000,0x00000000,0x00000000,0x00000000,0x00000000,0x00000000,0x00000000,
0x00000000,0x00000000,0x00000000,0x00000000,0x00000000,0x00000000,0x00000000,0x00000000,0x00000000,0x00000000,0x00000000,0x00000000,
0x00000000,0x00000000,0x00000000,0x00000000,
},
{
0x00000000,0x00000000,0x00000000,0x00000000,0x00000000,0x00000000,0x00000000,0x00000000,0x00000000,0x00000000,0x00000000,0x00000000,
0x00000000,0x00000000,0x00000000,0x00000000,0x00000000,0x00000000,0x00000000,0x00000000,0x00000000,0x00000000,0x00000000,0x00000000,
0x00000000,0x00000000,0x00000000,0x00000000,0x00000000,0x00000000,0x00000000,0x00000000,0x00000000,0x00000000,0x00000000,0x00000000,
0x00000000,0x00000000,0x00000000,0x00000000,0x00000000,0x00000000,0x00000000,0x00000000,0x00000000,0x00000000,0x00000000,0x00000000,
0xff330034,0xff2f0330,0xff310232,0xff350236,0xff2e0230,0xff2f0435,0x00000000,0x00000000,0x00000000,0x00000000,0x00000000,0x00000000,
0x00000000,0x00000000,0x00000000,0x00000000,0x00000000,0xff8a0296,0xff350237,0xff2e022e,0xff2f0230,0xff2f0132,0xff2d0131,0x00000000,
0x00000000,0x00000000,0x00000000,0x00000000,0x00000000,0x00000000,0x00000000,0x00000000,0x00000000,0x00000000,0x00000000,0x00000000,
0x00000000,0x00000000,0x00000000,0xff2d0334,0xff35043a,0xfffab74b,0xfff8b148,0xfff7ab43,0xfff5a140,0xff390637,0xff2f043a,0x00000000,
0x00000000,0x00000000,0x00000000,0x00000000,0x00000000,0x00000000,0x00000000,0x00000000,0xff2f0435,0xff35053b,0xfff1b039,0xfff9af4a,
0xfff2a13e,0xfffdb23a,0xff340336,0xff370538,0x00000000,0x00000000,0x00000000,0x00000000,0x00000000,0x00000000,0x00000000,0x00000000,
0x00000000,0x00000000,0x00000000,0x00000000,0x00000000,0x00000000,0x00000000,0xff2a022d,0xfff7b756,0xfffab751,0xffee9f3e,0xffec973c,
0xffec993a,0xffef993b,0xff330530,0xff28032a,0xff300232,0xff2c032e,0xff2e0230,0xff2c022f,0xff2b022c,0xff2d022e,0xff2e0330,0xff360339,
0xff592825,0xfff9ad44,0xfff9b756,0xffec993b,0xffed9a3c,0xffed983a,0xffec9536,0xff310432,0x00000000,0x00000000,0x00000000,0x00000000,
0x00000000,0x00000000,0x00000000,0x00000000,0x00000000,0x00000000,0x00000000,0x00000000,0x00000000,0x00000000,0xff2a022b,0xff310529,
0xfff9ba56,0xfff7b04c,0xffec9c3d,0xffd9772f,0xffed9334,0xffef9636,0xff310429,0xff3c0633,0xffee9938,0xfff09e3f,0xffef9e3f,0xffed9a3d,
0xffec993b,0xffee9a3c,0xffeb9234,0xff330429,0xff78381b,0xffee9a3c,0xffea9338,0xffe58d37,0xffed993e,0xffed993b,0xffee9235,0xff1c011b,
0xff290328,0x00000000,0x00000000,0x00000000,0x00000000,0x00000000,0x00000000,0x00000000,0x00000000,0x00000000,0x00000000,0x00000000,
0x00000000,0x00000000,0xff360439,0xfff5b54b,0xffef9c3b,0xffee9b3c,0xfffde4ac,0xfffee4ad,0xffd06d26,0xffcd6820,0xffdc7f2a,0xfffbbb5c,
0xfffbbc62,0xfff9b456,0xffed9b3c,0xffec9a3c,0xffec993c,0xffec983b,0xffeb983b,0xffea9638,0xffc76124,0xffe28633,0xffe08836,0xfffde1ab,
0xfffddfa7,0xffec9539,0xffee953a,0xffcb6526,0xff2e032d,0x00000000,0x00000000,0x00000000,0x00000000,0x00000000,0x00000000,0x00000000,
0x00000000,0x00000000,0x00000000,0x00000000,0x00000000,0x00000000,0xff310433,0xffefa13d,0xffe99437,0xfffdf6d5,0xfffef5d3,0xfffde8b6,
0xffe18236,0xffdd842f,0xfffabc61,0xfff9bf63,0xffef9a3c,0xffed983a,0xffed9a3c,0xffec973c,0xffec973c,0xffec983c,0xffeb973b,0xffec963b,
0xffe99237,0xffb55120,0xffbd581e,0xfffde3ae,0xfffdf1ca,0xfffef1c4,0xffdc7e2c,0xffcb6727,0xff31032e,0x00000000,0x00000000,0x00000000,
0x00000000,0x00000000,0x00000000,0x00000000,0x00000000,0x00000000,0x00000000,0x00000000,0x00000000,0x00000000,0xff380438,0xffe49132,
0xffd3752a,0xfffcf3cc,0xfffdf3cf,0xffd8782e,0xfffbb95a,0xfff9b95c,0xfffbc169,0xffee9b3c,0xffec983b,0xffec983b,0xffec973b,0xffeb973b,
0xffeb973b,0xffeb973c,0xffeb973c,0xffeb963a,0xffea9439,0xffeb963a,0xffe99334,0xffbf5820,0xfffce8b9,0xfffdf8d5,0xffc96525,0xffc96424,
0xff2e032b,0x00000000,0x00000000,0x00000000,0x00000000,0x00000000,0x00000000,0x00000000,0x00000000,0x00000000,0x00000000,0x00000000,
0x00000000,0x00000000,0xff2d042e,0xffe69232,0xffd06f26,0xfffef2c7,0xfffdf6d0,0xffd27225,0xfffcc065,0xfffabc61,0xfff6ac4d,0xffed993c,
0xffec993c,0xffeb973b,0xffeb963c,0xffec963b,0xffea953b,0xffec973d,0xffea963c,0xffea963b,0xffec973a,0xffeb9438,0xffea9639,0xffb85920,
0xfffcedbe,0xfff9e3b5,0xffc96524,0xffc96322,0xff30032e,0x00000000,0x00000000,0x00000000,0x00000000,0x00000000,0x00000000,0x00000000,
0x00000000,0x00000000,0x00000000,0x00000000,0x00000000,0x00000000,0xff350237,0xff370437,0xffd4762c,0xffd07128,0xffb6561f,0xfff7af4e,
0xfffab95d,0xfff4aa4b,0xffed9a3c,0xffec973a,0xffeb963a,0xffed993b,0xffeb973b,0xffea953c,0xffeb973c,0xffea963b,0xffec983b,0xffec983b,
0xffe99338,0xffec9539,0xffeb9538,0xffc96925,0xffae4e1d,0xffcf6826,0xffc66523,0xff2d032f,0xff2c022d,0x00000000,0x00000000,0x00000000,
0x00000000,0x00000000,0x00000000,0x00000000,0x00000000,0x00000000,0x00000000,0x00000000,0x00000000,0x00000000,0x00000000,0xff330336,
0xff2b032d,0xff622013,0xffd47426,0xfff6ae4b,0xffef9b3c,0xffed9735,0xff76401e,0xff723418,0xffe99132,0xffeb9739,0xffec973b,0xffeb973a,
0xffea9539,0xffec983c,0xfff69e48,0xff823d1c,0xff874c21,0xffe89235,0xffea9237,0xffea9339,0xffc35d22,0xff4f1c16,0xff270328,0xff2f0333,
0x00000000,0x00000000,0x00000000,0x00000000,0x00000000,0x00000000,0x00000000,0x00000000,0x00000000,0x00000000,0x00000000,0x00000000,
0x00000000,0x00000000,0x00000000,0x00000000,0xff2c022f,0xffec9135,0xffeb9439,0xffee9c3b,0xffec993b,0xffef9a3a,0xff76371c,0xff3b160e,
0xffee9b3e,0xffec9838,0xffed9c3e,0xffeb9436,0xffed9c3f,0xffec993d,0xffe38c3b,0xff6e341b,0xff3f1910,0xffea9034,0xffeb9439,0xffea9339,
0xffc15d23,0xffbe5b23,0xff29022b,0x00000000,0x00000000,0x00000000,0x00000000,0x00000000,0x00000000,0x00000000,0x00000000,0x00000000,
0x00000000,0x00000000,0x00000000,0x00000000,0x00000000,0x00000000,0x00000000,0x00000000,0xff2e0231,0xffeb973a,0xffea9538,0xffee9a3c,
0xffec993b,0xffee9b3c,0xff3c1810,0xff38150f,0xffec9336,0xffee9e44,0xfff9eec8,0xfff9efca,0xfff9ecbf,0xffec9a36,0xfff5963f,0xff3b1911,
0xff3a180f,0xffea9237,0xffea9438,0xffea943a,0xffc56023,0xffc35f24,0xff270228,0x00000000,0x00000000,0x00000000,0x00000000,0x00000000,
0x00000000,0x00000000,0x00000000,0x00000000,0x00000000,0x00000000,0x00000000,0x00000000,0x00000000,0x00000000,0x00000000,0x00000000,
0xff310233,0xffe99034,0xffe89035,0xffec983b,0xffed993c,0xffee9c40,0xfff59a35,0xfffef9d0,0xfffef4ce,0xfffdf1c3,0xffdc8f60,0xff502312,
0xff4e2211,0xfffaeecb,0xfffef2c4,0xfffcf4c5,0xfff09234,0xffea943a,0xffea9439,0xffe99338,0xffc35f24,0xffc35e24,0xff280229,0x00000000,
0x00000000,0x00000000,0x00000000,0x00000000,0x00000000,0x00000000,0x00000000,0x00000000,0x00000000,0x00000000,0x00000000,0x00000000,
0x00000000,0x00000000,0x00000000,0x00000000,0xff2c012e,0xffd16d25,0xffd7732a,0xffee9b3c,0xffee993b,0xffeb9739,0xffe99438,0xfffdf3c6,
0xfffdf3ca,0xfffdf1c4,0xff471d13,0xff35150f,0xff361610,0xfff9edc3,0xfffdefc1,0xfffdedc2,0xffe79139,0xffe89136,0xffe99237,0xffe99236,
0xffc56024,0xffc66024,0xff280229,0x00000000,0x00000000,0x00000000,0x00000000,0x00000000,0x00000000,0x00000000,0x00000000,0x00000000,
0x00000000,0x00000000,0x00000000,0x00000000,0x00000000,0x00000000,0x00000000,0x00000000,0xff300232,0xffd06825,0xffc66624,0xffcb6c25,
0xffec973c,0xffef9d41,0xfffef8cc,0xfffeefbd,0xfffdefbd,0xfffeeebd,0xfffcf0c1,0xff431d0e,0xfffbeab7,0xfffeecbb,0xfffeeabd,0xfffde7b4,
0xffb55518,0xffea9338,0xffeb953a,0xffcc6524,0xffc05d23,0xffbf5920,0xff2c022f,0x00000000,0x00000000,0x00000000,0x00000000,0x00000000,
0x00000000,0x00000000,0x00000000,0x00000000,0x00000000,0x00000000,0x00000000,0x00000000,0x00000000,0x00000000,0x00000000,0x00000000,
0xff36073a,0xff2c032d,0xffc96a23,0xffd67528,0xffef9e42,0xfff1a144,0xfffcf2c7,0xfffdeebb,0xfffdf5c5,0xff875c38,0xfffbe7b0,0xff491f0f,
0xfffce9bb,0xffbb8e6a,0xfff9e6ba,0xfffce7b6,0xffb9591b,0xffec9231,0xffea8f2d,0xffc26022,0xff873a20,0xff250128,0xff220426,0x00000000,
0x00000000,0x00000000,0x00000000,0x00000000,0x00000000,0x00000000,0x00000000,0x00000000,0x00000000,0x00000000,0x00000000,0x00000000,
0x00000000,0x00000000,0x00000000,0x00000000,0x00000000,0xff2b0134,0xffd26823,0xffb95a1f,0xffcf7027,0xffd16f26,0xffd26f25,0xfffddd9e,
0xfffee7b3,0xfffdf0c5,0xff5c2813,0xfffef3ce,0xff562512,0xfffee2a9,0xfffde4af,0xfffbdba4,0xffc36221,0xffc76421,0xffc66323,0xffb95820,
0xff7c3221,0xff290130,0x00000000,0x00000000,0x00000000,0x00000000,0x00000000,0x00000000,0x00000000,0x00000000,0x00000000,0x00000000,
0x00000000,0x00000000,0x00000000,0x00000000,0x00000000,0x00000000,0x00000000,0x00000000,0x00000000,0x00000000,0xff2d0234,0xff2e0334,
0xff914018,0xff803517,0xff6c2b14,0xff782f14,0xfffad4a0,0xfffad495,0xfffde1a9,0xfffddfa5,0xfffddfa7,0xfffbd597,0xfff8d696,0xff451b0c,
0xff4d1b11,0xff532212,0xff9b481a,0xff2f0330,0xff2e0136,0x00000000,0x00000000,0x00000000,0x00000000,0x00000000,0x00000000,0x00000000,
0x00000000,0x00000000,0x00000000,0x00000000,0x00000000,0x00000000,0x00000000,0x00000000,0x00000000,0x00000000,0x00000000,0x00000000,
0x00000000,0xff28012c,0xffa84b20,0xff8a3c25,0xff230722,0xff222429,0xff27232f,0xff1b1619,0xff2b0e28,0xff1d0a1c,0xff58230f,0xff50210e,
0xff53220d,0xff230a1b,0xff280d1d,0xff1d0f0d,0xff2e3c3a,0xff273234,0xff270a27,0xff723115,0xff5a2214,0xff330339,0x00000000,0x00000000,
0x00000000,0x00000000,0x00000000,0x00000000,0x00000000,0x00000000,0x00000000,0x00000000,0x00000000,0x00000000,0x00000000,0x00000000,
0x00000000,0x00000000,0x00000000,0x00000000,0x00000000,0xff270221,0xffb1581e,0xff2c2324,0xff95f8bc,0xffb5f6c8,0xffa6f4bd,0xff99f3b9,
0xff77f2ae,0xff96fcdc,0xff2a0a19,0xff310b19,0xff270a17,0xff91f3c1,0xffaaf7c0,0xffa1f4ba,0xff8ff2b6,0xff4ad69c,0xff4aae83,0xff100b2a,
0xff79331d,0xff330421,0x00000000,0x00000000,0x00000000,0x00000000,0x00000000,0x00000000,0x00000000,0x00000000,0x00000000,0x00000000,
0x00000000,0x00000000,0x00000000,0x00000000,0x00000000,0x00000000,0x00000000,0xff350338,0xff300331,0xffe68f31,0xffe89435,0xff1e091c,
0xff9bfac3,0xffd6fbd8,0xff9cf2be,0xff8ef2b8,0xff79e8ab,0xff7becad,0xff7bf3b7,0xff8deeb4,0xff169d5c,0xff72e9a7,0xff9df4b8,0xff94f5b8,
0xff8df0b6,0xff57d9a2,0xff51b18f,0xff170b2e,0xffbd5d21,0xffb85b1f,0xff300232,0xff37033a,0x00000000,0x00000000,0x00000000,0x00000000,
0x00000000,0x00000000,0x00000000,0x00000000,0x00000000,0x00000000,0x00000000,0x00000000,0x00000000,0x00000000,0xff2e0135,0xffc46c2a,
0xfff7b14d,0xfff6ad4a,0xffeb9738,0xff1e091b,0xff8ff7bb,0xff8df1b8,0xff8cefb6,0xff3dc993,0xff37c58b,0xff2fb783,0xffa0f6be,0xff8dedb5,
0xff108b53,0xff2cbe7e,0xff35b981,0xff34c38a,0xff91f0b9,0xff57d8a1,0xff47a287,0xff0b051f,0xffdc8031,0xffdc7e2d,0xffd06f28,0xffb65821,
0xff2c022f,0x00000000,0x00000000,0x00000000,0x00000000,0x00000000,0x00000000,0x00000000,0x00000000,0x00000000,0x00000000,0x00000000,
0xff320a33,0xff2c022e,0xff310331,0xfff7b550,0xfff09a3a,0xffee9a3a,0xffe99436,0xff220b1c,0xff5beba0,0xff83edb4,0xff8df0b7,0xff82f0b5,
0xff1d945c,0xff25a066,0xff16844e,0xff1d7447,0xff0e6139,0xff127946,0xff39ad78,0xff8aeeb8,0xff80ebb5,0xff3cd097,0xff358c74,0xff190a27,
0xffe88d37,0xffeb953a,0xffea903a,0xffcf6925,0xff370435,0xff37033b,0xff180125,0x00000000,0x00000000,0x00000000,0x00000000,0x00000000,
0x00000000,0x00000000,0x00000000,0x00000000,0xff2a0733,0xff320439,0xfff1aa45,0xffef9b3a,0xffec9637,0xffed9536,0xffda7326,0xff8e3514,
0xff230c22,0xff1e0821,0xff19071e,0xff221229,0xff28ab73,0xff2dc07f,0xff34bf87,0xff1b0f1b,0xff31bd7e,0xff2fc481,0xff0e161f,0xff1e1024,
0xff1e0e24,0xff260e2a,0xff15061a,0xff7c3115,0xffde8230,0xffed993c,0xffed963b,0xffe68d38,0xffc56524,0xff250327,0xff16001f,0x00000000,
0x00000000,0x00000000,0x00000000,0x00000000,0x00000000,0x00000000,0x00000000,0x00000000,0xff290634,0xff33033a,0xfff0a342,0xffeb9538,
0xffe68b33,0xffe38935,0xffc36221,0xff6e280f,0xffd27128,0xffd1701d,0xff531a20,0xff86f1b3,0xff6be4a8,0xff69e7aa,0xff39c48b,0xff4d1a16,
0xff3ecb88,0xff37d08f,0xff87f5bd,0xff78f1ad,0xff5a2225,0xffb45720,0xffbe5c1f,0xff702912,0xffc16224,0xffec9338,0xfff09b3f,0xffce6c2a,
0xffc06024,0xff300233,0xff1b0124,0x00000000,0x00000000,0x00000000,0x00000000,0x00000000,0x00000000,0x00000000,0x00000000,0x00000000,
0xff27062e,0xff2c0334,0xffb76e35,0xffb1682b,0xffa75625,0xff9d4c1f,0xff9f4a1e,0xff76290f,0xffd37324,0xff2a0918,0xffd3fae1,0xff8ff2b6,
0xff7fedb0,0xff82efb4,0xff0f0c11,0xffa14d18,0xff220a20,0xff98f4ba,0xff96f4b8,0xff90f1b7,0xff9cf5cb,0xff26111d,0xffb75e22,0xff65240f,
0xffb05625,0xffc36c2d,0xffb9652b,0xffad5726,0xffac4d28,0xff2a022d,0xff110019,0x00000000,0x00000000,0x00000000,0x00000000,0x00000000,
0x00000000,0x00000000,0x00000000,0x00000000,0xff32073a,0xff300233,0xff290329,0xff57230b,0xff61260f,0xff5e220f,0xff3d1309,0xff8c3915,
0xff260d23,0xff98f0b7,0xffa8f7c2,0xff8feeb7,0xff80edb4,0xff79f1b6,0xff230e26,0xffc46220,0xff250a23,0xff94efb6,0xff89efb4,0xff8befb5,
0xff87f1b6,0xff7aedaf,0xff150618,0xff722a0f,0xff3d160d,0xfff8ae4d,0xfff9b151,0xffefa448,0xff2b0328,0xff2d0230,0xff26032b,0x00000000,
0x00000000,0x00000000,0x00000000,0x00000000,0x00000000,0x00000000,0x00000000,0xff3c0544,0xff330436,0xff300530,0xfff6b451,0xffea9939,
0xffee9a3b,0xffee9b3c,0xffef9d3e,0xff762a0f,0xff270e25,0xff8eefcb,0xff94fdca,0xff83edaf,0xff76f2b3,0xff72dba5,0xff160511,0xffc9681f,
0xff310c18,0xff57bd8c,0xff88efb9,0xff7eedb3,0xff88f8c7,0xff68e2a5,0xff230a1f,0xff772e12,0xfff3a240,0xffef9d3e,0xffee9a3c,0xffec983a,
0xffed993d,0xff2f042b,0xff2e0430,0xff2a032e,0x00000000,0x00000000,0x00000000,0x00000000,0x00000000,0x00000000,0x00000000,0xff32023a,
0xfffabc4d,0xfff7af4a,0xfff7af4e,0xffee9b3f,0xffec983c,0xffed993d,0xffeb963a,0xffea9337,0xff772f13,0xff893514,0xff1d081d,0xff7fedb4,
0xff81e9b1,0xff21091f,0xffca6724,0xffea9135,0xffcb6527,0xff240822,0xff85f0b7,0xff78eeb5,0xff250925,0xff7a2c16,0xff60230e,0xfff4a746,
0xfff3a445,0xffec9739,0xffed9a3d,0xffec973d,0xffeb9438,0xffd36e28,0xff8d4020,0xff2e0132,0x00000000,0x00000000,0x00000000,0x00000000,
0x00000000,0x00000000,0x00000000,0xff2d0234,0xfffab846,0xfff2a441,0xffeb933c,0xfffee7b2,0xfffee7b9,0xfffee8b6,0xffeb963b,0xffeb9438,
0xffd5742e,0xff793116,0xffad4e1d,0xff26092b,0xff240929,0xffc75f23,0xffe99035,0xffe89036,0xffea9239,0xffd16926,0xff220825,0xff280b2d,
0xffbe5520,0xfff08b35,0xffee9c3b,0xfff4a744,0xffeb953e,0xfffee7ba,0xfffee4b2,0xfffde3ae,0xffd06b27,0xffd16e28,0xffe67f29,0xff2c0131,
0x00000000,0x00000000,0x00000000,0x00000000,0x00000000,0x00000000,0x00000000,0xff2d0233,0xfff39b35,0xffec9438,0xfffddca2,0xfffeebbc,
0xfffee9ba,0xfffde9b8,0xffffeab8,0xffec983a,0xffeb9338,0xfff59a3b,0xff742d11,0xffc46022,0xffec9336,0xffeb9336,0xffea9237,0xffec9438,
0xffeb9337,0xffeb9236,0xffdf8234,0xffc36124,0xff873414,0xfff29f3c,0xfff1a442,0xffed9b40,0xfffee7b4,0xfffee7b8,0xfffde7b7,0xfffde7b5,
0xfffbd094,0xffca6424,0xffd16720,0xff230026,0x00000000,0x00000000,0x00000000,0x00000000,0x00000000,0x00000000,0x00000000,0xff300236,
0xffe7842d,0xffdc7b2e,0xfffcdca3,0xfffde8b7,0xfffde8b7,0xfffde8b8,0xfffde8ba,0xfffee7b2,0xffec963b,0xffef983e,0xffcb6122,0xff983e17,
0xffc46520,0xffcb6c21,0xffeb9339,0xffea9137,0xffea9238,0xffca611c,0xffc35e1f,0xff7e2e12,0xffc56524,0xffec953b,0xffea9035,0xfffee3a8,
0xfffee9ba,0xfffde7b8,0xfffde7b8,0xfffde5b4,0xfffbd295,0xffbc5b21,0xffca5e1e,0xff2c0133,0x00000000,0x00000000,0x00000000,0x00000000,
0x00000000,0x00000000,0x00000000,0xff320239,0xffe7882e,0xffdb7e2d,0xfffddfab,0xfffde9ba,0xfffde7b7,0xfffde8b7,0xfffde7b7,0xfffee7b6,
0xffea933a,0xfff0983b,0xffcf6323,0xff953e18,0xffd36d25,0xffce6a25,0xffe88d30,0xffe99236,0xffeb9437,0xffc15e21,0xffc96422,0xff7d3012,
0xffd76c27,0xffeb9236,0xffea9238,0xfffce4b1,0xfffde7b6,0xfffde6b7,0xfffee6b6,0xfffde7b8,0xfffbd294,0xffc15e23,0xffc65e1a,0xff29012f,
0x00000000,0x00000000,0x00000000,0x00000000,0x00000000,0x00000000,0x00000000,0xff2c0230,0xff320434,0xff26042e,0xffdb7c2f,0xfffeeab9,
0xfffde7b8,0xfffde8bb,0xfffee8b6,0xfffde5b3,0xffc76223,0xffc66224,0xffc05d22,0xff652512,0xffbd561f,0xffb6541f,0xffc45d21,0xffbf581f,
0xffbc5720,0xffbf571e,0xffba531d,0xff541b0c,0xffbf5c24,0xffd36e28,0xffd6722a,0xfffde1ac,0xfffde7b6,0xfffde7b6,0xfffde4b2,0xfffde2b2,
0xffc96425,0xff360533,0xff2c022b,0xff2b0130,0x00000000,0x00000000,0x00000000,0x00000000,0x00000000,0x00000000,0x00000000,0x00000000,
0xff2a0634,0xff2b0234,0xffdb7330,0xffcb6e2b,0xfffbd499,0xfffbd79b,0xfffbdaa3,0xffd16b27,0xffc56125,0xffc86124,0xff240518,0xff2d0332,
0xff28022e,0xff230228,0xff220228,0xff26042d,0xff28032e,0xff26022a,0xff22012c,0xff29022e,0xff2e062b,0xffcc6321,0xffbe5c21,0xffd06824,
0xfffcd99f,0xfffcd69b,0xfff8cb94,0xffc86224,0xffb85724,0xff25032c,0xff110116,0x00000000,0x00000000,0x00000000,0x00000000,0x00000000,
0x00000000,0x00000000,0x00000000,0x00000000,0x00000000,0x00000000,0xff280329,0xffb1571b,0xffc56426,0xffce6824,0xffc56223,0xffc96523,
0xff853924,0xff22022e,0xff29022e,0x00000000,0xff250529,0xff2d0534,0xff2b0532,0xff250429,0xff220424,0xff2b042f,0xff290631,0x00000000,
0xff27022e,0xff15001d,0xffbd5c22,0xffc46123,0xffc66223,0xffbd5c22,0xffcc6122,0xff9c4720,0xff2a022d,0x00000000,0x00000000,0x00000000,
0x00000000,0x00000000,0x00000000,0x00000000,0x00000000,0x00000000,0x00000000,0x00000000,0x00000000,0x00000000,0xff28042d,0xff340338,
0xffcb6926,0xffc16123,0xffcb6522,0xffc35d22,0xff2d022e,0xff240528,0xff2d0636,0x00000000,0x00000000,0x00000000,0x00000000,0x00000000,
0x00000000,0x00000000,0x00000000,0x00000000,0xff2a0530,0xff29032e,0xff210326,0xffd06526,0xffca6323,0xffc86224,0xffc96024,0xff27012a,
0xff270427,0x00000000,0x00000000,0x00000000,0x00000000,0x00000000,0x00000000,0x00000000,0x00000000,0x00000000,0x00000000,0x00000000,
0x00000000,0x00000000,0x00000000,0xff35033a,0xff2d0231,0xff310336,0xff2f0235,0xff300235,0xff2f0233,0x00000000,0x00000000,0x00000000,
0x00000000,0x00000000,0x00000000,0x00000000,0x00000000,0x00000000,0x00000000,0x00000000,0x00000000,0x00000000,0xff2f0234,0xff28022c,
0xff29002d,0xff2c0131,0xff28012b,0xff36023c,0x00000000,0x00000000,0x00000000,0x00000000,0x00000000,0x00000000,0x00000000,0x00000000,
0x00000000,0x00000000,0x00000000,0x00000000,0x00000000,0x00000000,0x00000000,0x00000000,0x00000000,0x00000000,0x00000000,0x00000000,
0x00000000,0x00000000,0x00000000,0x00000000,0x00000000,0x00000000,0x00000000,0x00000000,0x00000000,0x00000000,0x00000000,0x00000000,
0x00000000,0x00000000,0x00000000,0x00000000,0x00000000,0x00000000,0x00000000,0x00000000,0x00000000,0x00000000,0x00000000,0x00000000,
0x00000000,0x00000000,0x00000000,0x00000000,
},
{
0x00000000,0x00000000,0x00000000,0x00000000,0x00000000,0x00000000,0x00000000,0x00000000,0x00000000,0x00000000,0x00000000,0x00000000,
0x00000000,0x00000000,0x00000000,0x00000000,0x00000000,0x00000000,0x00000000,0x00000000,0x00000000,0x00000000,0x00000000,0x00000000,
0x00000000,0x00000000,0x00000000,0x00000000,0x00000000,0x00000000,0x00000000,0x00000000,0x00000000,0x00000000,0x00000000,0x00000000,
0x00000000,0x00000000,0x00000000,0x00000000,0x00000000,0x00000000,0x00000000,0x00000000,0x00000000,0x00000000,0x00000000,0x00000000,
0x00000000,0x00000000,0x00000000,0x00000000,0x00000000,0x00000000,0x00000000,0x00000000,0x00000000,0xff360b1d,0xff330b17,0xff340b17,
0xff350b17,0xff390c19,0xff370b18,0xff330b16,0xff300a16,0x00000000,0x00000000,0x00000000,0x00000000,0x00000000,0x00000000,0x00000000,
0x00000000,0x00000000,0x00000000,0x00000000,0x00000000,0x00000000,0x00000000,0x00000000,0x00000000,0x00000000,0x00000000,0x00000000,
0x00000000,0x00000000,0x00000000,0x00000000,0x00000000,0x00000000,0x00000000,0x00000000,0x00000000,0x00000000,0xff5c0349,0xff3a0122,
0xff3b0219,0xffeab328,0xfff7e444,0xfffdec56,0xfffbf161,0xfffaf064,0xfff9f064,0xfffdd319,0xfffcc819,0xff310b14,0x00000000,0x00000000,
0x00000000,0x00000000,0x00000000,0x00000000,0x00000000,0x00000000,0x00000000,0x00000000,0x00000000,0x00000000,0x00000000,0x00000000,
0x00000000,0x00000000,0x00000000,0x00000000,0x00000000,0x00000000,0x00000000,0x00000000,0x00000000,0x00000000,0x00000000,0x00000000,
0x00000000,0x00000000,0xff340c15,0xff3d0d15,0xff361011,0xfffac11b,0xfffedd42,0xfffddb40,0xfffde34c,0xfffde44d,0xfffee350,0xfffcc116,
0xfff9b518,0xff370d16,0x00000000,0x00000000,0x00000000,0x00000000,0x00000000,0x00000000,0x00000000,0x00000000,0x00000000,0x00000000,
0x00000000,0x00000000,0x00000000,0x00000000,0x00000000,0x00000000,0x00000000,0x00000000,0x00000000,0x00000000,0x00000000,0x00000000,
0x00000000,0x00000000,0x00000000,0x00000000,0xff34081f,0xff2b0717,0xfffbce2a,0xfffddc3e,0xfffede4a,0xfffdee8b,0xfffded8b,0xfffcea86,
0xfffdea88,0xfffde87b,0xfffbb817,0xff4d2214,0xff350d14,0x00000000,0x00000000,0x00000000,0x00000000,0x00000000,0x00000000,0x00000000,
0x00000000,0x00000000,0x00000000,0x00000000,0x00000000,0x00000000,0x00000000,0x00000000,0x00000000,0x00000000,0x00000000,0x00000000,
0x00000000,0x00000000,0x00000000,0x00000000,0x00000000,0x00000000,0xff340420,0xff340224,0xfff5c317,0xfffce869,0xfffeee83,0xfffefdf6,
0xfffefcf5,0xfffeffff,0xfffcea8b,0xfffde886,0xfffce06a,0xfffcb21b,0xff2a0c10,0xff230b14,0xff2f010f,0x00000000,0x00000000,0x00000000,
0x00000000,0x00000000,0x00000000,0x00000000,0x00000000,0x00000000,0x00000000,0x00000000,0x00000000,0x00000000,0x00000000,0x00000000,
0x00000000,0x00000000,0x00000000,0x00000000,0x00000000,0x00000000,0x00000000,0x00000000,0x00000000,0xff910386,0xff2b0718,0xff330a1e,
0xfffcc820,0xfffce866,0xfffde772,0xfffeffff,0xfffdfdfd,0xfffbfbf8,0xfffcea8a,0xfffce988,0xfffde36c,0xfffcaf0f,0xff350b12,0xff2d0c0a,
0x00000000,0x00000000,0x00000000,0x00000000,0x00000000,0x00000000,0x00000000,0x00000000,0x00000000,0x00000000,0x00000000,0x00000000,
0x00000000,0x00000000,0x00000000,0x00000000,0x00000000,0x00000000,0x00000000,0x00000000,0x00000000,0x00000000,0x00000000,0x00000000,
0x00000000,0xff390b19,0xfffbc521,0xfffded6c,0xfffce877,0xfffcea86,0xfffefefc,0xfffcfcfc,0xfffdf8ce,0xfffce987,0xfffce988,0xfffcda5e,
0xfff9ba19,0xff370913,0x00000000,0x00000000,0x00000000,0x00000000,0x00000000,0x00000000,0x00000000,0x00000000,0x00000000,0x00000000,
0x00000000,0x00000000,0x00000000,0x00000000,0x00000000,0x00000000,0x00000000,0x00000000,0x00000000,0x00000000,0x00000000,0x00000000,
0x00000000,0x00000000,0x00000000,0x00000000,0x00000000,0xff320b15,0xfffee45e,0xfffce87e,0xfffce777,0xfffcfcfb,0xfffffffe,0xfffde983,
0xfffce988,0xfffbe989,0xfffac630,0xfffbc023,0xfff8ba1b,0xff330912,0x00000000,0x00000000,0x00000000,0x00000000,0x00000000,0x00000000,
0x00000000,0x00000000,0x00000000,0x00000000,0x00000000,0x00000000,0x00000000,0x00000000,0x00000000,0x00000000,0x00000000,0x00000000,
0x00000000,0x00000000,0x00000000,0x00000000,0x00000000,0x00000000,0x00000000,0xff3d0c1a,0xff2b0612,0xfff7d939,0xfffde86e,0xfffce86f,
0xfffbe77a,0xfffefefe,0xfffefffa,0xfffbe97f,0xfffcea88,0xfffce989,0xfffecb33,0xfff8c130,0xff320d0f,0xff300c12,0x00000000,0x00000000,
0x00000000,0x00000000,0x00000000,0x00000000,0x00000000,0x00000000,0x00000000,0x00000000,0x00000000,0x00000000,0x00000000,0x00000000,
0x00000000,0x00000000,0x00000000,0x00000000,0x00000000,0x00000000,0x00000000,0x00000000,0x00000000,0x00000000,0x00000000,0xff330914,
0xff380a11,0xfffcd635,0xfffeec84,0xfffefeff,0xfffdfefe,0xfffbfcfb,0xfffdec83,0xfffce987,0xfffdea8b,0xfffce98d,0xfffdc024,0xfff6bb23,
0xff350d0f,0x00000000,0x00000000,0x00000000,0x00000000,0x00000000,0x00000000,0x00000000,0x00000000,0x00000000,0x00000000,0x00000000,
0x00000000,0x00000000,0x00000000,0x00000000,0x00000000,0x00000000,0x00000000,0x00000000,0x00000000,0x00000000,0x00000000,0x00000000,
0x00000000,0x00000000,0xff3d0820,0xff310604,0xff170204,0xfffeea68,0xfffced8c,0xfffdfdfb,0xfffdfcfd,0xfffefdf2,0xfffbeb84,0xfffbe98a,
0xfffce88c,0xfffcd34f,0xfffdc127,0xfff8c02d,0xff2f0c0e,0x00000000,0x00000000,0x00000000,0x00000000,0x00000000,0x00000000,0x00000000,
0x00000000,0x00000000,0x00000000,0x00000000,0x00000000,0x00000000,0x00000000,0x00000000,0x00000000,0x00000000,0x00000000,0x00000000,
0x00000000,0x00000000,0x00000000,0x00000000,0x00000000,0x00000000,0xff38081d,0xfffae032,0xfffbd02b,0xfffdec89,0xfffefdf8,0xfffdfbf1,
0xfffefef9,0xfffef8b9,0xfffceb89,0xfffce889,0xfffce888,0xfffcd34d,0xfffec42b,0xfff6b920,0xff330d10,0x00000000,0x00000000,0x00000000,
0x00000000,0x00000000,0x00000000,0x00000000,0x00000000,0x00000000,0x00000000,0x00000000,0x00000000,0x00000000,0x00000000,0x00000000,
0x00000000,0x00000000,0x00000000,0x00000000,0x00000000,0x00000000,0x00000000,0x00000000,0x00000000,0x00000000,0xff34081c,0xfffee945,
0xfffddd48,0xfffeee8e,0xfffdfcf8,0xfffdefa8,0xfffeed7f,0xfffef9bd,0xfffbe984,0xfffbe88a,0xfffdea8e,0xfffcd34b,0xfffcc92b,0xfff8c72f,
0xff310c0e,0x00000000,0x00000000,0x00000000,0x00000000,0x00000000,0x00000000,0x00000000,0x00000000,0x00000000,0x00000000,0x00000000,
0x00000000,0x00000000,0x00000000,0x00000000,0x00000000,0x00000000,0x00000000,0x00000000,0x00000000,0x00000000,0x00000000,0x00000000,
0x00000000,0x00000000,0xff35081b,0xfffdea47,0xfffdde45,0xfffdee8f,0xfffef5d1,0xfffaed97,0xfffdee87,0xfffdf2a1,0xfffce886,0xfffce88c,
0xfffce98d,0xfffcd14a,0xfffeca2f,0xfff5bf20,0xff3a0c10,0x00000000,0x00000000,0x00000000,0x00000000,0x00000000,0x00000000,0x00000000,
0x00000000,0x00000000,0x00000000,0x00000000,0x00000000,0x00000000,0x00000000,0x00000000,0x00000000,0x00000000,0x00000000,0x00000000,
0x00000000,0x00000000,0x00000000,0x00000000,0x00000000,0x00000000,0xff36081b,0xfffce947,0xfffcdc43,0xfffded8e,0xfffceb8d,0xfffcea8b,
0xfffeed88,0xfffefbe7,0xfffde98e,0xfffbe889,0xfffde98c,0xfffde98c,0xfffec731,0xfffcc328,0xfffcc525,0xff340a13,0x00000000,0x00000000,
0x00000000,0x00000000,0x00000000,0x00000000,0x00000000,0x00000000,0x00000000,0x00000000,0x00000000,0x00000000,0x00000000,0x00000000,
0x00000000,0x00000000,0x00000000,0x00000000,0x00000000,0x00000000,0x00000000,0x00000000,0x00000000,0x00000000,0xff360819,0xfffdeb46,
0xfffdde44,0xfffcec90,0xfffcea8d,0xfffdec8f,0xfffded8e,0xfffdee96,0xfffce887,0xfffde98c,0xfffce98e,0xfffce889,0xfffded8d,0xfffcc42f,
0xfffabf24,0xff330b11,0x00000000,0x00000000,0x00000000,0x00000000,0x00000000,0x00000000,0x00000000,0x00000000,0x00000000,0x00000000,
0x00000000,0x00000000,0x00000000,0x00000000,0x00000000,0x00000000,0x00000000,0x00000000,0x00000000,0x00000000,0x00000000,0x00000000,
0x00000000,0x00000000,0xff3a091b,0xfffdcc21,0xfffdc120,0xfffceb90,0xfffdeb8f,0xfffcea90,0xfffdeb8d,0xfffde98b,0xfffce98d,0xfffce98c,
0xfffce98a,0xfffce686,0xfffeea8c,0xfffce987,0xfffdc731,0xfffdc628,0xff2f090f,0xff340a13,0xff210100,0x00000000,0x00000000,0x00000000,
0x00000000,0xff320a13,0xff350a14,0xff330a14,0xff300a14,0x00000000,0x00000000,0x00000000,0x00000000,0x00000000,0x00000000,0x00000000,
0x00000000,0x00000000,0x00000000,0x00000000,0x00000000,0x00000000,0xff380919,0xfffdcd22,0xfffbc522,0xfffeea74,0xfffdeb8f,0xfffcea8d,
0xfffdea8f,0xfffeeb90,0xfffde98c,0xfffdea8a,0xfffdea8a,0xfffbe689,0xfffce689,0xfffde889,0xfffded86,0xfffdc72d,0xfffdd931,0xfffcd237,
0xff300c0e,0xff3f0f11,0xff370c10,0xff3b0f12,0xff300b0f,0xff360b08,0xfffbd926,0xfff3d526,0xff330c13,0x00000000,0x00000000,0x00000000,
0x00000000,0x00000000,0x00000000,0x00000000,0x00000000,0x00000000,0x00000000,0x00000000,0x00000000,0x00000000,0xff38071a,0xff340e12,
0xff350b11,0xfffedf48,0xfffcea8b,0xfffdec8d,0xfffdec90,0xfffdeb8d,0xfffce98b,0xfffdec8d,0xfffeea8d,0xfffbe78a,0xfffde789,0xfffde688,
0xfffee98a,0xfffdc425,0xfffcc82a,0xfffcc82c,0xff2d090c,0xff2f090b,0xff2e0a0b,0xff300a0b,0xff370b0b,0xff1d0204,0xfffdcc26,0xfff8c51d,
0xff370c13,0x00000000,0x00000000,0x00000000,0x00000000,0x00000000,0x00000000,0x00000000,0x00000000,0x00000000,0x00000000,0x00000000,
0x00000000,0x00000000,0x00000000,0xff3c1016,0xff330611,0xfffed02d,0xfffeea89,0xfffce98c,0xfffdeb8e,0xfffce98b,0xfffce88c,0xfffdf1a1,
0xfffce88d,0xfffbe689,0xfffbe688,0xfffde689,0xfffce689,0xfffce88a,0xfffcd64b,0xfffcd63f,0xfffdd746,0xfffdd945,0xfffdda45,0xfffcda43,
0xfffddb45,0xfffcdb45,0xfff7ae10,0xfff3a80b,0xff2e0911,0x00000000,0x00000000,0x00000000,0x00000000,0x00000000,0x00000000,0x00000000,
0x00000000,0x00000000,0x00000000,0x00000000,0x00000000,0x00000000,0x00000000,0xff2e0723,0xff2a0120,0xfffbc11b,0xfffdd23c,0xfffdec8f,
0xfffcea8b,0xfffdea8e,0xfffce88c,0xfffce98f,0xfffeea8b,0xfffce88a,0xfffce688,0xfffce688,0xfffbe687,0xfffce788,0xfffce789,0xfffce788,
0xfffde887,0xfffde986,0xfffce886,0xfffde98b,0xfffde375,0xfffab618,0xffa6761a,0xff3b0d11,0xff3b0e16,0x00000000,0x00000000,0x00000000,
0x00000000,0x00000000,0x00000000,0x00000000,0x00000000,0x00000000,0x00000000,0x00000000,0x00000000,0x00000000,0x00000000,0xff320827,
0xff340725,0xff300916,0xfffac627,0xfffbc627,0xfffce98c,0xfffde98b,0xfffce98e,0xfffce889,0xfffce98a,0xfffde88a,0xfffce786,0xfffce686,
0xfffce787,0xfffbe687,0xfffbe788,0xfffce788,0xfffde888,0xfffde888,0xfffee98b,0xfffdce48,0xfffbb820,0xfffbb91a,0xff966011,0xff2e0910,
0x00000000,0x00000000,0x00000000,0x00000000,0x00000000,0x00000000,0x00000000,0x00000000,0x00000000,0x00000000,0x00000000,0x00000000,
0x00000000,0x00000000,0x00000000,0x00000000,0x00000000,0xff390a1d,0xfff8bc1c,0xfffcc727,0xfffcc832,0xfffde989,0xfffce989,0xfffce98c,
0xfffce88c,0xfffce789,0xfffce889,0xfffce688,0xfffbe788,0xfffce788,0xfffce789,0xfffde889,0xfffce889,0xfffde98b,0xfffbbd2a,0xfffdb921,
0xfff8b51a,0xff3d0d11,0xff340b13,0xff8e0c8f,0x00000000,0x00000000,0x00000000,0x00000000,0x00000000,0x00000000,0x00000000,0x00000000,
0x00000000,0x00000000,0x00000000,0x00000000,0x00000000,0x00000000,0x00000000,0x00000000,0x00000000,0xff280710,0xff370d16,0xffffd82b,
0xfffcc52b,0xfffcc52d,0xfffeef91,0xfffdec92,0xfffdea8a,0xfffce785,0xfffde88a,0xfffce788,0xfffbe788,0xfffce687,0xfffce789,0xfffeea86,
0xfffce47f,0xfffbb61b,0xfffbbc22,0xffffca24,0xff370c0e,0xff340914,0xff230412,0x00000000,0x00000000,0x00000000,0x00000000,0x00000000,
0x00000000,0x00000000,0x00000000,0x00000000,0x00000000,0x00000000,0x00000000,0x00000000,0x00000000,0x00000000,0x00000000,0x00000000,
0x00000000,0x00000000,0xff3c0a1d,0xff330e12,0xfff8b112,0xfffdc326,0xfffdc22e,0xfffcca3e,0xfffdd043,0xfffce26e,0xfffce16f,0xfffde16e,
0xfffcdf6d,0xfffdde6a,0xfffcd451,0xfffcbe27,0xfffdbc29,0xfffbb81e,0xfffbbc23,0xff2f0a0f,0xff330911,0xff6b0164,0x00000000,0x00000000,
0x00000000,0x00000000,0x00000000,0x00000000,0x00000000,0x00000000,0x00000000,0x00000000,0x00000000,0x00000000,0x00000000,0x00000000,
0x00000000,0x00000000,0x00000000,0x00000000,0x00000000,0x00000000,0xff2b0533,0xff2d0335,0xff2b0433,0xff280729,0xff562c25,0xfffdbe29,
0xfffdbf29,0xfffcbc27,0xfffdbd29,0xfffdbc28,0xfffdbb27,0xfffdbc24,0xfffdbd24,0xfffcbb23,0xfff4b01d,0xff2b052e,0xff27032b,0xff270229,
0x00000000,0x00000000,0x00000000,0x00000000,0x00000000,0x00000000,0x00000000,0x00000000,0x00000000,0x00000000,0x00000000,0x00000000,
0x00000000,0x00000000,0x00000000,0x00000000,0x00000000,0x00000000,0x00000000,0x00000000,0x00000000,0xff31023f,0xff300338,0xff6ea4f2,
0xff6ca1f1,0xff3d6dd3,0xff1b2c79,0xff260b35,0xff270b34,0xff280b34,0xff260932,0xff260932,0xff260a33,0xff270934,0xff260a32,0xff290b36,
0xff22072f,0xff1d3595,0xff2d5abf,0xff2e1d65,0xff2d0238,0xff41004f,0x00000000,0x00000000,0x00000000,0x00000000,0x00000000,0x00000000,
0x00000000,0x00000000,0x00000000,0x00000000,0x00000000,0x00000000,0x00000000,0x00000000,0x00000000,0x00000000,0x00000000,0x00000000,
0x00000000,0xff31033a,0xff83b4f5,0xff77a9ef,0xff78abf1,0xff689def,0xff5d84ce,0xff6282c8,0xff5c7ec5,0xff5981c7,0xff5477bf,0xff4d74bd,
0xff4972b9,0xff4a6bb8,0xff4a72bf,0xff466fba,0xff4864ae,0xff4273cd,0xff5086e1,0xff3970d3,0xff2f66c8,0xff2f033b,0x00000000,0x00000000,
0x00000000,0x00000000,0x00000000,0x00000000,0x00000000,0x00000000,0x00000000,0x00000000,0x00000000,0x00000000,0x00000000,0x00000000,
0x00000000,0x00000000,0x00000000,0x00000000,0x00000000,0xff2c0331,0xff4b83e5,0xff4b81e0,0xff6ea2ef,0xff9dc2f3,0xff9bc1f4,0xff70a4ee,
0xff75a5ef,0xff6c9fee,0xff6a9cee,0xff6598ed,0xff6596eb,0xff6395eb,0xff6296ea,0xff679bed,0xff6ea1f1,0xff4f86e5,0xff3b73d7,0xff2446aa,
0xff1f44a3,0xff28032e,0x00000000,0x00000000,0x00000000,0x00000000,0x00000000,0x00000000,0x00000000,0x00000000,0x00000000,0x00000000,
0x00000000,0x00000000,0x00000000,0x00000000,0x00000000,0x00000000,0x00000000,0xff8c078e,0xff290531,0xff5fa1eb,0xff487ee2,0xff3f76dd,
0xff3e72da,0xff315cc6,0xff326dd8,0xff366ed8,0xff3c72d5,0xff386dd2,0xff2656be,0xff2958c1,0xff3162c7,0xff3567ce,0xff2d60c8,0xff2754bc,
0xff294eb9,0xff2442a6,0xff2446ab,0xff2445a7,0xff294eb4,0xff1f4db5,0xff2b0338,0x00000000,0x00000000,0x00000000,0x00000000,0x00000000,
0x00000000,0x00000000,0x00000000,0x00000000,0x00000000,0x00000000,0x00000000,0x00000000,0x00000000,0x00000000,0x00000000,0x00000000,
0xff2e0537,0xff5e99ed,0xff4b81e3,0xff4177e0,0xff366ad6,0xff325eca,0xff4078dd,0xff4278dd,0xff4175da,0xff3d72d7,0xff2d5ac8,0xff2e59c5,
0xff2e5cc6,0xff3768d0,0xff3767d0,0xff2f5bc3,0xff2a4eb6,0xff2444a8,0xff244baa,0xff305cbd,0xff2e4cb3,0xff2349ab,0xff2a0337,0x00000000,
0x00000000,0x00000000,0x00000000,0x00000000,0x00000000,0x00000000,0x00000000,0x00000000,0x00000000,0x00000000,0x00000000,0x00000000,
0x00000000,0x00000000,0x00000000,0xff8f068e,0xff25042e,0xff508ce9,0xff5088e6,0xff93b8f1,0xff9abcf1,0xff457fe0,0xff437cdd,0xff437bdc,
0xff457ada,0xff3468c4,0xfffad032,0xfffdce30,0xffa67f4a,0xff406fd0,0xff386ad3,0xff3668d0,0xff3769d0,0xff3163c8,0xff2548ad,0xff2549ad,
0xff2547aa,0xff2348aa,0xff2a0338,0x00000000,0x00000000,0x00000000,0x00000000,0x00000000,0x00000000,0x00000000,0x00000000,0x00000000,
0x00000000,0x00000000,0x00000000,0x00000000,0x00000000,0x00000000,0x00000000,0xff920792,0xff290433,0xff4481e4,0xff5187e7,0xff6d9cea,
0xff4881e2,0xff447fe0,0xff447ddf,0xff447ddf,0xff2759b8,0xfff8df65,0xfffeca2b,0xfffdc81f,0xfff8ad12,0xff143285,0xff396cd4,0xff3a6cd3,
0xff386ad1,0xff386acf,0xff2448af,0xff2345ab,0xff2548ac,0xff244bb1,0xff290235,0x00000000,0x00000000,0x00000000,0x00000000,0x00000000,
0x00000000,0x00000000,0x00000000,0x00000000,0x00000000,0x00000000,0x00000000,0x00000000,0x00000000,0x00000000,0x00000000,0xff91068f,
0xff2b0435,0xff447fe4,0xff6092ec,0xff72a2ee,0xff487fe0,0xff457fdf,0xff457ddf,0xff457ddf,0xff2e5cb7,0xfff9d949,0xfffcc71c,0xfffcc81f,
0xfff7ad11,0xff19378b,0xff376ad5,0xff3869d3,0xff396bd0,0xff376ace,0xff2247ab,0xff2348ac,0xff2447ac,0xff2245a4,0xff2b0337,0x00000000,
0x00000000,0x00000000,0x00000000,0x00000000,0x00000000,0x00000000,0x00000000,0x00000000,0x00000000,0x00000000,0x00000000,0x00000000,
0x00000000,0x00000000,0x00000000,0xff96079b,0xff2d0334,0xff290431,0xff3a73db,0xff386fd8,0xff3b6fd6,0xff447dde,0xff447edf,0xff437cde,
0xff3368cf,0xff2348a5,0xfff39d14,0xffef980e,0xffae6824,0xff2242a1,0xff3769d2,0xff3667d0,0xff3a6bd2,0xff2a55be,0xff2346a9,0xff2346a7,
0xff2347ab,0xff280436,0xff27022f,0x00000000,0x00000000,0x00000000,0x00000000,0x00000000,0x00000000,0x00000000,0x00000000,0x00000000,
0x00000000,0x00000000,0x00000000,0x00000000,0x00000000,0x00000000,0x00000000,0x00000000,0x00000000,0xff2a0332,0xff31043b,0xff210229,
0xff3164cb,0xff3161c8,0xff305ec5,0xff2f5cc3,0xff2f5dc5,0xff325ec6,0xff1e3b97,0xff1d3a92,0xff1e3790,0xff294eb4,0xff274db4,0xff274db3,
0xff274cb2,0xff274aad,0xff2248ac,0xff2a0338,0xff2a0331,0xff2a0437,0x00000000,0x00000000,0x00000000,0x00000000,0x00000000,0x00000000,
0x00000000,0x00000000,0x00000000,0x00000000,0x00000000,0x00000000,0x00000000,0x00000000,0x00000000,0x00000000,0x00000000,0x00000000,
0x00000000,0x00000000,0xff2c0536,0xff2e0438,0xff2f2b75,0xff2c2b74,0xff2c2873,0xff2b2975,0xff2d2977,0xff2a2972,0xff22216d,0xff262678,
0xff262572,0xff2c2973,0xff2b2873,0xff2a2876,0xff292470,0xff2a2371,0xff2a2168,0xff24022d,0xff26032e,0x00000000,0x00000000,0x00000000,
0x00000000,0x00000000,0x00000000,0x00000000,0x00000000,0x00000000,0x00000000,0x00000000,0x00000000,0x00000000,0x00000000,0x00000000,
0x00000000,0x00000000,0x00000000,0x00000000,0x00000000,0x00000000,0x00000000,0x00000000,0xff2b0134,0xff2a0132,0xff2c0235,0xff2c0235,
0xff2b0135,0xff2a0134,0xff2d0236,0xff2a0234,0xff2c0235,0xff2d0237,0xff2e0238,0xff2b0235,0xff2d0136,0xff2f0238,0xff2a0233,0x00000000,
0x00000000,0x00000000,0x00000000,0x00000000,0x00000000,0x00000000,0x00000000,0x00000000,0x00000000,0x00000000,0x00000000,0x00000000,
0x00000000,0x00000000,0x00000000,0x00000000,0x00000000,0x00000000,0x00000000,0x00000000,0x00000000,0x00000000,0x00000000,0x00000000,
0x00000000,0x00000000,0x00000000,0x00000000,0x00000000,0x00000000,0x00000000,0x00000000,0x00000000,0x00000000,0x00000000,0x00000000,
0x00000000,0x00000000,0x00000000,0x00000000,0x00000000,0x00000000,0x00000000,0x00000000,0x00000000,0x00000000,0x00000000,0x00000000,
0x00000000,0x00000000,0x00000000,0x00000000,
},
{
0x00000000,0x00000000,0x00000000,0x00000000,0x00000000,0x00000000,0x00000000,0x00000000,0x00000000,0x00000000,0x00000000,0x00000000,
0x00000000,0x00000000,0x00000000,0x00000000,0x00000000,0x00000000,0x00000000,0x00000000,0x00000000,0x00000000,0x00000000,0x00000000,
0x00000000,0x00000000,0x00000000,0x00000000,0x00000000,0x00000000,0x00000000,0x00000000,0x00000000,0x00000000,0x00000000,0x00000000,
0x00000000,0x00000000,0x00000000,0x00000000,0x00000000,0x00000000,0x00000000,0x00000000,0x00000000,0x00000000,0x00000000,0x00000000,
0x00000000,0x00000000,0x00000000,0x00000000,0x00000000,0x00000000,0x00000000,0x00000000,0x00000000,0x00000000,0x00000000,0x00000000,
0x00000000,0x00000000,0x00000000,0x00000000,0x00000000,0x00000000,0x00000000,0x00000000,0x00000000,0x00000000,0x00000000,0x00000000,
0x00000000,0x00000000,0x00000000,0x00000000,0x00000000,0x00000000,0x00000000,0x00000000,0x00000000,0x00000000,0x00000000,0x00000000,
0x00000000,0x00000000,0x00000000,0x00000000,0x00000000,0x00000000,0x00000000,0x00000000,0x00000000,0x00000000,0x00000000,0x00000000,
0x00000000,0x00000000,0x00000000,0x00000000,0x00000000,0x00000000,0x00000000,0x00000000,0x00000000,0x00000000,0x00000000,0x00000000,
0x00000000,0x00000000,0x00000000,0x00000000,0x00000000,0x00000000,0x00000000,0x00000000,0x00000000,0x00000000,0x00000000,0x00000000,
0x00000000,0x00000000,0x00000000,0x00000000,0x00000000,0x00000000,0x00000000,0x00000000,0x00000000,0x00000000,0x00000000,0x00000000,
0x00000000,0x00000000,0x00000000,0x00000000,0x00000000,0x00000000,0x00000000,0x00000000,0x00000000,0x00000000,0x00000000,0x00000000,
0x00000000,0x00000000,0x00000000,0x00000000,0x00000000,0x00000000,0x00000000,0x00000000,0x00000000,0x00000000,0x00000000,0x00000000,
0x00000000,0x00000000,0x00000000,0x00000000,0x00000000,0x00000000,0x00000000,0x00000000,0x00000000,0x00000000,0x00000000,0x00000000,
0x00000000,0x00000000,0x00000000,0x00000000,0x00000000,0x00000000,0x00000000,0x00000000,0x00000000,0x00000000,0x00000000,0x00000000,
0x00000000,0x00000000,0x00000000,0x00000000,0x00000000,0x00000000,0x00000000,0x00000000,0x00000000,0x00000000,0x00000000,0x00000000,
0x00000000,0x00000000,0x00000000,0x00000000,0x00000000,0x00000000,0x00000000,0x00000000,0x00000000,0x00000000,0x00000000,0x00000000,
0x00000000,0x00000000,0x00000000,0x00000000,0x00000000,0x00000000,0x00000000,0x00000000,0x00000000,0x00000000,0x00000000,0x00000000,
0x00000000,0x00000000,0x00000000,0x00000000,0x00000000,0x00000000,0x00000000,0x00000000,0x00000000,0x00000000,0x00000000,0x00000000,
0x00000000,0x00000000,0x00000000,0x00000000,0x00000000,0x00000000,0x00000000,0x00000000,0x00000000,0x00000000,0x00000000,0x00000000,
0x00000000,0x00000000,0x00000000,0x00000000,0x00000000,0x00000000,0x00000000,0x00000000,0x00000000,0x00000000,0x00000000,0x00000000,
0x00000000,0x00000000,0xff35033b,0xff350338,0xff37053a,0xff340438,0xff330437,0xff360439,0xff36043a,0xff35043a,0xff330339,0xff340339,
0xff36043b,0xff350439,0x00000000,0x00000000,0x00000000,0x00000000,0x00000000,0x00000000,0x00000000,0x00000000,0x00000000,0x00000000,
0x00000000,0x00000000,0x00000000,0x00000000,0x00000000,0x00000000,0x00000000,0x00000000,0x00000000,0x00000000,0x00000000,0x00000000,
0x00000000,0x00000000,0xff3b043d,0xff38043b,0xff360336,0xff2e062d,0xfff5b652,0xfffbe57b,0xfffce57b,0xfffce67e,0xfffbe579,0xfffbdf6c,
0xffc2ed85,0xff93f0bb,0xff90f0bc,0xff93f2bf,0xff8af4bb,0xff62ddaa,0xff2e0d3a,0xff300337,0xff34043a,0xff33033c,0x00000000,0x00000000,
0x00000000,0x00000000,0x00000000,0x00000000,0x00000000,0x00000000,0x00000000,0x00000000,0x00000000,0x00000000,0x00000000,0x00000000,
0x00000000,0x00000000,0x00000000,0x00000000,0xff300330,0xff36033b,0xfff8a261,0xfffabe67,0xfffbbf6a,0xfffbbf64,0xfffdbf66,0xfffcbd63,
0xfffde57c,0xfffde579,0xfffde477,0xfffee271,0xff9bf1a8,0xff8ef0ba,0xff8df0bb,0xff91f2be,0xff57dca7,0xff73e6af,0xff82f0b6,0xff92efbf,
0xff95f2bd,0xff49ddab,0xff330637,0xff310638,0x00000000,0x00000000,0x00000000,0x00000000,0x00000000,0x00000000,0x00000000,0x00000000,
0x00000000,0x00000000,0x00000000,0x00000000,0x00000000,0x00000000,0x00000000,0x00000000,0xff2c022c,0xff5b252e,0xfffba75f,0xfffab967,
0xfffdba66,0xfffcbf68,0xfffcbf67,0xfffbbd66,0xfffee479,0xfffce579,0xfffde579,0xfffde374,0xff98eea8,0xff90eeba,0xff8fefbb,0xff7decb2,
0xff61e0a9,0xff8eefb7,0xff8eefb8,0xff84edb6,0xff7dedb0,0xff5ddfad,0xff428572,0xff2e0b36,0x00000000,0x00000000,0x00000000,0x00000000,
0x00000000,0x00000000,0x00000000,0x00000000,0x00000000,0x00000000,0x00000000,0x00000000,0x00000000,0x00000000,0xff320431,0xff2e0327,
0xfffa8f60,0xfffba562,0xfffca460,0xfffba460,0xfffca35c,0xfffbbd69,0xfffcbe68,0xfffcbe68,0xfffdbd66,0xfffce377,0xfffde477,0xfffce374,
0xff9aefab,0xff92eeb8,0xff89edb5,0xff50d89c,0xff8beeb6,0xff8cedb6,0xff90eeba,0xff4ed8ab,0xff62dcaf,0xff65ddb0,0xff62dcb3,0xff53cab4,
0xff220124,0xff2c032e,0x00000000,0x00000000,0x00000000,0x00000000,0x00000000,0x00000000,0x00000000,0x00000000,0x00000000,0x00000000,
0xff260225,0xff2d032f,0xfff8877a,0xfff85869,0xfff95a6d,0xfff8596a,0xfff85d6c,0xfff1495a,0xfff34b60,0xfff66d50,0xfffa9152,0xfffdbf68,
0xfffdbb66,0xffedb43f,0xfffee276,0xfffde372,0xff97eeaa,0xff93f1b2,0xff53daa0,0xff8deeb8,0xff8defb8,0xff54d8a1,0xff3bc49a,0xff4188f3,
0xff458aed,0xff4686f0,0xff4888f1,0xff488df1,0xff488ff0,0xff56c5bf,0xff2f0334,0xff240529,0x00000000,0x00000000,0x00000000,0x00000000,
0x00000000,0x00000000,0x00000000,0xff320236,0xff25022b,0xfff96071,0xfffb5b6e,0xfffc7281,0xfffeb0b2,0xfffdf1ec,0xfffb7f90,0xfffb8391,
0xfffc8493,0xfffc7f91,0xfff75b71,0xffe23f4f,0xfffcb55d,0xfff3b54f,0xffe5ab36,0xffd2c652,0xff4dcb87,0xff49c98a,0xff4bcc93,0xff64dfa5,
0xff35b69d,0xff5196f4,0xff84b9fa,0xff88bdfa,0xff86bcfb,0xff88bdfa,0xff87bdfa,0xff88befc,0xff4a89f2,0xff4688ef,0xff488cf3,0xff24032a,
0xff2e0336,0x00000000,0x00000000,0x00000000,0x00000000,0x00000000,0xff370540,0xff360238,0xfffa8a95,0xfffc8993,0xfffebab5,0xfffef5ef,
0xfffeebe6,0xfffa8492,0xfffb8491,0xfffb8592,0xfffc8493,0xfffb8492,0xfffa808f,0xfffb8192,0xffdf3d4c,0xffe1a736,0xfffefbe6,0xfffcf2d0,
0xfffcf2ce,0xfffff5dc,0xff46c37b,0xff2faba0,0xff89c0fb,0xff84bbfd,0xff88befb,0xff86bcfa,0xff88bdfb,0xff8abefb,0xff88bdfa,0xff89bdfa,
0xff8abffb,0xff88befc,0xff4c90f4,0xff5498f2,0xff2b0431,0xff310540,0x00000000,0x00000000,0x00000000,0x00000000,0xff36033a,0xfffb8191,
0xfffc858f,0xfffdaaa8,0xfffffaf7,0xfffc838f,0xfffc8692,0xfffb8490,0xfffb8490,0xfffb8591,0xfff98490,0xfff44a63,0xffee4a60,0xffe7405a,
0xffbe2c44,0xfffcf4db,0xfffdf9e6,0xfffdf5d6,0xfffdf4d7,0xfffef0c9,0xfffaedcd,0xff3877b1,0xff487dee,0xff4c88f4,0xff4984f2,0xff88befc,
0xff87bdfb,0xff89bdfb,0xff87bcfb,0xff89befb,0xff8bbffa,0xff8bbffb,0xff8cc0fb,0xff4f92f5,0xff468af3,0xff30033b,0x00000000,0x00000000,
0x00000000,0x00000000,0xff35043a,0xfffa7a88,0xfffef3f2,0xffffffff,0xfffc828c,0xfffc828f,0xfffc828e,0xfffc828d,0xfff65766,0xfff65b5a,
0xfff8595b,0xfffdab58,0xfffdd567,0xfffedb72,0xfff1b73f,0xfffadfaf,0xfffdebc3,0xfffdebc0,0xfffce7be,0xfffce1b7,0xfff4d8ab,0x00000000,
0xffd89bef,0xffd096eb,0xffd198ea,0x00000000,0x00000000,0x00000000,0xff8470ec,0xff89befb,0xff89bdfa,0xff8abef9,0xff8abffb,0xff7fb6f9,
0xff4b8ff5,0xff240322,0x00000000,0x00000000,0x00000000,0xff300239,0xfff9818d,0xfffb8490,0xfffddfd9,0xfffdf9f3,0xfffc8991,0xfffd8691,
0xfff95f78,0xfff24e63,0xfff74e5a,0xfffa6e54,0xfff96052,0xfffedc6b,0xfffde071,0xfffcd365,0xffebbb45,0xffe5ba43,0xfffae1b5,0xfffae5bc,
0xfff9e0b5,0xfff9dbae,0x00000000,0x00000000,0xffd592e9,0xffe9acf0,0xfffcd6f7,0xffd38fe4,0xffdd9ae8,0x00000000,0xff9961ea,0xff628ff5,
0xff8dbcfa,0xff8abefb,0xff8abefb,0xff6dabf9,0xff4b8df3,0xff4c8ff2,0xff31033a,0x00000000,0x00000000,0xff33033a,0xfff98390,0xfffc838f,
0xfffc8791,0xfffc838f,0xfffc808d,0xfff85467,0xfff55161,0xfffdb45b,0xffffe176,0xfffeed9e,0xfffeee9c,0xfffee171,0xfffee06f,0xfffedc6c,
0xfffddc6d,0xff90c255,0xff4bcdb3,0xff44c7af,0xff37aac1,0xff3caac6,0xff9256db,0xffdd98ec,0xffdea0eb,0xffdf9fec,0xffdea0eb,0xffdea2eb,
0xffdfa3eb,0xffecb5ef,0xffd693e6,0x00000000,0xff9860e3,0xff84bbfb,0xff89bcfb,0xff74b3fa,0xff4d8ef1,0xff4a8df2,0xff300437,0x00000000,
0x00000000,0xff320238,0xfff98893,0xfffc8690,0xfffb8590,0xfffa808c,0xfff95868,0xfff85a67,0xfffeda67,0xfffdedad,0xfffee274,0xfffee16e,
0xfffde270,0xfffde271,0xfffee171,0xfffee06f,0xffbbd161,0xff7ceabd,0xff80e9cd,0xff7fe9d2,0xff83dfe9,0xff87e2f2,0xff46b2ee,0x00000000,
0xffdea1eb,0xffdd9eeb,0xffdda1eb,0xffdea1eb,0xffdea1ec,0xffdea1ea,0xffe0a5eb,0xfff8d2f2,0x00000000,0x00000000,0xff5a95f7,0xff61a2f7,
0xff4e8ef1,0xff4f91f2,0xff2e0337,0x00000000,0x00000000,0xff33033a,0xfff8576c,0xfffd8691,0xfffc8490,0xfffa556a,0xfff85368,0xfffdd060,
0xfffef1bc,0xfffee36d,0xfffce26d,0xfffde271,0xfffee272,0xfffce171,0xfffee174,0xfffccc51,0xff5fe5a4,0xff88edb9,0xff86edc4,0xff80e9d1,
0xff82e0e9,0xff81e1eb,0xff81e2e8,0xff3b9af5,0xffd693e9,0xffdda0eb,0xffdc9eea,0xffdca0ea,0xffdea1eb,0xffdda1ea,0xffdc9eea,0xffdfa5ec,
0xfffbd1f4,0xff833ccf,0xff8b44cd,0xff5494f3,0xff5293f2,0xff3e7fec,0xff2c0234,0x00000000,0x00000000,0xff300237,0xfff8596d,0xfffb7380,
0xfffb7c8d,0xfff54c60,0xfff66c58,0xfffddc6b,0xfffeefa5,0xfffee370,0xfffee372,0xfffde372,0xfffde373,0xfffde374,0xfffee273,0xffe5d257,
0xff7ae9b1,0xff8eeec1,0xff81ebc6,0xff7ee7d0,0xff84e2e9,0xff84e1ea,0xff7fe1e7,0xff51acf5,0xff9279ec,0xffdb9deb,0xffdc9fea,0xffdea3ec,
0xffdda1eb,0xffdca0eb,0xffdca1ea,0xffdda2eb,0xffe3aeec,0xffc57ce7,0xff8746ce,0xff7875e2,0xff4f8cf2,0xff3b7aea,0xff2c0234,0x00000000,
0x00000000,0xff310238,0xfff6596b,0xfff85e6e,0xfffa6c7f,0xfff5525f,0xfffdbd57,0xfffee477,0xfffee476,0xfffde372,0xfffde474,0xfffee374,
0xfffee274,0xfffde274,0xfffde273,0xffaeda6e,0xff8ef0bc,0xff82eac9,0xff7ee9c9,0xff80e7d2,0xff82dfe8,0xff86e1ea,0xff84e2ea,0xff66c5f2,
0xff4386f7,0xffdb9fea,0xffdda1eb,0xffdba1eb,0xffdda2ec,0xffdda2ec,0xffdda3eb,0xffdda5ea,0xffdea2ea,0xffc27ee4,0xff884acb,0xff7d61da,
0xff3f7aea,0xff3f7eeb,0xff2d0336,0x00000000,0x00000000,0xff320337,0xfff86172,0xfff76070,0xffe93d52,0xfffdc163,0xfffdc75d,0xfffde376,
0xfffde373,0xfffde373,0xfffde374,0xfffde373,0xfffde373,0xfffde271,0xfffee477,0xff78e496,0xff89edc1,0xff7ee9ca,0xff7ce8ce,0xff80e4dc,
0xff84e1e9,0xff85e1ea,0xff84e0e9,0xff83deea,0xff4489f6,0xffd99ae9,0xffdd9fec,0xffdea3eb,0xffdca2eb,0xffdca2eb,0xffdda5eb,0xffdda5ea,
0xffc37fe1,0xffc381e0,0xffc07fe1,0xff7e3ec6,0xff437fed,0xff407eeb,0xff32033b,0x00000000,0x00000000,0xff340339,0xff3a0739,0xfff96573,
0xffe23948,0xfffec968,0xfffec95e,0xfffde173,0xfffde372,0xfffde374,0xfffde373,0xfffde373,0xfffde472,0xfffde36d,0xffcfd956,0xff7becbe,
0xff81ebc3,0xff80e8cc,0xff7de6d4,0xff7fe5dd,0xff86e1e8,0xff87e1ea,0xff85e1ea,0xff87e2ec,0xff3db7d1,0x00000000,0xffdea2ec,0xffdea3eb,
0xffdca2ea,0xffdda5eb,0xffdda5eb,0xffc687e4,0xffc180e2,0xffc280e2,0xffc587e4,0xff7d3fc3,0xff4985ef,0xff320943,0xff300237,0x00000000,
0x00000000,0x00000000,0xff32023a,0xfff75b6b,0xffe23c46,0xfffdc76a,0xfffdca5d,0xfffdc95c,0xfffecf5f,0xfffde272,0xfffde273,0xfffde372,
0xfffee472,0xfffce474,0xffbbdd64,0xff7fecc1,0xff7fe8cd,0xff7ee7d1,0xff80e7d6,0xff82e5df,0xff88e2e9,0xff87e3ea,0xff87e2ea,0xff85e1eb,
0xff5bb1f9,0xffa666dd,0xffdfa4ed,0xffdea4ec,0xffdea3ea,0xffdfa2eb,0xffbf7ee2,0xffbf7fe1,0xffc280e3,0xffc382e2,0xffc78ae5,0xff7f3bc3,
0xff3976ee,0xff2e0338,0x00000000,0x00000000,0x00000000,0x00000000,0xff2d0234,0xfff65d6c,0xffe23943,0xfffece72,0xfffdcc61,0xfffcca5e,
0xfffcc95d,0xfffdc95d,0xfffde16f,0xfffde372,0xfffde372,0xfffce370,0xffbedf63,0xff7eecc2,0xff7ee7d0,0xff82e8d2,0xff81e7d7,0xff84e5df,
0xff88e3ea,0xff87e2e9,0xff86e2e9,0xff84e2ea,0xff5eb2fa,0x00000000,0xffdfa6ed,0xffdea5ed,0xffe0a6ee,0xffc17ee3,0xffc07ee2,0xffc081e2,
0xffc482e3,0xffc382e3,0xffc283e3,0xff833dc3,0xff447cee,0xff2c0335,0x00000000,0x00000000,0x00000000,0x00000000,0xff7c0380,0xff310239,
0xff460a24,0xffe64a4d,0xfffcc85e,0xfffdcb62,0xfffcca61,0xfffcca5f,0xfffdca5e,0xfffbc756,0xfffcc955,0xfff9c95c,0xff6fc25f,0xff79e9c2,
0xff80e9cf,0xff80e8d1,0xff82e8d5,0xff86e5e1,0xff89e4e9,0xff88e2e7,0xff86e3ea,0xff81dfe8,0xff5baef8,0xff824dd0,0xffbe79e2,0xffc07fe3,
0xffc17ee1,0xffc17fe1,0xffc282e2,0xffc281e2,0xffc37fe3,0xffc17fe2,0xff7f40c5,0xff220125,0xff33053a,0x00000000,0x00000000,0x00000000,
0x00000000,0x00000000,0x00000000,0xff34023b,0xff430b2a,0xffe84a4e,0xfff6b343,0xfffdcb61,0xfffccb61,0xfffccb61,0xfffccb5e,0xfffcc95c,
0xfffcca5a,0xfff9c959,0xff70c25b,0xff51d7b9,0xff70e4cb,0xff83e9d2,0xff7fe7d5,0xff88e7e3,0xff87e4e7,0xff86e3e7,0xff88e3e9,0xff4ecec8,
0xff469cf4,0xff7e46cd,0xffc07ee2,0xffc17ee2,0xffc27fe2,0xffc27fe1,0xffc382e2,0xffc180e2,0x00000000,0x00000000,0xff7c3ebf,0xff250326,
0xff32023a,0x00000000,0x00000000,0x00000000,0x00000000,0x00000000,0x00000000,0x00000000,0xff38043e,0xff2b022c,0xfff4b338,0xfff4b242,
0xfff5b244,0xfffdcb5f,0xfffdcb5f,0xfffccb5d,0xfffbca5a,0xfff9cc5d,0xff74c35d,0xff51d6bc,0xff51d6bc,0xff52d6bd,0xff53d7c1,0xff52d4c3,
0xff53d5c2,0xff51d3c4,0xff4fd3c4,0xff4dd1c4,0xff459bf3,0xff824ace,0xffbf7ae1,0xffc17de2,0xffc27ee2,0xffc17ce0,0xffc17fe0,0x00000000,
0x00000000,0x00000000,0xff2c0232,0xff2f053b,0x00000000,0x00000000,0x00000000,0x00000000,0x00000000,0x00000000,0x00000000,0x00000000,
0xff630672,0xff650271,0xff2c032f,0xff2c0626,0xfff3b13f,0xfff4b241,0xfff5b13f,0xfffac958,0xfffccc5c,0xfffacd5e,0xff7abf55,0xff53d6bb,
0xff54d7bd,0xff55d7be,0xff54d6c1,0xff54d6c1,0xff52d5c1,0xff52d3c2,0xff50d3c0,0xff4ed1c3,0xff479df1,0xff8249cc,0xffc079e2,0xffc17ce2,
0xffc17ae2,0x00000000,0x00000000,0x00000000,0xff2f0335,0xff2d0332,0xff5c0165,0xff680975,0x00000000,0x00000000,0x00000000,0x00000000,
0x00000000,0x00000000,0x00000000,0x00000000,0x00000000,0x00000000,0x00000000,0x00000000,0xff28032d,0xff260328,0xfff3ae3a,0xfff2af40,
0xfff2b041,0xfff1b13f,0xff6cb550,0xff34b7a2,0xff53d4bc,0xff56d5bf,0xff56d7bf,0xff55d5c1,0xff52d4c0,0xff53d3bf,0xff57d9c1,0xff36b6ae,
0xff3383d5,0xff7844c2,0x00000000,0x00000000,0x00000000,0x00000000,0xff26032d,0xff24032a,0x00000000,0x00000000,0x00000000,0x00000000,
0x00000000,0x00000000,0x00000000,0x00000000,0x00000000,0x00000000,0x00000000,0x00000000,0x00000000,0x00000000,0x00000000,0x00000000,
0xff260829,0xff34083c,0xff1e0128,0xff1d0227,0xff1f0429,0xff160224,0xff1a0222,0xff36baa5,0xff3ab9a9,0xff3abdab,0xff38baab,0xff39bbac,
0xff38bbab,0xff37bcac,0xff37b8aa,0xff37b4ab,0xff398ad6,0xff25022f,0xff1d0124,0xff22012b,0xff2a0336,0xff1d0026,0xff290830,0xff27072e,
0x00000000,0x00000000,0x00000000,0x00000000,0x00000000,0x00000000,0x00000000,0x00000000,0x00000000,0x00000000,0x00000000,0x00000000,
0x00000000,0x00000000,0x00000000,0x00000000,0x00000000,0x00000000,0xff2f0234,0xff310338,0xff2d0233,0xff28022d,0xff2c0234,0xff37caad,
0xff35c4a9,0xff32c5aa,0xff33c6ac,0xff34c7ae,0xff35c8b0,0xff30c5ac,0xff32c8ad,0xff35cbb0,0xff3092d7,0xff27032c,0xff2e0337,0xff27022e,
0xff2d0434,0xff30033a,0x00000000,0x00000000,0x00000000,0x00000000,0x00000000,0x00000000,0x00000000,0x00000000,0x00000000,0x00000000,
0x00000000,0x00000000,0x00000000,0x00000000,0x00000000,0x00000000,0x00000000,0x00000000,0x00000000,0x00000000,0x00000000,0x00000000,
0x00000000,0x00000000,0x00000000,0xff300238,0xff2e0236,0xff2f0337,0xff2f0236,0xff2c0133,0xff2d0233,0xff2e0235,0xff2f0337,0xff2c0234,
0xff320239,0x00000000,0x00000000,0x00000000,0x00000000,0x00000000,0x00000000,0x00000000,0x00000000,0x00000000,0x00000000,0x00000000,
0x00000000,0x00000000,0x00000000,0x00000000,0x00000000,0x00000000,0x00000000,0x00000000,0x00000000,0x00000000,0x00000000,0x00000000,
0x00000000,0x00000000,0x00000000,0x00000000,0x00000000,0x00000000,0x00000000,0x00000000,0x00000000,0x00000000,0x00000000,0x00000000,
0x00000000,0x00000000,0x00000000,0x00000000,0x00000000,0x00000000,0x00000000,0x00000000,0x00000000,0x00000000,0x00000000,0x00000000,
0x00000000,0x00000000,0x00000000,0x00000000,0x00000000,0x00000000,0x00000000,0x00000000,0x00000000,0x00000000,0x00000000,0x00000000,
0x00000000,0x00000000,0x00000000,0x00000000,0x00000000,0x00000000,0x00000000,0x00000000,0x00000000,0x00000000,0x00000000,0x00000000,
0x00000000,0x00000000,0x00000000,0x00000000,0x00000000,0x00000000,0x00000000,0x00000000,0x00000000,0x00000000,0x00000000,0x00000000,
0x00000000,0x00000000,0x00000000,0x00000000,0x00000000,0x00000000,0x00000000,0x00000000,0x00000000,0x00000000,0x00000000,0x00000000,
0x00000000,0x00000000,0x00000000,0x00000000,0x00000000,0x00000000,0x00000000,0x00000000,0x00000000,0x00000000,0x00000000,0x00000000,
0x00000000,0x00000000,0x00000000,0x00000000,0x00000000,0x00000000,0x00000000,0x00000000,0x00000000,0x00000000,0x00000000,0x00000000,
0x00000000,0x00000000,0x00000000,0x00000000,0x00000000,0x00000000,0x00000000,0x00000000,0x00000000,0x00000000,0x00000000,0x00000000,
0x00000000,0x00000000,0x00000000,0x00000000,0x00000000,0x00000000,0x00000000,0x00000000,0x00000000,0x00000000,0x00000000,0x00000000,
0x00000000,0x00000000,0x00000000,0x00000000,0x00000000,0x00000000,0x00000000,0x00000000,0x00000000,0x00000000,0x00000000,0x00000000,
0x00000000,0x00000000,0x00000000,0x00000000,0x00000000,0x00000000,0x00000000,0x00000000,0x00000000,0x00000000,0x00000000,0x00000000,
0x00000000,0x00000000,0x00000000,0x00000000,0x00000000,0x00000000,0x00000000,0x00000000,0x00000000,0x00000000,0x00000000,0x00000000,
0x00000000,0x00000000,0x00000000,0x00000000,0x00000000,0x00000000,0x00000000,0x00000000,0x00000000,0x00000000,0x00000000,0x00000000,
0x00000000,0x00000000,0x00000000,0x00000000,0x00000000,0x00000000,0x00000000,0x00000000,0x00000000,0x00000000,0x00000000,0x00000000,
0x00000000,0x00000000,0x00000000,0x00000000,0x00000000,0x00000000,0x00000000,0x00000000,0x00000000,0x00000000,0x00000000,0x00000000,
0x00000000,0x00000000,0x00000000,0x00000000,0x00000000,0x00000000,0x00000000,0x00000000,0x00000000,0x00000000,0x00000000,0x00000000,
0x00000000,0x00000000,0x00000000,0x00000000,0x00000000,0x00000000,0x00000000,0x00000000,0x00000000,0x00000000,0x00000000,0x00000000,
0x00000000,0x00000000,0x00000000,0x00000000,0x00000000,0x00000000,0x00000000,0x00000000,0x00000000,0x00000000,0x00000000,0x00000000,
0x00000000,0x00000000,0x00000000,0x00000000,
},
{
0x00000000,0x00000000,0x00000000,0x00000000,0x00000000,0x00000000,0x00000000,0x00000000,0x00000000,0x00000000,0x00000000,0x00000000,
0x00000000,0x00000000,0x00000000,0x00000000,0x00000000,0x00000000,0x00000000,0x00000000,0x00000000,0x00000000,0x00000000,0x00000000,
0x00000000,0x00000000,0x00000000,0x00000000,0x00000000,0x00000000,0x00000000,0x00000000,0x00000000,0x00000000,0x00000000,0x00000000,
0x00000000,0x00000000,0x00000000,0x00000000,0x00000000,0x00000000,0x00000000,0x00000000,0x00000000,0x00000000,0x00000000,0x00000000,
0x00000000,0x00000000,0x00000000,0x00000000,0x00000000,0x00000000,0x00000000,0x00000000,0x00000000,0x00000000,0xff360526,0xff2f0521,
0xff340526,0x00000000,0x00000000,0x00000000,0x00000000,0x00000000,0x00000000,0x00000000,0x00000000,0x00000000,0x00000000,0x00000000,
0x00000000,0x00000000,0x00000000,0x00000000,0x00000000,0x00000000,0x00000000,0x00000000,0x00000000,0x00000000,0x00000000,0x00000000,
0x00000000,0x00000000,0x00000000,0x00000000,0x00000000,0x00000000,0x00000000,0x00000000,0x00000000,0x00000000,0x00000000,0x00000000,
0x00000000,0xff37052a,0xfffdf671,0xfffce128,0xfffbdb29,0xff280518,0x00000000,0x00000000,0x00000000,0x00000000,0x00000000,0x00000000,
0x00000000,0x00000000,0x00000000,0x00000000,0x00000000,0x00000000,0x00000000,0x00000000,0x00000000,0x00000000,0x00000000,0x00000000,
0x00000000,0x00000000,0x00000000,0x00000000,0x00000000,0x00000000,0x00000000,0x00000000,0x00000000,0x00000000,0x00000000,0x00000000,
0x00000000,0x00000000,0x00000000,0x00000000,0x00000000,0xff38072d,0xfff7e169,0xfffccd2b,0xfffdca30,0xff31061c,0x00000000,0x00000000,
0x00000000,0x00000000,0x00000000,0x00000000,0x00000000,0x00000000,0x00000000,0x00000000,0x00000000,0x00000000,0x00000000,0x00000000,
0x00000000,0x00000000,0x00000000,0x00000000,0x00000000,0x00000000,0x00000000,0x00000000,0x00000000,0x00000000,0x00000000,0x00000000,
0x00000000,0x00000000,0x00000000,0x00000000,0x00000000,0x00000000,0x00000000,0x00000000,0xff2d071f,0xfffdde40,0xfffefbe7,0xfffddc49,
0xfffcd940,0xfff6a312,0xff350819,0x00000000,0x00000000,0x00000000,0x00000000,0x00000000,0x00000000,0x00000000,0x00000000,0x00000000,
0x00000000,0x00000000,0x00000000,0x00000000,0x00000000,0x00000000,0x00000000,0x00000000,0x00000000,0x00000000,0x00000000,0x00000000,
0x00000000,0x00000000,0x00000000,0x00000000,0x00000000,0x00000000,0x00000000,0x00000000,0x00000000,0x00000000,0x00000000,0xff300326,
0xfff7e862,0xfffee663,0xfffefeff,0xfffddc51,0xfffdda46,0xfffaae11,0xffffc10f,0xff2e0a16,0x00000000,0x00000000,0x00000000,0x00000000,
0x00000000,0x00000000,0x00000000,0x00000000,0x00000000,0x00000000,0x00000000,0x00000000,0x00000000,0x00000000,0x00000000,0x00000000,
0x00000000,0x00000000,0x00000000,0x00000000,0x00000000,0x00000000,0x00000000,0x00000000,0x00000000,0x00000000,0x00000000,0x00000000,
0x00000000,0x00000000,0xff730368,0xff320526,0xffffec69,0xfffef18d,0xfffcfcfb,0xfffdde4c,0xfffdde4c,0xfffbb216,0xfffab810,0xff2d0712,
0xff6a0356,0x00000000,0x00000000,0x00000000,0x00000000,0x00000000,0x00000000,0x00000000,0x00000000,0x00000000,0x00000000,0x00000000,
0x00000000,0x00000000,0x00000000,0x00000000,0x00000000,0x00000000,0x00000000,0x00000000,0x00000000,0x00000000,0x00000000,0x00000000,
0x00000000,0x00000000,0x00000000,0x00000000,0x00000000,0x00000000,0xff370820,0xfffce255,0xfffde654,0xfffef2b4,0xfffefefe,0xfffde153,
0xfffee254,0xfffbb111,0xfffbb216,0xfff7b222,0xff350816,0x00000000,0x00000000,0x00000000,0x00000000,0x00000000,0x00000000,0x00000000,
0x00000000,0x00000000,0x00000000,0x00000000,0x00000000,0x00000000,0x00000000,0x00000000,0x00000000,0x00000000,0x00000000,0x00000000,
0x00000000,0x00000000,0x00000000,0x00000000,0xff3c0e18,0xff3a0f15,0xff360f14,0xff370e13,0xff370f13,0xff380e11,0xff37110f,0xfffce657,
0xfffefacf,0xfffdfdfc,0xfffffdf8,0xfffee051,0xfffee151,0xfffcb51e,0xfffcb61a,0xfff8b318,0xff330f0c,0xff390e14,0xff380f14,0xff3b0f15,
0xff370e13,0xff390e12,0xff340b14,0x00000000,0x00000000,0x00000000,0x00000000,0x00000000,0x00000000,0x00000000,0x00000000,0x00000000,
0x00000000,0x00000000,0x00000000,0x00000000,0x00000000,0x00000000,0xff45101a,0xff3f0e16,0xff3b1312,0xfffee44f,0xfffee252,0xfffde04c,
0xfffee24d,0xfffee04d,0xfffede4c,0xfffeed80,0xfffcfdfe,0xfffefefb,0xfffee254,0xfffde051,0xfffde151,0xfffbb81b,0xfffbb519,0xfffcb81a,
0xfffce04e,0xfffde150,0xfffde14e,0xfffee14d,0xfffee14c,0xfffed83f,0xff34060f,0xff420d14,0xff360d12,0x00000000,0x00000000,0x00000000,
0x00000000,0x00000000,0x00000000,0x00000000,0x00000000,0x00000000,0x00000000,0x00000000,0x00000000,0x00000000,0xff320c18,0xfff6dc48,
0xfffcdc3f,0xfffdeb83,0xfffdfcf7,0xfffefdf8,0xfffefefd,0xfff6fef9,0xfffefefd,0xffffe76f,0xfffefefc,0xfffffefd,0xfffde255,0xfffce051,
0xfffce052,0xfffee255,0xfffbe155,0xfffde154,0xfffce158,0xfffce159,0xfffce258,0xfffce056,0xfffde156,0xfffddf56,0xfffbae1a,0xfffdc21a,
0xff2e0910,0x00000000,0x00000000,0x00000000,0x00000000,0x00000000,0x00000000,0x00000000,0x00000000,0x00000000,0x00000000,0x00000000,
0x00000000,0x00000000,0xff310a17,0xfff9db3a,0xffffdf47,0xfffdda49,0xfffdfdf6,0xfffefefc,0xfffdfcfa,0xfffefefe,0xfffefdfb,0xfffde351,
0xfffefefa,0xfffefdf7,0xfffce153,0xfffde255,0xfffde255,0xfffee255,0xfffce25b,0xfffde359,0xfffde25b,0xfffce25b,0xfffde259,0xfffde057,
0xfffee660,0xfff9ad12,0xfffaac12,0xfffdc013,0xff320b12,0x00000000,0x00000000,0x00000000,0x00000000,0x00000000,0x00000000,0x00000000,
0x00000000,0x00000000,0x00000000,0x00000000,0x00000000,0x00000000,0xff350a1a,0xfff6cd3e,0xfffddb40,0xfffdd939,0xfffde452,0xfffce14f,
0xfffefefd,0xfffdfdfa,0xfffffefc,0xfffdfcfa,0xfffee44f,0xfffee254,0xfffde255,0xfffde255,0xfffde256,0xfffde156,0xfffce056,0xfffde155,
0xfffde155,0xfffde054,0xfffde153,0xfffce151,0xfffaac12,0xfff9aa11,0xfffdac16,0xfff5aa0e,0xff290812,0x00000000,0x00000000,0x00000000,
0x00000000,0x00000000,0x00000000,0x00000000,0x00000000,0x00000000,0x00000000,0x00000000,0x00000000,0x00000000,0x00000000,0xff390c24,
0xff24061a,0xfffcc118,0xfffdc521,0xfffee453,0xfffde250,0xfffee354,0xfffde052,0xfffde053,0xfffee254,0xfffee354,0xfffde255,0xfffde357,
0xfffde356,0xfffde256,0xfffde156,0xfffde155,0xfffde154,0xfffce154,0xfffee759,0xfff9a712,0xfff9aa12,0xfff9aa0e,0xff230611,0xff260a10,
0x00000000,0x00000000,0x00000000,0x00000000,0x00000000,0x00000000,0x00000000,0x00000000,0x00000000,0x00000000,0x00000000,0x00000000,
0x00000000,0x00000000,0x00000000,0x00000000,0xff2f021b,0xff3b0a1b,0xfffcb913,0xfffcb617,0xfffce157,0xfffde254,0xfffde255,0xfffce153,
0xfffde255,0xfffde255,0xfffde256,0xfffde357,0xfffde257,0xfffee156,0xfffde156,0xfffde154,0xfffee155,0xfffaa915,0xfff7a510,0xfff8a711,
0xfff9aa13,0xff350913,0xff250512,0x00000000,0x00000000,0x00000000,0x00000000,0x00000000,0x00000000,0x00000000,0x00000000,0x00000000,
0x00000000,0x00000000,0x00000000,0x00000000,0x00000000,0x00000000,0x00000000,0x00000000,0x00000000,0x00000000,0xff280617,0xfffbb112,
0xfffbb517,0xfffdba1b,0xfffee355,0xfffee253,0xfffde255,0xfffde255,0xfffde156,0xfffde257,0xfffee357,0xfffde155,0xfffee255,0xfffde354,
0xfff9a711,0xfff8a612,0xfff8a712,0xfff8a512,0xff310615,0x00000000,0x00000000,0x00000000,0x00000000,0x00000000,0x00000000,0x00000000,
0x00000000,0x00000000,0x00000000,0x00000000,0x00000000,0x00000000,0x00000000,0x00000000,0x00000000,0x00000000,0x00000000,0x00000000,
0x00000000,0x00000000,0xff2a061b,0xff2f0e11,0xfffadb42,0xfffdde49,0xfffee97b,0xfffce153,0xfffee255,0xfffde255,0xfffee357,0xfffee357,
0xfffde357,0xfffde256,0xfffde253,0xfffde153,0xfffbad15,0xfff8a612,0xffffb211,0xff2d0d0f,0xff290915,0x00000000,0x00000000,0x00000000,
0x00000000,0x00000000,0x00000000,0x00000000,0x00000000,0x00000000,0x00000000,0x00000000,0x00000000,0x00000000,0x00000000,0x00000000,
0x00000000,0x00000000,0x00000000,0x00000000,0x00000000,0x00000000,0x00000000,0xff370c13,0xfff7d949,0xfffcdd46,0xfffdea7f,0xfffce154,
0xfffde153,0xfffde155,0xfffde155,0xfffee256,0xfffde255,0xfffde255,0xfffde153,0xfffde153,0xfffbb81d,0xfff8a610,0xfffdb412,0xff300a0f,
0x00000000,0x00000000,0x00000000,0x00000000,0x00000000,0x00000000,0x00000000,0x00000000,0x00000000,0x00000000,0x00000000,0x00000000,
0x00000000,0x00000000,0x00000000,0x00000000,0x00000000,0x00000000,0x00000000,0x00000000,0x00000000,0x00000000,0x00000000,0xff320a10,
0xfffcde52,0xfffdde4b,0xfffde871,0xfffce050,0xfffce051,0xfffce053,0xfffde152,0xfffde151,0xfffce152,0xfffce152,0xfffde254,0xfffce152,
0xfffcd038,0xfff7a610,0xffffb811,0xff2e090e,0x00000000,0x00000000,0x00000000,0x00000000,0x00000000,0x00000000,0x00000000,0x00000000,
0x00000000,0x00000000,0x00000000,0x00000000,0x00000000,0x00000000,0x00000000,0x00000000,0x00000000,0x00000000,0x00000000,0x00000000,
0x00000000,0x00000000,0xff3b0f17,0xff2d0703,0xfff7db4e,0xfffde14f,0xfffde255,0xfffde153,0xfffde154,0xfffcde4f,0xfff9ab12,0xfff9ac14,
0xfffaab13,0xfffde04e,0xfffde050,0xfffce052,0xfffde257,0xfffbac14,0xfff3b41c,0xff1f0607,0xff2c0a0d,0x00000000,0x00000000,0x00000000,
0x00000000,0x00000000,0x00000000,0x00000000,0x00000000,0x00000000,0x00000000,0x00000000,0x00000000,0x00000000,0x00000000,0x00000000,
0x00000000,0x00000000,0x00000000,0x00000000,0x00000000,0x00000000,0xff2e0b13,0xfffddf49,0xfffde669,0xfffce468,0xfffde054,0xfffce053,
0xfff9aa0b,0xfff9ab13,0xfff8ac14,0xfff8ab13,0xfffaaf15,0xfff9ad13,0xfffcdc4d,0xfffde055,0xfffce152,0xfff8ac14,0xfff9b015,0xfff8ab10,
0xff300912,0x00000000,0x00000000,0x00000000,0x00000000,0x00000000,0x00000000,0x00000000,0x00000000,0x00000000,0x00000000,0x00000000,
0x00000000,0x00000000,0x00000000,0x00000000,0x00000000,0x00000000,0x00000000,0x00000000,0x00000000,0x00000000,0xff340c14,0xfffcdd45,
0xfffde358,0xfffce45d,0xfff9a80b,0xfffaa911,0xfff8a912,0xfffbae14,0xff983d0a,0xff913a0a,0xff963b0b,0xfffcb014,0xfffaad13,0xfffaad12,
0xfff9ac0d,0xfffcd237,0xfff9ad13,0xfffaae13,0xff2b080e,0x00000000,0x00000000,0x00000000,0x00000000,0x00000000,0x00000000,0x00000000,
0x00000000,0x00000000,0x00000000,0x00000000,0x00000000,0x00000000,0x00000000,0x00000000,0x00000000,0x00000000,0x00000000,0x00000000,
0x00000000,0x00000000,0xff2c0814,0xfffdde47,0xfffdc52e,0xfff7c021,0xfff9ac13,0xfff9ac13,0xfffcae15,0xff38170b,0xffa84e09,0xffa64d0a,
0xffb9550a,0xff411609,0xfff9af14,0xfff9ae12,0xfffbad14,0xfff9b81b,0xfffbb415,0xfff9ac12,0xff2d0810,0x00000000,0x00000000,0x00000000,
0x00000000,0x00000000,0x00000000,0x00000000,0x00000000,0x00000000,0x00000000,0x00000000,0x00000000,0x00000000,0x00000000,0x00000000,
0x00000000,0x00000000,0x00000000,0x00000000,0x00000000,0x00000000,0xff2c061e,0xfffac925,0xfff9ab12,0xfff9ac12,0xfffbaf14,0xffffbf15,
0xfff9b316,0xff310f0c,0xffcb6408,0xffcf6909,0xffc4630a,0xff37120c,0xffedb217,0xffffc315,0xfff9ac12,0xfffaac14,0xfff8a912,0xfff7a810,
0xff30061a,0x00000000,0x00000000,0x00000000,0x00000000,0x00000000,0x00000000,0x00000000,0x00000000,0x00000000,0x00000000,0x00000000,
0x00000000,0x00000000,0x00000000,0x00000000,0x00000000,0x00000000,0x00000000,0x00000000,0x00000000,0x00000000,0xff270721,0xff250619,
0xff29061f,0xff1e0418,0xff230420,0xff3b0b13,0xff330d11,0xff43120e,0xfffab213,0xffee8e08,0xfff3950b,0xff44160d,0xff2d0b0f,0xff25080e,
0xff270426,0xff2c0727,0xff1e051d,0xff1d0516,0xff20051c,0x00000000,0x00000000,0x00000000,0x00000000,0x00000000,0x00000000,0x00000000,
0x00000000,0x00000000,0x00000000,0x00000000,0x00000000,0x00000000,0x00000000,0x00000000,0x00000000,0x00000000,0x00000000,0x00000000,
0x00000000,0x00000000,0x00000000,0xff2f071b,0xff28051b,0xff2d041f,0xff28031d,0x00000000,0xff2e0e0f,0xffe7870b,0xfffedd55,0xfff39d02,
0xfff8a610,0xffd1690b,0xff2f0b0e,0x00000000,0xff3a0332,0xff28041f,0xff2c0520,0xff2a0420,0x00000000,0x00000000,0x00000000,0x00000000,
0x00000000,0x00000000,0x00000000,0x00000000,0x00000000,0x00000000,0x00000000,0x00000000,0x00000000,0x00000000,0x00000000,0x00000000,
0x00000000,0x00000000,0x00000000,0x00000000,0x00000000,0x00000000,0x00000000,0x00000000,0x00000000,0x00000000,0xff2c0619,0xffdda51f,
0xfffcc91f,0xfffdef9c,0xfffcca26,0xfffcc21d,0xfffbbe18,0xfff1980a,0xffe4820a,0xff4f1e0d,0xff300a17,0x00000000,0x00000000,0x00000000,
0x00000000,0x00000000,0x00000000,0x00000000,0x00000000,0x00000000,0x00000000,0x00000000,0x00000000,0x00000000,0x00000000,0x00000000,
0x00000000,0x00000000,0x00000000,0x00000000,0x00000000,0x00000000,0x00000000,0x00000000,0x00000000,0x00000000,0x00000000,0x00000000,
0xff2f0233,0xff2f0234,0xff36091f,0xffe0a81c,0xfffcce26,0xfffbd83f,0xfffccd23,0xfffbc31c,0xfffbc117,0xfff59f0b,0xffdf7f06,0xff53220e,
0xff2f0912,0xff2f0333,0xff300235,0x00000000,0x00000000,0x00000000,0x00000000,0x00000000,0x00000000,0x00000000,0x00000000,0x00000000,
0x00000000,0x00000000,0x00000000,0x00000000,0x00000000,0x00000000,0x00000000,0x00000000,0x00000000,0x00000000,0x00000000,0x00000000,
0x00000000,0x00000000,0x00000000,0xff340238,0xff822e7a,0xff863077,0xff64205c,0xff3c1510,0xff3e140e,0xff3e140f,0xff3b120e,0xff3a120e,
0xff3a120e,0xff38110d,0xff37110e,0xff35110d,0xff531852,0xff752971,0xff71276a,0xff2b0330,0x00000000,0x00000000,0x00000000,0x00000000,
0x00000000,0x00000000,0x00000000,0x00000000,0x00000000,0x00000000,0x00000000,0x00000000,0x00000000,0x00000000,0x00000000,0x00000000,
0x00000000,0x00000000,0x00000000,0x00000000,0x00000000,0xff28012b,0xff35043b,0xffd07bb5,0x00000000,0x00000000,0x00000000,0x00000000,
0x00000000,0x00000000,0x00000000,0x00000000,0x00000000,0x00000000,0x00000000,0x00000000,0x00000000,0x00000000,0x00000000,0xff842e77,
0xff2a032c,0xff430058,0x00000000,0x00000000,0x00000000,0x00000000,0x00000000,0x00000000,0x00000000,0x00000000,0x00000000,0x00000000,
0x00000000,0x00000000,0x00000000,0x00000000,0x00000000,0x00000000,0x00000000,0x00000000,0x00000000,0xff1e001e,0xff300235,0x00000000,
0xff792677,0xff70236d,0xff782575,0xff7c2975,0xff792973,0xff772771,0xff71236c,0xff742570,0xff73256d,0xff70226b,0xff73246e,0xff6c2168,
0xff6b2269,0xff6c2269,0xff6e246b,0xff6b2366,0xff2d0332,0xff49015c,0x00000000,0x00000000,0x00000000,0x00000000,0x00000000,0x00000000,
0x00000000,0x00000000,0x00000000,0x00000000,0x00000000,0x00000000,0x00000000,0x00000000,0x00000000,0x00000000,0x00000000,0x00000000,
0x00000000,0xff250028,0xff2c0230,0x00000000,0xff6e256a,0xff76266e,0xfff9d24c,0xfff8dca2,0xfff5c150,0xfff0bc4e,0xffefbe51,0xffebb74b,
0xffeebd47,0xffedbc51,0xffe9b445,0xffe6b146,0xffd37524,0xff6d206b,0xff6e2569,0xff71266b,0xff29022c,0xff4c015d,0x00000000,0x00000000,
0x00000000,0x00000000,0x00000000,0x00000000,0x00000000,0x00000000,0x00000000,0x00000000,0x00000000,0x00000000,0x00000000,0x00000000,
0x00000000,0x00000000,0x00000000,0x00000000,0x00000000,0xff240023,0xff2e0131,0xff973c8a,0xff70276c,0xff6b2366,0xfffeed93,0xfffdf299,
0xfffcd334,0xfffdd43d,0xfffcd53b,0xfffcd73d,0xfffcd73c,0xfffcd63c,0xfffcd53c,0xfffdd740,0xfff19a0c,0xff5b195e,0xff6e2467,0xff6f2569,
0xff2c032f,0xff4d015d,0x00000000,0x00000000,0x00000000,0x00000000,0x00000000,0x00000000,0x00000000,0x00000000,0x00000000,0x00000000,
0x00000000,0x00000000,0x00000000,0x00000000,0x00000000,0x00000000,0x00000000,0x00000000,0x00000000,0xff220024,0xff2d022f,0x00000000,
0xff6e276a,0xff702469,0xfffde163,0xfffcc628,0xfffdc926,0xfffbc723,0xfffcc723,0xfffeca26,0xfffcc925,0xfffdcb26,0xfffcc623,0xfffbc722,
0xffef980b,0xff661a67,0xff70276b,0xff70256b,0xff27022a,0xff49015b,0x00000000,0x00000000,0x00000000,0x00000000,0x00000000,0x00000000,
0x00000000,0x00000000,0x00000000,0x00000000,0x00000000,0x00000000,0x00000000,0x00000000,0x00000000,0x00000000,0x00000000,0x00000000,
0x00000000,0xff1f0022,0xff2c032d,0x00000000,0xff732a70,0xff7a2971,0xfffbd645,0xfffbc722,0xfffbc722,0xfffcc722,0xfffdc923,0xfffcc922,
0xfffcc922,0xfffdca24,0xfffcc721,0xfffdc723,0xfff49b11,0xff611961,0xff6d2369,0xff6e246a,0xff2f0230,0xff51006a,0x00000000,0x00000000,
0x00000000,0x00000000,0x00000000,0x00000000,0x00000000,0x00000000,0x00000000,0x00000000,0x00000000,0x00000000,0x00000000,0x00000000,
0x00000000,0x00000000,0x00000000,0x00000000,0xff32043a,0xff2f0434,0xff4d164c,0x00000000,0xff6b2767,0xff762b6f,0xffe28c0d,0xfff7a60d,
0xfff7a30d,0xfff5a20c,0xfff59f0b,0xfff49e0b,0xfff29d0a,0xfff29b0a,0xfff39b0a,0xfff6990b,0xffca6a0b,0xff4f1753,0xff632064,0xff541a55,
0xff280721,0xff370338,0xff33023a,0x00000000,0x00000000,0x00000000,0x00000000,0x00000000,0x00000000,0x00000000,0x00000000,0x00000000,
0x00000000,0x00000000,0x00000000,0x00000000,0x00000000,0x00000000,0x00000000,0x00000000,0xff310438,0xff1e0021,0x00000000,0xff72276e,
0xff70256d,0xff6e246a,0xff601e60,0xff5c1d60,0xff5a1a5e,0xff591a5e,0xff57185c,0xff551759,0xff551758,0xff571859,0xff541657,0xff531655,
0xff561858,0xff70246c,0xff70246b,0xff71246b,0xff792870,0xff2f0333,0xff2d0231,0x00000000,0x00000000,0x00000000,0x00000000,0x00000000,
0x00000000,0x00000000,0x00000000,0x00000000,0x00000000,0x00000000,0x00000000,0x00000000,0x00000000,0x00000000,0x00000000,0x00000000,
0xff32063a,0xff2e0335,0xff5d1a58,0xff501850,0xff581858,0xff561754,0xff5c1b5b,0xff571b58,0xff581b59,0xff541855,0xff581a57,0xff581b58,
0xff5a1b58,0xff581a56,0xff571a56,0xff551955,0xff581a59,0xff561756,0xff571957,0xff561855,0xff531753,0xff250227,0xff2c0231,0x00000000,
0x00000000,0x00000000,0x00000000,0x00000000,0x00000000,0x00000000,0x00000000,0x00000000,0x00000000,0x00000000,0x00000000,0x00000000,
0x00000000,0x00000000,0x00000000,0x00000000,0x00000000,0xff2f0537,0xff2f0435,0xff330438,0xff2f0334,0xff320437,0xff300336,0xff2f0336,
0xff2e0234,0xff2f0236,0xff310337,0xff2f0335,0xff2f0236,0xff310337,0xff310337,0xff310337,0xff2f0336,0xff2e0234,0xff2f0334,0xff310336,
0xff330338,0xff2b0734,0x00000000,0x00000000,0x00000000,0x00000000,0x00000000,0x00000000,0x00000000,0x00000000,0x00000000,0x00000000,
0x00000000,0x00000000,0x00000000,0x00000000,0x00000000,0x00000000,0x00000000,0x00000000,0x00000000,0x00000000,0x00000000,0x00000000,
0x00000000,0x00000000,0x00000000,0x00000000,0x00000000,0x00000000,0x00000000,0x00000000,0x00000000,0x00000000,0x00000000,0x00000000,
0x00000000,0x00000000,0x00000000,0x00000000,0x00000000,0x00000000,0x00000000,0x00000000,0x00000000,0x00000000,0x00000000,0x00000000,
0x00000000,0x00000000,0x00000000,0x00000000,
},
};
